<?xml version='1.0' encoding='UTF-8'?>
<gpx version="1.1" creator="https://www.komoot.de" xmlns="http://www.topografix.com/GPX/1/1" xmlns:xsi="http://www.w3.org/2001/XMLSchema-instance" xsi:schemaLocation="http://www.topografix.com/GPX/1/1 http://www.topografix.com/GPX/1/1/gpx.xsd">
  <metadata>
    <name>7S26.2 - Velebit</name>
    <author>
      <link href="https://www.komoot.de">
        <text>komoot</text>
        <type>text/html</type>
      </link>
    </author>
  </metadata>
  <wpt lat="44.690480" lon="15.265983">
    <name>Vista sul bacino</name>
    <sym>Flag, Blue</sym>
  </wpt>
  <trk>
    <name>7S26.2 - Velebit</name>
    <trkseg>
      <trkpt lat="44.991171" lon="14.901087">
        <ele>3.694708</ele>
        <time>2026-01-19T20:57:02.485Z</time>
      </trkpt>
      <trkpt lat="44.991036" lon="14.901053">
        <ele>3.694708</ele>
        <time>2026-01-19T20:57:05.822Z</time>
      </trkpt>
      <trkpt lat="44.990591" lon="14.900900">
        <ele>3.694708</ele>
        <time>2026-01-19T20:57:18.530Z</time>
      </trkpt>
      <trkpt lat="44.990171" lon="14.900650">
        <ele>4.073412</ele>
        <time>2026-01-19T20:57:33.025Z</time>
      </trkpt>
      <trkpt lat="44.990030" lon="14.900536">
        <ele>4.479508</ele>
        <time>2026-01-19T20:57:38.618Z</time>
      </trkpt>
      <trkpt lat="44.989857" lon="14.900368">
        <ele>5.004235</ele>
        <time>2026-01-19T20:57:46.224Z</time>
      </trkpt>
      <trkpt lat="44.989619" lon="14.899969">
        <ele>5.927202</ele>
        <time>2026-01-19T20:57:59.862Z</time>
      </trkpt>
      <trkpt lat="44.989546" lon="14.899806">
        <ele>6.268357</ele>
        <time>2026-01-19T20:58:04.895Z</time>
      </trkpt>
      <trkpt lat="44.989240" lon="14.898762">
        <ele>8.189002</ele>
        <time>2026-01-19T20:58:29.538Z</time>
      </trkpt>
      <trkpt lat="44.989179" lon="14.898555">
        <ele>8.174512</ele>
        <time>2026-01-19T20:58:33.076Z</time>
      </trkpt>
      <trkpt lat="44.989073" lon="14.898375">
        <ele>8.159378</ele>
        <time>2026-01-19T20:58:36.438Z</time>
      </trkpt>
      <trkpt lat="44.988897" lon="14.898246">
        <ele>8.141266</ele>
        <time>2026-01-19T20:58:40.092Z</time>
      </trkpt>
      <trkpt lat="44.988651" lon="14.898187">
        <ele>8.118470</ele>
        <time>2026-01-19T20:58:44.582Z</time>
      </trkpt>
      <trkpt lat="44.988256" lon="14.898230">
        <ele>8.082276</ele>
        <time>2026-01-19T20:58:51.327Z</time>
      </trkpt>
      <trkpt lat="44.987894" lon="14.898412">
        <ele>8.047174</ele>
        <time>2026-01-19T20:58:57.738Z</time>
      </trkpt>
      <trkpt lat="44.987649" lon="14.898647">
        <ele>8.181705</ele>
        <time>2026-01-19T20:59:02.937Z</time>
      </trkpt>
      <trkpt lat="44.987508" lon="14.898828">
        <ele>8.550061</ele>
        <time>2026-01-19T20:59:06.468Z</time>
      </trkpt>
      <trkpt lat="44.987327" lon="14.899177">
        <ele>9.142093</ele>
        <time>2026-01-19T20:59:12.886Z</time>
      </trkpt>
      <trkpt lat="44.986770" lon="14.900507">
        <ele>11.256579</ele>
        <time>2026-01-19T20:59:47.857Z</time>
      </trkpt>
      <trkpt lat="44.986497" lon="14.901042">
        <ele>13.171679</ele>
        <time>2026-01-19T21:00:06.961Z</time>
      </trkpt>
      <trkpt lat="44.986237" lon="14.901468">
        <ele>15.135654</ele>
        <time>2026-01-19T21:00:24.642Z</time>
      </trkpt>
      <trkpt lat="44.985314" lon="14.902784">
        <ele>21.733836</ele>
        <time>2026-01-19T21:01:25.835Z</time>
      </trkpt>
      <trkpt lat="44.985073" lon="14.903233">
        <ele>23.909343</ele>
        <time>2026-01-19T21:01:43.483Z</time>
      </trkpt>
      <trkpt lat="44.984508" lon="14.904450">
        <ele>29.528084</ele>
        <time>2026-01-19T21:02:28.544Z</time>
      </trkpt>
      <trkpt lat="44.984423" lon="14.904615">
        <ele>30.391033</ele>
        <time>2026-01-19T21:02:36.079Z</time>
      </trkpt>
      <trkpt lat="44.984350" lon="14.904775">
        <ele>31.592825</ele>
        <time>2026-01-19T21:02:43.294Z</time>
      </trkpt>
      <trkpt lat="44.984146" lon="14.905209">
        <ele>34.881960</ele>
        <time>2026-01-19T21:03:04.712Z</time>
      </trkpt>
      <trkpt lat="44.984114" lon="14.905300">
        <ele>35.523419</ele>
        <time>2026-01-19T21:03:09.070Z</time>
      </trkpt>
      <trkpt lat="44.984099" lon="14.905450">
        <ele>36.479628</ele>
        <time>2026-01-19T21:03:15.652Z</time>
      </trkpt>
      <trkpt lat="44.984136" lon="14.905616">
        <ele>37.578208</ele>
        <time>2026-01-19T21:03:23.556Z</time>
      </trkpt>
      <trkpt lat="44.984233" lon="14.905910">
        <ele>39.625884</ele>
        <time>2026-01-19T21:03:38.456Z</time>
      </trkpt>
      <trkpt lat="44.984232" lon="14.906041">
        <ele>40.452797</ele>
        <time>2026-01-19T21:03:44.780Z</time>
      </trkpt>
      <trkpt lat="44.984256" lon="14.906111">
        <ele>40.943806</ele>
        <time>2026-01-19T21:03:48.613Z</time>
      </trkpt>
      <trkpt lat="44.984343" lon="14.906200">
        <ele>41.902113</ele>
        <time>2026-01-19T21:03:56.169Z</time>
      </trkpt>
      <trkpt lat="44.984358" lon="14.906205">
        <ele>42.039643</ele>
        <time>2026-01-19T21:03:57.239Z</time>
      </trkpt>
      <trkpt lat="44.984517" lon="14.906464">
        <ele>44.204324</ele>
        <time>2026-01-19T21:04:15.183Z</time>
      </trkpt>
      <trkpt lat="44.984535" lon="14.906520">
        <ele>44.592578</ele>
        <time>2026-01-19T21:04:18.371Z</time>
      </trkpt>
      <trkpt lat="44.984781" lon="14.907105">
        <ele>49.437821</ele>
        <time>2026-01-19T21:04:54.853Z</time>
      </trkpt>
      <trkpt lat="44.985163" lon="14.907911">
        <ele>56.836565</ele>
        <time>2026-01-19T21:05:45.002Z</time>
      </trkpt>
      <trkpt lat="44.985289" lon="14.908296">
        <ele>60.071560</ele>
        <time>2026-01-19T21:06:06.927Z</time>
      </trkpt>
      <trkpt lat="44.985360" lon="14.908557">
        <ele>62.204023</ele>
        <time>2026-01-19T21:06:21.375Z</time>
      </trkpt>
      <trkpt lat="44.985379" lon="14.908662">
        <ele>63.030518</ele>
        <time>2026-01-19T21:06:27.009Z</time>
      </trkpt>
      <trkpt lat="44.985434" lon="14.909035">
        <ele>65.937442</ele>
        <time>2026-01-19T21:06:46.156Z</time>
      </trkpt>
      <trkpt lat="44.985450" lon="14.909421">
        <ele>68.899616</ele>
        <time>2026-01-19T21:07:06.303Z</time>
      </trkpt>
      <trkpt lat="44.985397" lon="14.910222">
        <ele>75.062777</ele>
        <time>2026-01-19T21:07:49.678Z</time>
      </trkpt>
      <trkpt lat="44.985366" lon="14.910388">
        <ele>76.378065</ele>
        <time>2026-01-19T21:07:58.564Z</time>
      </trkpt>
      <trkpt lat="44.985106" lon="14.911105">
        <ele>82.550776</ele>
        <time>2026-01-19T21:08:39.962Z</time>
      </trkpt>
      <trkpt lat="44.984900" lon="14.911929">
        <ele>89.861441</ele>
        <time>2026-01-19T21:09:24.422Z</time>
      </trkpt>
      <trkpt lat="44.984802" lon="14.912392">
        <ele>94.116436</ele>
        <time>2026-01-19T21:09:50.078Z</time>
      </trkpt>
      <trkpt lat="44.984758" lon="14.912500">
        <ele>95.213760</ele>
        <time>2026-01-19T21:09:57.017Z</time>
      </trkpt>
      <trkpt lat="44.984690" lon="14.912978">
        <ele>99.506492</ele>
        <time>2026-01-19T21:10:24.882Z</time>
      </trkpt>
      <trkpt lat="44.984443" lon="14.913569">
        <ele>105.550341</ele>
        <time>2026-01-19T21:11:07.741Z</time>
      </trkpt>
      <trkpt lat="44.984264" lon="14.913889">
        <ele>109.427113</ele>
        <time>2026-01-19T21:11:35.187Z</time>
      </trkpt>
      <trkpt lat="44.984044" lon="14.914122">
        <ele>113.446568</ele>
        <time>2026-01-19T21:12:02.355Z</time>
      </trkpt>
      <trkpt lat="44.983712" lon="14.914434">
        <ele>119.275869</ele>
        <time>2026-01-19T21:12:47.699Z</time>
      </trkpt>
      <trkpt lat="44.983561" lon="14.914884">
        <ele>124.427253</ele>
        <time>2026-01-19T21:13:27.632Z</time>
      </trkpt>
      <trkpt lat="44.983371" lon="14.915066">
        <ele>127.783165</ele>
        <time>2026-01-19T21:13:52.548Z</time>
      </trkpt>
      <trkpt lat="44.983180" lon="14.915150">
        <ele>130.708076</ele>
        <time>2026-01-19T21:14:12.837Z</time>
      </trkpt>
      <trkpt lat="44.982787" lon="14.915231">
        <ele>135.808805</ele>
        <time>2026-01-19T21:14:49.899Z</time>
      </trkpt>
      <trkpt lat="44.982693" lon="14.915222">
        <ele>136.826228</ele>
        <time>2026-01-19T21:14:58.084Z</time>
      </trkpt>
      <trkpt lat="44.982468" lon="14.915128">
        <ele>139.359849</ele>
        <time>2026-01-19T21:15:17.827Z</time>
      </trkpt>
      <trkpt lat="44.982380" lon="14.915134">
        <ele>140.311257</ele>
        <time>2026-01-19T21:15:25.165Z</time>
      </trkpt>
      <trkpt lat="44.982342" lon="14.915166">
        <ele>140.788896</ele>
        <time>2026-01-19T21:15:28.897Z</time>
      </trkpt>
      <trkpt lat="44.982319" lon="14.915219">
        <ele>141.263848</ele>
        <time>2026-01-19T21:15:32.629Z</time>
      </trkpt>
      <trkpt lat="44.982330" lon="14.915393">
        <ele>142.598216</ele>
        <time>2026-01-19T21:15:43.154Z</time>
      </trkpt>
      <trkpt lat="44.982650" lon="14.916271">
        <ele>150.142611</ele>
        <time>2026-01-19T21:16:43.279Z</time>
      </trkpt>
      <trkpt lat="44.982719" lon="14.916453">
        <ele>151.719881</ele>
        <time>2026-01-19T21:16:54.974Z</time>
      </trkpt>
      <trkpt lat="44.982879" lon="14.916740">
        <ele>154.156749</ele>
        <time>2026-01-19T21:17:15.189Z</time>
      </trkpt>
      <trkpt lat="44.982901" lon="14.916864">
        <ele>154.861776</ele>
        <time>2026-01-19T21:17:22.059Z</time>
      </trkpt>
      <trkpt lat="44.982868" lon="14.916961">
        <ele>155.455378</ele>
        <time>2026-01-19T21:17:28.052Z</time>
      </trkpt>
      <trkpt lat="44.982795" lon="14.916993">
        <ele>156.051279</ele>
        <time>2026-01-19T21:17:33.811Z</time>
      </trkpt>
      <trkpt lat="44.982252" lon="14.916812">
        <ele>160.401052</ele>
        <time>2026-01-19T21:18:16.580Z</time>
      </trkpt>
      <trkpt lat="44.981705" lon="14.916813">
        <ele>164.665933</ele>
        <time>2026-01-19T21:18:52.431Z</time>
      </trkpt>
      <trkpt lat="44.981474" lon="14.916859">
        <ele>166.484785</ele>
        <time>2026-01-19T21:19:06.100Z</time>
      </trkpt>
      <trkpt lat="44.981376" lon="14.916906">
        <ele>167.284743</ele>
        <time>2026-01-19T21:19:12.418Z</time>
      </trkpt>
      <trkpt lat="44.981155" lon="14.917048">
        <ele>168.763022</ele>
        <time>2026-01-19T21:19:28.090Z</time>
      </trkpt>
      <trkpt lat="44.980966" lon="14.917217">
        <ele>170.124851</ele>
        <time>2026-01-19T21:19:42.245Z</time>
      </trkpt>
      <trkpt lat="44.980590" lon="14.917690">
        <ele>173.189782</ele>
        <time>2026-01-19T21:20:12.869Z</time>
      </trkpt>
      <trkpt lat="44.980362" lon="14.918093">
        <ele>175.412649</ele>
        <time>2026-01-19T21:20:34.708Z</time>
      </trkpt>
      <trkpt lat="44.980102" lon="14.918380">
        <ele>177.421419</ele>
        <time>2026-01-19T21:20:50.952Z</time>
      </trkpt>
      <trkpt lat="44.979506" lon="14.918938">
        <ele>183.204833</ele>
        <time>2026-01-19T21:21:28.697Z</time>
      </trkpt>
      <trkpt lat="44.979329" lon="14.919156">
        <ele>185.208484</ele>
        <time>2026-01-19T21:21:41.662Z</time>
      </trkpt>
      <trkpt lat="44.979129" lon="14.919521">
        <ele>187.995997</ele>
        <time>2026-01-19T21:22:01.915Z</time>
      </trkpt>
      <trkpt lat="44.978862" lon="14.920283">
        <ele>193.130082</ele>
        <time>2026-01-19T21:22:44.579Z</time>
      </trkpt>
      <trkpt lat="44.978809" lon="14.920486">
        <ele>194.684949</ele>
        <time>2026-01-19T21:22:56.321Z</time>
      </trkpt>
      <trkpt lat="44.978710" lon="14.921074">
        <ele>199.374405</ele>
        <time>2026-01-19T21:23:30.399Z</time>
      </trkpt>
      <trkpt lat="44.978714" lon="14.921339">
        <ele>201.430882</ele>
        <time>2026-01-19T21:23:45.563Z</time>
      </trkpt>
      <trkpt lat="44.978802" lon="14.921755">
        <ele>204.799657</ele>
        <time>2026-01-19T21:24:10.105Z</time>
      </trkpt>
      <trkpt lat="44.979048" lon="14.922508">
        <ele>211.234778</ele>
        <time>2026-01-19T21:24:54.041Z</time>
      </trkpt>
      <trkpt lat="44.979284" lon="14.923095">
        <ele>215.042632</ele>
        <time>2026-01-19T21:25:25.962Z</time>
      </trkpt>
      <trkpt lat="44.979364" lon="14.923467">
        <ele>216.702348</ele>
        <time>2026-01-19T21:25:42.021Z</time>
      </trkpt>
      <trkpt lat="44.979355" lon="14.924525">
        <ele>221.218943</ele>
        <time>2026-01-19T21:26:15.323Z</time>
      </trkpt>
      <trkpt lat="44.979177" lon="14.925743">
        <ele>227.189780</ele>
        <time>2026-01-19T21:26:46.392Z</time>
      </trkpt>
      <trkpt lat="44.979328" lon="14.926676">
        <ele>232.410895</ele>
        <time>2026-01-19T21:27:19.148Z</time>
      </trkpt>
      <trkpt lat="44.979334" lon="14.927706">
        <ele>238.037512</ele>
        <time>2026-01-19T21:28:13.641Z</time>
      </trkpt>
      <trkpt lat="44.979353" lon="14.927961">
        <ele>240.334415</ele>
        <time>2026-01-19T21:28:29.646Z</time>
      </trkpt>
      <trkpt lat="44.979506" lon="14.928991">
        <ele>249.762287</ele>
        <time>2026-01-19T21:29:37.676Z</time>
      </trkpt>
      <trkpt lat="44.979518" lon="14.929652">
        <ele>255.685393</ele>
        <time>2026-01-19T21:30:18.120Z</time>
      </trkpt>
      <trkpt lat="44.979435" lon="14.930155">
        <ele>260.312181</ele>
        <time>2026-01-19T21:30:47.170Z</time>
      </trkpt>
      <trkpt lat="44.979302" lon="14.930627">
        <ele>262.917173</ele>
        <time>2026-01-19T21:31:12.916Z</time>
      </trkpt>
      <trkpt lat="44.979143" lon="14.931489">
        <ele>267.079163</ele>
        <time>2026-01-19T21:31:50.090Z</time>
      </trkpt>
      <trkpt lat="44.978974" lon="14.932150">
        <ele>270.362941</ele>
        <time>2026-01-19T21:32:12.271Z</time>
      </trkpt>
      <trkpt lat="44.978723" lon="14.932642">
        <ele>272.810659</ele>
        <time>2026-01-19T21:32:26.176Z</time>
      </trkpt>
      <trkpt lat="44.978398" lon="14.933160">
        <ele>273.649478</ele>
        <time>2026-01-19T21:32:37.991Z</time>
      </trkpt>
      <trkpt lat="44.978046" lon="14.933620">
        <ele>274.470443</ele>
        <time>2026-01-19T21:32:47.421Z</time>
      </trkpt>
      <trkpt lat="44.977453" lon="14.934534">
        <ele>276.265255</ele>
        <time>2026-01-19T21:33:12.312Z</time>
      </trkpt>
      <trkpt lat="44.977201" lon="14.935249">
        <ele>278.535773</ele>
        <time>2026-01-19T21:33:34.768Z</time>
      </trkpt>
      <trkpt lat="44.977218" lon="14.936013">
        <ele>280.708366</ele>
        <time>2026-01-19T21:33:57.278Z</time>
      </trkpt>
      <trkpt lat="44.977193" lon="14.936461">
        <ele>281.985674</ele>
        <time>2026-01-19T21:34:10.689Z</time>
      </trkpt>
      <trkpt lat="44.977080" lon="14.936818">
        <ele>283.202843</ele>
        <time>2026-01-19T21:34:21.983Z</time>
      </trkpt>
      <trkpt lat="44.976762" lon="14.937431">
        <ele>287.354120</ele>
        <time>2026-01-19T21:34:44.707Z</time>
      </trkpt>
      <trkpt lat="44.976723" lon="14.938379">
        <ele>292.539916</ele>
        <time>2026-01-19T21:35:21.622Z</time>
      </trkpt>
      <trkpt lat="44.976701" lon="14.938480">
        <ele>293.117036</ele>
        <time>2026-01-19T21:35:26.601Z</time>
      </trkpt>
      <trkpt lat="44.976626" lon="14.938512">
        <ele>293.721828</ele>
        <time>2026-01-19T21:35:31.882Z</time>
      </trkpt>
      <trkpt lat="44.976030" lon="14.937851">
        <ele>301.265725</ele>
        <time>2026-01-19T21:36:30.702Z</time>
      </trkpt>
      <trkpt lat="44.975636" lon="14.937356">
        <ele>307.889192</ele>
        <time>2026-01-19T21:37:17.896Z</time>
      </trkpt>
      <trkpt lat="44.975536" lon="14.937237">
        <ele>309.531693</ele>
        <time>2026-01-19T21:37:29.407Z</time>
      </trkpt>
      <trkpt lat="44.974978" lon="14.936883">
        <ele>317.216954</ele>
        <time>2026-01-19T21:38:20.712Z</time>
      </trkpt>
      <trkpt lat="44.974130" lon="14.936492">
        <ele>327.529826</ele>
        <time>2026-01-19T21:39:31.338Z</time>
      </trkpt>
      <trkpt lat="44.973111" lon="14.936138">
        <ele>339.397173</ele>
        <time>2026-01-19T21:40:47.621Z</time>
      </trkpt>
      <trkpt lat="44.972656" lon="14.935896">
        <ele>344.453838</ele>
        <time>2026-01-19T21:41:24.425Z</time>
      </trkpt>
      <trkpt lat="44.972474" lon="14.935905">
        <ele>346.334638</ele>
        <time>2026-01-19T21:41:38.309Z</time>
      </trkpt>
      <trkpt lat="44.972333" lon="14.935985">
        <ele>347.903778</ele>
        <time>2026-01-19T21:41:49.698Z</time>
      </trkpt>
      <trkpt lat="44.972235" lon="14.936111">
        <ele>349.271948</ele>
        <time>2026-01-19T21:41:59.443Z</time>
      </trkpt>
      <trkpt lat="44.972194" lon="14.936327">
        <ele>350.905941</ele>
        <time>2026-01-19T21:42:10.718Z</time>
      </trkpt>
      <trkpt lat="44.972215" lon="14.936557">
        <ele>352.600342</ele>
        <time>2026-01-19T21:42:22.124Z</time>
      </trkpt>
      <trkpt lat="44.972181" lon="14.936689">
        <ele>353.626717</ele>
        <time>2026-01-19T21:42:29.015Z</time>
      </trkpt>
      <trkpt lat="44.972047" lon="14.936839">
        <ele>355.392035</ele>
        <time>2026-01-19T21:42:40.569Z</time>
      </trkpt>
      <trkpt lat="44.971918" lon="14.936893">
        <ele>356.781507</ele>
        <time>2026-01-19T21:42:49.512Z</time>
      </trkpt>
      <trkpt lat="44.971661" lon="14.937061">
        <ele>359.443606</ele>
        <time>2026-01-19T21:43:08.165Z</time>
      </trkpt>
      <trkpt lat="44.971501" lon="14.937259">
        <ele>361.203254</ele>
        <time>2026-01-19T21:43:22.195Z</time>
      </trkpt>
      <trkpt lat="44.971101" lon="14.938135">
        <ele>367.306795</ele>
        <time>2026-01-19T21:44:06.864Z</time>
      </trkpt>
      <trkpt lat="44.971048" lon="14.938421">
        <ele>369.037544</ele>
        <time>2026-01-19T21:44:18.534Z</time>
      </trkpt>
      <trkpt lat="44.970978" lon="14.939159">
        <ele>373.407301</ele>
        <time>2026-01-19T21:44:48.030Z</time>
      </trkpt>
      <trkpt lat="44.971039" lon="14.939437">
        <ele>375.256611</ele>
        <time>2026-01-19T21:45:00.027Z</time>
      </trkpt>
      <trkpt lat="44.971112" lon="14.939611">
        <ele>376.541912</ele>
        <time>2026-01-19T21:45:08.708Z</time>
      </trkpt>
      <trkpt lat="44.971112" lon="14.939790">
        <ele>377.679206</ele>
        <time>2026-01-19T21:45:16.542Z</time>
      </trkpt>
      <trkpt lat="44.971057" lon="14.939963">
        <ele>378.884263</ele>
        <time>2026-01-19T21:45:25.024Z</time>
      </trkpt>
      <trkpt lat="44.970773" lon="14.940437">
        <ele>382.830798</ele>
        <time>2026-01-19T21:45:53.633Z</time>
      </trkpt>
      <trkpt lat="44.970645" lon="14.941153">
        <ele>387.522998</ele>
        <time>2026-01-19T21:46:29.050Z</time>
      </trkpt>
      <trkpt lat="44.970563" lon="14.941959">
        <ele>392.388321</ele>
        <time>2026-01-19T21:47:09.652Z</time>
      </trkpt>
      <trkpt lat="44.970322" lon="14.943372">
        <ele>400.753215</ele>
        <time>2026-01-19T21:48:13.539Z</time>
      </trkpt>
      <trkpt lat="44.970238" lon="14.943639">
        <ele>402.434905</ele>
        <time>2026-01-19T21:48:23.867Z</time>
      </trkpt>
      <trkpt lat="44.970178" lon="14.943684">
        <ele>402.987440</ele>
        <time>2026-01-19T21:48:27.108Z</time>
      </trkpt>
      <trkpt lat="44.970022" lon="14.943717">
        <ele>404.223348</ele>
        <time>2026-01-19T21:48:34.462Z</time>
      </trkpt>
      <trkpt lat="44.969856" lon="14.943818">
        <ele>405.371795</ele>
        <time>2026-01-19T21:48:42.769Z</time>
      </trkpt>
      <trkpt lat="44.969332" lon="14.944685">
        <ele>410.498289</ele>
        <time>2026-01-19T21:49:18.701Z</time>
      </trkpt>
      <trkpt lat="44.967997" lon="14.946283">
        <ele>422.271751</ele>
        <time>2026-01-19T21:50:58.222Z</time>
      </trkpt>
      <trkpt lat="44.967756" lon="14.946644">
        <ele>424.742260</ele>
        <time>2026-01-19T21:51:17.604Z</time>
      </trkpt>
      <trkpt lat="44.967628" lon="14.946883">
        <ele>426.234274</ele>
        <time>2026-01-19T21:51:28.826Z</time>
      </trkpt>
      <trkpt lat="44.967579" lon="14.947530">
        <ele>429.215462</ele>
        <time>2026-01-19T21:51:51.982Z</time>
      </trkpt>
      <trkpt lat="44.967549" lon="14.947640">
        <ele>429.688992</ele>
        <time>2026-01-19T21:51:56.087Z</time>
      </trkpt>
      <trkpt lat="44.967162" lon="14.948605">
        <ele>434.144537</ele>
        <time>2026-01-19T21:52:31.843Z</time>
      </trkpt>
      <trkpt lat="44.967078" lon="14.948755">
        <ele>434.912944</ele>
        <time>2026-01-19T21:52:37.809Z</time>
      </trkpt>
      <trkpt lat="44.966876" lon="14.948961">
        <ele>436.327108</ele>
        <time>2026-01-19T21:52:49.495Z</time>
      </trkpt>
      <trkpt lat="44.966692" lon="14.949170">
        <ele>437.667261</ele>
        <time>2026-01-19T21:53:00.645Z</time>
      </trkpt>
      <trkpt lat="44.966622" lon="14.949302">
        <ele>438.329880</ele>
        <time>2026-01-19T21:53:06.359Z</time>
      </trkpt>
      <trkpt lat="44.966605" lon="14.949402">
        <ele>438.750132</ele>
        <time>2026-01-19T21:53:09.988Z</time>
      </trkpt>
      <trkpt lat="44.966601" lon="14.949554">
        <ele>439.372202</ele>
        <time>2026-01-19T21:53:15.262Z</time>
      </trkpt>
      <trkpt lat="44.966706" lon="14.949978">
        <ele>441.209398</ele>
        <time>2026-01-19T21:53:31.363Z</time>
      </trkpt>
      <trkpt lat="44.966687" lon="14.950068">
        <ele>441.593510</ele>
        <time>2026-01-19T21:53:34.806Z</time>
      </trkpt>
      <trkpt lat="44.966345" lon="14.950039">
        <ele>443.573957</ele>
        <time>2026-01-19T21:53:51.533Z</time>
      </trkpt>
      <trkpt lat="44.966140" lon="14.950218">
        <ele>444.966831</ele>
        <time>2026-01-19T21:54:03.194Z</time>
      </trkpt>
      <trkpt lat="44.966037" lon="14.950375">
        <ele>445.842481</ele>
        <time>2026-01-19T21:54:10.546Z</time>
      </trkpt>
      <trkpt lat="44.965948" lon="14.950512">
        <ele>446.603138</ele>
        <time>2026-01-19T21:54:16.939Z</time>
      </trkpt>
      <trkpt lat="44.965843" lon="14.950827">
        <ele>448.027233</ele>
        <time>2026-01-19T21:54:28.810Z</time>
      </trkpt>
      <trkpt lat="44.965669" lon="14.951195">
        <ele>449.719418</ele>
        <time>2026-01-19T21:54:42.830Z</time>
      </trkpt>
      <trkpt lat="44.965175" lon="14.951937">
        <ele>453.435558</ele>
        <time>2026-01-19T21:55:14.840Z</time>
      </trkpt>
      <trkpt lat="44.964816" lon="14.952477">
        <ele>456.138218</ele>
        <time>2026-01-19T21:55:38.473Z</time>
      </trkpt>
      <trkpt lat="44.964618" lon="14.952895">
        <ele>457.972979</ele>
        <time>2026-01-19T21:55:54.397Z</time>
      </trkpt>
      <trkpt lat="44.964134" lon="14.953412">
        <ele>460.990752</ele>
        <time>2026-01-19T21:56:21.108Z</time>
      </trkpt>
      <trkpt lat="44.963855" lon="14.953591">
        <ele>462.514029</ele>
        <time>2026-01-19T21:56:35.142Z</time>
      </trkpt>
      <trkpt lat="44.963550" lon="14.953631">
        <ele>464.036855</ele>
        <time>2026-01-19T21:56:48.296Z</time>
      </trkpt>
      <trkpt lat="44.962647" lon="14.953921">
        <ele>469.111027</ele>
        <time>2026-01-19T21:57:27.830Z</time>
      </trkpt>
      <trkpt lat="44.961967" lon="14.954112">
        <ele>473.523076</ele>
        <time>2026-01-19T21:58:02.183Z</time>
      </trkpt>
      <trkpt lat="44.961495" lon="14.954193">
        <ele>476.548871</ele>
        <time>2026-01-19T21:58:29.038Z</time>
      </trkpt>
      <trkpt lat="44.960805" lon="14.954265">
        <ele>480.387468</ele>
        <time>2026-01-19T21:59:09.732Z</time>
      </trkpt>
      <trkpt lat="44.960084" lon="14.953900">
        <ele>484.180357</ele>
        <time>2026-01-19T21:59:45.099Z</time>
      </trkpt>
      <trkpt lat="44.959978" lon="14.953752">
        <ele>484.918309</ele>
        <time>2026-01-19T21:59:50.897Z</time>
      </trkpt>
      <trkpt lat="44.959612" lon="14.953407">
        <ele>487.097113</ele>
        <time>2026-01-19T22:00:05.805Z</time>
      </trkpt>
      <trkpt lat="44.959332" lon="14.953223">
        <ele>487.727897</ele>
        <time>2026-01-19T22:00:14.323Z</time>
      </trkpt>
      <trkpt lat="44.959038" lon="14.953082">
        <ele>488.212249</ele>
        <time>2026-01-19T22:00:21.264Z</time>
      </trkpt>
      <trkpt lat="44.958890" lon="14.952925">
        <ele>488.500951</ele>
        <time>2026-01-19T22:00:25.356Z</time>
      </trkpt>
      <trkpt lat="44.958271" lon="14.951777">
        <ele>490.094257</ele>
        <time>2026-01-19T22:00:52.398Z</time>
      </trkpt>
      <trkpt lat="44.958093" lon="14.951391">
        <ele>490.980332</ele>
        <time>2026-01-19T22:01:01.472Z</time>
      </trkpt>
      <trkpt lat="44.958015" lon="14.950848">
        <ele>492.070836</ele>
        <time>2026-01-19T22:01:13.322Z</time>
      </trkpt>
      <trkpt lat="44.957896" lon="14.950395">
        <ele>493.021863</ele>
        <time>2026-01-19T22:01:24.868Z</time>
      </trkpt>
      <trkpt lat="44.957679" lon="14.949881">
        <ele>494.199862</ele>
        <time>2026-01-19T22:01:39.658Z</time>
      </trkpt>
      <trkpt lat="44.957551" lon="14.949677">
        <ele>494.736475</ele>
        <time>2026-01-19T22:01:46.572Z</time>
      </trkpt>
      <trkpt lat="44.957340" lon="14.949445">
        <ele>495.928295</ele>
        <time>2026-01-19T22:01:56.239Z</time>
      </trkpt>
      <trkpt lat="44.956634" lon="14.948690">
        <ele>501.485466</ele>
        <time>2026-01-19T22:02:34.606Z</time>
      </trkpt>
      <trkpt lat="44.956457" lon="14.948564">
        <ele>502.729437</ele>
        <time>2026-01-19T22:02:45.689Z</time>
      </trkpt>
      <trkpt lat="44.956344" lon="14.948553">
        <ele>503.440383</ele>
        <time>2026-01-19T22:02:52.389Z</time>
      </trkpt>
      <trkpt lat="44.956199" lon="14.948600">
        <ele>504.374137</ele>
        <time>2026-01-19T22:03:01.419Z</time>
      </trkpt>
      <trkpt lat="44.955908" lon="14.948875">
        <ele>506.649260</ele>
        <time>2026-01-19T22:03:23.725Z</time>
      </trkpt>
      <trkpt lat="44.955712" lon="14.949130">
        <ele>509.142251</ele>
        <time>2026-01-19T22:03:42.064Z</time>
      </trkpt>
      <trkpt lat="44.955438" lon="14.949564">
        <ele>512.993605</ele>
        <time>2026-01-19T22:04:11.802Z</time>
      </trkpt>
      <trkpt lat="44.955295" lon="14.949725">
        <ele>514.704498</ele>
        <time>2026-01-19T22:04:25.473Z</time>
      </trkpt>
      <trkpt lat="44.955049" lon="14.949923">
        <ele>517.353638</ele>
        <time>2026-01-19T22:04:46.010Z</time>
      </trkpt>
      <trkpt lat="44.954679" lon="14.950320">
        <ele>521.700855</ele>
        <time>2026-01-19T22:05:15.240Z</time>
      </trkpt>
      <trkpt lat="44.954426" lon="14.950693">
        <ele>524.849790</ele>
        <time>2026-01-19T22:05:35.918Z</time>
      </trkpt>
      <trkpt lat="44.953982" lon="14.950969">
        <ele>528.730571</ele>
        <time>2026-01-19T22:06:02.822Z</time>
      </trkpt>
      <trkpt lat="44.953766" lon="14.951138">
        <ele>530.705915</ele>
        <time>2026-01-19T22:06:16.545Z</time>
      </trkpt>
      <trkpt lat="44.953532" lon="14.951434">
        <ele>533.218596</ele>
        <time>2026-01-19T22:06:34.146Z</time>
      </trkpt>
      <trkpt lat="44.953030" lon="14.952157">
        <ele>539.473606</ele>
        <time>2026-01-19T22:07:17.893Z</time>
      </trkpt>
      <trkpt lat="44.952422" lon="14.952613">
        <ele>547.151741</ele>
        <time>2026-01-19T22:08:08.665Z</time>
      </trkpt>
      <trkpt lat="44.952199" lon="14.952860">
        <ele>550.312357</ele>
        <time>2026-01-19T22:08:31.427Z</time>
      </trkpt>
      <trkpt lat="44.951722" lon="14.953551">
        <ele>557.905435</ele>
        <time>2026-01-19T22:09:27.760Z</time>
      </trkpt>
      <trkpt lat="44.951367" lon="14.953961">
        <ele>562.432509</ele>
        <time>2026-01-19T22:10:04.825Z</time>
      </trkpt>
      <trkpt lat="44.950981" lon="14.954463">
        <ele>567.612367</ele>
        <time>2026-01-19T22:10:43.390Z</time>
      </trkpt>
      <trkpt lat="44.950450" lon="14.955224">
        <ele>575.080104</ele>
        <time>2026-01-19T22:11:30.703Z</time>
      </trkpt>
      <trkpt lat="44.950257" lon="14.955420">
        <ele>576.044896</ele>
        <time>2026-01-19T22:11:42.965Z</time>
      </trkpt>
      <trkpt lat="44.950009" lon="14.955447">
        <ele>576.778345</ele>
        <time>2026-01-19T22:11:54.308Z</time>
      </trkpt>
      <trkpt lat="44.949741" lon="14.955402">
        <ele>577.574161</ele>
        <time>2026-01-19T22:12:05.014Z</time>
      </trkpt>
      <trkpt lat="44.949532" lon="14.955217">
        <ele>578.301387</ele>
        <time>2026-01-19T22:12:16.445Z</time>
      </trkpt>
      <trkpt lat="44.949323" lon="14.955127">
        <ele>578.945654</ele>
        <time>2026-01-19T22:12:25.551Z</time>
      </trkpt>
      <trkpt lat="44.948362" lon="14.955234">
        <ele>580.858369</ele>
        <time>2026-01-19T22:12:55.480Z</time>
      </trkpt>
      <trkpt lat="44.948168" lon="14.955185">
        <ele>580.913900</ele>
        <time>2026-01-19T22:13:01.213Z</time>
      </trkpt>
      <trkpt lat="44.947757" lon="14.954860">
        <ele>581.046611</ele>
        <time>2026-01-19T22:13:15.622Z</time>
      </trkpt>
      <trkpt lat="44.947675" lon="14.954768">
        <ele>581.076115</ele>
        <time>2026-01-19T22:13:19.100Z</time>
      </trkpt>
      <trkpt lat="44.947558" lon="14.954698">
        <ele>581.111916</ele>
        <time>2026-01-19T22:13:23.461Z</time>
      </trkpt>
      <trkpt lat="44.947350" lon="14.954729">
        <ele>581.170850</ele>
        <time>2026-01-19T22:13:30.985Z</time>
      </trkpt>
      <trkpt lat="44.947075" lon="14.954688">
        <ele>581.248767</ele>
        <time>2026-01-19T22:13:41.584Z</time>
      </trkpt>
      <trkpt lat="44.946940" lon="14.954740">
        <ele>581.452983</ele>
        <time>2026-01-19T22:13:47.114Z</time>
      </trkpt>
      <trkpt lat="44.946647" lon="14.954923">
        <ele>582.243146</ele>
        <time>2026-01-19T22:14:00.219Z</time>
      </trkpt>
      <trkpt lat="44.946140" lon="14.955047">
        <ele>583.512288</ele>
        <time>2026-01-19T22:14:22.297Z</time>
      </trkpt>
      <trkpt lat="44.945958" lon="14.955032">
        <ele>583.961965</ele>
        <time>2026-01-19T22:14:30.160Z</time>
      </trkpt>
      <trkpt lat="44.945709" lon="14.954854">
        <ele>584.650275</ele>
        <time>2026-01-19T22:14:42.551Z</time>
      </trkpt>
      <trkpt lat="44.945627" lon="14.954877">
        <ele>584.856480</ele>
        <time>2026-01-19T22:14:46.320Z</time>
      </trkpt>
      <trkpt lat="44.944977" lon="14.955459">
        <ele>587.599552</ele>
        <time>2026-01-19T22:15:24.770Z</time>
      </trkpt>
      <trkpt lat="44.944581" lon="14.956115">
        <ele>590.314673</ele>
        <time>2026-01-19T22:15:59.084Z</time>
      </trkpt>
      <trkpt lat="44.944570" lon="14.956693">
        <ele>592.135525</ele>
        <time>2026-01-19T22:16:22.473Z</time>
      </trkpt>
      <trkpt lat="44.944656" lon="14.957541">
        <ele>594.353143</ele>
        <time>2026-01-19T22:16:56.425Z</time>
      </trkpt>
      <trkpt lat="44.944628" lon="14.957789">
        <ele>594.807169</ele>
        <time>2026-01-19T22:17:05.852Z</time>
      </trkpt>
      <trkpt lat="44.944448" lon="14.958034">
        <ele>595.445590</ele>
        <time>2026-01-19T22:17:18.388Z</time>
      </trkpt>
      <trkpt lat="44.944368" lon="14.958081">
        <ele>595.666895</ele>
        <time>2026-01-19T22:17:22.494Z</time>
      </trkpt>
      <trkpt lat="44.944324" lon="14.958082">
        <ele>595.779298</ele>
        <time>2026-01-19T22:17:24.002Z</time>
      </trkpt>
      <trkpt lat="44.943740" lon="14.958101">
        <ele>597.271394</ele>
        <time>2026-01-19T22:17:41.531Z</time>
      </trkpt>
      <trkpt lat="44.943537" lon="14.958147">
        <ele>597.796540</ele>
        <time>2026-01-19T22:17:46.562Z</time>
      </trkpt>
      <trkpt lat="44.943367" lon="14.958069">
        <ele>598.253093</ele>
        <time>2026-01-19T22:17:50.577Z</time>
      </trkpt>
      <trkpt lat="44.943290" lon="14.957983">
        <ele>598.126518</ele>
        <time>2026-01-19T22:17:52.651Z</time>
      </trkpt>
      <trkpt lat="44.943199" lon="14.957880">
        <ele>597.872398</ele>
        <time>2026-01-19T22:17:54.981Z</time>
      </trkpt>
      <trkpt lat="44.942936" lon="14.957697">
        <ele>597.233473</ele>
        <time>2026-01-19T22:18:00.092Z</time>
      </trkpt>
      <trkpt lat="44.942159" lon="14.957446">
        <ele>595.496387</ele>
        <time>2026-01-19T22:18:11.956Z</time>
      </trkpt>
      <trkpt lat="44.941516" lon="14.957279">
        <ele>593.781542</ele>
        <time>2026-01-19T22:18:21.069Z</time>
      </trkpt>
      <trkpt lat="44.940834" lon="14.957014">
        <ele>590.791891</ele>
        <time>2026-01-19T22:18:30.673Z</time>
      </trkpt>
      <trkpt lat="44.940578" lon="14.957032">
        <ele>589.708515</ele>
        <time>2026-01-19T22:18:34.141Z</time>
      </trkpt>
      <trkpt lat="44.940125" lon="14.956224">
        <ele>586.648920</ele>
        <time>2026-01-19T22:18:44.124Z</time>
      </trkpt>
      <trkpt lat="44.939866" lon="14.955664">
        <ele>584.963832</ele>
        <time>2026-01-19T22:18:50.735Z</time>
      </trkpt>
      <trkpt lat="44.939229" lon="14.954682">
        <ele>581.608513</ele>
        <time>2026-01-19T22:19:04.293Z</time>
      </trkpt>
      <trkpt lat="44.938694" lon="14.954372">
        <ele>579.359166</ele>
        <time>2026-01-19T22:19:12.551Z</time>
      </trkpt>
      <trkpt lat="44.938350" lon="14.954116">
        <ele>577.654860</ele>
        <time>2026-01-19T22:19:17.904Z</time>
      </trkpt>
      <trkpt lat="44.937042" lon="14.953637">
        <ele>572.495701</ele>
        <time>2026-01-19T22:19:35.851Z</time>
      </trkpt>
      <trkpt lat="44.936907" lon="14.953714">
        <ele>572.498025</ele>
        <time>2026-01-19T22:19:38.066Z</time>
      </trkpt>
      <trkpt lat="44.936902" lon="14.953725">
        <ele>572.498173</ele>
        <time>2026-01-19T22:19:38.216Z</time>
      </trkpt>
      <trkpt lat="44.936782" lon="14.953949">
        <ele>572.501346</ele>
        <time>2026-01-19T22:19:41.368Z</time>
      </trkpt>
      <trkpt lat="44.936781" lon="14.954707">
        <ele>572.509909</ele>
        <time>2026-01-19T22:19:50.696Z</time>
      </trkpt>
      <trkpt lat="44.936705" lon="14.955219">
        <ele>572.515819</ele>
        <time>2026-01-19T22:20:00.477Z</time>
      </trkpt>
      <trkpt lat="44.936380" lon="14.955569">
        <ele>572.847041</ele>
        <time>2026-01-19T22:20:17.125Z</time>
      </trkpt>
      <trkpt lat="44.935914" lon="14.956186">
        <ele>577.544663</ele>
        <time>2026-01-19T22:20:48.316Z</time>
      </trkpt>
      <trkpt lat="44.935491" lon="14.956681">
        <ele>581.584719</ele>
        <time>2026-01-19T22:21:20.101Z</time>
      </trkpt>
      <trkpt lat="44.935371" lon="14.956791">
        <ele>582.636873</ele>
        <time>2026-01-19T22:21:29.065Z</time>
      </trkpt>
      <trkpt lat="44.934826" lon="14.957095">
        <ele>587.606378</ele>
        <time>2026-01-19T22:22:08.774Z</time>
      </trkpt>
      <trkpt lat="44.934616" lon="14.957166">
        <ele>590.070884</ele>
        <time>2026-01-19T22:22:24.547Z</time>
      </trkpt>
      <trkpt lat="44.933610" lon="14.956969">
        <ele>601.662555</ele>
        <time>2026-01-19T22:23:42.835Z</time>
      </trkpt>
      <trkpt lat="44.933518" lon="14.957022">
        <ele>602.796551</ele>
        <time>2026-01-19T22:23:50.865Z</time>
      </trkpt>
      <trkpt lat="44.933442" lon="14.957129">
        <ele>604.021234</ele>
        <time>2026-01-19T22:23:59.612Z</time>
      </trkpt>
      <trkpt lat="44.933326" lon="14.957585">
        <ele>608.158327</ele>
        <time>2026-01-19T22:24:28.253Z</time>
      </trkpt>
      <trkpt lat="44.933118" lon="14.958084">
        <ele>613.464154</ele>
        <time>2026-01-19T22:25:03.430Z</time>
      </trkpt>
      <trkpt lat="44.932705" lon="14.958560">
        <ele>620.363062</ele>
        <time>2026-01-19T22:25:49.801Z</time>
      </trkpt>
      <trkpt lat="44.932530" lon="14.958682">
        <ele>622.888879</ele>
        <time>2026-01-19T22:26:07.087Z</time>
      </trkpt>
      <trkpt lat="44.932312" lon="14.958766">
        <ele>625.813500</ele>
        <time>2026-01-19T22:26:27.711Z</time>
      </trkpt>
      <trkpt lat="44.931372" lon="14.958979">
        <ele>633.829588</ele>
        <time>2026-01-19T22:27:43.166Z</time>
      </trkpt>
      <trkpt lat="44.931312" lon="14.958892">
        <ele>634.383767</ele>
        <time>2026-01-19T22:27:48.543Z</time>
      </trkpt>
      <trkpt lat="44.931286" lon="14.958742">
        <ele>635.088398</ele>
        <time>2026-01-19T22:27:55.138Z</time>
      </trkpt>
      <trkpt lat="44.931316" lon="14.958370">
        <ele>636.796724</ele>
        <time>2026-01-19T22:28:09.088Z</time>
      </trkpt>
      <trkpt lat="44.931423" lon="14.958261">
        <ele>637.646970</ele>
        <time>2026-01-19T22:28:15.410Z</time>
      </trkpt>
      <trkpt lat="44.931561" lon="14.958203">
        <ele>638.574917</ele>
        <time>2026-01-19T22:28:21.962Z</time>
      </trkpt>
      <trkpt lat="44.931689" lon="14.958205">
        <ele>639.399928</ele>
        <time>2026-01-19T22:28:27.353Z</time>
      </trkpt>
      <trkpt lat="44.931902" lon="14.958264">
        <ele>640.798860</ele>
        <time>2026-01-19T22:28:36.248Z</time>
      </trkpt>
      <trkpt lat="44.932036" lon="14.958252">
        <ele>641.476095</ele>
        <time>2026-01-19T22:28:41.215Z</time>
      </trkpt>
      <trkpt lat="44.932118" lon="14.958139">
        <ele>641.943703</ele>
        <time>2026-01-19T22:28:44.874Z</time>
      </trkpt>
      <trkpt lat="44.932199" lon="14.957683">
        <ele>643.302253</ele>
        <time>2026-01-19T22:28:55.229Z</time>
      </trkpt>
      <trkpt lat="44.932233" lon="14.957517">
        <ele>643.801616</ele>
        <time>2026-01-19T22:28:59.442Z</time>
      </trkpt>
      <trkpt lat="44.932228" lon="14.957284">
        <ele>644.475225</ele>
        <time>2026-01-19T22:29:06.008Z</time>
      </trkpt>
      <trkpt lat="44.932151" lon="14.956940">
        <ele>645.517786</ele>
        <time>2026-01-19T22:29:17.825Z</time>
      </trkpt>
      <trkpt lat="44.931842" lon="14.956347">
        <ele>647.645521</ele>
        <time>2026-01-19T22:29:51.364Z</time>
      </trkpt>
      <trkpt lat="44.931558" lon="14.955961">
        <ele>650.330160</ele>
        <time>2026-01-19T22:30:21.734Z</time>
      </trkpt>
      <trkpt lat="44.931175" lon="14.955564">
        <ele>655.009494</ele>
        <time>2026-01-19T22:31:02.265Z</time>
      </trkpt>
      <trkpt lat="44.930366" lon="14.955165">
        <ele>663.449920</ele>
        <time>2026-01-19T22:32:15.329Z</time>
      </trkpt>
      <trkpt lat="44.930056" lon="14.954882">
        <ele>667.031921</ele>
        <time>2026-01-19T22:32:45.412Z</time>
      </trkpt>
      <trkpt lat="44.929395" lon="14.954952">
        <ele>673.160685</ele>
        <time>2026-01-19T22:33:35.802Z</time>
      </trkpt>
      <trkpt lat="44.929090" lon="14.955056">
        <ele>676.061728</ele>
        <time>2026-01-19T22:33:58.519Z</time>
      </trkpt>
      <trkpt lat="44.928503" lon="14.955631">
        <ele>682.666591</ele>
        <time>2026-01-19T22:34:53.828Z</time>
      </trkpt>
      <trkpt lat="44.928193" lon="14.955826">
        <ele>686.276860</ele>
        <time>2026-01-19T22:35:22.585Z</time>
      </trkpt>
      <trkpt lat="44.927757" lon="14.956022">
        <ele>691.181824</ele>
        <time>2026-01-19T22:36:02.524Z</time>
      </trkpt>
      <trkpt lat="44.927249" lon="14.956063">
        <ele>696.636496</ele>
        <time>2026-01-19T22:36:47.955Z</time>
      </trkpt>
      <trkpt lat="44.926887" lon="14.956238">
        <ele>700.738167</ele>
        <time>2026-01-19T22:37:21.386Z</time>
      </trkpt>
      <trkpt lat="44.926592" lon="14.956502">
        <ele>704.328516</ele>
        <time>2026-01-19T22:37:51.026Z</time>
      </trkpt>
      <trkpt lat="44.926507" lon="14.956796">
        <ele>706.582179</ele>
        <time>2026-01-19T22:38:09.629Z</time>
      </trkpt>
      <trkpt lat="44.926491" lon="14.957063">
        <ele>708.483759</ele>
        <time>2026-01-19T22:38:25.300Z</time>
      </trkpt>
      <trkpt lat="44.926699" lon="14.958098">
        <ele>716.118937</ele>
        <time>2026-01-19T22:39:26.985Z</time>
      </trkpt>
      <trkpt lat="44.926675" lon="14.958171">
        <ele>716.690119</ele>
        <time>2026-01-19T22:39:31.517Z</time>
      </trkpt>
      <trkpt lat="44.926650" lon="14.958247">
        <ele>717.284832</ele>
        <time>2026-01-19T22:39:36.298Z</time>
      </trkpt>
      <trkpt lat="44.926496" lon="14.958386">
        <ele>719.116697</ele>
        <time>2026-01-19T22:39:50.996Z</time>
      </trkpt>
      <trkpt lat="44.925995" lon="14.958747">
        <ele>724.974129</ele>
        <time>2026-01-19T22:40:36.454Z</time>
      </trkpt>
      <trkpt lat="44.925208" lon="14.959722">
        <ele>735.968498</ele>
        <time>2026-01-19T22:42:03.969Z</time>
      </trkpt>
      <trkpt lat="44.924651" lon="14.960624">
        <ele>745.834067</ele>
        <time>2026-01-19T22:43:21.749Z</time>
      </trkpt>
      <trkpt lat="44.924405" lon="14.961128">
        <ele>751.140239</ele>
        <time>2026-01-19T22:44:03.433Z</time>
      </trkpt>
      <trkpt lat="44.924346" lon="14.961496">
        <ele>754.410850</ele>
        <time>2026-01-19T22:44:29.206Z</time>
      </trkpt>
      <trkpt lat="44.924604" lon="14.962038">
        <ele>760.071982</ele>
        <time>2026-01-19T22:45:13.448Z</time>
      </trkpt>
      <trkpt lat="44.924954" lon="14.963171">
        <ele>769.083001</ele>
        <time>2026-01-19T22:46:33.206Z</time>
      </trkpt>
      <trkpt lat="44.925042" lon="14.963398">
        <ele>770.933338</ele>
        <time>2026-01-19T22:46:48.274Z</time>
      </trkpt>
      <trkpt lat="44.925035" lon="14.963527">
        <ele>771.858356</ele>
        <time>2026-01-19T22:46:55.406Z</time>
      </trkpt>
      <trkpt lat="44.924960" lon="14.963544">
        <ele>772.625399</ele>
        <time>2026-01-19T22:47:01.530Z</time>
      </trkpt>
      <trkpt lat="44.924790" lon="14.963498">
        <ele>774.373285</ele>
        <time>2026-01-19T22:47:14.792Z</time>
      </trkpt>
      <trkpt lat="44.924705" lon="14.963433">
        <ele>775.349355</ele>
        <time>2026-01-19T22:47:22.157Z</time>
      </trkpt>
      <trkpt lat="44.924461" lon="14.963247">
        <ele>778.149251</ele>
        <time>2026-01-19T22:47:42.278Z</time>
      </trkpt>
      <trkpt lat="44.924155" lon="14.963151">
        <ele>780.909726</ele>
        <time>2026-01-19T22:48:04.278Z</time>
      </trkpt>
      <trkpt lat="44.923601" lon="14.963311">
        <ele>785.515158</ele>
        <time>2026-01-19T22:48:42.561Z</time>
      </trkpt>
      <trkpt lat="44.923201" lon="14.963505">
        <ele>788.959702</ele>
        <time>2026-01-19T22:49:11.855Z</time>
      </trkpt>
      <trkpt lat="44.922871" lon="14.963858">
        <ele>792.331293</ele>
        <time>2026-01-19T22:49:42.810Z</time>
      </trkpt>
      <trkpt lat="44.922079" lon="14.965060">
        <ele>802.362424</ele>
        <time>2026-01-19T22:51:17.688Z</time>
      </trkpt>
      <trkpt lat="44.921866" lon="14.965252">
        <ele>804.566413</ele>
        <time>2026-01-19T22:51:37.357Z</time>
      </trkpt>
      <trkpt lat="44.921631" lon="14.965291">
        <ele>806.630228</ele>
        <time>2026-01-19T22:51:54.707Z</time>
      </trkpt>
      <trkpt lat="44.920985" lon="14.965396">
        <ele>811.630733</ele>
        <time>2026-01-19T22:52:37.944Z</time>
      </trkpt>
      <trkpt lat="44.920042" lon="14.965392">
        <ele>817.843029</ele>
        <time>2026-01-19T22:53:33.905Z</time>
      </trkpt>
      <trkpt lat="44.919080" lon="14.965422">
        <ele>824.905232</ele>
        <time>2026-01-19T22:54:40.582Z</time>
      </trkpt>
      <trkpt lat="44.918529" lon="14.965470">
        <ele>829.490181</ele>
        <time>2026-01-19T22:55:22.842Z</time>
      </trkpt>
      <trkpt lat="44.918473" lon="14.965475">
        <ele>829.956209</ele>
        <time>2026-01-19T22:55:27.173Z</time>
      </trkpt>
      <trkpt lat="44.917719" lon="14.965664">
        <ele>836.316330</ele>
        <time>2026-01-19T22:56:25.681Z</time>
      </trkpt>
      <trkpt lat="44.917268" lon="14.965959">
        <ele>839.880743</ele>
        <time>2026-01-19T22:57:00.597Z</time>
      </trkpt>
      <trkpt lat="44.916823" lon="14.966548">
        <ele>844.249566</ele>
        <time>2026-01-19T22:57:40.572Z</time>
      </trkpt>
      <trkpt lat="44.916744" lon="14.966993">
        <ele>846.576643</ele>
        <time>2026-01-19T22:58:01.252Z</time>
      </trkpt>
      <trkpt lat="44.916793" lon="14.967308">
        <ele>848.212552</ele>
        <time>2026-01-19T22:58:16.000Z</time>
      </trkpt>
      <trkpt lat="44.917485" lon="14.967916">
        <ele>854.079865</ele>
        <time>2026-01-19T22:59:11.094Z</time>
      </trkpt>
      <trkpt lat="44.918447" lon="14.968175">
        <ele>861.137614</ele>
        <time>2026-01-19T23:00:19.203Z</time>
      </trkpt>
      <trkpt lat="44.918630" lon="14.968392">
        <ele>862.707683</ele>
        <time>2026-01-19T23:00:35.507Z</time>
      </trkpt>
      <trkpt lat="44.918813" lon="14.968944">
        <ele>865.109169</ele>
        <time>2026-01-19T23:01:04.271Z</time>
      </trkpt>
      <trkpt lat="44.919310" lon="14.969576">
        <ele>868.830491</ele>
        <time>2026-01-19T23:01:44.498Z</time>
      </trkpt>
      <trkpt lat="44.919412" lon="14.969785">
        <ele>869.830598</ele>
        <time>2026-01-19T23:01:54.572Z</time>
      </trkpt>
      <trkpt lat="44.919409" lon="14.969998">
        <ele>870.669991</ele>
        <time>2026-01-19T23:02:02.903Z</time>
      </trkpt>
      <trkpt lat="44.918422" lon="14.971877">
        <ele>876.303945</ele>
        <time>2026-01-19T23:03:24.496Z</time>
      </trkpt>
      <trkpt lat="44.918358" lon="14.972333">
        <ele>877.281621</ele>
        <time>2026-01-19T23:03:38.088Z</time>
      </trkpt>
      <trkpt lat="44.918347" lon="14.972935">
        <ele>877.420311</ele>
        <time>2026-01-19T23:03:53.822Z</time>
      </trkpt>
      <trkpt lat="44.918289" lon="14.973387">
        <ele>877.302679</ele>
        <time>2026-01-19T23:04:04.425Z</time>
      </trkpt>
      <trkpt lat="44.918204" lon="14.973592">
        <ele>877.241846</ele>
        <time>2026-01-19T23:04:09.605Z</time>
      </trkpt>
      <trkpt lat="44.917963" lon="14.973978">
        <ele>877.110066</ele>
        <time>2026-01-19T23:04:20.400Z</time>
      </trkpt>
      <trkpt lat="44.917583" lon="14.974423">
        <ele>876.931544</ele>
        <time>2026-01-19T23:04:34.438Z</time>
      </trkpt>
      <trkpt lat="44.917189" lon="14.974748">
        <ele>876.087668</ele>
        <time>2026-01-19T23:04:47.012Z</time>
      </trkpt>
      <trkpt lat="44.916606" lon="14.975021">
        <ele>874.666393</ele>
        <time>2026-01-19T23:05:03.675Z</time>
      </trkpt>
      <trkpt lat="44.915923" lon="14.975248">
        <ele>873.042773</ele>
        <time>2026-01-19T23:05:22.314Z</time>
      </trkpt>
      <trkpt lat="44.914751" lon="14.975366">
        <ele>869.827885</ele>
        <time>2026-01-19T23:05:52.871Z</time>
      </trkpt>
      <trkpt lat="44.913720" lon="14.975630">
        <ele>867.252917</ele>
        <time>2026-01-19T23:06:20.485Z</time>
      </trkpt>
      <trkpt lat="44.912266" lon="14.975791">
        <ele>864.945243</ele>
        <time>2026-01-19T23:07:01.169Z</time>
      </trkpt>
      <trkpt lat="44.911357" lon="14.975771">
        <ele>866.208137</ele>
        <time>2026-01-19T23:07:33.925Z</time>
      </trkpt>
      <trkpt lat="44.911181" lon="14.975850">
        <ele>866.497352</ele>
        <time>2026-01-19T23:07:42.008Z</time>
      </trkpt>
      <trkpt lat="44.911015" lon="14.975993">
        <ele>866.801874</ele>
        <time>2026-01-19T23:07:50.833Z</time>
      </trkpt>
      <trkpt lat="44.910708" lon="14.976131">
        <ele>867.306424</ele>
        <time>2026-01-19T23:08:05.784Z</time>
      </trkpt>
      <trkpt lat="44.910175" lon="14.976053">
        <ele>868.547761</ele>
        <time>2026-01-19T23:08:31.082Z</time>
      </trkpt>
      <trkpt lat="44.909638" lon="14.975762">
        <ele>870.228557</ele>
        <time>2026-01-19T23:08:56.779Z</time>
      </trkpt>
      <trkpt lat="44.909239" lon="14.975451">
        <ele>871.560353</ele>
        <time>2026-01-19T23:09:16.110Z</time>
      </trkpt>
      <trkpt lat="44.908937" lon="14.975392">
        <ele>872.451252</ele>
        <time>2026-01-19T23:09:29.398Z</time>
      </trkpt>
      <trkpt lat="44.908080" lon="14.975654">
        <ele>877.690515</ele>
        <time>2026-01-19T23:10:17.425Z</time>
      </trkpt>
      <trkpt lat="44.907245" lon="14.976086">
        <ele>883.639286</ele>
        <time>2026-01-19T23:11:21.696Z</time>
      </trkpt>
      <trkpt lat="44.906495" lon="14.976770">
        <ele>891.168197</ele>
        <time>2026-01-19T23:12:31.492Z</time>
      </trkpt>
      <trkpt lat="44.905836" lon="14.977591">
        <ele>899.017827</ele>
        <time>2026-01-19T23:13:37.985Z</time>
      </trkpt>
      <trkpt lat="44.905599" lon="14.978331">
        <ele>904.391964</ele>
        <time>2026-01-19T23:14:22.528Z</time>
      </trkpt>
      <trkpt lat="44.905528" lon="14.978889">
        <ele>908.250158</ele>
        <time>2026-01-19T23:14:54.892Z</time>
      </trkpt>
      <trkpt lat="44.905516" lon="14.979313">
        <ele>911.137944</ele>
        <time>2026-01-19T23:15:19.275Z</time>
      </trkpt>
      <trkpt lat="44.905386" lon="14.979601">
        <ele>913.462091</ele>
        <time>2026-01-19T23:15:38.957Z</time>
      </trkpt>
      <trkpt lat="44.905048" lon="14.979797">
        <ele>916.972993</ele>
        <time>2026-01-19T23:16:08.754Z</time>
      </trkpt>
      <trkpt lat="44.903993" lon="14.980223">
        <ele>926.712101</ele>
        <time>2026-01-19T23:17:37.000Z</time>
      </trkpt>
      <trkpt lat="44.903267" lon="14.981145">
        <ele>934.595858</ele>
        <time>2026-01-19T23:18:48.505Z</time>
      </trkpt>
      <trkpt lat="44.902594" lon="14.981570">
        <ele>937.365253</ele>
        <time>2026-01-19T23:19:31.630Z</time>
      </trkpt>
      <trkpt lat="44.901380" lon="14.982715">
        <ele>941.603652</ele>
        <time>2026-01-19T23:20:28.143Z</time>
      </trkpt>
      <trkpt lat="44.900391" lon="14.983535">
        <ele>943.236246</ele>
        <time>2026-01-19T23:21:08.671Z</time>
      </trkpt>
      <trkpt lat="44.899759" lon="14.983800">
        <ele>946.731597</ele>
        <time>2026-01-19T23:21:41.638Z</time>
      </trkpt>
      <trkpt lat="44.899395" lon="14.983962">
        <ele>949.076679</ele>
        <time>2026-01-19T23:22:04.703Z</time>
      </trkpt>
      <trkpt lat="44.897442" lon="14.984545">
        <ele>964.026112</ele>
        <time>2026-01-19T23:24:33.655Z</time>
      </trkpt>
      <trkpt lat="44.896221" lon="14.984980">
        <ele>975.544765</ele>
        <time>2026-01-19T23:26:07.279Z</time>
      </trkpt>
      <trkpt lat="44.895493" lon="14.985354">
        <ele>983.180004</ele>
        <time>2026-01-19T23:27:12.595Z</time>
      </trkpt>
      <trkpt lat="44.894869" lon="14.985613">
        <ele>989.311378</ele>
        <time>2026-01-19T23:28:08.744Z</time>
      </trkpt>
      <trkpt lat="44.894726" lon="14.985672">
        <ele>990.579888</ele>
        <time>2026-01-19T23:28:21.197Z</time>
      </trkpt>
      <trkpt lat="44.894177" lon="14.985495">
        <ele>995.374703</ele>
        <time>2026-01-19T23:29:01.262Z</time>
      </trkpt>
      <trkpt lat="44.893631" lon="14.985568">
        <ele>1000.044411</ele>
        <time>2026-01-19T23:29:34.555Z</time>
      </trkpt>
      <trkpt lat="44.893529" lon="14.985796">
        <ele>1001.670933</ele>
        <time>2026-01-19T23:29:43.989Z</time>
      </trkpt>
      <trkpt lat="44.893440" lon="14.985996">
        <ele>1002.884097</ele>
        <time>2026-01-19T23:29:51.512Z</time>
      </trkpt>
      <trkpt lat="44.893139" lon="14.986416">
        <ele>1003.313368</ele>
        <time>2026-01-19T23:30:07.699Z</time>
      </trkpt>
      <trkpt lat="44.892769" lon="14.986246">
        <ele>1003.708022</ele>
        <time>2026-01-19T23:30:19.238Z</time>
      </trkpt>
      <trkpt lat="44.892538" lon="14.986097">
        <ele>1003.965618</ele>
        <time>2026-01-19T23:30:24.495Z</time>
      </trkpt>
      <trkpt lat="44.892315" lon="14.985872">
        <ele>1004.243636</ele>
        <time>2026-01-19T23:30:29.038Z</time>
      </trkpt>
      <trkpt lat="44.892128" lon="14.985639">
        <ele>1004.496623</ele>
        <time>2026-01-19T23:30:32.852Z</time>
      </trkpt>
      <trkpt lat="44.891852" lon="14.985149">
        <ele>1004.232440</ele>
        <time>2026-01-19T23:30:39.397Z</time>
      </trkpt>
      <trkpt lat="44.891624" lon="14.984604">
        <ele>1003.469442</ele>
        <time>2026-01-19T23:30:45.919Z</time>
      </trkpt>
      <trkpt lat="44.891377" lon="14.984174">
        <ele>1002.802092</ele>
        <time>2026-01-19T23:30:51.821Z</time>
      </trkpt>
      <trkpt lat="44.891072" lon="14.983429">
        <ele>1001.764812</ele>
        <time>2026-01-19T23:31:02.267Z</time>
      </trkpt>
      <trkpt lat="44.890822" lon="14.982972">
        <ele>1001.748964</ele>
        <time>2026-01-19T23:31:10.594Z</time>
      </trkpt>
      <trkpt lat="44.890632" lon="14.982701">
        <ele>1001.857343</ele>
        <time>2026-01-19T23:31:16.838Z</time>
      </trkpt>
      <trkpt lat="44.890493" lon="14.982625">
        <ele>1001.917153</ele>
        <time>2026-01-19T23:31:20.333Z</time>
      </trkpt>
      <trkpt lat="44.890348" lon="14.982632">
        <ele>1001.975367</ele>
        <time>2026-01-19T23:31:23.740Z</time>
      </trkpt>
      <trkpt lat="44.889727" lon="14.982825">
        <ele>1002.230505</ele>
        <time>2026-01-19T23:31:37.717Z</time>
      </trkpt>
      <trkpt lat="44.889423" lon="14.982876">
        <ele>1002.427418</ele>
        <time>2026-01-19T23:31:43.698Z</time>
      </trkpt>
      <trkpt lat="44.889158" lon="14.982863">
        <ele>1003.165480</ele>
        <time>2026-01-19T23:31:48.738Z</time>
      </trkpt>
      <trkpt lat="44.888773" lon="14.982742">
        <ele>1004.263355</ele>
        <time>2026-01-19T23:31:58.177Z</time>
      </trkpt>
      <trkpt lat="44.888155" lon="14.982485">
        <ele>1006.056639</ele>
        <time>2026-01-19T23:32:21.103Z</time>
      </trkpt>
      <trkpt lat="44.887929" lon="14.982345">
        <ele>1006.743619</ele>
        <time>2026-01-19T23:32:32.316Z</time>
      </trkpt>
      <trkpt lat="44.887684" lon="14.982112">
        <ele>1007.494448</ele>
        <time>2026-01-19T23:32:46.538Z</time>
      </trkpt>
      <trkpt lat="44.887524" lon="14.982025">
        <ele>1007.815669</ele>
        <time>2026-01-19T23:32:54.819Z</time>
      </trkpt>
      <trkpt lat="44.887358" lon="14.981994">
        <ele>1008.129367</ele>
        <time>2026-01-19T23:33:02.450Z</time>
      </trkpt>
      <trkpt lat="44.887006" lon="14.982030">
        <ele>1008.790540</ele>
        <time>2026-01-19T23:33:17.150Z</time>
      </trkpt>
      <trkpt lat="44.886547" lon="14.982219">
        <ele>1009.686287</ele>
        <time>2026-01-19T23:33:30.986Z</time>
      </trkpt>
      <trkpt lat="44.886179" lon="14.982490">
        <ele>1010.463903</ele>
        <time>2026-01-19T23:33:37.915Z</time>
      </trkpt>
      <trkpt lat="44.885702" lon="14.983014">
        <ele>1008.930044</ele>
        <time>2026-01-19T23:33:46.533Z</time>
      </trkpt>
      <trkpt lat="44.885476" lon="14.983347">
        <ele>1007.686314</ele>
        <time>2026-01-19T23:33:51.090Z</time>
      </trkpt>
      <trkpt lat="44.885336" lon="14.983742">
        <ele>1006.495060</ele>
        <time>2026-01-19T23:33:55.508Z</time>
      </trkpt>
      <trkpt lat="44.885084" lon="14.984087">
        <ele>1005.158586</ele>
        <time>2026-01-19T23:34:00.443Z</time>
      </trkpt>
      <trkpt lat="44.884822" lon="14.984174">
        <ele>1004.133975</ele>
        <time>2026-01-19T23:34:04.104Z</time>
      </trkpt>
      <trkpt lat="44.884512" lon="14.984326">
        <ele>1001.776784</ele>
        <time>2026-01-19T23:34:08.383Z</time>
      </trkpt>
      <trkpt lat="44.884216" lon="14.984534">
        <ele>999.102506</ele>
        <time>2026-01-19T23:34:12.518Z</time>
      </trkpt>
      <trkpt lat="44.883906" lon="14.984575">
        <ele>996.584327</ele>
        <time>2026-01-19T23:34:16.327Z</time>
      </trkpt>
      <trkpt lat="44.883643" lon="14.984517">
        <ele>994.431445</ele>
        <time>2026-01-19T23:34:19.536Z</time>
      </trkpt>
      <trkpt lat="44.883196" lon="14.984613">
        <ele>990.774615</ele>
        <time>2026-01-19T23:34:24.964Z</time>
      </trkpt>
      <trkpt lat="44.882841" lon="14.984752">
        <ele>988.084800</ele>
        <time>2026-01-19T23:34:29.380Z</time>
      </trkpt>
      <trkpt lat="44.882513" lon="14.984958">
        <ele>985.731888</ele>
        <time>2026-01-19T23:34:33.754Z</time>
      </trkpt>
      <trkpt lat="44.882242" lon="14.985231">
        <ele>983.549749</ele>
        <time>2026-01-19T23:34:37.953Z</time>
      </trkpt>
      <trkpt lat="44.881575" lon="14.985660">
        <ele>978.745761</ele>
        <time>2026-01-19T23:34:47.807Z</time>
      </trkpt>
      <trkpt lat="44.881122" lon="14.986028">
        <ele>975.740974</ele>
        <time>2026-01-19T23:34:54.939Z</time>
      </trkpt>
      <trkpt lat="44.880733" lon="14.986432">
        <ele>973.177069</ele>
        <time>2026-01-19T23:35:01.397Z</time>
      </trkpt>
      <trkpt lat="44.880364" lon="14.986670">
        <ele>971.023343</ele>
        <time>2026-01-19T23:35:06.705Z</time>
      </trkpt>
      <trkpt lat="44.880039" lon="14.986859">
        <ele>969.157336</ele>
        <time>2026-01-19T23:35:11.244Z</time>
      </trkpt>
      <trkpt lat="44.879266" lon="14.986982">
        <ele>965.898199</ele>
        <time>2026-01-19T23:35:21.318Z</time>
      </trkpt>
      <trkpt lat="44.878685" lon="14.986909">
        <ele>963.712568</ele>
        <time>2026-01-19T23:35:29.403Z</time>
      </trkpt>
      <trkpt lat="44.877517" lon="14.986854">
        <ele>960.052614</ele>
        <time>2026-01-19T23:35:47.966Z</time>
      </trkpt>
      <trkpt lat="44.876621" lon="14.986432">
        <ele>957.843127</ele>
        <time>2026-01-19T23:36:02.567Z</time>
      </trkpt>
      <trkpt lat="44.875927" lon="14.986212">
        <ele>954.988977</ele>
        <time>2026-01-19T23:36:12.677Z</time>
      </trkpt>
      <trkpt lat="44.875738" lon="14.986092">
        <ele>953.833679</ele>
        <time>2026-01-19T23:36:15.509Z</time>
      </trkpt>
      <trkpt lat="44.875483" lon="14.985766">
        <ele>951.915604</ele>
        <time>2026-01-19T23:36:20.106Z</time>
      </trkpt>
      <trkpt lat="44.875212" lon="14.985319">
        <ele>949.591790</ele>
        <time>2026-01-19T23:36:25.477Z</time>
      </trkpt>
      <trkpt lat="44.874727" lon="14.984635">
        <ele>946.477648</ele>
        <time>2026-01-19T23:36:33.838Z</time>
      </trkpt>
      <trkpt lat="44.874553" lon="14.984437">
        <ele>945.940940</ele>
        <time>2026-01-19T23:36:36.610Z</time>
      </trkpt>
      <trkpt lat="44.874401" lon="14.984298">
        <ele>945.506037</ele>
        <time>2026-01-19T23:36:39.068Z</time>
      </trkpt>
      <trkpt lat="44.874086" lon="14.984132">
        <ele>944.698668</ele>
        <time>2026-01-19T23:36:44.120Z</time>
      </trkpt>
      <trkpt lat="44.873816" lon="14.983807">
        <ele>943.846548</ele>
        <time>2026-01-19T23:36:49.848Z</time>
      </trkpt>
      <trkpt lat="44.873783" lon="14.983946">
        <ele>943.597110</ele>
        <time>2026-01-19T23:36:52.045Z</time>
      </trkpt>
      <trkpt lat="44.873686" lon="14.984112">
        <ele>943.231009</ele>
        <time>2026-01-19T23:36:55.037Z</time>
      </trkpt>
      <trkpt lat="44.873634" lon="14.984161">
        <ele>943.080872</ele>
        <time>2026-01-19T23:36:56.166Z</time>
      </trkpt>
      <trkpt lat="44.873419" lon="14.984209">
        <ele>942.926369</ele>
        <time>2026-01-19T23:37:02.682Z</time>
      </trkpt>
      <trkpt lat="44.872492" lon="14.984198">
        <ele>946.700699</ele>
        <time>2026-01-19T23:37:53.933Z</time>
      </trkpt>
      <trkpt lat="44.871667" lon="14.984517">
        <ele>949.990501</ele>
        <time>2026-01-19T23:38:23.234Z</time>
      </trkpt>
      <trkpt lat="44.871546" lon="14.984495">
        <ele>949.908633</ele>
        <time>2026-01-19T23:38:26.731Z</time>
      </trkpt>
      <trkpt lat="44.870605" lon="14.984609">
        <ele>949.274856</ele>
        <time>2026-01-19T23:38:44.461Z</time>
      </trkpt>
      <trkpt lat="44.870361" lon="14.984612">
        <ele>949.111115</ele>
        <time>2026-01-19T23:38:47.927Z</time>
      </trkpt>
      <trkpt lat="44.869137" lon="14.984286">
        <ele>946.609789</ele>
        <time>2026-01-19T23:39:06.557Z</time>
      </trkpt>
      <trkpt lat="44.868360" lon="14.984163">
        <ele>944.453566</ele>
        <time>2026-01-19T23:39:18.128Z</time>
      </trkpt>
      <trkpt lat="44.867951" lon="14.984021">
        <ele>943.188498</ele>
        <time>2026-01-19T23:39:24.136Z</time>
      </trkpt>
      <trkpt lat="44.867694" lon="14.983863">
        <ele>942.272157</ele>
        <time>2026-01-19T23:39:28.082Z</time>
      </trkpt>
      <trkpt lat="44.867516" lon="14.983696">
        <ele>941.573438</ele>
        <time>2026-01-19T23:39:31.082Z</time>
      </trkpt>
      <trkpt lat="44.867055" lon="14.983098">
        <ele>939.526501</ele>
        <time>2026-01-19T23:39:39.865Z</time>
      </trkpt>
      <trkpt lat="44.866459" lon="14.982594">
        <ele>937.553532</ele>
        <time>2026-01-19T23:39:50.098Z</time>
      </trkpt>
      <trkpt lat="44.865829" lon="14.982111">
        <ele>936.186125</ele>
        <time>2026-01-19T23:40:01.119Z</time>
      </trkpt>
      <trkpt lat="44.865538" lon="14.981832">
        <ele>935.515143</ele>
        <time>2026-01-19T23:40:06.662Z</time>
      </trkpt>
      <trkpt lat="44.865097" lon="14.981320">
        <ele>934.545500</ele>
        <time>2026-01-19T23:40:15.980Z</time>
      </trkpt>
      <trkpt lat="44.864814" lon="14.980932">
        <ele>934.574201</ele>
        <time>2026-01-19T23:40:22.655Z</time>
      </trkpt>
      <trkpt lat="44.863926" lon="14.979504">
        <ele>934.677833</ele>
        <time>2026-01-19T23:40:49.799Z</time>
      </trkpt>
      <trkpt lat="44.863731" lon="14.979319">
        <ele>935.172310</ele>
        <time>2026-01-19T23:40:56.535Z</time>
      </trkpt>
      <trkpt lat="44.863518" lon="14.979211">
        <ele>935.648587</ele>
        <time>2026-01-19T23:41:03.487Z</time>
      </trkpt>
      <trkpt lat="44.863185" lon="14.979099">
        <ele>936.368946</ele>
        <time>2026-01-19T23:41:14.957Z</time>
      </trkpt>
      <trkpt lat="44.862139" lon="14.978844">
        <ele>938.427526</ele>
        <time>2026-01-19T23:41:50.050Z</time>
      </trkpt>
      <trkpt lat="44.861989" lon="14.978844">
        <ele>938.364248</ele>
        <time>2026-01-19T23:41:53.931Z</time>
      </trkpt>
      <trkpt lat="44.861759" lon="14.978930">
        <ele>938.263874</ele>
        <time>2026-01-19T23:41:59.258Z</time>
      </trkpt>
      <trkpt lat="44.860160" lon="14.979716">
        <ele>937.905265</ele>
        <time>2026-01-19T23:42:26.730Z</time>
      </trkpt>
      <trkpt lat="44.859867" lon="14.979799">
        <ele>938.081271</ele>
        <time>2026-01-19T23:42:32.248Z</time>
      </trkpt>
      <trkpt lat="44.859736" lon="14.979796">
        <ele>938.158434</ele>
        <time>2026-01-19T23:42:34.986Z</time>
      </trkpt>
      <trkpt lat="44.859504" lon="14.979768">
        <ele>938.295570</ele>
        <time>2026-01-19T23:42:40.266Z</time>
      </trkpt>
      <trkpt lat="44.858657" lon="14.979532">
        <ele>939.005547</ele>
        <time>2026-01-19T23:43:04.261Z</time>
      </trkpt>
      <trkpt lat="44.857795" lon="14.979385">
        <ele>941.722373</ele>
        <time>2026-01-19T23:43:32.970Z</time>
      </trkpt>
      <trkpt lat="44.857300" lon="14.979060">
        <ele>943.430756</ele>
        <time>2026-01-19T23:43:52.725Z</time>
      </trkpt>
      <trkpt lat="44.856769" lon="14.978788">
        <ele>945.753651</ele>
        <time>2026-01-19T23:44:15.168Z</time>
      </trkpt>
      <trkpt lat="44.856040" lon="14.978304">
        <ele>949.996210</ele>
        <time>2026-01-19T23:44:51.084Z</time>
      </trkpt>
      <trkpt lat="44.855807" lon="14.978178">
        <ele>951.310169</ele>
        <time>2026-01-19T23:45:02.958Z</time>
      </trkpt>
      <trkpt lat="44.855464" lon="14.978048">
        <ele>953.180345</ele>
        <time>2026-01-19T23:45:20.326Z</time>
      </trkpt>
      <trkpt lat="44.854882" lon="14.977918">
        <ele>956.935842</ele>
        <time>2026-01-19T23:45:50.586Z</time>
      </trkpt>
      <trkpt lat="44.854530" lon="14.977906">
        <ele>959.288549</ele>
        <time>2026-01-19T23:46:09.791Z</time>
      </trkpt>
      <trkpt lat="44.854205" lon="14.977959">
        <ele>961.474621</ele>
        <time>2026-01-19T23:46:28.197Z</time>
      </trkpt>
      <trkpt lat="44.853781" lon="14.978259">
        <ele>964.644150</ele>
        <time>2026-01-19T23:46:54.438Z</time>
      </trkpt>
      <trkpt lat="44.853593" lon="14.978368">
        <ele>965.960774</ele>
        <time>2026-01-19T23:47:05.059Z</time>
      </trkpt>
      <trkpt lat="44.853288" lon="14.978544">
        <ele>967.446365</ele>
        <time>2026-01-19T23:47:21.094Z</time>
      </trkpt>
      <trkpt lat="44.853072" lon="14.978800">
        <ele>968.718211</ele>
        <time>2026-01-19T23:47:33.635Z</time>
      </trkpt>
      <trkpt lat="44.852668" lon="14.979467">
        <ele>971.521997</ele>
        <time>2026-01-19T23:47:57.867Z</time>
      </trkpt>
      <trkpt lat="44.852490" lon="14.979707">
        <ele>972.632070</ele>
        <time>2026-01-19T23:48:06.646Z</time>
      </trkpt>
      <trkpt lat="44.851905" lon="14.980219">
        <ele>974.976926</ele>
        <time>2026-01-19T23:48:31.579Z</time>
      </trkpt>
      <trkpt lat="44.851517" lon="14.980773">
        <ele>976.388160</ele>
        <time>2026-01-19T23:48:52.078Z</time>
      </trkpt>
      <trkpt lat="44.851173" lon="14.981349">
        <ele>977.752999</ele>
        <time>2026-01-19T23:49:09.954Z</time>
      </trkpt>
      <trkpt lat="44.850954" lon="14.981853">
        <ele>978.387343</ele>
        <time>2026-01-19T23:49:20.984Z</time>
      </trkpt>
      <trkpt lat="44.850501" lon="14.982756">
        <ele>976.792932</ele>
        <time>2026-01-19T23:49:33.388Z</time>
      </trkpt>
      <trkpt lat="44.850383" lon="14.983146">
        <ele>976.181760</ele>
        <time>2026-01-19T23:49:37.551Z</time>
      </trkpt>
      <trkpt lat="44.850342" lon="14.983353">
        <ele>975.871978</ele>
        <time>2026-01-19T23:49:39.631Z</time>
      </trkpt>
      <trkpt lat="44.850346" lon="14.983708">
        <ele>975.360238</ele>
        <time>2026-01-19T23:49:43.088Z</time>
      </trkpt>
      <trkpt lat="44.850538" lon="14.984654">
        <ele>975.470507</ele>
        <time>2026-01-19T23:49:53.505Z</time>
      </trkpt>
      <trkpt lat="44.850538" lon="14.984988">
        <ele>975.738293</ele>
        <time>2026-01-19T23:49:57.907Z</time>
      </trkpt>
      <trkpt lat="44.850481" lon="14.985122">
        <ele>975.863582</ele>
        <time>2026-01-19T23:50:00.454Z</time>
      </trkpt>
      <trkpt lat="44.850406" lon="14.985232">
        <ele>975.985943</ele>
        <time>2026-01-19T23:50:03.219Z</time>
      </trkpt>
      <trkpt lat="44.849811" lon="14.985478">
        <ele>976.687141</ele>
        <time>2026-01-19T23:50:24.794Z</time>
      </trkpt>
      <trkpt lat="44.849555" lon="14.985627">
        <ele>977.135161</ele>
        <time>2026-01-19T23:50:36.983Z</time>
      </trkpt>
      <trkpt lat="44.848932" lon="14.986221">
        <ele>980.710121</ele>
        <time>2026-01-19T23:51:11.519Z</time>
      </trkpt>
      <trkpt lat="44.848616" lon="14.986610">
        <ele>982.704083</ele>
        <time>2026-01-19T23:51:29.687Z</time>
      </trkpt>
      <trkpt lat="44.848400" lon="14.986993">
        <ele>984.353599</ele>
        <time>2026-01-19T23:51:44.025Z</time>
      </trkpt>
      <trkpt lat="44.847527" lon="14.988099">
        <ele>988.916094</ele>
        <time>2026-01-19T23:52:33.213Z</time>
      </trkpt>
      <trkpt lat="44.847071" lon="14.988925">
        <ele>991.634011</ele>
        <time>2026-01-19T23:53:01.138Z</time>
      </trkpt>
      <trkpt lat="44.846666" lon="14.989772">
        <ele>991.782561</ele>
        <time>2026-01-19T23:53:18.728Z</time>
      </trkpt>
      <trkpt lat="44.846554" lon="14.990143">
        <ele>991.633030</ele>
        <time>2026-01-19T23:53:23.416Z</time>
      </trkpt>
      <trkpt lat="44.846488" lon="14.990511">
        <ele>991.492265</ele>
        <time>2026-01-19T23:53:27.466Z</time>
      </trkpt>
      <trkpt lat="44.846524" lon="14.991112">
        <ele>991.268601</ele>
        <time>2026-01-19T23:53:33.955Z</time>
      </trkpt>
      <trkpt lat="44.846694" lon="14.991735">
        <ele>991.477019</ele>
        <time>2026-01-19T23:53:41.629Z</time>
      </trkpt>
      <trkpt lat="44.846744" lon="14.991997">
        <ele>991.719579</ele>
        <time>2026-01-19T23:53:45.060Z</time>
      </trkpt>
      <trkpt lat="44.846764" lon="14.992301">
        <ele>991.992516</ele>
        <time>2026-01-19T23:53:49.389Z</time>
      </trkpt>
      <trkpt lat="44.846754" lon="14.992570">
        <ele>992.233327</ele>
        <time>2026-01-19T23:53:53.877Z</time>
      </trkpt>
      <trkpt lat="44.846689" lon="14.992804">
        <ele>992.458001</ele>
        <time>2026-01-19T23:53:58.634Z</time>
      </trkpt>
      <trkpt lat="44.845186" lon="14.995877">
        <ele>1000.126907</ele>
        <time>2026-01-19T23:55:33.095Z</time>
      </trkpt>
      <trkpt lat="44.844015" lon="14.997056">
        <ele>1007.801030</ele>
        <time>2026-01-19T23:56:38.262Z</time>
      </trkpt>
      <trkpt lat="44.843271" lon="14.997483">
        <ele>1013.402805</ele>
        <time>2026-01-19T23:57:21.663Z</time>
      </trkpt>
      <trkpt lat="44.842493" lon="14.998076">
        <ele>1020.332351</ele>
        <time>2026-01-19T23:58:15.989Z</time>
      </trkpt>
      <trkpt lat="44.841556" lon="14.998478">
        <ele>1027.949772</ele>
        <time>2026-01-19T23:59:15.604Z</time>
      </trkpt>
      <trkpt lat="44.840638" lon="14.999901">
        <ele>1038.356681</ele>
        <time>2026-01-20T00:00:32.791Z</time>
      </trkpt>
      <trkpt lat="44.840373" lon="15.000625">
        <ele>1042.273674</ele>
        <time>2026-01-20T00:01:05.208Z</time>
      </trkpt>
      <trkpt lat="44.840243" lon="15.000749">
        <ele>1043.337737</ele>
        <time>2026-01-20T00:01:13.593Z</time>
      </trkpt>
      <trkpt lat="44.840152" lon="15.000738">
        <ele>1043.956977</ele>
        <time>2026-01-20T00:01:18.692Z</time>
      </trkpt>
      <trkpt lat="44.840094" lon="15.000655">
        <ele>1044.517206</ele>
        <time>2026-01-20T00:01:22.847Z</time>
      </trkpt>
      <trkpt lat="44.840083" lon="15.000538">
        <ele>1045.084609</ele>
        <time>2026-01-20T00:01:27.244Z</time>
      </trkpt>
      <trkpt lat="44.840154" lon="15.000391">
        <ele>1045.939687</ele>
        <time>2026-01-20T00:01:33.561Z</time>
      </trkpt>
      <trkpt lat="44.840331" lon="15.000196">
        <ele>1047.462504</ele>
        <time>2026-01-20T00:01:44.583Z</time>
      </trkpt>
      <trkpt lat="44.840690" lon="14.998887">
        <ele>1054.307446</ele>
        <time>2026-01-20T00:02:33.836Z</time>
      </trkpt>
      <trkpt lat="44.840736" lon="14.998143">
        <ele>1057.971978</ele>
        <time>2026-01-20T00:03:02.151Z</time>
      </trkpt>
      <trkpt lat="44.842694" lon="14.993594">
        <ele>1086.620576</ele>
        <time>2026-01-20T00:06:46.513Z</time>
      </trkpt>
      <trkpt lat="44.843772" lon="14.992088">
        <ele>1097.788389</ele>
        <time>2026-01-20T00:07:56.178Z</time>
      </trkpt>
      <trkpt lat="44.844065" lon="14.990190">
        <ele>1108.247394</ele>
        <time>2026-01-20T00:09:34.742Z</time>
      </trkpt>
      <trkpt lat="44.844352" lon="14.989511">
        <ele>1112.625254</ele>
        <time>2026-01-20T00:10:08.777Z</time>
      </trkpt>
      <trkpt lat="44.845102" lon="14.987739">
        <ele>1120.934911</ele>
        <time>2026-01-20T00:11:07.920Z</time>
      </trkpt>
      <trkpt lat="44.846750" lon="14.982429">
        <ele>1141.295104</ele>
        <time>2026-01-20T00:13:58.776Z</time>
      </trkpt>
      <trkpt lat="44.846708" lon="14.981400">
        <ele>1146.311631</ele>
        <time>2026-01-20T00:14:50.400Z</time>
      </trkpt>
      <trkpt lat="44.847093" lon="14.980380">
        <ele>1152.737521</ele>
        <time>2026-01-20T00:15:47.513Z</time>
      </trkpt>
      <trkpt lat="44.848690" lon="14.978582">
        <ele>1163.389032</ele>
        <time>2026-01-20T00:17:11.274Z</time>
      </trkpt>
      <trkpt lat="44.849450" lon="14.977577">
        <ele>1167.552859</ele>
        <time>2026-01-20T00:17:46.614Z</time>
      </trkpt>
      <trkpt lat="44.849560" lon="14.977336">
        <ele>1168.354542</ele>
        <time>2026-01-20T00:17:54.218Z</time>
      </trkpt>
      <trkpt lat="44.849749" lon="14.976565">
        <ele>1170.636265</ele>
        <time>2026-01-20T00:18:16.965Z</time>
      </trkpt>
      <trkpt lat="44.849914" lon="14.976071">
        <ele>1172.312868</ele>
        <time>2026-01-20T00:18:33.857Z</time>
      </trkpt>
      <trkpt lat="44.849987" lon="14.975598">
        <ele>1174.771066</ele>
        <time>2026-01-20T00:18:49.983Z</time>
      </trkpt>
      <trkpt lat="44.849927" lon="14.975169">
        <ele>1176.991558</ele>
        <time>2026-01-20T00:19:06.163Z</time>
      </trkpt>
      <trkpt lat="44.849636" lon="14.974179">
        <ele>1182.433866</ele>
        <time>2026-01-20T00:19:50.449Z</time>
      </trkpt>
      <trkpt lat="44.849475" lon="14.974011">
        <ele>1183.868340</ele>
        <time>2026-01-20T00:20:02.381Z</time>
      </trkpt>
      <trkpt lat="44.849092" lon="14.973810">
        <ele>1186.776601</ele>
        <time>2026-01-20T00:20:29.225Z</time>
      </trkpt>
      <trkpt lat="44.848630" lon="14.973466">
        <ele>1190.482131</ele>
        <time>2026-01-20T00:21:02.543Z</time>
      </trkpt>
      <trkpt lat="44.848341" lon="14.973197">
        <ele>1192.938118</ele>
        <time>2026-01-20T00:21:22.340Z</time>
      </trkpt>
      <trkpt lat="44.848197" lon="14.972856">
        <ele>1194.934066</ele>
        <time>2026-01-20T00:21:36.153Z</time>
      </trkpt>
      <trkpt lat="44.848038" lon="14.971456">
        <ele>1199.817574</ele>
        <time>2026-01-20T00:22:17.726Z</time>
      </trkpt>
      <trkpt lat="44.846758" lon="14.970085">
        <ele>1205.211307</ele>
        <time>2026-01-20T00:23:11.483Z</time>
      </trkpt>
      <trkpt lat="44.846139" lon="14.969976">
        <ele>1207.052224</ele>
        <time>2026-01-20T00:23:30.929Z</time>
      </trkpt>
      <trkpt lat="44.845470" lon="14.969424">
        <ele>1209.486277</ele>
        <time>2026-01-20T00:23:56.706Z</time>
      </trkpt>
      <trkpt lat="44.844408" lon="14.969307">
        <ele>1217.077673</ele>
        <time>2026-01-20T00:24:44.813Z</time>
      </trkpt>
      <trkpt lat="44.843948" lon="14.969566">
        <ele>1220.607434</ele>
        <time>2026-01-20T00:25:19.849Z</time>
      </trkpt>
      <trkpt lat="44.843672" lon="14.969499">
        <ele>1222.817294</ele>
        <time>2026-01-20T00:25:41.373Z</time>
      </trkpt>
      <trkpt lat="44.843162" lon="14.969240">
        <ele>1228.185056</ele>
        <time>2026-01-20T00:26:23.933Z</time>
      </trkpt>
      <trkpt lat="44.842719" lon="14.968663">
        <ele>1234.156470</ele>
        <time>2026-01-20T00:27:11.931Z</time>
      </trkpt>
      <trkpt lat="44.842626" lon="14.968457">
        <ele>1235.871181</ele>
        <time>2026-01-20T00:27:24.054Z</time>
      </trkpt>
      <trkpt lat="44.842567" lon="14.967937">
        <ele>1239.568766</ele>
        <time>2026-01-20T00:27:45.511Z</time>
      </trkpt>
      <trkpt lat="44.842542" lon="14.967779">
        <ele>1239.944900</ele>
        <time>2026-01-20T00:27:50.846Z</time>
      </trkpt>
      <trkpt lat="44.842457" lon="14.967694">
        <ele>1240.042869</ele>
        <time>2026-01-20T00:27:55.444Z</time>
      </trkpt>
      <trkpt lat="44.842352" lon="14.967698">
        <ele>1240.141628</ele>
        <time>2026-01-20T00:27:59.464Z</time>
      </trkpt>
      <trkpt lat="44.842276" lon="14.967770">
        <ele>1240.227708</ele>
        <time>2026-01-20T00:28:02.566Z</time>
      </trkpt>
      <trkpt lat="44.842249" lon="14.967915">
        <ele>1240.327652</ele>
        <time>2026-01-20T00:28:05.953Z</time>
      </trkpt>
      <trkpt lat="44.842300" lon="14.968053">
        <ele>1240.431397</ele>
        <time>2026-01-20T00:28:08.819Z</time>
      </trkpt>
      <trkpt lat="44.842822" lon="14.969098">
        <ele>1241.283573</ele>
        <time>2026-01-20T00:28:23.554Z</time>
      </trkpt>
      <trkpt lat="44.843310" lon="14.969615">
        <ele>1242.547126</ele>
        <time>2026-01-20T00:28:32.929Z</time>
      </trkpt>
      <trkpt lat="44.843537" lon="14.969928">
        <ele>1243.529068</ele>
        <time>2026-01-20T00:28:41.832Z</time>
      </trkpt>
      <trkpt lat="44.843717" lon="14.970232">
        <ele>1244.397679</ele>
        <time>2026-01-20T00:28:53.177Z</time>
      </trkpt>
      <trkpt lat="44.843761" lon="14.970327">
        <ele>1244.646538</ele>
        <time>2026-01-20T00:28:56.876Z</time>
      </trkpt>
      <trkpt lat="44.843959" lon="14.970756">
        <ele>1245.769156</ele>
        <time>2026-01-20T00:29:11.839Z</time>
      </trkpt>
      <trkpt lat="44.843986" lon="14.970955">
        <ele>1246.213503</ele>
        <time>2026-01-20T00:29:18.114Z</time>
      </trkpt>
      <trkpt lat="44.843959" lon="14.971122">
        <ele>1246.589154</ele>
        <time>2026-01-20T00:29:23.662Z</time>
      </trkpt>
      <trkpt lat="44.843860" lon="14.971208">
        <ele>1246.948796</ele>
        <time>2026-01-20T00:29:29.373Z</time>
      </trkpt>
      <trkpt lat="44.843755" lon="14.971239">
        <ele>1247.525100</ele>
        <time>2026-01-20T00:29:35.080Z</time>
      </trkpt>
      <trkpt lat="44.843666" lon="14.971213">
        <ele>1248.233198</ele>
        <time>2026-01-20T00:29:39.722Z</time>
      </trkpt>
      <trkpt lat="44.843597" lon="14.971143">
        <ele>1248.895387</ele>
        <time>2026-01-20T00:29:44.297Z</time>
      </trkpt>
      <trkpt lat="44.843536" lon="14.971007">
        <ele>1249.784340</ele>
        <time>2026-01-20T00:29:50.650Z</time>
      </trkpt>
      <trkpt lat="44.843533" lon="14.970690">
        <ele>1251.535586</ele>
        <time>2026-01-20T00:30:02.816Z</time>
      </trkpt>
      <trkpt lat="44.843489" lon="14.970472">
        <ele>1252.787647</ele>
        <time>2026-01-20T00:30:11.933Z</time>
      </trkpt>
      <trkpt lat="44.843349" lon="14.970188">
        <ele>1254.698352</ele>
        <time>2026-01-20T00:30:26.397Z</time>
      </trkpt>
      <trkpt lat="44.843070" lon="14.969855">
        <ele>1257.545873</ele>
        <time>2026-01-20T00:30:47.300Z</time>
      </trkpt>
      <trkpt lat="44.842342" lon="14.969224">
        <ele>1264.180833</ele>
        <time>2026-01-20T00:31:45.421Z</time>
      </trkpt>
      <trkpt lat="44.842156" lon="14.968858">
        <ele>1266.650319</ele>
        <time>2026-01-20T00:32:06.821Z</time>
      </trkpt>
      <trkpt lat="44.841271" lon="14.967437">
        <ele>1275.954258</ele>
        <time>2026-01-20T00:33:17.100Z</time>
      </trkpt>
      <trkpt lat="44.841057" lon="14.967181">
        <ele>1276.952774</ele>
        <time>2026-01-20T00:33:32.156Z</time>
      </trkpt>
      <trkpt lat="44.840748" lon="14.966928">
        <ele>1278.224153</ele>
        <time>2026-01-20T00:33:47.519Z</time>
      </trkpt>
      <trkpt lat="44.840198" lon="14.966704">
        <ele>1280.261188</ele>
        <time>2026-01-20T00:34:06.000Z</time>
      </trkpt>
      <trkpt lat="44.840091" lon="14.966573">
        <ele>1280.765379</ele>
        <time>2026-01-20T00:34:09.385Z</time>
      </trkpt>
      <trkpt lat="44.840017" lon="14.966482">
        <ele>1281.114738</ele>
        <time>2026-01-20T00:34:11.259Z</time>
      </trkpt>
      <trkpt lat="44.839975" lon="14.966378">
        <ele>1281.416716</ele>
        <time>2026-01-20T00:34:12.909Z</time>
      </trkpt>
      <trkpt lat="44.839964" lon="14.966272">
        <ele>1281.410502</ele>
        <time>2026-01-20T00:34:14.178Z</time>
      </trkpt>
      <trkpt lat="44.840022" lon="14.965690">
        <ele>1281.205590</ele>
        <time>2026-01-20T00:34:20.890Z</time>
      </trkpt>
      <trkpt lat="44.840017" lon="14.965263">
        <ele>1281.056694</ele>
        <time>2026-01-20T00:34:25.592Z</time>
      </trkpt>
      <trkpt lat="44.839986" lon="14.965134">
        <ele>1281.009204</ele>
        <time>2026-01-20T00:34:27.104Z</time>
      </trkpt>
      <trkpt lat="44.839942" lon="14.965059">
        <ele>1280.975266</ele>
        <time>2026-01-20T00:34:28.121Z</time>
      </trkpt>
      <trkpt lat="44.839835" lon="14.965010">
        <ele>1280.919949</ele>
        <time>2026-01-20T00:34:29.861Z</time>
      </trkpt>
      <trkpt lat="44.839774" lon="14.965020">
        <ele>1280.889753</ele>
        <time>2026-01-20T00:34:30.827Z</time>
      </trkpt>
      <trkpt lat="44.839732" lon="14.965079">
        <ele>1280.860605</ele>
        <time>2026-01-20T00:34:31.804Z</time>
      </trkpt>
      <trkpt lat="44.839701" lon="14.965331">
        <ele>1280.771431</ele>
        <time>2026-01-20T00:34:34.919Z</time>
      </trkpt>
      <trkpt lat="44.839712" lon="14.965852">
        <ele>1280.589700</ele>
        <time>2026-01-20T00:34:44.353Z</time>
      </trkpt>
      <trkpt lat="44.839710" lon="14.965981">
        <ele>1280.713798</ele>
        <time>2026-01-20T00:34:47.127Z</time>
      </trkpt>
      <trkpt lat="44.839704" lon="14.966030">
        <ele>1280.892368</ele>
        <time>2026-01-20T00:34:48.200Z</time>
      </trkpt>
      <trkpt lat="44.839635" lon="14.966156">
        <ele>1281.464082</ele>
        <time>2026-01-20T00:34:51.138Z</time>
      </trkpt>
      <trkpt lat="44.839392" lon="14.966456">
        <ele>1283.099692</ele>
        <time>2026-01-20T00:35:05.883Z</time>
      </trkpt>
      <trkpt lat="44.838752" lon="14.966959">
        <ele>1286.810323</ele>
        <time>2026-01-20T00:35:48.790Z</time>
      </trkpt>
      <trkpt lat="44.838500" lon="14.967249">
        <ele>1288.457573</ele>
        <time>2026-01-20T00:36:09.947Z</time>
      </trkpt>
      <trkpt lat="44.837656" lon="14.968418">
        <ele>1297.050062</ele>
        <time>2026-01-20T00:37:42.285Z</time>
      </trkpt>
      <trkpt lat="44.837451" lon="14.968597">
        <ele>1298.935712</ele>
        <time>2026-01-20T00:38:00.297Z</time>
      </trkpt>
      <trkpt lat="44.837173" lon="14.968757">
        <ele>1301.283918</ele>
        <time>2026-01-20T00:38:21.087Z</time>
      </trkpt>
      <trkpt lat="44.836241" lon="14.968959">
        <ele>1307.636657</ele>
        <time>2026-01-20T00:39:15.873Z</time>
      </trkpt>
      <trkpt lat="44.835652" lon="14.969086">
        <ele>1311.329507</ele>
        <time>2026-01-20T00:39:50.315Z</time>
      </trkpt>
      <trkpt lat="44.835373" lon="14.969069">
        <ele>1313.060269</ele>
        <time>2026-01-20T00:40:08.149Z</time>
      </trkpt>
      <trkpt lat="44.834820" lon="14.968940">
        <ele>1317.418516</ele>
        <time>2026-01-20T00:40:47.966Z</time>
      </trkpt>
      <trkpt lat="44.834552" lon="14.969015">
        <ele>1320.018657</ele>
        <time>2026-01-20T00:41:10.177Z</time>
      </trkpt>
      <trkpt lat="44.834280" lon="14.969051">
        <ele>1322.618503</ele>
        <time>2026-01-20T00:41:34.153Z</time>
      </trkpt>
      <trkpt lat="44.834032" lon="14.968956">
        <ele>1325.064107</ele>
        <time>2026-01-20T00:41:58.181Z</time>
      </trkpt>
      <trkpt lat="44.833148" lon="14.968105">
        <ele>1332.786033</ele>
        <time>2026-01-20T00:43:25.502Z</time>
      </trkpt>
      <trkpt lat="44.833075" lon="14.968118">
        <ele>1332.955494</ele>
        <time>2026-01-20T00:43:29.611Z</time>
      </trkpt>
      <trkpt lat="44.833019" lon="14.968169">
        <ele>1333.109027</ele>
        <time>2026-01-20T00:43:33.127Z</time>
      </trkpt>
      <trkpt lat="44.832988" lon="14.968251">
        <ele>1333.260797</ele>
        <time>2026-01-20T00:43:36.269Z</time>
      </trkpt>
      <trkpt lat="44.832979" lon="14.968340">
        <ele>1333.407629</ele>
        <time>2026-01-20T00:43:39.029Z</time>
      </trkpt>
      <trkpt lat="44.833040" lon="14.968465">
        <ele>1333.655455</ele>
        <time>2026-01-20T00:43:43.145Z</time>
      </trkpt>
      <trkpt lat="44.833177" lon="14.968534">
        <ele>1333.990500</ele>
        <time>2026-01-20T00:43:48.078Z</time>
      </trkpt>
      <trkpt lat="44.833329" lon="14.968557">
        <ele>1334.342580</ele>
        <time>2026-01-20T00:43:52.730Z</time>
      </trkpt>
      <trkpt lat="44.833544" lon="14.968718">
        <ele>1334.903235</ele>
        <time>2026-01-20T00:43:59.459Z</time>
      </trkpt>
      <trkpt lat="44.833990" lon="14.969171">
        <ele>1336.221024</ele>
        <time>2026-01-20T00:44:14.004Z</time>
      </trkpt>
      <trkpt lat="44.834026" lon="14.969191">
        <ele>1336.479036</ele>
        <time>2026-01-20T00:44:15.133Z</time>
      </trkpt>
      <trkpt lat="44.834317" lon="14.969350">
        <ele>1338.560045</ele>
        <time>2026-01-20T00:44:26.228Z</time>
      </trkpt>
      <trkpt lat="44.834450" lon="14.969460">
        <ele>1339.588196</ele>
        <time>2026-01-20T00:44:33.304Z</time>
      </trkpt>
      <trkpt lat="44.834552" lon="14.969601">
        <ele>1340.540646</ele>
        <time>2026-01-20T00:44:40.924Z</time>
      </trkpt>
      <trkpt lat="44.834563" lon="14.969784">
        <ele>1341.409101</ele>
        <time>2026-01-20T00:44:48.999Z</time>
      </trkpt>
      <trkpt lat="44.834533" lon="14.969957">
        <ele>1342.251270</ele>
        <time>2026-01-20T00:44:58.029Z</time>
      </trkpt>
      <trkpt lat="44.834420" lon="14.970134">
        <ele>1343.377459</ele>
        <time>2026-01-20T00:45:11.320Z</time>
      </trkpt>
      <trkpt lat="44.833566" lon="14.970418">
        <ele>1349.566969</ele>
        <time>2026-01-20T00:46:33.083Z</time>
      </trkpt>
      <trkpt lat="44.833318" lon="14.970603">
        <ele>1352.017587</ele>
        <time>2026-01-20T00:46:56.690Z</time>
      </trkpt>
      <trkpt lat="44.833132" lon="14.970924">
        <ele>1354.585275</ele>
        <time>2026-01-20T00:47:18.610Z</time>
      </trkpt>
      <trkpt lat="44.833073" lon="14.971024">
        <ele>1355.391047</ele>
        <time>2026-01-20T00:47:25.057Z</time>
      </trkpt>
      <trkpt lat="44.833016" lon="14.971316">
        <ele>1357.267049</ele>
        <time>2026-01-20T00:47:39.668Z</time>
      </trkpt>
      <trkpt lat="44.832988" lon="14.971641">
        <ele>1359.294994</ele>
        <time>2026-01-20T00:47:55.037Z</time>
      </trkpt>
      <trkpt lat="44.832927" lon="14.971856">
        <ele>1360.729395</ele>
        <time>2026-01-20T00:48:06.255Z</time>
      </trkpt>
      <trkpt lat="44.832731" lon="14.972178">
        <ele>1363.357929</ele>
        <time>2026-01-20T00:48:27.846Z</time>
      </trkpt>
      <trkpt lat="44.832487" lon="14.972497">
        <ele>1365.636037</ele>
        <time>2026-01-20T00:48:52.408Z</time>
      </trkpt>
      <trkpt lat="44.832379" lon="14.972554">
        <ele>1366.381635</ele>
        <time>2026-01-20T00:49:00.558Z</time>
      </trkpt>
      <trkpt lat="44.832002" lon="14.972475">
        <ele>1368.845951</ele>
        <time>2026-01-20T00:49:27.004Z</time>
      </trkpt>
      <trkpt lat="44.831848" lon="14.972487">
        <ele>1369.843179</ele>
        <time>2026-01-20T00:49:37.550Z</time>
      </trkpt>
      <trkpt lat="44.831603" lon="14.972613">
        <ele>1371.529332</ele>
        <time>2026-01-20T00:49:55.055Z</time>
      </trkpt>
      <trkpt lat="44.831457" lon="14.972907">
        <ele>1373.175066</ele>
        <time>2026-01-20T00:50:11.269Z</time>
      </trkpt>
      <trkpt lat="44.831403" lon="14.973206">
        <ele>1374.589838</ele>
        <time>2026-01-20T00:50:24.325Z</time>
      </trkpt>
      <trkpt lat="44.831407" lon="14.973380">
        <ele>1375.388105</ele>
        <time>2026-01-20T00:50:31.087Z</time>
      </trkpt>
      <trkpt lat="44.831884" lon="14.974479">
        <ele>1378.536518</ele>
        <time>2026-01-20T00:51:09.972Z</time>
      </trkpt>
      <trkpt lat="44.832393" lon="14.974890">
        <ele>1380.530951</ele>
        <time>2026-01-20T00:51:38.054Z</time>
      </trkpt>
      <trkpt lat="44.832483" lon="14.975008">
        <ele>1380.948824</ele>
        <time>2026-01-20T00:51:44.470Z</time>
      </trkpt>
      <trkpt lat="44.832714" lon="14.975438">
        <ele>1382.163717</ele>
        <time>2026-01-20T00:52:05.062Z</time>
      </trkpt>
      <trkpt lat="44.832879" lon="14.975521">
        <ele>1382.681668</ele>
        <time>2026-01-20T00:52:15.001Z</time>
      </trkpt>
      <trkpt lat="44.833037" lon="14.975544">
        <ele>1383.151294</ele>
        <time>2026-01-20T00:52:23.912Z</time>
      </trkpt>
      <trkpt lat="44.833143" lon="14.975596">
        <ele>1383.483117</ele>
        <time>2026-01-20T00:52:30.007Z</time>
      </trkpt>
      <trkpt lat="44.833180" lon="14.975765">
        <ele>1383.853964</ele>
        <time>2026-01-20T00:52:36.468Z</time>
      </trkpt>
      <trkpt lat="44.833123" lon="14.975913">
        <ele>1384.207086</ele>
        <time>2026-01-20T00:52:42.417Z</time>
      </trkpt>
      <trkpt lat="44.833074" lon="14.975961">
        <ele>1384.383487</ele>
        <time>2026-01-20T00:52:45.305Z</time>
      </trkpt>
      <trkpt lat="44.833017" lon="14.975962">
        <ele>1384.552026</ele>
        <time>2026-01-20T00:52:48.009Z</time>
      </trkpt>
      <trkpt lat="44.832718" lon="14.975677">
        <ele>1385.619070</ele>
        <time>2026-01-20T00:53:04.791Z</time>
      </trkpt>
      <trkpt lat="44.832565" lon="14.975491">
        <ele>1386.216334</ele>
        <time>2026-01-20T00:53:13.290Z</time>
      </trkpt>
      <trkpt lat="44.832471" lon="14.975322">
        <ele>1386.666670</ele>
        <time>2026-01-20T00:53:18.901Z</time>
      </trkpt>
      <trkpt lat="44.832357" lon="14.975204">
        <ele>1386.936387</ele>
        <time>2026-01-20T00:53:23.593Z</time>
      </trkpt>
      <trkpt lat="44.831761" lon="14.974863">
        <ele>1387.232218</ele>
        <time>2026-01-20T00:53:43.291Z</time>
      </trkpt>
      <trkpt lat="44.831606" lon="14.974703">
        <ele>1387.320571</ele>
        <time>2026-01-20T00:53:48.980Z</time>
      </trkpt>
      <trkpt lat="44.831388" lon="14.974354">
        <ele>1387.472270</ele>
        <time>2026-01-20T00:53:58.961Z</time>
      </trkpt>
      <trkpt lat="44.831254" lon="14.974246">
        <ele>1387.543259</ele>
        <time>2026-01-20T00:54:03.961Z</time>
      </trkpt>
      <trkpt lat="44.831028" lon="14.974214">
        <ele>1387.647729</ele>
        <time>2026-01-20T00:54:11.944Z</time>
      </trkpt>
      <trkpt lat="44.830943" lon="14.974243">
        <ele>1387.687952</ele>
        <time>2026-01-20T00:54:15.218Z</time>
      </trkpt>
      <trkpt lat="44.830894" lon="14.974345">
        <ele>1387.728138</ele>
        <time>2026-01-20T00:54:18.602Z</time>
      </trkpt>
      <trkpt lat="44.830891" lon="14.974467">
        <ele>1388.092518</ele>
        <time>2026-01-20T00:54:22.098Z</time>
      </trkpt>
      <trkpt lat="44.830973" lon="14.975140">
        <ele>1390.600401</ele>
        <time>2026-01-20T00:54:44.564Z</time>
      </trkpt>
      <trkpt lat="44.830833" lon="14.975763">
        <ele>1393.000560</ele>
        <time>2026-01-20T00:55:11.621Z</time>
      </trkpt>
      <trkpt lat="44.830828" lon="14.975978">
        <ele>1393.790598</ele>
        <time>2026-01-20T00:55:21.482Z</time>
      </trkpt>
      <trkpt lat="44.830914" lon="14.976331">
        <ele>1395.161396</ele>
        <time>2026-01-20T00:55:39.379Z</time>
      </trkpt>
      <trkpt lat="44.831304" lon="14.977114">
        <ele>1399.426808</ele>
        <time>2026-01-20T00:56:27.794Z</time>
      </trkpt>
      <trkpt lat="44.831443" lon="14.977537">
        <ele>1401.930847</ele>
        <time>2026-01-20T00:56:51.905Z</time>
      </trkpt>
      <trkpt lat="44.831489" lon="14.977929">
        <ele>1404.064960</ele>
        <time>2026-01-20T00:57:12.384Z</time>
      </trkpt>
      <trkpt lat="44.831484" lon="14.978245">
        <ele>1405.762659</ele>
        <time>2026-01-20T00:57:28.415Z</time>
      </trkpt>
      <trkpt lat="44.831416" lon="14.978479">
        <ele>1407.120929</ele>
        <time>2026-01-20T00:57:41.059Z</time>
      </trkpt>
      <trkpt lat="44.831217" lon="14.978698">
        <ele>1409.032780</ele>
        <time>2026-01-20T00:57:58.490Z</time>
      </trkpt>
      <trkpt lat="44.829985" lon="14.979653">
        <ele>1416.925531</ele>
        <time>2026-01-20T00:59:27.321Z</time>
      </trkpt>
      <trkpt lat="44.829716" lon="14.979789">
        <ele>1418.427870</ele>
        <time>2026-01-20T00:59:42.677Z</time>
      </trkpt>
      <trkpt lat="44.829304" lon="14.979827">
        <ele>1420.294332</ele>
        <time>2026-01-20T01:00:02.406Z</time>
      </trkpt>
      <trkpt lat="44.828932" lon="14.979742">
        <ele>1420.992260</ele>
        <time>2026-01-20T01:00:17.957Z</time>
      </trkpt>
      <trkpt lat="44.827907" lon="14.979244">
        <ele>1423.000087</ele>
        <time>2026-01-20T01:00:58.217Z</time>
      </trkpt>
      <trkpt lat="44.827721" lon="14.979223">
        <ele>1423.345660</ele>
        <time>2026-01-20T01:01:05.699Z</time>
      </trkpt>
      <trkpt lat="44.827509" lon="14.979286">
        <ele>1424.188221</ele>
        <time>2026-01-20T01:01:14.779Z</time>
      </trkpt>
      <trkpt lat="44.827175" lon="14.979481">
        <ele>1425.887510</ele>
        <time>2026-01-20T01:01:31.291Z</time>
      </trkpt>
      <trkpt lat="44.827031" lon="14.979520">
        <ele>1426.576778</ele>
        <time>2026-01-20T01:01:38.526Z</time>
      </trkpt>
      <trkpt lat="44.826809" lon="14.979430">
        <ele>1427.662602</ele>
        <time>2026-01-20T01:01:50.793Z</time>
      </trkpt>
      <trkpt lat="44.826676" lon="14.979223">
        <ele>1428.593794</ele>
        <time>2026-01-20T01:02:02.414Z</time>
      </trkpt>
      <trkpt lat="44.826556" lon="14.978988">
        <ele>1429.559197</ele>
        <time>2026-01-20T01:02:15.576Z</time>
      </trkpt>
      <trkpt lat="44.826441" lon="14.978396">
        <ele>1431.605563</ele>
        <time>2026-01-20T01:02:44.892Z</time>
      </trkpt>
      <trkpt lat="44.826308" lon="14.978283">
        <ele>1432.309303</ele>
        <time>2026-01-20T01:02:55.463Z</time>
      </trkpt>
      <trkpt lat="44.826198" lon="14.978234">
        <ele>1432.817820</ele>
        <time>2026-01-20T01:03:03.425Z</time>
      </trkpt>
      <trkpt lat="44.826017" lon="14.978239">
        <ele>1433.615842</ele>
        <time>2026-01-20T01:03:15.673Z</time>
      </trkpt>
      <trkpt lat="44.825750" lon="14.978316">
        <ele>1434.817176</ele>
        <time>2026-01-20T01:03:33.510Z</time>
      </trkpt>
      <trkpt lat="44.825102" lon="14.978048">
        <ele>1437.793990</ele>
        <time>2026-01-20T01:04:12.429Z</time>
      </trkpt>
      <trkpt lat="44.823350" lon="14.977497">
        <ele>1440.195249</ele>
        <time>2026-01-20T01:05:11.214Z</time>
      </trkpt>
      <trkpt lat="44.822342" lon="14.977856">
        <ele>1440.618666</ele>
        <time>2026-01-20T01:05:43.611Z</time>
      </trkpt>
      <trkpt lat="44.821908" lon="14.978144">
        <ele>1440.870185</ele>
        <time>2026-01-20T01:06:01.079Z</time>
      </trkpt>
      <trkpt lat="44.821417" lon="14.978269">
        <ele>1441.131807</ele>
        <time>2026-01-20T01:06:19.778Z</time>
      </trkpt>
      <trkpt lat="44.821120" lon="14.978474">
        <ele>1441.312462</ele>
        <time>2026-01-20T01:06:31.620Z</time>
      </trkpt>
      <trkpt lat="44.820888" lon="14.978798">
        <ele>1441.512664</ele>
        <time>2026-01-20T01:06:42.796Z</time>
      </trkpt>
      <trkpt lat="44.820749" lon="14.979150">
        <ele>1441.687856</ele>
        <time>2026-01-20T01:06:52.307Z</time>
      </trkpt>
      <trkpt lat="44.820701" lon="14.979339">
        <ele>1441.775153</ele>
        <time>2026-01-20T01:06:56.916Z</time>
      </trkpt>
      <trkpt lat="44.820690" lon="14.979646">
        <ele>1441.908825</ele>
        <time>2026-01-20T01:07:03.840Z</time>
      </trkpt>
      <trkpt lat="44.820746" lon="14.979823">
        <ele>1441.993104</ele>
        <time>2026-01-20T01:07:08.215Z</time>
      </trkpt>
      <trkpt lat="44.820795" lon="14.979904">
        <ele>1442.039398</ele>
        <time>2026-01-20T01:07:10.617Z</time>
      </trkpt>
      <trkpt lat="44.820923" lon="14.979959">
        <ele>1442.121435</ele>
        <time>2026-01-20T01:07:14.932Z</time>
      </trkpt>
      <trkpt lat="44.821132" lon="14.979973">
        <ele>1442.249710</ele>
        <time>2026-01-20T01:07:21.981Z</time>
      </trkpt>
      <trkpt lat="44.821441" lon="14.979913">
        <ele>1442.846542</ele>
        <time>2026-01-20T01:07:33.426Z</time>
      </trkpt>
      <trkpt lat="44.821614" lon="14.979924">
        <ele>1443.519740</ele>
        <time>2026-01-20T01:07:40.506Z</time>
      </trkpt>
      <trkpt lat="44.821992" lon="14.980070">
        <ele>1445.043311</ele>
        <time>2026-01-20T01:07:59.019Z</time>
      </trkpt>
      <trkpt lat="44.822566" lon="14.980172">
        <ele>1447.292314</ele>
        <time>2026-01-20T01:08:30.518Z</time>
      </trkpt>
      <trkpt lat="44.822904" lon="14.980351">
        <ele>1448.695883</ele>
        <time>2026-01-20T01:08:51.891Z</time>
      </trkpt>
      <trkpt lat="44.823106" lon="14.980518">
        <ele>1449.741382</ele>
        <time>2026-01-20T01:09:06.227Z</time>
      </trkpt>
      <trkpt lat="44.823175" lon="14.980870">
        <ele>1451.294620</ele>
        <time>2026-01-20T01:09:22.222Z</time>
      </trkpt>
      <trkpt lat="44.823163" lon="14.981153">
        <ele>1452.500417</ele>
        <time>2026-01-20T01:09:34.775Z</time>
      </trkpt>
      <trkpt lat="44.823076" lon="14.981598">
        <ele>1454.463662</ele>
        <time>2026-01-20T01:09:55.415Z</time>
      </trkpt>
      <trkpt lat="44.823058" lon="14.982375">
        <ele>1457.770145</ele>
        <time>2026-01-20T01:10:29.776Z</time>
      </trkpt>
      <trkpt lat="44.822992" lon="14.982581">
        <ele>1458.731538</ele>
        <time>2026-01-20T01:10:39.834Z</time>
      </trkpt>
      <trkpt lat="44.822854" lon="14.982666">
        <ele>1459.634568</ele>
        <time>2026-01-20T01:10:49.333Z</time>
      </trkpt>
      <trkpt lat="44.822411" lon="14.982720">
        <ele>1461.964628</ele>
        <time>2026-01-20T01:11:16.992Z</time>
      </trkpt>
      <trkpt lat="44.822229" lon="14.982822">
        <ele>1462.956086</ele>
        <time>2026-01-20T01:11:28.683Z</time>
      </trkpt>
      <trkpt lat="44.821922" lon="14.983682">
        <ele>1466.413082</ele>
        <time>2026-01-20T01:12:06.867Z</time>
      </trkpt>
      <trkpt lat="44.821578" lon="14.984023">
        <ele>1468.541873</ele>
        <time>2026-01-20T01:12:28.588Z</time>
      </trkpt>
      <trkpt lat="44.821434" lon="14.984166">
        <ele>1469.494086</ele>
        <time>2026-01-20T01:12:37.859Z</time>
      </trkpt>
      <trkpt lat="44.821091" lon="14.984688">
        <ele>1472.881342</ele>
        <time>2026-01-20T01:13:06.389Z</time>
      </trkpt>
      <trkpt lat="44.820945" lon="14.985029">
        <ele>1474.777409</ele>
        <time>2026-01-20T01:13:23.667Z</time>
      </trkpt>
      <trkpt lat="44.820813" lon="14.985389">
        <ele>1476.706556</ele>
        <time>2026-01-20T01:13:42.583Z</time>
      </trkpt>
      <trkpt lat="44.820758" lon="14.985819">
        <ele>1478.786516</ele>
        <time>2026-01-20T01:14:04.447Z</time>
      </trkpt>
      <trkpt lat="44.820772" lon="14.986245">
        <ele>1480.816596</ele>
        <time>2026-01-20T01:14:27.337Z</time>
      </trkpt>
      <trkpt lat="44.820892" lon="14.986892">
        <ele>1484.195869</ele>
        <time>2026-01-20T01:15:05.713Z</time>
      </trkpt>
      <trkpt lat="44.820923" lon="14.987338">
        <ele>1486.484905</ele>
        <time>2026-01-20T01:15:31.325Z</time>
      </trkpt>
      <trkpt lat="44.820905" lon="14.987468">
        <ele>1487.161465</ele>
        <time>2026-01-20T01:15:38.161Z</time>
      </trkpt>
      <trkpt lat="44.820782" lon="14.987850">
        <ele>1489.304316</ele>
        <time>2026-01-20T01:15:57.427Z</time>
      </trkpt>
      <trkpt lat="44.820694" lon="14.987955">
        <ele>1490.134516</ele>
        <time>2026-01-20T01:16:03.982Z</time>
      </trkpt>
      <trkpt lat="44.820542" lon="14.988030">
        <ele>1491.294201</ele>
        <time>2026-01-20T01:16:12.798Z</time>
      </trkpt>
      <trkpt lat="44.820402" lon="14.988030">
        <ele>1492.302368</ele>
        <time>2026-01-20T01:16:20.374Z</time>
      </trkpt>
      <trkpt lat="44.820279" lon="14.987968">
        <ele>1493.243028</ele>
        <time>2026-01-20T01:16:27.598Z</time>
      </trkpt>
      <trkpt lat="44.819996" lon="14.987586">
        <ele>1496.286573</ele>
        <time>2026-01-20T01:16:50.524Z</time>
      </trkpt>
      <trkpt lat="44.819938" lon="14.987440">
        <ele>1497.247184</ele>
        <time>2026-01-20T01:16:57.648Z</time>
      </trkpt>
      <trkpt lat="44.819866" lon="14.987342">
        <ele>1498.057136</ele>
        <time>2026-01-20T01:17:03.882Z</time>
      </trkpt>
      <trkpt lat="44.819585" lon="14.987239">
        <ele>1500.406870</ele>
        <time>2026-01-20T01:17:22.488Z</time>
      </trkpt>
      <trkpt lat="44.818955" lon="14.987348">
        <ele>1505.543693</ele>
        <time>2026-01-20T01:18:07.441Z</time>
      </trkpt>
      <trkpt lat="44.818759" lon="14.987275">
        <ele>1507.184338</ele>
        <time>2026-01-20T01:18:25.525Z</time>
      </trkpt>
      <trkpt lat="44.818556" lon="14.987086">
        <ele>1509.229910</ele>
        <time>2026-01-20T01:18:49.124Z</time>
      </trkpt>
      <trkpt lat="44.817602" lon="14.986654">
        <ele>1519.249590</ele>
        <time>2026-01-20T01:20:25.324Z</time>
      </trkpt>
      <trkpt lat="44.817423" lon="14.986506">
        <ele>1521.324664</ele>
        <time>2026-01-20T01:20:42.178Z</time>
      </trkpt>
      <trkpt lat="44.817370" lon="14.986115">
        <ele>1524.148320</ele>
        <time>2026-01-20T01:21:02.872Z</time>
      </trkpt>
      <trkpt lat="44.817161" lon="14.985259">
        <ele>1527.040327</ele>
        <time>2026-01-20T01:21:40.276Z</time>
      </trkpt>
      <trkpt lat="44.817083" lon="14.984803">
        <ele>1527.241617</ele>
        <time>2026-01-20T01:21:54.287Z</time>
      </trkpt>
      <trkpt lat="44.816969" lon="14.984390">
        <ele>1527.431792</ele>
        <time>2026-01-20T01:22:04.215Z</time>
      </trkpt>
      <trkpt lat="44.816585" lon="14.983516">
        <ele>1527.872964</ele>
        <time>2026-01-20T01:22:24.145Z</time>
      </trkpt>
      <trkpt lat="44.816444" lon="14.983011">
        <ele>1526.403449</ele>
        <time>2026-01-20T01:22:33.775Z</time>
      </trkpt>
      <trkpt lat="44.816265" lon="14.982518">
        <ele>1524.664706</ele>
        <time>2026-01-20T01:22:43.149Z</time>
      </trkpt>
      <trkpt lat="44.815839" lon="14.981746">
        <ele>1521.594027</ele>
        <time>2026-01-20T01:22:59.114Z</time>
      </trkpt>
      <trkpt lat="44.815433" lon="14.981236">
        <ele>1520.223259</ele>
        <time>2026-01-20T01:23:12.964Z</time>
      </trkpt>
      <trkpt lat="44.815207" lon="14.980935">
        <ele>1520.739208</ele>
        <time>2026-01-20T01:23:22.568Z</time>
      </trkpt>
      <trkpt lat="44.815172" lon="14.980741">
        <ele>1520.974852</ele>
        <time>2026-01-20T01:23:27.842Z</time>
      </trkpt>
      <trkpt lat="44.815172" lon="14.980020">
        <ele>1521.823604</ele>
        <time>2026-01-20T01:23:49.375Z</time>
      </trkpt>
      <trkpt lat="44.815215" lon="14.979496">
        <ele>1522.444564</ele>
        <time>2026-01-20T01:24:08.504Z</time>
      </trkpt>
      <trkpt lat="44.815168" lon="14.979410">
        <ele>1522.572361</ele>
        <time>2026-01-20T01:24:13.085Z</time>
      </trkpt>
      <trkpt lat="44.815056" lon="14.979351">
        <ele>1522.770773</ele>
        <time>2026-01-20T01:24:20.721Z</time>
      </trkpt>
      <trkpt lat="44.814728" lon="14.979377">
        <ele>1523.387272</ele>
        <time>2026-01-20T01:24:41.387Z</time>
      </trkpt>
      <trkpt lat="44.814533" lon="14.979392">
        <ele>1523.770560</ele>
        <time>2026-01-20T01:24:52.513Z</time>
      </trkpt>
      <trkpt lat="44.814385" lon="14.979336">
        <ele>1524.071316</ele>
        <time>2026-01-20T01:25:00.517Z</time>
      </trkpt>
      <trkpt lat="44.814243" lon="14.979036">
        <ele>1524.573450</ele>
        <time>2026-01-20T01:25:12.340Z</time>
      </trkpt>
      <trkpt lat="44.814205" lon="14.978898">
        <ele>1524.779555</ele>
        <time>2026-01-20T01:25:16.515Z</time>
      </trkpt>
      <trkpt lat="44.814167" lon="14.978760">
        <ele>1524.985660</ele>
        <time>2026-01-20T01:25:20.122Z</time>
      </trkpt>
      <trkpt lat="44.814137" lon="14.978638">
        <ele>1525.165437</ele>
        <time>2026-01-20T01:25:23.290Z</time>
      </trkpt>
      <trkpt lat="44.814090" lon="14.978449">
        <ele>1525.444283</ele>
        <time>2026-01-20T01:25:27.753Z</time>
      </trkpt>
      <trkpt lat="44.814022" lon="14.978076">
        <ele>1525.980489</ele>
        <time>2026-01-20T01:25:37.080Z</time>
      </trkpt>
      <trkpt lat="44.813954" lon="14.977685">
        <ele>1526.280436</ele>
        <time>2026-01-20T01:25:46.346Z</time>
      </trkpt>
      <trkpt lat="44.813840" lon="14.977215">
        <ele>1524.861213</ele>
        <time>2026-01-20T01:25:55.989Z</time>
      </trkpt>
      <trkpt lat="44.813704" lon="14.976939">
        <ele>1523.901042</ele>
        <time>2026-01-20T01:26:01.833Z</time>
      </trkpt>
      <trkpt lat="44.813601" lon="14.976782">
        <ele>1523.290035</ele>
        <time>2026-01-20T01:26:05.473Z</time>
      </trkpt>
      <trkpt lat="44.813160" lon="14.976295">
        <ele>1521.033686</ele>
        <time>2026-01-20T01:26:18.690Z</time>
      </trkpt>
      <trkpt lat="44.813006" lon="14.976177">
        <ele>1520.327712</ele>
        <time>2026-01-20T01:26:22.858Z</time>
      </trkpt>
      <trkpt lat="44.812775" lon="14.976066">
        <ele>1519.344749</ele>
        <time>2026-01-20T01:26:28.706Z</time>
      </trkpt>
      <trkpt lat="44.812681" lon="14.976054">
        <ele>1519.101625</ele>
        <time>2026-01-20T01:26:31.005Z</time>
      </trkpt>
      <trkpt lat="44.812286" lon="14.976151">
        <ele>1518.383720</ele>
        <time>2026-01-20T01:26:40.472Z</time>
      </trkpt>
      <trkpt lat="44.811364" lon="14.976537">
        <ele>1516.661591</ele>
        <time>2026-01-20T01:27:07.803Z</time>
      </trkpt>
      <trkpt lat="44.811265" lon="14.976124">
        <ele>1516.107840</ele>
        <time>2026-01-20T01:27:15.721Z</time>
      </trkpt>
      <trkpt lat="44.810680" lon="14.975483">
        <ele>1519.059243</ele>
        <time>2026-01-20T01:27:36.994Z</time>
      </trkpt>
      <trkpt lat="44.810436" lon="14.975271">
        <ele>1520.361078</ele>
        <time>2026-01-20T01:27:49.563Z</time>
      </trkpt>
      <trkpt lat="44.810280" lon="14.975163">
        <ele>1521.150457</ele>
        <time>2026-01-20T01:27:56.429Z</time>
      </trkpt>
      <trkpt lat="44.810232" lon="14.975077">
        <ele>1521.503045</ele>
        <time>2026-01-20T01:27:59.790Z</time>
      </trkpt>
      <trkpt lat="44.810228" lon="14.974956">
        <ele>1521.893355</ele>
        <time>2026-01-20T01:28:03.811Z</time>
      </trkpt>
      <trkpt lat="44.810248" lon="14.974918">
        <ele>1522.045815</ele>
        <time>2026-01-20T01:28:05.408Z</time>
      </trkpt>
      <trkpt lat="44.810385" lon="14.974889">
        <ele>1522.675028</ele>
        <time>2026-01-20T01:28:12.462Z</time>
      </trkpt>
      <trkpt lat="44.810466" lon="14.974923">
        <ele>1523.058885</ele>
        <time>2026-01-20T01:28:17.008Z</time>
      </trkpt>
      <trkpt lat="44.810698" lon="14.975019">
        <ele>1524.157064</ele>
        <time>2026-01-20T01:28:30.757Z</time>
      </trkpt>
      <trkpt lat="44.810869" lon="14.975089">
        <ele>1526.382837</ele>
        <time>2026-01-20T01:28:41.905Z</time>
      </trkpt>
      <trkpt lat="44.811091" lon="14.975148">
        <ele>1529.213228</ele>
        <time>2026-01-20T01:28:56.991Z</time>
      </trkpt>
      <trkpt lat="44.811225" lon="14.975152">
        <ele>1530.892458</ele>
        <time>2026-01-20T01:29:07.686Z</time>
      </trkpt>
      <trkpt lat="44.811916" lon="14.975148">
        <ele>1539.549904</ele>
        <time>2026-01-20T01:30:09.286Z</time>
      </trkpt>
      <trkpt lat="44.812387" lon="14.975088">
        <ele>1545.474998</ele>
        <time>2026-01-20T01:30:55.882Z</time>
      </trkpt>
      <trkpt lat="44.812899" lon="14.974961">
        <ele>1551.179844</ele>
        <time>2026-01-20T01:31:44.372Z</time>
      </trkpt>
      <trkpt lat="44.813569" lon="14.974720">
        <ele>1558.520025</ele>
        <time>2026-01-20T01:32:35.818Z</time>
      </trkpt>
      <trkpt lat="44.813621" lon="14.974717">
        <ele>1559.072485</ele>
        <time>2026-01-20T01:32:39.091Z</time>
      </trkpt>
      <trkpt lat="44.814054" lon="14.974763">
        <ele>1563.681962</ele>
        <time>2026-01-20T01:33:05.614Z</time>
      </trkpt>
      <trkpt lat="44.814348" lon="14.974873">
        <ele>1565.943634</ele>
        <time>2026-01-20T01:33:24.568Z</time>
      </trkpt>
      <trkpt lat="44.814547" lon="14.974868">
        <ele>1566.236497</ele>
        <time>2026-01-20T01:33:34.576Z</time>
      </trkpt>
      <trkpt lat="44.814798" lon="14.974796">
        <ele>1566.613397</ele>
        <time>2026-01-20T01:33:43.136Z</time>
      </trkpt>
      <trkpt lat="44.814848" lon="14.974781">
        <ele>1566.688616</ele>
        <time>2026-01-20T01:33:44.110Z</time>
      </trkpt>
      <trkpt lat="44.814859" lon="14.974842">
        <ele>1566.754314</ele>
        <time>2026-01-20T01:33:45.143Z</time>
      </trkpt>
      <trkpt lat="44.814839" lon="14.974879">
        <ele>1566.802870</ele>
        <time>2026-01-20T01:33:45.761Z</time>
      </trkpt>
      <trkpt lat="44.814667" lon="14.975028">
        <ele>1567.099927</ele>
        <time>2026-01-20T01:33:50.481Z</time>
      </trkpt>
      <trkpt lat="44.814519" lon="14.975254">
        <ele>1567.420981</ele>
        <time>2026-01-20T01:33:55.782Z</time>
      </trkpt>
      <trkpt lat="44.814503" lon="14.975346">
        <ele>1567.519857</ele>
        <time>2026-01-20T01:33:57.095Z</time>
      </trkpt>
      <trkpt lat="44.814519" lon="14.975254">
        <ele>1567.618733</ele>
        <time>2026-01-20T01:33:58.367Z</time>
      </trkpt>
      <trkpt lat="44.814667" lon="14.975028">
        <ele>1567.939787</ele>
        <time>2026-01-20T01:34:02.038Z</time>
      </trkpt>
      <trkpt lat="44.814839" lon="14.974879">
        <ele>1568.236844</ele>
        <time>2026-01-20T01:34:05.519Z</time>
      </trkpt>
      <trkpt lat="44.814859" lon="14.974842">
        <ele>1568.285400</ele>
        <time>2026-01-20T01:34:06.154Z</time>
      </trkpt>
      <trkpt lat="44.814848" lon="14.974781">
        <ele>1568.351098</ele>
        <time>2026-01-20T01:34:06.920Z</time>
      </trkpt>
      <trkpt lat="44.814798" lon="14.974796">
        <ele>1568.426317</ele>
        <time>2026-01-20T01:34:07.925Z</time>
      </trkpt>
      <trkpt lat="44.814547" lon="14.974868">
        <ele>1566.425167</ele>
        <time>2026-01-20T01:34:11.679Z</time>
      </trkpt>
      <trkpt lat="44.814348" lon="14.974873">
        <ele>1564.828856</ele>
        <time>2026-01-20T01:34:14.242Z</time>
      </trkpt>
      <trkpt lat="44.814054" lon="14.974763">
        <ele>1562.389216</ele>
        <time>2026-01-20T01:34:17.957Z</time>
      </trkpt>
      <trkpt lat="44.813621" lon="14.974717">
        <ele>1558.906537</ele>
        <time>2026-01-20T01:34:23.285Z</time>
      </trkpt>
      <trkpt lat="44.813569" lon="14.974720">
        <ele>1558.489128</ele>
        <time>2026-01-20T01:34:23.917Z</time>
      </trkpt>
      <trkpt lat="44.812899" lon="14.974961">
        <ele>1552.220514</ele>
        <time>2026-01-20T01:34:32.088Z</time>
      </trkpt>
      <trkpt lat="44.812387" lon="14.975088">
        <ele>1545.222593</ele>
        <time>2026-01-20T01:34:38.019Z</time>
      </trkpt>
      <trkpt lat="44.811916" lon="14.975148">
        <ele>1538.856627</ele>
        <time>2026-01-20T01:34:43.370Z</time>
      </trkpt>
      <trkpt lat="44.811225" lon="14.975152">
        <ele>1529.660409</ele>
        <time>2026-01-20T01:34:51.291Z</time>
      </trkpt>
      <trkpt lat="44.811091" lon="14.975148">
        <ele>1528.641371</ele>
        <time>2026-01-20T01:34:52.853Z</time>
      </trkpt>
      <trkpt lat="44.810869" lon="14.975089">
        <ele>1526.923755</ele>
        <time>2026-01-20T01:34:55.578Z</time>
      </trkpt>
      <trkpt lat="44.810698" lon="14.975019">
        <ele>1525.569916</ele>
        <time>2026-01-20T01:34:57.751Z</time>
      </trkpt>
      <trkpt lat="44.810466" lon="14.974923">
        <ele>1523.731573</ele>
        <time>2026-01-20T01:35:00.767Z</time>
      </trkpt>
      <trkpt lat="44.810385" lon="14.974889">
        <ele>1523.088999</ele>
        <time>2026-01-20T01:35:01.833Z</time>
      </trkpt>
      <trkpt lat="44.810248" lon="14.974918">
        <ele>1522.035701</ele>
        <time>2026-01-20T01:35:03.604Z</time>
      </trkpt>
      <trkpt lat="44.810228" lon="14.974956">
        <ele>1521.780485</ele>
        <time>2026-01-20T01:35:04.049Z</time>
      </trkpt>
      <trkpt lat="44.810232" lon="14.975077">
        <ele>1521.127109</ele>
        <time>2026-01-20T01:35:05.183Z</time>
      </trkpt>
      <trkpt lat="44.810280" lon="14.975163">
        <ele>1520.536881</ele>
        <time>2026-01-20T01:35:06.227Z</time>
      </trkpt>
      <trkpt lat="44.810436" lon="14.975271">
        <ele>1519.215466</ele>
        <time>2026-01-20T01:35:08.621Z</time>
      </trkpt>
      <trkpt lat="44.810680" lon="14.975483">
        <ele>1517.036206</ele>
        <time>2026-01-20T01:35:12.437Z</time>
      </trkpt>
      <trkpt lat="44.811265" lon="14.976124">
        <ele>1512.078784</ele>
        <time>2026-01-20T01:35:22.196Z</time>
      </trkpt>
      <trkpt lat="44.811364" lon="14.976537">
        <ele>1510.064274</ele>
        <time>2026-01-20T01:35:26.115Z</time>
      </trkpt>
      <trkpt lat="44.811304" lon="14.976578">
        <ele>1509.629944</ele>
        <time>2026-01-20T01:35:27.631Z</time>
      </trkpt>
      <trkpt lat="44.811010" lon="14.976667">
        <ele>1507.671226</ele>
        <time>2026-01-20T01:35:34.477Z</time>
      </trkpt>
      <trkpt lat="44.810855" lon="14.976647">
        <ele>1506.657368</ele>
        <time>2026-01-20T01:35:37.989Z</time>
      </trkpt>
      <trkpt lat="44.810431" lon="14.976386">
        <ele>1503.823013</ele>
        <time>2026-01-20T01:35:48.297Z</time>
      </trkpt>
      <trkpt lat="44.810268" lon="14.976391">
        <ele>1503.010859</ele>
        <time>2026-01-20T01:35:51.947Z</time>
      </trkpt>
      <trkpt lat="44.809818" lon="14.976545">
        <ele>1500.704124</ele>
        <time>2026-01-20T01:36:02.655Z</time>
      </trkpt>
      <trkpt lat="44.809694" lon="14.976553">
        <ele>1500.085789</ele>
        <time>2026-01-20T01:36:05.547Z</time>
      </trkpt>
      <trkpt lat="44.809545" lon="14.976512">
        <ele>1499.329555</ele>
        <time>2026-01-20T01:36:09.156Z</time>
      </trkpt>
      <trkpt lat="44.809426" lon="14.976375">
        <ele>1498.564176</ele>
        <time>2026-01-20T01:36:12.849Z</time>
      </trkpt>
      <trkpt lat="44.809071" lon="14.975450">
        <ele>1495.549741</ele>
        <time>2026-01-20T01:36:32.163Z</time>
      </trkpt>
      <trkpt lat="44.808983" lon="14.975291">
        <ele>1495.672756</ele>
        <time>2026-01-20T01:36:36.536Z</time>
      </trkpt>
      <trkpt lat="44.808866" lon="14.975183">
        <ele>1495.793010</ele>
        <time>2026-01-20T01:36:41.171Z</time>
      </trkpt>
      <trkpt lat="44.808672" lon="14.975127">
        <ele>1495.963280</ele>
        <time>2026-01-20T01:36:48.633Z</time>
      </trkpt>
      <trkpt lat="44.808563" lon="14.975145">
        <ele>1496.057643</ele>
        <time>2026-01-20T01:36:52.728Z</time>
      </trkpt>
      <trkpt lat="44.808473" lon="14.975198">
        <ele>1496.141510</ele>
        <time>2026-01-20T01:36:56.690Z</time>
      </trkpt>
      <trkpt lat="44.808026" lon="14.975645">
        <ele>1496.612761</ele>
        <time>2026-01-20T01:37:19.362Z</time>
      </trkpt>
      <trkpt lat="44.807724" lon="14.975858">
        <ele>1496.903126</ele>
        <time>2026-01-20T01:37:33.725Z</time>
      </trkpt>
      <trkpt lat="44.807096" lon="14.975996">
        <ele>1498.086471</ele>
        <time>2026-01-20T01:38:01.518Z</time>
      </trkpt>
      <trkpt lat="44.806817" lon="14.975993">
        <ele>1498.660888</ele>
        <time>2026-01-20T01:38:13.320Z</time>
      </trkpt>
      <trkpt lat="44.806184" lon="14.975902">
        <ele>1499.970859</ele>
        <time>2026-01-20T01:38:40.391Z</time>
      </trkpt>
      <trkpt lat="44.806018" lon="14.975906">
        <ele>1500.312667</ele>
        <time>2026-01-20T01:38:47.406Z</time>
      </trkpt>
      <trkpt lat="44.805748" lon="14.976020">
        <ele>1500.810016</ele>
        <time>2026-01-20T01:38:59.393Z</time>
      </trkpt>
      <trkpt lat="44.805660" lon="14.976082">
        <ele>1500.927308</ele>
        <time>2026-01-20T01:39:03.538Z</time>
      </trkpt>
      <trkpt lat="44.805457" lon="14.976339">
        <ele>1501.252628</ele>
        <time>2026-01-20T01:39:13.775Z</time>
      </trkpt>
      <trkpt lat="44.805229" lon="14.976752">
        <ele>1501.695273</ele>
        <time>2026-01-20T01:39:24.921Z</time>
      </trkpt>
      <trkpt lat="44.804832" lon="14.977292">
        <ele>1502.353050</ele>
        <time>2026-01-20T01:39:42.219Z</time>
      </trkpt>
      <trkpt lat="44.804568" lon="14.977697">
        <ele>1502.818271</ele>
        <time>2026-01-20T01:39:56.805Z</time>
      </trkpt>
      <trkpt lat="44.804423" lon="14.977873">
        <ele>1503.789170</ele>
        <time>2026-01-20T01:40:05.863Z</time>
      </trkpt>
      <trkpt lat="44.803656" lon="14.978496">
        <ele>1508.647856</ele>
        <time>2026-01-20T01:41:02.801Z</time>
      </trkpt>
      <trkpt lat="44.803266" lon="14.978728">
        <ele>1510.971203</ele>
        <time>2026-01-20T01:41:36.275Z</time>
      </trkpt>
      <trkpt lat="44.802922" lon="14.979101">
        <ele>1512.244647</ele>
        <time>2026-01-20T01:42:02.920Z</time>
      </trkpt>
      <trkpt lat="44.802814" lon="14.979261">
        <ele>1511.617843</ele>
        <time>2026-01-20T01:42:09.873Z</time>
      </trkpt>
      <trkpt lat="44.802712" lon="14.979492">
        <ele>1510.845595</ele>
        <time>2026-01-20T01:42:16.542Z</time>
      </trkpt>
      <trkpt lat="44.802660" lon="14.979740">
        <ele>1510.111598</ele>
        <time>2026-01-20T01:42:21.598Z</time>
      </trkpt>
      <trkpt lat="44.802650" lon="14.979980">
        <ele>1509.429224</ele>
        <time>2026-01-20T01:42:25.836Z</time>
      </trkpt>
      <trkpt lat="44.802684" lon="14.980216">
        <ele>1508.745710</ele>
        <time>2026-01-20T01:42:29.823Z</time>
      </trkpt>
      <trkpt lat="44.802846" lon="14.980640">
        <ele>1507.378871</ele>
        <time>2026-01-20T01:42:37.327Z</time>
      </trkpt>
      <trkpt lat="44.803045" lon="14.980887">
        <ele>1506.318122</ele>
        <time>2026-01-20T01:42:42.946Z</time>
      </trkpt>
      <trkpt lat="44.803184" lon="14.981107">
        <ele>1505.470921</ele>
        <time>2026-01-20T01:42:47.357Z</time>
      </trkpt>
      <trkpt lat="44.803484" lon="14.982020">
        <ele>1501.710755</ele>
        <time>2026-01-20T01:43:03.187Z</time>
      </trkpt>
      <trkpt lat="44.803933" lon="14.983065">
        <ele>1497.145182</ele>
        <time>2026-01-20T01:43:25.772Z</time>
      </trkpt>
      <trkpt lat="44.803956" lon="14.983277">
        <ele>1496.343700</ele>
        <time>2026-01-20T01:43:30.060Z</time>
      </trkpt>
      <trkpt lat="44.803938" lon="14.983427">
        <ele>1495.731235</ele>
        <time>2026-01-20T01:43:33.136Z</time>
      </trkpt>
      <trkpt lat="44.803740" lon="14.984014">
        <ele>1492.904340</ele>
        <time>2026-01-20T01:43:45.485Z</time>
      </trkpt>
      <trkpt lat="44.803727" lon="14.984426">
        <ele>1491.110631</ele>
        <time>2026-01-20T01:43:52.696Z</time>
      </trkpt>
      <trkpt lat="44.803680" lon="14.984590">
        <ele>1490.341346</ele>
        <time>2026-01-20T01:43:55.627Z</time>
      </trkpt>
      <trkpt lat="44.803497" lon="14.984896">
        <ele>1488.600737</ele>
        <time>2026-01-20T01:44:02.038Z</time>
      </trkpt>
      <trkpt lat="44.802980" lon="14.985482">
        <ele>1484.201463</ele>
        <time>2026-01-20T01:44:16.434Z</time>
      </trkpt>
      <trkpt lat="44.802795" lon="14.985776">
        <ele>1481.318507</ele>
        <time>2026-01-20T01:44:22.362Z</time>
      </trkpt>
      <trkpt lat="44.802682" lon="14.985819">
        <ele>1480.108264</ele>
        <time>2026-01-20T01:44:24.844Z</time>
      </trkpt>
      <trkpt lat="44.802443" lon="14.985772">
        <ele>1477.613096</ele>
        <time>2026-01-20T01:44:29.950Z</time>
      </trkpt>
      <trkpt lat="44.802354" lon="14.985807">
        <ele>1476.657695</ele>
        <time>2026-01-20T01:44:31.897Z</time>
      </trkpt>
      <trkpt lat="44.802282" lon="14.985895">
        <ele>1475.672272</ele>
        <time>2026-01-20T01:44:33.921Z</time>
      </trkpt>
      <trkpt lat="44.802275" lon="14.986021">
        <ele>1474.745034</ele>
        <time>2026-01-20T01:44:35.820Z</time>
      </trkpt>
      <trkpt lat="44.802423" lon="14.986294">
        <ele>1472.224449</ele>
        <time>2026-01-20T01:44:40.953Z</time>
      </trkpt>
      <trkpt lat="44.802456" lon="14.986512">
        <ele>1470.589087</ele>
        <time>2026-01-20T01:44:44.308Z</time>
      </trkpt>
      <trkpt lat="44.802411" lon="14.986708">
        <ele>1469.077717</ele>
        <time>2026-01-20T01:44:47.421Z</time>
      </trkpt>
      <trkpt lat="44.802338" lon="14.986819">
        <ele>1467.967348</ele>
        <time>2026-01-20T01:44:49.717Z</time>
      </trkpt>
      <trkpt lat="44.801262" lon="14.987507">
        <ele>1458.011906</ele>
        <time>2026-01-20T01:45:15.490Z</time>
      </trkpt>
      <trkpt lat="44.801044" lon="14.987542">
        <ele>1456.224137</ele>
        <time>2026-01-20T01:45:20.436Z</time>
      </trkpt>
      <trkpt lat="44.800814" lon="14.987446">
        <ele>1454.269617</ele>
        <time>2026-01-20T01:45:25.908Z</time>
      </trkpt>
      <trkpt lat="44.800669" lon="14.987426">
        <ele>1453.082501</ele>
        <time>2026-01-20T01:45:29.290Z</time>
      </trkpt>
      <trkpt lat="44.800542" lon="14.987464">
        <ele>1452.024630</ele>
        <time>2026-01-20T01:45:32.303Z</time>
      </trkpt>
      <trkpt lat="44.800455" lon="14.987577">
        <ele>1451.159405</ele>
        <time>2026-01-20T01:45:35.068Z</time>
      </trkpt>
      <trkpt lat="44.800206" lon="14.988439">
        <ele>1446.533749</ele>
        <time>2026-01-20T01:45:50.527Z</time>
      </trkpt>
      <trkpt lat="44.800030" lon="14.988930">
        <ele>1443.799702</ele>
        <time>2026-01-20T01:45:59.447Z</time>
      </trkpt>
      <trkpt lat="44.799760" lon="14.989150">
        <ele>1441.615155</ele>
        <time>2026-01-20T01:46:06.439Z</time>
      </trkpt>
      <trkpt lat="44.798836" lon="14.989532">
        <ele>1435.787253</ele>
        <time>2026-01-20T01:46:27.753Z</time>
      </trkpt>
      <trkpt lat="44.798733" lon="14.989594">
        <ele>1435.170199</ele>
        <time>2026-01-20T01:46:30.301Z</time>
      </trkpt>
      <trkpt lat="44.798574" lon="14.989751">
        <ele>1434.100597</ele>
        <time>2026-01-20T01:46:34.787Z</time>
      </trkpt>
      <trkpt lat="44.798496" lon="14.989760">
        <ele>1433.669434</ele>
        <time>2026-01-20T01:46:36.623Z</time>
      </trkpt>
      <trkpt lat="44.798435" lon="14.989735">
        <ele>1433.319443</ele>
        <time>2026-01-20T01:46:38.140Z</time>
      </trkpt>
      <trkpt lat="44.798392" lon="14.989674">
        <ele>1432.983304</ele>
        <time>2026-01-20T01:46:39.626Z</time>
      </trkpt>
      <trkpt lat="44.798374" lon="14.989537">
        <ele>1432.438620</ele>
        <time>2026-01-20T01:46:42.046Z</time>
      </trkpt>
      <trkpt lat="44.798414" lon="14.989457">
        <ele>1432.056029</ele>
        <time>2026-01-20T01:46:43.790Z</time>
      </trkpt>
      <trkpt lat="44.798517" lon="14.989376">
        <ele>1431.406198</ele>
        <time>2026-01-20T01:46:46.776Z</time>
      </trkpt>
      <trkpt lat="44.799301" lon="14.989019">
        <ele>1427.724774</ele>
        <time>2026-01-20T01:47:09.338Z</time>
      </trkpt>
      <trkpt lat="44.799362" lon="14.988953">
        <ele>1427.453161</ele>
        <time>2026-01-20T01:47:11.487Z</time>
      </trkpt>
      <trkpt lat="44.799390" lon="14.988858">
        <ele>1427.195358</ele>
        <time>2026-01-20T01:47:13.554Z</time>
      </trkpt>
      <trkpt lat="44.799365" lon="14.988662">
        <ele>1426.696287</ele>
        <time>2026-01-20T01:47:17.468Z</time>
      </trkpt>
      <trkpt lat="44.799301" lon="14.988608">
        <ele>1426.432834</ele>
        <time>2026-01-20T01:47:19.514Z</time>
      </trkpt>
      <trkpt lat="44.799202" lon="14.988627">
        <ele>1426.079955</ele>
        <time>2026-01-20T01:47:22.173Z</time>
      </trkpt>
      <trkpt lat="44.798887" lon="14.988933">
        <ele>1424.728726</ele>
        <time>2026-01-20T01:47:31.805Z</time>
      </trkpt>
      <trkpt lat="44.798643" lon="14.988997">
        <ele>1423.852158</ele>
        <time>2026-01-20T01:47:37.764Z</time>
      </trkpt>
      <trkpt lat="44.798307" lon="14.988960">
        <ele>1422.621591</ele>
        <time>2026-01-20T01:47:45.625Z</time>
      </trkpt>
      <trkpt lat="44.797852" lon="14.988805">
        <ele>1420.693764</ele>
        <time>2026-01-20T01:47:56.629Z</time>
      </trkpt>
      <trkpt lat="44.797385" lon="14.988874">
        <ele>1418.759945</ele>
        <time>2026-01-20T01:48:07.967Z</time>
      </trkpt>
      <trkpt lat="44.796514" lon="14.988161">
        <ele>1414.902983</ele>
        <time>2026-01-20T01:48:34.220Z</time>
      </trkpt>
      <trkpt lat="44.796387" lon="14.988205">
        <ele>1414.541690</ele>
        <time>2026-01-20T01:48:38.090Z</time>
      </trkpt>
      <trkpt lat="44.796177" lon="14.988560">
        <ele>1413.635671</ele>
        <time>2026-01-20T01:48:47.939Z</time>
      </trkpt>
      <trkpt lat="44.795842" lon="14.988689">
        <ele>1412.676285</ele>
        <time>2026-01-20T01:48:57.522Z</time>
      </trkpt>
      <trkpt lat="44.795289" lon="14.988780">
        <ele>1411.138211</ele>
        <time>2026-01-20T01:49:11.678Z</time>
      </trkpt>
      <trkpt lat="44.795126" lon="14.988943">
        <ele>1410.586056</ele>
        <time>2026-01-20T01:49:16.617Z</time>
      </trkpt>
      <trkpt lat="44.795036" lon="14.989163">
        <ele>1409.679198</ele>
        <time>2026-01-20T01:49:21.046Z</time>
      </trkpt>
      <trkpt lat="44.794995" lon="14.989526">
        <ele>1408.288240</ele>
        <time>2026-01-20T01:49:27.483Z</time>
      </trkpt>
      <trkpt lat="44.794992" lon="14.989790">
        <ele>1407.289081</ele>
        <time>2026-01-20T01:49:32.043Z</time>
      </trkpt>
      <trkpt lat="44.794927" lon="14.990053">
        <ele>1406.235200</ele>
        <time>2026-01-20T01:49:36.790Z</time>
      </trkpt>
      <trkpt lat="44.794580" lon="14.990601">
        <ele>1403.455897</ele>
        <time>2026-01-20T01:49:48.950Z</time>
      </trkpt>
      <trkpt lat="44.794401" lon="14.991283">
        <ele>1400.684203</ele>
        <time>2026-01-20T01:50:01.022Z</time>
      </trkpt>
      <trkpt lat="44.794214" lon="14.991777">
        <ele>1398.383182</ele>
        <time>2026-01-20T01:50:10.283Z</time>
      </trkpt>
      <trkpt lat="44.793997" lon="14.992201">
        <ele>1396.234729</ele>
        <time>2026-01-20T01:50:18.865Z</time>
      </trkpt>
      <trkpt lat="44.793730" lon="14.992411">
        <ele>1394.463883</ele>
        <time>2026-01-20T01:50:25.872Z</time>
      </trkpt>
      <trkpt lat="44.792819" lon="14.992115">
        <ele>1390.311583</ele>
        <time>2026-01-20T01:50:47.973Z</time>
      </trkpt>
      <trkpt lat="44.792457" lon="14.992153">
        <ele>1390.013843</ele>
        <time>2026-01-20T01:50:57.746Z</time>
      </trkpt>
      <trkpt lat="44.792209" lon="14.992126">
        <ele>1389.809824</ele>
        <time>2026-01-20T01:51:05.101Z</time>
      </trkpt>
      <trkpt lat="44.791698" lon="14.992357">
        <ele>1389.369655</ele>
        <time>2026-01-20T01:51:25.183Z</time>
      </trkpt>
      <trkpt lat="44.791441" lon="14.992295">
        <ele>1389.155794</ele>
        <time>2026-01-20T01:51:36.252Z</time>
      </trkpt>
      <trkpt lat="44.791252" lon="14.992126">
        <ele>1388.838364</ele>
        <time>2026-01-20T01:51:46.084Z</time>
      </trkpt>
      <trkpt lat="44.791089" lon="14.992110">
        <ele>1388.456444</ele>
        <time>2026-01-20T01:51:53.520Z</time>
      </trkpt>
      <trkpt lat="44.790993" lon="14.992223">
        <ele>1388.164062</ele>
        <time>2026-01-20T01:51:58.996Z</time>
      </trkpt>
      <trkpt lat="44.790917" lon="14.992378">
        <ele>1387.851547</ele>
        <time>2026-01-20T01:52:04.604Z</time>
      </trkpt>
      <trkpt lat="44.790188" lon="14.993025">
        <ele>1385.837749</ele>
        <time>2026-01-20T01:52:28.516Z</time>
      </trkpt>
      <trkpt lat="44.790055" lon="14.993353">
        <ele>1385.211102</ele>
        <time>2026-01-20T01:52:34.664Z</time>
      </trkpt>
      <trkpt lat="44.789884" lon="14.993680">
        <ele>1383.595336</ele>
        <time>2026-01-20T01:52:41.010Z</time>
      </trkpt>
      <trkpt lat="44.789760" lon="14.993999">
        <ele>1381.116820</ele>
        <time>2026-01-20T01:52:46.590Z</time>
      </trkpt>
      <trkpt lat="44.789774" lon="14.994115">
        <ele>1380.314996</ele>
        <time>2026-01-20T01:52:48.383Z</time>
      </trkpt>
      <trkpt lat="44.790022" lon="14.994478">
        <ele>1376.881435</ele>
        <time>2026-01-20T01:52:56.024Z</time>
      </trkpt>
      <trkpt lat="44.790014" lon="14.994786">
        <ele>1374.781191</ele>
        <time>2026-01-20T01:53:00.658Z</time>
      </trkpt>
      <trkpt lat="44.789926" lon="14.995078">
        <ele>1372.619407</ele>
        <time>2026-01-20T01:53:05.441Z</time>
      </trkpt>
      <trkpt lat="44.789933" lon="14.995332">
        <ele>1370.887239</ele>
        <time>2026-01-20T01:53:09.300Z</time>
      </trkpt>
      <trkpt lat="44.789983" lon="14.995752">
        <ele>1367.985196</ele>
        <time>2026-01-20T01:53:15.823Z</time>
      </trkpt>
      <trkpt lat="44.789892" lon="14.996144">
        <ele>1364.691442</ele>
        <time>2026-01-20T01:53:22.140Z</time>
      </trkpt>
      <trkpt lat="44.789907" lon="14.996531">
        <ele>1361.517519</ele>
        <time>2026-01-20T01:53:28.047Z</time>
      </trkpt>
      <trkpt lat="44.789872" lon="14.996837">
        <ele>1358.979304</ele>
        <time>2026-01-20T01:53:32.738Z</time>
      </trkpt>
      <trkpt lat="44.789759" lon="14.997178">
        <ele>1355.897383</ele>
        <time>2026-01-20T01:53:38.354Z</time>
      </trkpt>
      <trkpt lat="44.789427" lon="14.997910">
        <ele>1348.783315</ele>
        <time>2026-01-20T01:53:51.050Z</time>
      </trkpt>
      <trkpt lat="44.789228" lon="14.998463">
        <ele>1344.049863</ele>
        <time>2026-01-20T01:54:00.095Z</time>
      </trkpt>
      <trkpt lat="44.789213" lon="14.999007">
        <ele>1340.084859</ele>
        <time>2026-01-20T01:54:08.145Z</time>
      </trkpt>
      <trkpt lat="44.789293" lon="14.999651">
        <ele>1335.323227</ele>
        <time>2026-01-20T01:54:18.089Z</time>
      </trkpt>
      <trkpt lat="44.789396" lon="14.999947">
        <ele>1332.922243</ele>
        <time>2026-01-20T01:54:23.206Z</time>
      </trkpt>
      <trkpt lat="44.789781" lon="15.000280">
        <ele>1328.308272</ele>
        <time>2026-01-20T01:54:33.273Z</time>
      </trkpt>
      <trkpt lat="44.789997" lon="15.000422">
        <ele>1326.617157</ele>
        <time>2026-01-20T01:54:38.645Z</time>
      </trkpt>
      <trkpt lat="44.790086" lon="15.000670">
        <ele>1325.217831</ele>
        <time>2026-01-20T01:54:43.107Z</time>
      </trkpt>
      <trkpt lat="44.790121" lon="15.000981">
        <ele>1323.632292</ele>
        <time>2026-01-20T01:54:48.207Z</time>
      </trkpt>
      <trkpt lat="44.790130" lon="15.001805">
        <ele>1319.482733</ele>
        <time>2026-01-20T01:55:01.579Z</time>
      </trkpt>
      <trkpt lat="44.790038" lon="15.002092">
        <ele>1317.897029</ele>
        <time>2026-01-20T01:55:06.737Z</time>
      </trkpt>
      <trkpt lat="44.789878" lon="15.002377">
        <ele>1316.067254</ele>
        <time>2026-01-20T01:55:12.647Z</time>
      </trkpt>
      <trkpt lat="44.789764" lon="15.002822">
        <ele>1313.589903</ele>
        <time>2026-01-20T01:55:20.293Z</time>
      </trkpt>
      <trkpt lat="44.789446" lon="15.003044">
        <ele>1310.946615</ele>
        <time>2026-01-20T01:55:28.366Z</time>
      </trkpt>
      <trkpt lat="44.789126" lon="15.003134">
        <ele>1308.516179</ele>
        <time>2026-01-20T01:55:35.749Z</time>
      </trkpt>
      <trkpt lat="44.788259" lon="15.003218">
        <ele>1302.073877</ele>
        <time>2026-01-20T01:55:55.127Z</time>
      </trkpt>
      <trkpt lat="44.788120" lon="15.003348">
        <ele>1301.074282</ele>
        <time>2026-01-20T01:55:58.830Z</time>
      </trkpt>
      <trkpt lat="44.787973" lon="15.003567">
        <ele>1299.792495</ele>
        <time>2026-01-20T01:56:03.596Z</time>
      </trkpt>
      <trkpt lat="44.787737" lon="15.004122">
        <ele>1297.041271</ele>
        <time>2026-01-20T01:56:14.054Z</time>
      </trkpt>
      <trkpt lat="44.787246" lon="15.004400">
        <ele>1293.870779</ele>
        <time>2026-01-20T01:56:26.476Z</time>
      </trkpt>
      <trkpt lat="44.787051" lon="15.004838">
        <ele>1291.672114</ele>
        <time>2026-01-20T01:56:35.453Z</time>
      </trkpt>
      <trkpt lat="44.786906" lon="15.005483">
        <ele>1291.694547</ele>
        <time>2026-01-20T01:56:48.087Z</time>
      </trkpt>
      <trkpt lat="44.786697" lon="15.006120">
        <ele>1292.003215</ele>
        <time>2026-01-20T01:57:03.294Z</time>
      </trkpt>
      <trkpt lat="44.786371" lon="15.006776">
        <ele>1292.355450</ele>
        <time>2026-01-20T01:57:28.232Z</time>
      </trkpt>
      <trkpt lat="44.785950" lon="15.007510">
        <ele>1294.232374</ele>
        <time>2026-01-20T01:58:06.208Z</time>
      </trkpt>
      <trkpt lat="44.785503" lon="15.008010">
        <ele>1296.804013</ele>
        <time>2026-01-20T01:58:39.585Z</time>
      </trkpt>
      <trkpt lat="44.785433" lon="15.008188">
        <ele>1297.454795</ele>
        <time>2026-01-20T01:58:47.721Z</time>
      </trkpt>
      <trkpt lat="44.785352" lon="15.008286">
        <ele>1297.935861</ele>
        <time>2026-01-20T01:58:53.636Z</time>
      </trkpt>
      <trkpt lat="44.785265" lon="15.008328">
        <ele>1298.350238</ele>
        <time>2026-01-20T01:58:58.663Z</time>
      </trkpt>
      <trkpt lat="44.785073" lon="15.008354">
        <ele>1299.219338</ele>
        <time>2026-01-20T01:59:09.020Z</time>
      </trkpt>
      <trkpt lat="44.784854" lon="15.008509">
        <ele>1300.323614</ele>
        <time>2026-01-20T01:59:21.603Z</time>
      </trkpt>
      <trkpt lat="44.784714" lon="15.008553">
        <ele>1300.768281</ele>
        <time>2026-01-20T01:59:28.667Z</time>
      </trkpt>
      <trkpt lat="44.784542" lon="15.008577">
        <ele>1301.068555</ele>
        <time>2026-01-20T01:59:36.946Z</time>
      </trkpt>
      <trkpt lat="44.784076" lon="15.008497">
        <ele>1301.884118</ele>
        <time>2026-01-20T01:59:58.956Z</time>
      </trkpt>
      <trkpt lat="44.783558" lon="15.008816">
        <ele>1302.866243</ele>
        <time>2026-01-20T02:00:23.922Z</time>
      </trkpt>
      <trkpt lat="44.782831" lon="15.009066">
        <ele>1302.729113</ele>
        <time>2026-01-20T02:00:46.754Z</time>
      </trkpt>
      <trkpt lat="44.782634" lon="15.009361">
        <ele>1301.433233</ele>
        <time>2026-01-20T02:00:54.294Z</time>
      </trkpt>
      <trkpt lat="44.782501" lon="15.009836">
        <ele>1299.799553</ele>
        <time>2026-01-20T02:01:03.307Z</time>
      </trkpt>
      <trkpt lat="44.782305" lon="15.010274">
        <ele>1298.142970</ele>
        <time>2026-01-20T02:01:11.976Z</time>
      </trkpt>
      <trkpt lat="44.781828" lon="15.011009">
        <ele>1294.569872</ele>
        <time>2026-01-20T02:01:27.963Z</time>
      </trkpt>
      <trkpt lat="44.781355" lon="15.012024">
        <ele>1288.546117</ele>
        <time>2026-01-20T02:01:47.431Z</time>
      </trkpt>
      <trkpt lat="44.780462" lon="15.013215">
        <ele>1280.972069</ele>
        <time>2026-01-20T02:02:15.554Z</time>
      </trkpt>
      <trkpt lat="44.780215" lon="15.013776">
        <ele>1278.762818</ele>
        <time>2026-01-20T02:02:26.944Z</time>
      </trkpt>
      <trkpt lat="44.779779" lon="15.014199">
        <ele>1276.266938</ele>
        <time>2026-01-20T02:02:40.174Z</time>
      </trkpt>
      <trkpt lat="44.779523" lon="15.014278">
        <ele>1275.031363</ele>
        <time>2026-01-20T02:02:46.897Z</time>
      </trkpt>
      <trkpt lat="44.779295" lon="15.014236">
        <ele>1274.397334</ele>
        <time>2026-01-20T02:02:52.832Z</time>
      </trkpt>
      <trkpt lat="44.778973" lon="15.014275">
        <ele>1273.912209</ele>
        <time>2026-01-20T02:03:01.326Z</time>
      </trkpt>
      <trkpt lat="44.778378" lon="15.014760">
        <ele>1272.880349</ele>
        <time>2026-01-20T02:03:19.914Z</time>
      </trkpt>
      <trkpt lat="44.777622" lon="15.014971">
        <ele>1272.170087</ele>
        <time>2026-01-20T02:03:44.182Z</time>
      </trkpt>
      <trkpt lat="44.777310" lon="15.015144">
        <ele>1272.887096</ele>
        <time>2026-01-20T02:03:58.193Z</time>
      </trkpt>
      <trkpt lat="44.776847" lon="15.015158">
        <ele>1273.877413</ele>
        <time>2026-01-20T02:04:19.670Z</time>
      </trkpt>
      <trkpt lat="44.776557" lon="15.015375">
        <ele>1274.579611</ele>
        <time>2026-01-20T02:04:35.412Z</time>
      </trkpt>
      <trkpt lat="44.776211" lon="15.015866">
        <ele>1275.629830</ele>
        <time>2026-01-20T02:04:58.587Z</time>
      </trkpt>
      <trkpt lat="44.775639" lon="15.016977">
        <ele>1276.329999</ele>
        <time>2026-01-20T02:05:35.413Z</time>
      </trkpt>
      <trkpt lat="44.775359" lon="15.017575">
        <ele>1276.649730</ele>
        <time>2026-01-20T02:05:51.773Z</time>
      </trkpt>
      <trkpt lat="44.774962" lon="15.018512">
        <ele>1276.277864</ele>
        <time>2026-01-20T02:06:15.222Z</time>
      </trkpt>
      <trkpt lat="44.774675" lon="15.019229">
        <ele>1275.392830</ele>
        <time>2026-01-20T02:06:31.055Z</time>
      </trkpt>
      <trkpt lat="44.774575" lon="15.019532">
        <ele>1275.033554</ele>
        <time>2026-01-20T02:06:37.391Z</time>
      </trkpt>
      <trkpt lat="44.774385" lon="15.020302">
        <ele>1274.161757</ele>
        <time>2026-01-20T02:06:53.485Z</time>
      </trkpt>
      <trkpt lat="44.774254" lon="15.020613">
        <ele>1274.298504</ele>
        <time>2026-01-20T02:07:00.852Z</time>
      </trkpt>
      <trkpt lat="44.774075" lon="15.020871">
        <ele>1274.434922</ele>
        <time>2026-01-20T02:07:08.282Z</time>
      </trkpt>
      <trkpt lat="44.773575" lon="15.021437">
        <ele>1274.776603</ele>
        <time>2026-01-20T02:07:31.579Z</time>
      </trkpt>
      <trkpt lat="44.773205" lon="15.021922">
        <ele>1275.045827</ele>
        <time>2026-01-20T02:07:54.637Z</time>
      </trkpt>
      <trkpt lat="44.772810" lon="15.022603">
        <ele>1275.154994</ele>
        <time>2026-01-20T02:08:17.778Z</time>
      </trkpt>
      <trkpt lat="44.772594" lon="15.022882">
        <ele>1275.176847</ele>
        <time>2026-01-20T02:08:26.483Z</time>
      </trkpt>
      <trkpt lat="44.772432" lon="15.023147">
        <ele>1275.195360</ele>
        <time>2026-01-20T02:08:33.504Z</time>
      </trkpt>
      <trkpt lat="44.772322" lon="15.023489">
        <ele>1275.215235</ele>
        <time>2026-01-20T02:08:41.005Z</time>
      </trkpt>
      <trkpt lat="44.772077" lon="15.024497">
        <ele>1276.739984</ele>
        <time>2026-01-20T02:09:04.096Z</time>
      </trkpt>
      <trkpt lat="44.771904" lon="15.025016">
        <ele>1279.130711</ele>
        <time>2026-01-20T02:09:23.517Z</time>
      </trkpt>
      <trkpt lat="44.771794" lon="15.025227">
        <ele>1280.222253</ele>
        <time>2026-01-20T02:09:34.921Z</time>
      </trkpt>
      <trkpt lat="44.771365" lon="15.025758">
        <ele>1283.576529</ele>
        <time>2026-01-20T02:10:18.970Z</time>
      </trkpt>
      <trkpt lat="44.770697" lon="15.026253">
        <ele>1287.987193</ele>
        <time>2026-01-20T02:11:20.745Z</time>
      </trkpt>
      <trkpt lat="44.770502" lon="15.026528">
        <ele>1289.591191</ele>
        <time>2026-01-20T02:11:39.827Z</time>
      </trkpt>
      <trkpt lat="44.770215" lon="15.027223">
        <ele>1292.909248</ele>
        <time>2026-01-20T02:12:13.817Z</time>
      </trkpt>
      <trkpt lat="44.770157" lon="15.027445">
        <ele>1293.885472</ele>
        <time>2026-01-20T02:12:22.277Z</time>
      </trkpt>
      <trkpt lat="44.770128" lon="15.027805">
        <ele>1295.380665</ele>
        <time>2026-01-20T02:12:33.853Z</time>
      </trkpt>
      <trkpt lat="44.769955" lon="15.028379">
        <ele>1296.862558</ele>
        <time>2026-01-20T02:12:52.338Z</time>
      </trkpt>
      <trkpt lat="44.769922" lon="15.028507">
        <ele>1297.059773</ele>
        <time>2026-01-20T02:12:56.440Z</time>
      </trkpt>
      <trkpt lat="44.769863" lon="15.029219">
        <ele>1298.097898</ele>
        <time>2026-01-20T02:13:17.426Z</time>
      </trkpt>
      <trkpt lat="44.769622" lon="15.029996">
        <ele>1299.325864</ele>
        <time>2026-01-20T02:13:42.009Z</time>
      </trkpt>
      <trkpt lat="44.769235" lon="15.031070">
        <ele>1301.713554</ele>
        <time>2026-01-20T02:14:17.359Z</time>
      </trkpt>
      <trkpt lat="44.768975" lon="15.031685">
        <ele>1303.341126</ele>
        <time>2026-01-20T02:14:40.688Z</time>
      </trkpt>
      <trkpt lat="44.768745" lon="15.032119">
        <ele>1304.572597</ele>
        <time>2026-01-20T02:15:01.099Z</time>
      </trkpt>
      <trkpt lat="44.768148" lon="15.033109">
        <ele>1307.668898</ele>
        <time>2026-01-20T02:15:52.239Z</time>
      </trkpt>
      <trkpt lat="44.768018" lon="15.033481">
        <ele>1308.685476</ele>
        <time>2026-01-20T02:16:06.823Z</time>
      </trkpt>
      <trkpt lat="44.768017" lon="15.033603">
        <ele>1308.984617</ele>
        <time>2026-01-20T02:16:10.925Z</time>
      </trkpt>
      <trkpt lat="44.768176" lon="15.034376">
        <ele>1310.957804</ele>
        <time>2026-01-20T02:16:36.606Z</time>
      </trkpt>
      <trkpt lat="44.768366" lon="15.034944">
        <ele>1312.163255</ele>
        <time>2026-01-20T02:16:56.550Z</time>
      </trkpt>
      <trkpt lat="44.768491" lon="15.035477">
        <ele>1312.751833</ele>
        <time>2026-01-20T02:17:14.182Z</time>
      </trkpt>
      <trkpt lat="44.768729" lon="15.035879">
        <ele>1313.300678</ele>
        <time>2026-01-20T02:17:30.370Z</time>
      </trkpt>
      <trkpt lat="44.768771" lon="15.036071">
        <ele>1313.511338</ele>
        <time>2026-01-20T02:17:36.410Z</time>
      </trkpt>
      <trkpt lat="44.768762" lon="15.036218">
        <ele>1313.666046</ele>
        <time>2026-01-20T02:17:40.744Z</time>
      </trkpt>
      <trkpt lat="44.768699" lon="15.036632">
        <ele>1314.110002</ele>
        <time>2026-01-20T02:17:52.598Z</time>
      </trkpt>
      <trkpt lat="44.768380" lon="15.037846">
        <ele>1312.645592</ele>
        <time>2026-01-20T02:18:19.486Z</time>
      </trkpt>
      <trkpt lat="44.768157" lon="15.038375">
        <ele>1311.261866</ele>
        <time>2026-01-20T02:18:30.524Z</time>
      </trkpt>
      <trkpt lat="44.767780" lon="15.039148">
        <ele>1309.152569</ele>
        <time>2026-01-20T02:18:46.789Z</time>
      </trkpt>
      <trkpt lat="44.767546" lon="15.040051">
        <ele>1305.333683</ele>
        <time>2026-01-20T02:19:02.812Z</time>
      </trkpt>
      <trkpt lat="44.767525" lon="15.040310">
        <ele>1304.231061</ele>
        <time>2026-01-20T02:19:07.082Z</time>
      </trkpt>
      <trkpt lat="44.767574" lon="15.040494">
        <ele>1303.399843</ele>
        <time>2026-01-20T02:19:10.289Z</time>
      </trkpt>
      <trkpt lat="44.767625" lon="15.040562">
        <ele>1302.981460</ele>
        <time>2026-01-20T02:19:11.902Z</time>
      </trkpt>
      <trkpt lat="44.767849" lon="15.040704">
        <ele>1301.518022</ele>
        <time>2026-01-20T02:19:17.547Z</time>
      </trkpt>
      <trkpt lat="44.767965" lon="15.040839">
        <ele>1300.621557</ele>
        <time>2026-01-20T02:19:21.022Z</time>
      </trkpt>
      <trkpt lat="44.768127" lon="15.041372">
        <ele>1298.169226</ele>
        <time>2026-01-20T02:19:30.632Z</time>
      </trkpt>
      <trkpt lat="44.768184" lon="15.041452">
        <ele>1297.785891</ele>
        <time>2026-01-20T02:19:32.528Z</time>
      </trkpt>
      <trkpt lat="44.768303" lon="15.041532">
        <ele>1297.162049</ele>
        <time>2026-01-20T02:19:35.651Z</time>
      </trkpt>
      <trkpt lat="44.768471" lon="15.041531">
        <ele>1296.367214</ele>
        <time>2026-01-20T02:19:39.645Z</time>
      </trkpt>
      <trkpt lat="44.768599" lon="15.041480">
        <ele>1295.737869</ele>
        <time>2026-01-20T02:19:42.828Z</time>
      </trkpt>
      <trkpt lat="44.768810" lon="15.041230">
        <ele>1294.433390</ele>
        <time>2026-01-20T02:19:49.478Z</time>
      </trkpt>
      <trkpt lat="44.769145" lon="15.040707">
        <ele>1292.067394</ele>
        <time>2026-01-20T02:20:01.768Z</time>
      </trkpt>
      <trkpt lat="44.769331" lon="15.040539">
        <ele>1291.022024</ele>
        <time>2026-01-20T02:20:07.285Z</time>
      </trkpt>
      <trkpt lat="44.769522" lon="15.040485">
        <ele>1290.100357</ele>
        <time>2026-01-20T02:20:12.152Z</time>
      </trkpt>
      <trkpt lat="44.769609" lon="15.040501">
        <ele>1289.685256</ele>
        <time>2026-01-20T02:20:14.332Z</time>
      </trkpt>
      <trkpt lat="44.769739" lon="15.040576">
        <ele>1289.205302</ele>
        <time>2026-01-20T02:20:17.837Z</time>
      </trkpt>
      <trkpt lat="44.770107" lon="15.040845">
        <ele>1287.822271</ele>
        <time>2026-01-20T02:20:28.234Z</time>
      </trkpt>
      <trkpt lat="44.770228" lon="15.040874">
        <ele>1287.412837</ele>
        <time>2026-01-20T02:20:31.320Z</time>
      </trkpt>
      <trkpt lat="44.770642" lon="15.040873">
        <ele>1286.031813</ele>
        <time>2026-01-20T02:20:41.897Z</time>
      </trkpt>
      <trkpt lat="44.771069" lon="15.041001">
        <ele>1284.575527</ele>
        <time>2026-01-20T02:20:53.495Z</time>
      </trkpt>
      <trkpt lat="44.771186" lon="15.041005">
        <ele>1284.185123</ele>
        <time>2026-01-20T02:20:56.645Z</time>
      </trkpt>
      <trkpt lat="44.771325" lon="15.040968">
        <ele>1283.713240</ele>
        <time>2026-01-20T02:21:00.471Z</time>
      </trkpt>
      <trkpt lat="44.771469" lon="15.040872">
        <ele>1282.867098</ele>
        <time>2026-01-20T02:21:04.754Z</time>
      </trkpt>
      <trkpt lat="44.771606" lon="15.040832">
        <ele>1282.084581</ele>
        <time>2026-01-20T02:21:08.456Z</time>
      </trkpt>
      <trkpt lat="44.771801" lon="15.040870">
        <ele>1280.983574</ele>
        <time>2026-01-20T02:21:13.589Z</time>
      </trkpt>
      <trkpt lat="44.772438" lon="15.040878">
        <ele>1277.420741</ele>
        <time>2026-01-20T02:21:28.931Z</time>
      </trkpt>
      <trkpt lat="44.772867" lon="15.040976">
        <ele>1274.990032</ele>
        <time>2026-01-20T02:21:38.684Z</time>
      </trkpt>
      <trkpt lat="44.773137" lon="15.041166">
        <ele>1273.219260</ele>
        <time>2026-01-20T02:21:45.294Z</time>
      </trkpt>
      <trkpt lat="44.773309" lon="15.041326">
        <ele>1271.732054</ele>
        <time>2026-01-20T02:21:49.790Z</time>
      </trkpt>
      <trkpt lat="44.773456" lon="15.041538">
        <ele>1270.214126</ele>
        <time>2026-01-20T02:21:54.367Z</time>
      </trkpt>
      <trkpt lat="44.773480" lon="15.041614">
        <ele>1269.788070</ele>
        <time>2026-01-20T02:21:55.658Z</time>
      </trkpt>
      <trkpt lat="44.773487" lon="15.041776">
        <ele>1268.956756</ele>
        <time>2026-01-20T02:21:58.181Z</time>
      </trkpt>
      <trkpt lat="44.773455" lon="15.041954">
        <ele>1268.016244</ele>
        <time>2026-01-20T02:22:01.057Z</time>
      </trkpt>
      <trkpt lat="44.773267" lon="15.042333">
        <ele>1265.648006</ele>
        <time>2026-01-20T02:22:08.408Z</time>
      </trkpt>
      <trkpt lat="44.773150" lon="15.042875">
        <ele>1262.746310</ele>
        <time>2026-01-20T02:22:17.714Z</time>
      </trkpt>
      <trkpt lat="44.773064" lon="15.043118">
        <ele>1261.355537</ele>
        <time>2026-01-20T02:22:22.301Z</time>
      </trkpt>
      <trkpt lat="44.772551" lon="15.043684">
        <ele>1257.999178</ele>
        <time>2026-01-20T02:22:38.257Z</time>
      </trkpt>
      <trkpt lat="44.772404" lon="15.043711">
        <ele>1257.293326</ele>
        <time>2026-01-20T02:22:41.992Z</time>
      </trkpt>
      <trkpt lat="44.772292" lon="15.043683">
        <ele>1256.751714</ele>
        <time>2026-01-20T02:22:44.893Z</time>
      </trkpt>
      <trkpt lat="44.771995" lon="15.043536">
        <ele>1255.252819</ele>
        <time>2026-01-20T02:22:52.908Z</time>
      </trkpt>
      <trkpt lat="44.771853" lon="15.043542">
        <ele>1254.576395</ele>
        <time>2026-01-20T02:22:56.424Z</time>
      </trkpt>
      <trkpt lat="44.771441" lon="15.043642">
        <ele>1252.585785</ele>
        <time>2026-01-20T02:23:06.473Z</time>
      </trkpt>
      <trkpt lat="44.771266" lon="15.043874">
        <ele>1251.131090</ele>
        <time>2026-01-20T02:23:12.083Z</time>
      </trkpt>
      <trkpt lat="44.771211" lon="15.044002">
        <ele>1250.365364</ele>
        <time>2026-01-20T02:23:14.526Z</time>
      </trkpt>
      <trkpt lat="44.771163" lon="15.044165">
        <ele>1249.462240</ele>
        <time>2026-01-20T02:23:17.388Z</time>
      </trkpt>
      <trkpt lat="44.771102" lon="15.044709">
        <ele>1246.643631</ele>
        <time>2026-01-20T02:23:26.304Z</time>
      </trkpt>
      <trkpt lat="44.771024" lon="15.044934">
        <ele>1245.362165</ele>
        <time>2026-01-20T02:23:30.310Z</time>
      </trkpt>
      <trkpt lat="44.770692" lon="15.045456">
        <ele>1241.775353</ele>
        <time>2026-01-20T02:23:41.339Z</time>
      </trkpt>
      <trkpt lat="44.770589" lon="15.045691">
        <ele>1240.361910</ele>
        <time>2026-01-20T02:23:45.675Z</time>
      </trkpt>
      <trkpt lat="44.770561" lon="15.045835">
        <ele>1239.597794</ele>
        <time>2026-01-20T02:23:48.032Z</time>
      </trkpt>
      <trkpt lat="44.770570" lon="15.045970">
        <ele>1238.902109</ele>
        <time>2026-01-20T02:23:50.185Z</time>
      </trkpt>
      <trkpt lat="44.770702" lon="15.046334">
        <ele>1236.789564</ele>
        <time>2026-01-20T02:23:56.727Z</time>
      </trkpt>
      <trkpt lat="44.770690" lon="15.046499">
        <ele>1235.932307</ele>
        <time>2026-01-20T02:23:59.412Z</time>
      </trkpt>
      <trkpt lat="44.770634" lon="15.046590">
        <ele>1235.309875</ele>
        <time>2026-01-20T02:24:01.364Z</time>
      </trkpt>
      <trkpt lat="44.770461" lon="15.046716">
        <ele>1233.891998</ele>
        <time>2026-01-20T02:24:05.834Z</time>
      </trkpt>
      <trkpt lat="44.770344" lon="15.046895">
        <ele>1232.634441</ele>
        <time>2026-01-20T02:24:09.809Z</time>
      </trkpt>
      <trkpt lat="44.770046" lon="15.047644">
        <ele>1228.196770</ele>
        <time>2026-01-20T02:24:23.691Z</time>
      </trkpt>
      <trkpt lat="44.769938" lon="15.048120">
        <ele>1225.597789</ele>
        <time>2026-01-20T02:24:31.669Z</time>
      </trkpt>
      <trkpt lat="44.769822" lon="15.048309">
        <ele>1224.250124</ele>
        <time>2026-01-20T02:24:35.638Z</time>
      </trkpt>
      <trkpt lat="44.769690" lon="15.048439">
        <ele>1223.026343</ele>
        <time>2026-01-20T02:24:39.231Z</time>
      </trkpt>
      <trkpt lat="44.769622" lon="15.048568">
        <ele>1222.159651</ele>
        <time>2026-01-20T02:24:41.769Z</time>
      </trkpt>
      <trkpt lat="44.769581" lon="15.048737">
        <ele>1221.196274</ele>
        <time>2026-01-20T02:24:44.585Z</time>
      </trkpt>
      <trkpt lat="44.769579" lon="15.048961">
        <ele>1219.987877</ele>
        <time>2026-01-20T02:24:48.111Z</time>
      </trkpt>
      <trkpt lat="44.769546" lon="15.049142">
        <ele>1218.979844</ele>
        <time>2026-01-20T02:24:51.044Z</time>
      </trkpt>
      <trkpt lat="44.768984" lon="15.050617">
        <ele>1210.818856</ele>
        <time>2026-01-20T02:25:17.770Z</time>
      </trkpt>
      <trkpt lat="44.768376" lon="15.051712">
        <ele>1206.071179</ele>
        <time>2026-01-20T02:25:41.155Z</time>
      </trkpt>
      <trkpt lat="44.767991" lon="15.052616">
        <ele>1204.150774</ele>
        <time>2026-01-20T02:26:01.405Z</time>
      </trkpt>
      <trkpt lat="44.767910" lon="15.052746">
        <ele>1204.390423</ele>
        <time>2026-01-20T02:26:05.216Z</time>
      </trkpt>
      <trkpt lat="44.767718" lon="15.052967">
        <ele>1204.874327</ele>
        <time>2026-01-20T02:26:13.814Z</time>
      </trkpt>
      <trkpt lat="44.767368" lon="15.053488">
        <ele>1205.868135</ele>
        <time>2026-01-20T02:26:35.271Z</time>
      </trkpt>
      <trkpt lat="44.766822" lon="15.054109">
        <ele>1207.347383</ele>
        <time>2026-01-20T02:27:13.427Z</time>
      </trkpt>
      <trkpt lat="44.766459" lon="15.054370">
        <ele>1209.558549</ele>
        <time>2026-01-20T02:27:38.145Z</time>
      </trkpt>
      <trkpt lat="44.766058" lon="15.054569">
        <ele>1211.865203</ele>
        <time>2026-01-20T02:28:05.434Z</time>
      </trkpt>
      <trkpt lat="44.765573" lon="15.054704">
        <ele>1214.547389</ele>
        <time>2026-01-20T02:28:37.049Z</time>
      </trkpt>
      <trkpt lat="44.765202" lon="15.054909">
        <ele>1216.709549</ele>
        <time>2026-01-20T02:29:01.759Z</time>
      </trkpt>
      <trkpt lat="44.764395" lon="15.055677">
        <ele>1216.645848</ele>
        <time>2026-01-20T02:29:43.975Z</time>
      </trkpt>
      <trkpt lat="44.764174" lon="15.055925">
        <ele>1216.558419</ele>
        <time>2026-01-20T02:29:51.709Z</time>
      </trkpt>
      <trkpt lat="44.763922" lon="15.056117">
        <ele>1216.469772</ele>
        <time>2026-01-20T02:29:58.959Z</time>
      </trkpt>
      <trkpt lat="44.763417" lon="15.056408">
        <ele>1215.005039</ele>
        <time>2026-01-20T02:30:11.952Z</time>
      </trkpt>
      <trkpt lat="44.763213" lon="15.056649">
        <ele>1213.534563</ele>
        <time>2026-01-20T02:30:18.125Z</time>
      </trkpt>
      <trkpt lat="44.763081" lon="15.056930">
        <ele>1212.213387</ele>
        <time>2026-01-20T02:30:23.698Z</time>
      </trkpt>
      <trkpt lat="44.762988" lon="15.057061">
        <ele>1211.486989</ele>
        <time>2026-01-20T02:30:26.776Z</time>
      </trkpt>
      <trkpt lat="44.762547" lon="15.057467">
        <ele>1208.577338</ele>
        <time>2026-01-20T02:30:39.242Z</time>
      </trkpt>
      <trkpt lat="44.762247" lon="15.057615">
        <ele>1206.821848</ele>
        <time>2026-01-20T02:30:46.817Z</time>
      </trkpt>
      <trkpt lat="44.762038" lon="15.057666">
        <ele>1205.384943</ele>
        <time>2026-01-20T02:30:51.886Z</time>
      </trkpt>
      <trkpt lat="44.761960" lon="15.057724">
        <ele>1204.734996</ele>
        <time>2026-01-20T02:30:53.996Z</time>
      </trkpt>
      <trkpt lat="44.761666" lon="15.058068">
        <ele>1201.918507</ele>
        <time>2026-01-20T02:31:03.088Z</time>
      </trkpt>
      <trkpt lat="44.761291" lon="15.058668">
        <ele>1197.736350</ele>
        <time>2026-01-20T02:31:16.282Z</time>
      </trkpt>
      <trkpt lat="44.761171" lon="15.058814">
        <ele>1196.567844</ele>
        <time>2026-01-20T02:31:19.809Z</time>
      </trkpt>
      <trkpt lat="44.760721" lon="15.059190">
        <ele>1192.583222</ele>
        <time>2026-01-20T02:31:30.938Z</time>
      </trkpt>
      <trkpt lat="44.760474" lon="15.059478">
        <ele>1189.583366</ele>
        <time>2026-01-20T02:31:37.675Z</time>
      </trkpt>
      <trkpt lat="44.760360" lon="15.059700">
        <ele>1187.763478</ele>
        <time>2026-01-20T02:31:41.748Z</time>
      </trkpt>
      <trkpt lat="44.760362" lon="15.059952">
        <ele>1186.089432</ele>
        <time>2026-01-20T02:31:43.854Z</time>
      </trkpt>
      <trkpt lat="44.760308" lon="15.060150">
        <ele>1184.680513</ele>
        <time>2026-01-20T02:31:45.641Z</time>
      </trkpt>
      <trkpt lat="44.760176" lon="15.060383">
        <ele>1182.700519</ele>
        <time>2026-01-20T02:31:48.172Z</time>
      </trkpt>
      <trkpt lat="44.759682" lon="15.060845">
        <ele>1177.152954</ele>
        <time>2026-01-20T02:31:55.409Z</time>
      </trkpt>
      <trkpt lat="44.759114" lon="15.061489">
        <ele>1173.340322</ele>
        <time>2026-01-20T02:32:05.184Z</time>
      </trkpt>
      <trkpt lat="44.758931" lon="15.061773">
        <ele>1172.063337</ele>
        <time>2026-01-20T02:32:09.039Z</time>
      </trkpt>
      <trkpt lat="44.758482" lon="15.062814">
        <ele>1168.007650</ele>
        <time>2026-01-20T02:32:21.139Z</time>
      </trkpt>
      <trkpt lat="44.758246" lon="15.063211">
        <ele>1165.785792</ele>
        <time>2026-01-20T02:32:26.118Z</time>
      </trkpt>
      <trkpt lat="44.757373" lon="15.064445">
        <ele>1158.231814</ele>
        <time>2026-01-20T02:32:42.248Z</time>
      </trkpt>
      <trkpt lat="44.757213" lon="15.064740">
        <ele>1156.399799</ele>
        <time>2026-01-20T02:32:45.453Z</time>
      </trkpt>
      <trkpt lat="44.757114" lon="15.065028">
        <ele>1154.059324</ele>
        <time>2026-01-20T02:32:48.183Z</time>
      </trkpt>
      <trkpt lat="44.757076" lon="15.065265">
        <ele>1152.282106</ele>
        <time>2026-01-20T02:32:50.234Z</time>
      </trkpt>
      <trkpt lat="44.757088" lon="15.066032">
        <ele>1146.670397</ele>
        <time>2026-01-20T02:32:56.637Z</time>
      </trkpt>
      <trkpt lat="44.757072" lon="15.066381">
        <ele>1144.112264</ele>
        <time>2026-01-20T02:32:59.533Z</time>
      </trkpt>
      <trkpt lat="44.756802" lon="15.067969">
        <ele>1132.772271</ele>
        <time>2026-01-20T02:33:13.337Z</time>
      </trkpt>
      <trkpt lat="44.756434" lon="15.069414">
        <ele>1122.628606</ele>
        <time>2026-01-20T02:33:26.596Z</time>
      </trkpt>
      <trkpt lat="44.756174" lon="15.070222">
        <ele>1117.734482</ele>
        <time>2026-01-20T02:33:34.320Z</time>
      </trkpt>
      <trkpt lat="44.755620" lon="15.071774">
        <ele>1108.516317</ele>
        <time>2026-01-20T02:33:49.854Z</time>
      </trkpt>
      <trkpt lat="44.754910" lon="15.073400">
        <ele>1097.927113</ele>
        <time>2026-01-20T02:34:07.102Z</time>
      </trkpt>
      <trkpt lat="44.754806" lon="15.074027">
        <ele>1094.350789</ele>
        <time>2026-01-20T02:34:12.596Z</time>
      </trkpt>
      <trkpt lat="44.754806" lon="15.074497">
        <ele>1090.593077</ele>
        <time>2026-01-20T02:34:16.539Z</time>
      </trkpt>
      <trkpt lat="44.754970" lon="15.075490">
        <ele>1082.258091</ele>
        <time>2026-01-20T02:34:24.958Z</time>
      </trkpt>
      <trkpt lat="44.754977" lon="15.075839">
        <ele>1079.403692</ele>
        <time>2026-01-20T02:34:27.827Z</time>
      </trkpt>
      <trkpt lat="44.754862" lon="15.076700">
        <ele>1072.607333</ele>
        <time>2026-01-20T02:34:35.088Z</time>
      </trkpt>
      <trkpt lat="44.754869" lon="15.077051">
        <ele>1070.596531</ele>
        <time>2026-01-20T02:34:38.048Z</time>
      </trkpt>
      <trkpt lat="44.754970" lon="15.077405">
        <ele>1068.411845</ele>
        <time>2026-01-20T02:34:41.303Z</time>
      </trkpt>
      <trkpt lat="44.755114" lon="15.077684">
        <ele>1066.436730</ele>
        <time>2026-01-20T02:34:44.281Z</time>
      </trkpt>
      <trkpt lat="44.756055" lon="15.078859">
        <ele>1057.476532</ele>
        <time>2026-01-20T02:35:00.504Z</time>
      </trkpt>
      <trkpt lat="44.754993" lon="15.080085">
        <ele>1051.313876</ele>
        <time>2026-01-20T02:35:35.481Z</time>
      </trkpt>
      <trkpt lat="44.754460" lon="15.081201">
        <ele>1045.152075</ele>
        <time>2026-01-20T02:35:57.810Z</time>
      </trkpt>
      <trkpt lat="44.754429" lon="15.081781">
        <ele>1042.397637</ele>
        <time>2026-01-20T02:36:07.048Z</time>
      </trkpt>
      <trkpt lat="44.754170" lon="15.082296">
        <ele>1039.409123</ele>
        <time>2026-01-20T02:36:17.053Z</time>
      </trkpt>
      <trkpt lat="44.754261" lon="15.082553">
        <ele>1038.037213</ele>
        <time>2026-01-20T02:36:21.613Z</time>
      </trkpt>
      <trkpt lat="44.754810" lon="15.083261">
        <ele>1033.002557</ele>
        <time>2026-01-20T02:36:38.374Z</time>
      </trkpt>
      <trkpt lat="44.754719" lon="15.083819">
        <ele>1030.252923</ele>
        <time>2026-01-20T02:36:47.770Z</time>
      </trkpt>
      <trkpt lat="44.754200" lon="15.084763">
        <ele>1024.432118</ele>
        <time>2026-01-20T02:37:07.812Z</time>
      </trkpt>
      <trkpt lat="44.754216" lon="15.085536">
        <ele>1020.571575</ele>
        <time>2026-01-20T02:37:20.686Z</time>
      </trkpt>
      <trkpt lat="44.754063" lon="15.086330">
        <ele>1016.464497</ele>
        <time>2026-01-20T02:37:33.826Z</time>
      </trkpt>
      <trkpt lat="44.753774" lon="15.086673">
        <ele>1013.788211</ele>
        <time>2026-01-20T02:37:42.104Z</time>
      </trkpt>
      <trkpt lat="44.753149" lon="15.086673">
        <ele>1009.087975</ele>
        <time>2026-01-20T02:37:55.679Z</time>
      </trkpt>
      <trkpt lat="44.752875" lon="15.086930">
        <ele>1006.612122</ele>
        <time>2026-01-20T02:38:02.968Z</time>
      </trkpt>
      <trkpt lat="44.752798" lon="15.087467">
        <ele>1003.686342</ele>
        <time>2026-01-20T02:38:11.787Z</time>
      </trkpt>
      <trkpt lat="44.752966" lon="15.087703">
        <ele>1001.901742</ele>
        <time>2026-01-20T02:38:17.317Z</time>
      </trkpt>
      <trkpt lat="44.753164" lon="15.088518">
        <ele>997.998306</ele>
        <time>2026-01-20T02:38:32.139Z</time>
      </trkpt>
      <trkpt lat="44.752859" lon="15.089505">
        <ele>993.479777</ele>
        <time>2026-01-20T02:38:50.636Z</time>
      </trkpt>
      <trkpt lat="44.752951" lon="15.090235">
        <ele>990.367473</ele>
        <time>2026-01-20T02:39:02.596Z</time>
      </trkpt>
      <trkpt lat="44.752844" lon="15.090750">
        <ele>987.584954</ele>
        <time>2026-01-20T02:39:11.053Z</time>
      </trkpt>
      <trkpt lat="44.752585" lon="15.090943">
        <ele>985.345817</ele>
        <time>2026-01-20T02:39:17.542Z</time>
      </trkpt>
      <trkpt lat="44.752479" lon="15.091694">
        <ele>981.190780</ele>
        <time>2026-01-20T02:39:29.639Z</time>
      </trkpt>
      <trkpt lat="44.752509" lon="15.092145">
        <ele>978.732701</ele>
        <time>2026-01-20T02:39:36.837Z</time>
      </trkpt>
      <trkpt lat="44.752402" lon="15.092466">
        <ele>976.808438</ele>
        <time>2026-01-20T02:39:42.533Z</time>
      </trkpt>
      <trkpt lat="44.752585" lon="15.093132">
        <ele>973.527244</ele>
        <time>2026-01-20T02:39:54.150Z</time>
      </trkpt>
      <trkpt lat="44.752037" lon="15.095084">
        <ele>964.242866</ele>
        <time>2026-01-20T02:40:29.060Z</time>
      </trkpt>
      <trkpt lat="44.751945" lon="15.095556">
        <ele>962.141387</ele>
        <time>2026-01-20T02:40:37.146Z</time>
      </trkpt>
      <trkpt lat="44.751976" lon="15.096329">
        <ele>958.817220</ele>
        <time>2026-01-20T02:40:49.861Z</time>
      </trkpt>
      <trkpt lat="44.751656" lon="15.096350">
        <ele>956.880458</ele>
        <time>2026-01-20T02:40:57.357Z</time>
      </trkpt>
      <trkpt lat="44.751503" lon="15.096243">
        <ele>955.847646</ele>
        <time>2026-01-20T02:41:01.346Z</time>
      </trkpt>
      <trkpt lat="44.751381" lon="15.095642">
        <ele>953.326144</ele>
        <time>2026-01-20T02:41:11.723Z</time>
      </trkpt>
      <trkpt lat="44.751305" lon="15.094934">
        <ele>950.798405</ele>
        <time>2026-01-20T02:41:23.730Z</time>
      </trkpt>
      <trkpt lat="44.750955" lon="15.094484">
        <ele>948.442460</ele>
        <time>2026-01-20T02:41:35.235Z</time>
      </trkpt>
      <trkpt lat="44.750619" lon="15.094655">
        <ele>946.666507</ele>
        <time>2026-01-20T02:41:44.074Z</time>
      </trkpt>
      <trkpt lat="44.750116" lon="15.095985">
        <ele>941.792810</ele>
        <time>2026-01-20T02:42:10.389Z</time>
      </trkpt>
      <trkpt lat="44.749705" lon="15.096200">
        <ele>939.869773</ele>
        <time>2026-01-20T02:42:21.196Z</time>
      </trkpt>
      <trkpt lat="44.749400" lon="15.096286">
        <ele>938.505477</ele>
        <time>2026-01-20T02:42:28.866Z</time>
      </trkpt>
      <trkpt lat="44.748989" lon="15.096157">
        <ele>936.500206</ele>
        <time>2026-01-20T02:42:39.262Z</time>
      </trkpt>
      <trkpt lat="44.748455" lon="15.096243">
        <ele>933.508085</ele>
        <time>2026-01-20T02:42:52.435Z</time>
      </trkpt>
      <trkpt lat="44.747876" lon="15.095621">
        <ele>929.453833</ele>
        <time>2026-01-20T02:43:09.706Z</time>
      </trkpt>
      <trkpt lat="44.747602" lon="15.095149">
        <ele>926.975900</ele>
        <time>2026-01-20T02:43:19.572Z</time>
      </trkpt>
      <trkpt lat="44.747511" lon="15.094848">
        <ele>925.222199</ele>
        <time>2026-01-20T02:43:24.769Z</time>
      </trkpt>
      <trkpt lat="44.747297" lon="15.094655">
        <ele>923.303967</ele>
        <time>2026-01-20T02:43:30.413Z</time>
      </trkpt>
      <trkpt lat="44.747008" lon="15.093840">
        <ele>918.420619</ele>
        <time>2026-01-20T02:43:44.767Z</time>
      </trkpt>
      <trkpt lat="44.746627" lon="15.093689">
        <ele>915.433045</ele>
        <time>2026-01-20T02:43:53.647Z</time>
      </trkpt>
      <trkpt lat="44.745865" lon="15.093754">
        <ele>909.894881</ele>
        <time>2026-01-20T02:44:11.144Z</time>
      </trkpt>
      <trkpt lat="44.745362" lon="15.094054">
        <ele>906.003298</ele>
        <time>2026-01-20T02:44:23.746Z</time>
      </trkpt>
      <trkpt lat="44.743335" lon="15.095578">
        <ele>888.426961</ele>
        <time>2026-01-20T02:45:15.290Z</time>
      </trkpt>
      <trkpt lat="44.742817" lon="15.096200">
        <ele>883.179746</ele>
        <time>2026-01-20T02:45:30.203Z</time>
      </trkpt>
      <trkpt lat="44.742573" lon="15.096651">
        <ele>880.112547</ele>
        <time>2026-01-20T02:45:38.972Z</time>
      </trkpt>
      <trkpt lat="44.742329" lon="15.097809">
        <ele>873.577692</ele>
        <time>2026-01-20T02:45:58.374Z</time>
      </trkpt>
      <trkpt lat="44.742062" lon="15.098180">
        <ele>871.636980</ele>
        <time>2026-01-20T02:46:07.333Z</time>
      </trkpt>
      <trkpt lat="44.741338" lon="15.098475">
        <ele>868.254292</ele>
        <time>2026-01-20T02:46:26.109Z</time>
      </trkpt>
      <trkpt lat="44.740210" lon="15.099183">
        <ele>862.836820</ele>
        <time>2026-01-20T02:46:56.960Z</time>
      </trkpt>
      <trkpt lat="44.739363" lon="15.100385">
        <ele>857.751381</ele>
        <time>2026-01-20T02:47:26.200Z</time>
      </trkpt>
      <trkpt lat="44.738473" lon="15.101414">
        <ele>854.486922</ele>
        <time>2026-01-20T02:47:56.235Z</time>
      </trkpt>
      <trkpt lat="44.738366" lon="15.101629">
        <ele>853.986611</ele>
        <time>2026-01-20T02:48:01.493Z</time>
      </trkpt>
      <trkpt lat="44.737574" lon="15.102487">
        <ele>851.395964</ele>
        <time>2026-01-20T02:48:29.071Z</time>
      </trkpt>
      <trkpt lat="44.737238" lon="15.103174">
        <ele>849.932381</ele>
        <time>2026-01-20T02:48:44.606Z</time>
      </trkpt>
      <trkpt lat="44.736964" lon="15.104118">
        <ele>848.142987</ele>
        <time>2026-01-20T02:49:03.656Z</time>
      </trkpt>
      <trkpt lat="44.736949" lon="15.104590">
        <ele>847.682626</ele>
        <time>2026-01-20T02:49:12.684Z</time>
      </trkpt>
      <trkpt lat="44.736507" lon="15.105298">
        <ele>846.910994</ele>
        <time>2026-01-20T02:49:31.342Z</time>
      </trkpt>
      <trkpt lat="44.736065" lon="15.106950">
        <ele>846.621234</ele>
        <time>2026-01-20T02:50:10.053Z</time>
      </trkpt>
      <trkpt lat="44.735226" lon="15.108452">
        <ele>848.932302</ele>
        <time>2026-01-20T02:51:10.944Z</time>
      </trkpt>
      <trkpt lat="44.734784" lon="15.108967">
        <ele>846.608307</ele>
        <time>2026-01-20T02:51:36.001Z</time>
      </trkpt>
      <trkpt lat="44.734296" lon="15.109757">
        <ele>843.304142</ele>
        <time>2026-01-20T02:51:54.270Z</time>
      </trkpt>
      <trkpt lat="44.734267" lon="15.110165">
        <ele>842.010010</ele>
        <time>2026-01-20T02:52:00.509Z</time>
      </trkpt>
      <trkpt lat="44.734310" lon="15.110532">
        <ele>840.661043</ele>
        <time>2026-01-20T02:52:06.028Z</time>
      </trkpt>
      <trkpt lat="44.734459" lon="15.110872">
        <ele>838.082388</ele>
        <time>2026-01-20T02:52:11.904Z</time>
      </trkpt>
      <trkpt lat="44.734661" lon="15.111131">
        <ele>835.599678</ele>
        <time>2026-01-20T02:52:17.535Z</time>
      </trkpt>
      <trkpt lat="44.734755" lon="15.111429">
        <ele>833.495041</ele>
        <time>2026-01-20T02:52:22.330Z</time>
      </trkpt>
      <trkpt lat="44.734717" lon="15.112150">
        <ele>828.828346</ele>
        <time>2026-01-20T02:52:33.426Z</time>
      </trkpt>
      <trkpt lat="44.734789" lon="15.112422">
        <ele>826.954712</ele>
        <time>2026-01-20T02:52:38.239Z</time>
      </trkpt>
      <trkpt lat="44.734793" lon="15.112733">
        <ele>824.946945</ele>
        <time>2026-01-20T02:52:43.649Z</time>
      </trkpt>
      <trkpt lat="44.734431" lon="15.113357">
        <ele>824.336571</ele>
        <time>2026-01-20T02:52:58.908Z</time>
      </trkpt>
      <trkpt lat="44.734350" lon="15.113673">
        <ele>824.193757</ele>
        <time>2026-01-20T02:53:06.015Z</time>
      </trkpt>
      <trkpt lat="44.734424" lon="15.114506">
        <ele>823.836878</ele>
        <time>2026-01-20T02:53:26.529Z</time>
      </trkpt>
      <trkpt lat="44.734313" lon="15.114726">
        <ele>823.722163</ele>
        <time>2026-01-20T02:53:34.107Z</time>
      </trkpt>
      <trkpt lat="44.733917" lon="15.115301">
        <ele>824.191542</ele>
        <time>2026-01-20T02:53:58.202Z</time>
      </trkpt>
      <trkpt lat="44.733571" lon="15.115937">
        <ele>825.215650</ele>
        <time>2026-01-20T02:54:24.262Z</time>
      </trkpt>
      <trkpt lat="44.733513" lon="15.116124">
        <ele>825.476507</ele>
        <time>2026-01-20T02:54:30.794Z</time>
      </trkpt>
      <trkpt lat="44.733671" lon="15.116864">
        <ele>826.464342</ele>
        <time>2026-01-20T02:54:52.963Z</time>
      </trkpt>
      <trkpt lat="44.733656" lon="15.117186">
        <ele>826.809569</ele>
        <time>2026-01-20T02:55:01.114Z</time>
      </trkpt>
      <trkpt lat="44.733854" lon="15.117744">
        <ele>826.652365</ele>
        <time>2026-01-20T02:55:15.079Z</time>
      </trkpt>
      <trkpt lat="44.733854" lon="15.118409">
        <ele>826.484763</ele>
        <time>2026-01-20T02:55:29.327Z</time>
      </trkpt>
      <trkpt lat="44.734190" lon="15.119246">
        <ele>826.242459</ele>
        <time>2026-01-20T02:55:49.684Z</time>
      </trkpt>
      <trkpt lat="44.733976" lon="15.119653">
        <ele>826.028110</ele>
        <time>2026-01-20T02:56:00.316Z</time>
      </trkpt>
      <trkpt lat="44.733793" lon="15.119932">
        <ele>825.809758</ele>
        <time>2026-01-20T02:56:08.165Z</time>
      </trkpt>
      <trkpt lat="44.733595" lon="15.121306">
        <ele>825.003607</ele>
        <time>2026-01-20T02:56:37.035Z</time>
      </trkpt>
      <trkpt lat="44.732864" lon="15.121499">
        <ele>824.786709</ele>
        <time>2026-01-20T02:57:00.422Z</time>
      </trkpt>
      <trkpt lat="44.732772" lon="15.121971">
        <ele>824.838712</ele>
        <time>2026-01-20T02:57:12.399Z</time>
      </trkpt>
      <trkpt lat="44.732574" lon="15.122464">
        <ele>824.898885</ele>
        <time>2026-01-20T02:57:26.740Z</time>
      </trkpt>
      <trkpt lat="44.732742" lon="15.123430">
        <ele>824.894762</ele>
        <time>2026-01-20T02:57:50.287Z</time>
      </trkpt>
      <trkpt lat="44.732925" lon="15.123795">
        <ele>824.356278</ele>
        <time>2026-01-20T02:57:59.908Z</time>
      </trkpt>
      <trkpt lat="44.732959" lon="15.124634">
        <ele>823.343355</ele>
        <time>2026-01-20T02:58:16.774Z</time>
      </trkpt>
      <trkpt lat="44.732467" lon="15.125404">
        <ele>822.095051</ele>
        <time>2026-01-20T02:58:36.295Z</time>
      </trkpt>
      <trkpt lat="44.731918" lon="15.125812">
        <ele>820.345373</ele>
        <time>2026-01-20T02:58:52.466Z</time>
      </trkpt>
      <trkpt lat="44.731903" lon="15.126391">
        <ele>819.107975</ele>
        <time>2026-01-20T02:59:03.221Z</time>
      </trkpt>
      <trkpt lat="44.731568" lon="15.127099">
        <ele>817.291196</ele>
        <time>2026-01-20T02:59:18.988Z</time>
      </trkpt>
      <trkpt lat="44.731522" lon="15.127786">
        <ele>815.839153</ele>
        <time>2026-01-20T02:59:31.575Z</time>
      </trkpt>
      <trkpt lat="44.731080" lon="15.128129">
        <ele>814.367600</ele>
        <time>2026-01-20T02:59:44.466Z</time>
      </trkpt>
      <trkpt lat="44.730821" lon="15.129159">
        <ele>812.104466</ele>
        <time>2026-01-20T03:00:04.571Z</time>
      </trkpt>
      <trkpt lat="44.730135" lon="15.129717">
        <ele>811.630245</ele>
        <time>2026-01-20T03:00:26.202Z</time>
      </trkpt>
      <trkpt lat="44.730074" lon="15.130468">
        <ele>811.983277</ele>
        <time>2026-01-20T03:00:43.095Z</time>
      </trkpt>
      <trkpt lat="44.729845" lon="15.130919">
        <ele>812.242181</ele>
        <time>2026-01-20T03:00:58.881Z</time>
      </trkpt>
      <trkpt lat="44.729510" lon="15.131198">
        <ele>812.693029</ele>
        <time>2026-01-20T03:01:17.861Z</time>
      </trkpt>
      <trkpt lat="44.728839" lon="15.131219">
        <ele>816.847262</ele>
        <time>2026-01-20T03:01:58.427Z</time>
      </trkpt>
      <trkpt lat="44.728275" lon="15.131326">
        <ele>820.369750</ele>
        <time>2026-01-20T03:02:38.659Z</time>
      </trkpt>
      <trkpt lat="44.728092" lon="15.131434">
        <ele>821.597977</ele>
        <time>2026-01-20T03:02:53.072Z</time>
      </trkpt>
      <trkpt lat="44.727863" lon="15.131476">
        <ele>823.027372</ele>
        <time>2026-01-20T03:03:09.128Z</time>
      </trkpt>
      <trkpt lat="44.727117" lon="15.131820">
        <ele>825.915762</ele>
        <time>2026-01-20T03:03:55.741Z</time>
      </trkpt>
      <trkpt lat="44.726690" lon="15.133215">
        <ele>829.519029</ele>
        <time>2026-01-20T03:04:38.400Z</time>
      </trkpt>
      <trkpt lat="44.726631" lon="15.133620">
        <ele>830.597820</ele>
        <time>2026-01-20T03:04:49.083Z</time>
      </trkpt>
      <trkpt lat="44.726339" lon="15.133962">
        <ele>832.006486</ele>
        <time>2026-01-20T03:05:05.710Z</time>
      </trkpt>
      <trkpt lat="44.726080" lon="15.134459">
        <ele>833.630365</ele>
        <time>2026-01-20T03:05:28.433Z</time>
      </trkpt>
      <trkpt lat="44.725363" lon="15.134824">
        <ele>836.334938</ele>
        <time>2026-01-20T03:06:14.906Z</time>
      </trkpt>
      <trkpt lat="44.724586" lon="15.136026">
        <ele>837.606394</ele>
        <time>2026-01-20T03:07:14.388Z</time>
      </trkpt>
      <trkpt lat="44.724281" lon="15.136648">
        <ele>838.197709</ele>
        <time>2026-01-20T03:07:28.507Z</time>
      </trkpt>
      <trkpt lat="44.724174" lon="15.137592">
        <ele>832.564101</ele>
        <time>2026-01-20T03:07:43.672Z</time>
      </trkpt>
      <trkpt lat="44.723686" lon="15.138257">
        <ele>826.311649</ele>
        <time>2026-01-20T03:07:57.945Z</time>
      </trkpt>
      <trkpt lat="44.723198" lon="15.139566">
        <ele>817.471146</ele>
        <time>2026-01-20T03:08:20.308Z</time>
      </trkpt>
      <trkpt lat="44.722954" lon="15.140060">
        <ele>814.179300</ele>
        <time>2026-01-20T03:08:29.943Z</time>
      </trkpt>
      <trkpt lat="44.722329" lon="15.140188">
        <ele>809.315670</ele>
        <time>2026-01-20T03:08:44.773Z</time>
      </trkpt>
      <trkpt lat="44.721719" lon="15.140725">
        <ele>804.746881</ele>
        <time>2026-01-20T03:09:01.759Z</time>
      </trkpt>
      <trkpt lat="44.721552" lon="15.140832">
        <ele>803.670318</ele>
        <time>2026-01-20T03:09:06.054Z</time>
      </trkpt>
      <trkpt lat="44.721536" lon="15.141347">
        <ele>801.521346</ele>
        <time>2026-01-20T03:09:14.524Z</time>
      </trkpt>
      <trkpt lat="44.721338" lon="15.141626">
        <ele>799.877481</ele>
        <time>2026-01-20T03:09:20.930Z</time>
      </trkpt>
      <trkpt lat="44.720347" lon="15.142141">
        <ele>795.256089</ele>
        <time>2026-01-20T03:09:46.142Z</time>
      </trkpt>
      <trkpt lat="44.720134" lon="15.142205">
        <ele>794.534104</ele>
        <time>2026-01-20T03:09:51.786Z</time>
      </trkpt>
      <trkpt lat="44.719753" lon="15.142549">
        <ele>793.033561</ele>
        <time>2026-01-20T03:10:03.646Z</time>
      </trkpt>
      <trkpt lat="44.719478" lon="15.142634">
        <ele>792.100239</ele>
        <time>2026-01-20T03:10:11.226Z</time>
      </trkpt>
      <trkpt lat="44.719082" lon="15.143836">
        <ele>791.014330</ele>
        <time>2026-01-20T03:10:39.366Z</time>
      </trkpt>
      <trkpt lat="44.718426" lon="15.144351">
        <ele>790.669377</ele>
        <time>2026-01-20T03:11:03.295Z</time>
      </trkpt>
      <trkpt lat="44.718152" lon="15.144780">
        <ele>790.344752</ele>
        <time>2026-01-20T03:11:17.938Z</time>
      </trkpt>
      <trkpt lat="44.717588" lon="15.146239">
        <ele>787.655326</ele>
        <time>2026-01-20T03:11:51.531Z</time>
      </trkpt>
      <trkpt lat="44.717496" lon="15.146926">
        <ele>786.523323</ele>
        <time>2026-01-20T03:12:03.519Z</time>
      </trkpt>
      <trkpt lat="44.717603" lon="15.147291">
        <ele>785.224246</ele>
        <time>2026-01-20T03:12:10.215Z</time>
      </trkpt>
      <trkpt lat="44.718075" lon="15.147505">
        <ele>782.695377</ele>
        <time>2026-01-20T03:12:21.988Z</time>
      </trkpt>
      <trkpt lat="44.718319" lon="15.148471">
        <ele>778.980312</ele>
        <time>2026-01-20T03:12:39.638Z</time>
      </trkpt>
      <trkpt lat="44.717771" lon="15.149801">
        <ele>771.084524</ele>
        <time>2026-01-20T03:13:05.598Z</time>
      </trkpt>
      <trkpt lat="44.717557" lon="15.151196">
        <ele>762.778390</ele>
        <time>2026-01-20T03:13:27.410Z</time>
      </trkpt>
      <trkpt lat="44.717694" lon="15.152183">
        <ele>755.974820</ele>
        <time>2026-01-20T03:13:42.424Z</time>
      </trkpt>
      <trkpt lat="44.717603" lon="15.152655">
        <ele>752.644137</ele>
        <time>2026-01-20T03:13:49.912Z</time>
      </trkpt>
      <trkpt lat="44.717862" lon="15.153170">
        <ele>748.347286</ele>
        <time>2026-01-20T03:13:59.786Z</time>
      </trkpt>
      <trkpt lat="44.717999" lon="15.154265">
        <ele>741.036145</ele>
        <time>2026-01-20T03:14:17.445Z</time>
      </trkpt>
      <trkpt lat="44.717755" lon="15.154801">
        <ele>736.952345</ele>
        <time>2026-01-20T03:14:27.416Z</time>
      </trkpt>
      <trkpt lat="44.717054" lon="15.155016">
        <ele>730.474839</ele>
        <time>2026-01-20T03:14:42.848Z</time>
      </trkpt>
      <trkpt lat="44.716551" lon="15.155530">
        <ele>724.780429</ele>
        <time>2026-01-20T03:14:56.204Z</time>
      </trkpt>
      <trkpt lat="44.716109" lon="15.156196">
        <ele>718.818849</ele>
        <time>2026-01-20T03:15:10.297Z</time>
      </trkpt>
      <trkpt lat="44.715987" lon="15.156775">
        <ele>714.868060</ele>
        <time>2026-01-20T03:15:19.780Z</time>
      </trkpt>
      <trkpt lat="44.715712" lon="15.157290">
        <ele>710.424818</ele>
        <time>2026-01-20T03:15:29.888Z</time>
      </trkpt>
      <trkpt lat="44.715422" lon="15.157397">
        <ele>707.318108</ele>
        <time>2026-01-20T03:15:36.410Z</time>
      </trkpt>
      <trkpt lat="44.714950" lon="15.157869">
        <ele>701.317823</ele>
        <time>2026-01-20T03:15:48.770Z</time>
      </trkpt>
      <trkpt lat="44.713654" lon="15.158642">
        <ele>686.288072</ele>
        <time>2026-01-20T03:16:18.316Z</time>
      </trkpt>
      <trkpt lat="44.713486" lon="15.158857">
        <ele>683.788084</ele>
        <time>2026-01-20T03:16:23.082Z</time>
      </trkpt>
      <trkpt lat="44.713242" lon="15.159629">
        <ele>677.177983</ele>
        <time>2026-01-20T03:16:35.794Z</time>
      </trkpt>
      <trkpt lat="44.712815" lon="15.160401">
        <ele>670.172152</ele>
        <time>2026-01-20T03:16:50.693Z</time>
      </trkpt>
      <trkpt lat="44.712310" lon="15.161948">
        <ele>658.765148</ele>
        <time>2026-01-20T03:17:17.017Z</time>
      </trkpt>
      <trkpt lat="44.711915" lon="15.163599">
        <ele>647.482926</ele>
        <time>2026-01-20T03:17:44.146Z</time>
      </trkpt>
      <trkpt lat="44.711528" lon="15.165443">
        <ele>635.175967</ele>
        <time>2026-01-20T03:18:13.797Z</time>
      </trkpt>
      <trkpt lat="44.711183" lon="15.167246">
        <ele>623.328684</ele>
        <time>2026-01-20T03:18:42.957Z</time>
      </trkpt>
      <trkpt lat="44.710800" lon="15.168716">
        <ele>613.528594</ele>
        <time>2026-01-20T03:19:07.266Z</time>
      </trkpt>
      <trkpt lat="44.710720" lon="15.169609">
        <ele>608.190964</ele>
        <time>2026-01-20T03:19:21.157Z</time>
      </trkpt>
      <trkpt lat="44.710497" lon="15.170637">
        <ele>603.543713</ele>
        <time>2026-01-20T03:19:38.627Z</time>
      </trkpt>
      <trkpt lat="44.710507" lon="15.170951">
        <ele>602.184697</ele>
        <time>2026-01-20T03:19:43.970Z</time>
      </trkpt>
      <trkpt lat="44.710619" lon="15.171216">
        <ele>600.851598</ele>
        <time>2026-01-20T03:19:49.259Z</time>
      </trkpt>
      <trkpt lat="44.710939" lon="15.171817">
        <ele>597.625968</ele>
        <time>2026-01-20T03:20:02.530Z</time>
      </trkpt>
      <trkpt lat="44.711549" lon="15.173641">
        <ele>589.519984</ele>
        <time>2026-01-20T03:20:37.236Z</time>
      </trkpt>
      <trkpt lat="44.711808" lon="15.175014">
        <ele>581.997324</ele>
        <time>2026-01-20T03:20:59.379Z</time>
      </trkpt>
      <trkpt lat="44.712014" lon="15.175311">
        <ele>579.558671</ele>
        <time>2026-01-20T03:21:05.755Z</time>
      </trkpt>
      <trkpt lat="44.712048" lon="15.176079">
        <ele>575.037099</ele>
        <time>2026-01-20T03:21:17.756Z</time>
      </trkpt>
      <trkpt lat="44.712082" lon="15.176242">
        <ele>574.038894</ele>
        <time>2026-01-20T03:21:20.436Z</time>
      </trkpt>
      <trkpt lat="44.712273" lon="15.176473">
        <ele>572.154313</ele>
        <time>2026-01-20T03:21:26.095Z</time>
      </trkpt>
      <trkpt lat="44.712580" lon="15.178167">
        <ele>564.130621</ele>
        <time>2026-01-20T03:21:55.116Z</time>
      </trkpt>
      <trkpt lat="44.712561" lon="15.178458">
        <ele>562.789412</ele>
        <time>2026-01-20T03:21:59.987Z</time>
      </trkpt>
      <trkpt lat="44.712272" lon="15.178830">
        <ele>560.114452</ele>
        <time>2026-01-20T03:22:09.108Z</time>
      </trkpt>
      <trkpt lat="44.712281" lon="15.179391">
        <ele>557.158536</ele>
        <time>2026-01-20T03:22:18.199Z</time>
      </trkpt>
      <trkpt lat="44.711992" lon="15.179906">
        <ele>553.701856</ele>
        <time>2026-01-20T03:22:28.638Z</time>
      </trkpt>
      <trkpt lat="44.711860" lon="15.180593">
        <ele>549.953006</ele>
        <time>2026-01-20T03:22:39.861Z</time>
      </trkpt>
      <trkpt lat="44.711646" lon="15.181446">
        <ele>545.240504</ele>
        <time>2026-01-20T03:22:54.277Z</time>
      </trkpt>
      <trkpt lat="44.711557" lon="15.181984">
        <ele>542.386930</ele>
        <time>2026-01-20T03:23:03.166Z</time>
      </trkpt>
      <trkpt lat="44.711553" lon="15.182185">
        <ele>541.348171</ele>
        <time>2026-01-20T03:23:06.433Z</time>
      </trkpt>
      <trkpt lat="44.711581" lon="15.182391">
        <ele>540.264700</ele>
        <time>2026-01-20T03:23:09.842Z</time>
      </trkpt>
      <trkpt lat="44.711719" lon="15.182891">
        <ele>537.493780</ele>
        <time>2026-01-20T03:23:18.563Z</time>
      </trkpt>
      <trkpt lat="44.711786" lon="15.183400">
        <ele>534.817579</ele>
        <time>2026-01-20T03:23:26.958Z</time>
      </trkpt>
      <trkpt lat="44.711788" lon="15.183580">
        <ele>533.777970</ele>
        <time>2026-01-20T03:23:29.839Z</time>
      </trkpt>
      <trkpt lat="44.711695" lon="15.184024">
        <ele>531.104857</ele>
        <time>2026-01-20T03:23:37.197Z</time>
      </trkpt>
      <trkpt lat="44.711532" lon="15.184439">
        <ele>528.366586</ele>
        <time>2026-01-20T03:23:44.633Z</time>
      </trkpt>
      <trkpt lat="44.711357" lon="15.184675">
        <ele>526.396874</ele>
        <time>2026-01-20T03:23:49.930Z</time>
      </trkpt>
      <trkpt lat="44.711170" lon="15.185026">
        <ele>523.863510</ele>
        <time>2026-01-20T03:23:56.725Z</time>
      </trkpt>
      <trkpt lat="44.711098" lon="15.186036">
        <ele>518.827119</ele>
        <time>2026-01-20T03:24:12.720Z</time>
      </trkpt>
      <trkpt lat="44.711026" lon="15.186250">
        <ele>517.968462</ele>
        <time>2026-01-20T03:24:16.554Z</time>
      </trkpt>
      <trkpt lat="44.710847" lon="15.186464">
        <ele>516.769848</ele>
        <time>2026-01-20T03:24:21.994Z</time>
      </trkpt>
      <trkpt lat="44.710768" lon="15.186615">
        <ele>516.089851</ele>
        <time>2026-01-20T03:24:25.138Z</time>
      </trkpt>
      <trkpt lat="44.710797" lon="15.187128">
        <ele>514.223553</ele>
        <time>2026-01-20T03:24:34.026Z</time>
      </trkpt>
      <trkpt lat="44.710768" lon="15.187290">
        <ele>513.617700</ele>
        <time>2026-01-20T03:24:37.026Z</time>
      </trkpt>
      <trkpt lat="44.710675" lon="15.187386">
        <ele>513.029113</ele>
        <time>2026-01-20T03:24:39.975Z</time>
      </trkpt>
      <trkpt lat="44.710608" lon="15.187418">
        <ele>512.668052</ele>
        <time>2026-01-20T03:24:41.809Z</time>
      </trkpt>
      <trkpt lat="44.710354" lon="15.187449">
        <ele>511.367018</ele>
        <time>2026-01-20T03:24:48.553Z</time>
      </trkpt>
      <trkpt lat="44.710372" lon="15.188204">
        <ele>510.410678</ele>
        <time>2026-01-20T03:24:56.891Z</time>
      </trkpt>
      <trkpt lat="44.710542" lon="15.189510">
        <ele>509.151425</ele>
        <time>2026-01-20T03:25:12.993Z</time>
      </trkpt>
      <trkpt lat="44.710634" lon="15.190594">
        <ele>508.416228</ele>
        <time>2026-01-20T03:25:26.219Z</time>
      </trkpt>
      <trkpt lat="44.710708" lon="15.190962">
        <ele>508.260604</ele>
        <time>2026-01-20T03:25:30.865Z</time>
      </trkpt>
      <trkpt lat="44.710812" lon="15.191285">
        <ele>508.116310</ele>
        <time>2026-01-20T03:25:35.199Z</time>
      </trkpt>
      <trkpt lat="44.711106" lon="15.192503">
        <ele>507.595619</ele>
        <time>2026-01-20T03:25:51.780Z</time>
      </trkpt>
      <trkpt lat="44.711281" lon="15.193253">
        <ele>507.320518</ele>
        <time>2026-01-20T03:26:03.281Z</time>
      </trkpt>
      <trkpt lat="44.711383" lon="15.193686">
        <ele>507.161545</ele>
        <time>2026-01-20T03:26:09.482Z</time>
      </trkpt>
      <trkpt lat="44.711549" lon="15.194394">
        <ele>506.901728</ele>
        <time>2026-01-20T03:26:18.838Z</time>
      </trkpt>
      <trkpt lat="44.711576" lon="15.194802">
        <ele>506.758927</ele>
        <time>2026-01-20T03:26:23.693Z</time>
      </trkpt>
      <trkpt lat="44.711640" lon="15.195274">
        <ele>506.387222</ele>
        <time>2026-01-20T03:26:29.180Z</time>
      </trkpt>
      <trkpt lat="44.711751" lon="15.195875">
        <ele>505.851569</ele>
        <time>2026-01-20T03:26:36.123Z</time>
      </trkpt>
      <trkpt lat="44.711789" lon="15.196466">
        <ele>505.339682</ele>
        <time>2026-01-20T03:26:42.792Z</time>
      </trkpt>
      <trkpt lat="44.711764" lon="15.196716">
        <ele>505.121904</ele>
        <time>2026-01-20T03:26:45.755Z</time>
      </trkpt>
      <trkpt lat="44.711721" lon="15.197141">
        <ele>504.751597</ele>
        <time>2026-01-20T03:26:51.018Z</time>
      </trkpt>
      <trkpt lat="44.711721" lon="15.197549">
        <ele>504.497959</ele>
        <time>2026-01-20T03:26:56.294Z</time>
      </trkpt>
      <trkpt lat="44.711759" lon="15.197946">
        <ele>504.383460</ele>
        <time>2026-01-20T03:27:01.702Z</time>
      </trkpt>
      <trkpt lat="44.711847" lon="15.198344">
        <ele>504.264322</ele>
        <time>2026-01-20T03:27:07.372Z</time>
      </trkpt>
      <trkpt lat="44.711869" lon="15.198540">
        <ele>504.207606</ele>
        <time>2026-01-20T03:27:10.031Z</time>
      </trkpt>
      <trkpt lat="44.711782" lon="15.199309">
        <ele>503.985037</ele>
        <time>2026-01-20T03:27:20.186Z</time>
      </trkpt>
      <trkpt lat="44.711769" lon="15.199791">
        <ele>503.847169</ele>
        <time>2026-01-20T03:27:26.219Z</time>
      </trkpt>
      <trkpt lat="44.711777" lon="15.200365">
        <ele>503.570538</ele>
        <time>2026-01-20T03:27:33.225Z</time>
      </trkpt>
      <trkpt lat="44.711716" lon="15.200989">
        <ele>503.245977</ele>
        <time>2026-01-20T03:27:40.843Z</time>
      </trkpt>
      <trkpt lat="44.711793" lon="15.201795">
        <ele>502.826926</ele>
        <time>2026-01-20T03:27:50.904Z</time>
      </trkpt>
      <trkpt lat="44.711789" lon="15.202377">
        <ele>502.527020</ele>
        <time>2026-01-20T03:27:58.237Z</time>
      </trkpt>
      <trkpt lat="44.711773" lon="15.202788">
        <ele>502.246666</ele>
        <time>2026-01-20T03:28:03.455Z</time>
      </trkpt>
      <trkpt lat="44.711927" lon="15.204494">
        <ele>501.064308</ele>
        <time>2026-01-20T03:28:24.324Z</time>
      </trkpt>
      <trkpt lat="44.712081" lon="15.206578">
        <ele>499.275281</ele>
        <time>2026-01-20T03:28:48.201Z</time>
      </trkpt>
      <trkpt lat="44.712102" lon="15.207334">
        <ele>498.598194</ele>
        <time>2026-01-20T03:28:57.190Z</time>
      </trkpt>
      <trkpt lat="44.712010" lon="15.207956">
        <ele>498.633206</ele>
        <time>2026-01-20T03:29:05.238Z</time>
      </trkpt>
      <trkpt lat="44.711827" lon="15.208771">
        <ele>498.821615</ele>
        <time>2026-01-20T03:29:17.212Z</time>
      </trkpt>
      <trkpt lat="44.711002" lon="15.211254">
        <ele>500.313937</ele>
        <time>2026-01-20T03:30:04.874Z</time>
      </trkpt>
      <trkpt lat="44.710878" lon="15.211779">
        <ele>500.741852</ele>
        <time>2026-01-20T03:30:15.142Z</time>
      </trkpt>
      <trkpt lat="44.710742" lon="15.212083">
        <ele>501.019701</ele>
        <time>2026-01-20T03:30:21.623Z</time>
      </trkpt>
      <trkpt lat="44.710497" lon="15.212654">
        <ele>501.067056</ele>
        <time>2026-01-20T03:30:32.959Z</time>
      </trkpt>
      <trkpt lat="44.710179" lon="15.213289">
        <ele>501.111701</ele>
        <time>2026-01-20T03:30:44.239Z</time>
      </trkpt>
      <trkpt lat="44.709929" lon="15.213857">
        <ele>501.150099</ele>
        <time>2026-01-20T03:30:52.864Z</time>
      </trkpt>
      <trkpt lat="44.709549" lon="15.214831">
        <ele>500.740787</ele>
        <time>2026-01-20T03:31:06.235Z</time>
      </trkpt>
      <trkpt lat="44.708515" lon="15.216730">
        <ele>499.607992</ele>
        <time>2026-01-20T03:31:35.013Z</time>
      </trkpt>
      <trkpt lat="44.708053" lon="15.217746">
        <ele>499.719212</ele>
        <time>2026-01-20T03:31:51.596Z</time>
      </trkpt>
      <trkpt lat="44.707345" lon="15.218977">
        <ele>500.527905</ele>
        <time>2026-01-20T03:32:19.483Z</time>
      </trkpt>
      <trkpt lat="44.707047" lon="15.219599">
        <ele>501.218499</ele>
        <time>2026-01-20T03:32:33.645Z</time>
      </trkpt>
      <trkpt lat="44.706995" lon="15.219781">
        <ele>501.399087</ele>
        <time>2026-01-20T03:32:37.261Z</time>
      </trkpt>
      <trkpt lat="44.706970" lon="15.220018">
        <ele>501.619668</ele>
        <time>2026-01-20T03:32:41.652Z</time>
      </trkpt>
      <trkpt lat="44.706810" lon="15.221558">
        <ele>502.554562</ele>
        <time>2026-01-20T03:33:10.131Z</time>
      </trkpt>
      <trkpt lat="44.706798" lon="15.222137">
        <ele>502.802652</ele>
        <time>2026-01-20T03:33:18.968Z</time>
      </trkpt>
      <trkpt lat="44.706829" lon="15.223021">
        <ele>503.181728</ele>
        <time>2026-01-20T03:33:31.624Z</time>
      </trkpt>
      <trkpt lat="44.706792" lon="15.223340">
        <ele>502.881200</ele>
        <time>2026-01-20T03:33:35.845Z</time>
      </trkpt>
      <trkpt lat="44.706704" lon="15.223792">
        <ele>502.314877</ele>
        <time>2026-01-20T03:33:41.720Z</time>
      </trkpt>
      <trkpt lat="44.706521" lon="15.224387">
        <ele>501.531435</ele>
        <time>2026-01-20T03:33:49.283Z</time>
      </trkpt>
      <trkpt lat="44.706063" lon="15.225418">
        <ele>499.995537</ele>
        <time>2026-01-20T03:34:02.078Z</time>
      </trkpt>
      <trkpt lat="44.705860" lon="15.225754">
        <ele>499.044170</ele>
        <time>2026-01-20T03:34:06.488Z</time>
      </trkpt>
      <trkpt lat="44.705609" lon="15.226092">
        <ele>497.989582</ele>
        <time>2026-01-20T03:34:11.418Z</time>
      </trkpt>
      <trkpt lat="44.705337" lon="15.226348">
        <ele>496.996274</ele>
        <time>2026-01-20T03:34:16.092Z</time>
      </trkpt>
      <trkpt lat="44.705129" lon="15.226571">
        <ele>496.202512</ele>
        <time>2026-01-20T03:34:19.832Z</time>
      </trkpt>
      <trkpt lat="44.705036" lon="15.226727">
        <ele>495.763250</ele>
        <time>2026-01-20T03:34:21.904Z</time>
      </trkpt>
      <trkpt lat="44.705017" lon="15.226863">
        <ele>495.464236</ele>
        <time>2026-01-20T03:34:23.319Z</time>
      </trkpt>
      <trkpt lat="44.705045" lon="15.227088">
        <ele>494.971447</ele>
        <time>2026-01-20T03:34:25.689Z</time>
      </trkpt>
      <trkpt lat="44.705118" lon="15.227356">
        <ele>494.587067</ele>
        <time>2026-01-20T03:34:28.719Z</time>
      </trkpt>
      <trkpt lat="44.705130" lon="15.228324">
        <ele>493.961007</ele>
        <time>2026-01-20T03:34:39.874Z</time>
      </trkpt>
      <trkpt lat="44.705087" lon="15.228677">
        <ele>493.729409</ele>
        <time>2026-01-20T03:34:44.251Z</time>
      </trkpt>
      <trkpt lat="44.704902" lon="15.229252">
        <ele>493.321257</ele>
        <time>2026-01-20T03:34:52.191Z</time>
      </trkpt>
      <trkpt lat="44.704896" lon="15.229561">
        <ele>493.121364</ele>
        <time>2026-01-20T03:34:56.524Z</time>
      </trkpt>
      <trkpt lat="44.705049" lon="15.230625">
        <ele>494.027125</ele>
        <time>2026-01-20T03:35:16.147Z</time>
      </trkpt>
      <trkpt lat="44.705055" lon="15.230931">
        <ele>494.332972</ele>
        <time>2026-01-20T03:35:22.829Z</time>
      </trkpt>
      <trkpt lat="44.705026" lon="15.231234">
        <ele>494.638437</ele>
        <time>2026-01-20T03:35:29.587Z</time>
      </trkpt>
      <trkpt lat="44.704890" lon="15.231578">
        <ele>495.031730</ele>
        <time>2026-01-20T03:35:38.163Z</time>
      </trkpt>
      <trkpt lat="44.704460" lon="15.232174">
        <ele>495.349050</ele>
        <time>2026-01-20T03:35:54.600Z</time>
      </trkpt>
      <trkpt lat="44.704382" lon="15.232372">
        <ele>495.175687</ele>
        <time>2026-01-20T03:35:57.771Z</time>
      </trkpt>
      <trkpt lat="44.704366" lon="15.232859">
        <ele>494.802341</ele>
        <time>2026-01-20T03:36:03.622Z</time>
      </trkpt>
      <trkpt lat="44.704316" lon="15.233031">
        <ele>494.660030</ele>
        <time>2026-01-20T03:36:05.751Z</time>
      </trkpt>
      <trkpt lat="44.704166" lon="15.233355">
        <ele>494.363912</ele>
        <time>2026-01-20T03:36:10.055Z</time>
      </trkpt>
      <trkpt lat="44.704054" lon="15.233676">
        <ele>494.090064</ele>
        <time>2026-01-20T03:36:13.929Z</time>
      </trkpt>
      <trkpt lat="44.704019" lon="15.233918">
        <ele>493.900939</ele>
        <time>2026-01-20T03:36:16.591Z</time>
      </trkpt>
      <trkpt lat="44.704028" lon="15.233986">
        <ele>493.847969</ele>
        <time>2026-01-20T03:36:17.334Z</time>
      </trkpt>
      <trkpt lat="44.704043" lon="15.234109">
        <ele>493.752397</ele>
        <time>2026-01-20T03:36:18.676Z</time>
      </trkpt>
      <trkpt lat="44.704117" lon="15.234223">
        <ele>493.631696</ele>
        <time>2026-01-20T03:36:20.299Z</time>
      </trkpt>
      <trkpt lat="44.704310" lon="15.234414">
        <ele>493.292510</ele>
        <time>2026-01-20T03:36:23.822Z</time>
      </trkpt>
      <trkpt lat="44.704584" lon="15.234795">
        <ele>492.738749</ele>
        <time>2026-01-20T03:36:29.625Z</time>
      </trkpt>
      <trkpt lat="44.704634" lon="15.235042">
        <ele>492.476362</ele>
        <time>2026-01-20T03:36:32.522Z</time>
      </trkpt>
      <trkpt lat="44.704579" lon="15.235634">
        <ele>491.866389</ele>
        <time>2026-01-20T03:36:39.835Z</time>
      </trkpt>
      <trkpt lat="44.704490" lon="15.236021">
        <ele>491.450820</ele>
        <time>2026-01-20T03:36:44.958Z</time>
      </trkpt>
      <trkpt lat="44.704553" lon="15.236815">
        <ele>490.856180</ele>
        <time>2026-01-20T03:36:54.694Z</time>
      </trkpt>
      <trkpt lat="44.704706" lon="15.237149">
        <ele>490.663654</ele>
        <time>2026-01-20T03:36:59.512Z</time>
      </trkpt>
      <trkpt lat="44.705276" lon="15.238308">
        <ele>489.980780</ele>
        <time>2026-01-20T03:37:17.107Z</time>
      </trkpt>
      <trkpt lat="44.705369" lon="15.238668">
        <ele>489.851219</ele>
        <time>2026-01-20T03:37:21.962Z</time>
      </trkpt>
      <trkpt lat="44.705449" lon="15.239054">
        <ele>489.970556</ele>
        <time>2026-01-20T03:37:27.076Z</time>
      </trkpt>
      <trkpt lat="44.705424" lon="15.239516">
        <ele>490.108075</ele>
        <time>2026-01-20T03:37:33.009Z</time>
      </trkpt>
      <trkpt lat="44.705449" lon="15.240038">
        <ele>490.263356</ele>
        <time>2026-01-20T03:37:39.773Z</time>
      </trkpt>
      <trkpt lat="44.705563" lon="15.240807">
        <ele>490.496508</ele>
        <time>2026-01-20T03:37:51.421Z</time>
      </trkpt>
      <trkpt lat="44.705610" lon="15.241274">
        <ele>491.283142</ele>
        <time>2026-01-20T03:38:01.729Z</time>
      </trkpt>
      <trkpt lat="44.705671" lon="15.241448">
        <ele>492.012266</ele>
        <time>2026-01-20T03:38:06.885Z</time>
      </trkpt>
      <trkpt lat="44.705720" lon="15.241706">
        <ele>493.015865</ele>
        <time>2026-01-20T03:38:14.428Z</time>
      </trkpt>
      <trkpt lat="44.705720" lon="15.241894">
        <ele>493.722379</ele>
        <time>2026-01-20T03:38:19.704Z</time>
      </trkpt>
      <trkpt lat="44.705619" lon="15.242237">
        <ele>495.117643</ele>
        <time>2026-01-20T03:38:31.412Z</time>
      </trkpt>
      <trkpt lat="44.705560" lon="15.242433">
        <ele>495.917565</ele>
        <time>2026-01-20T03:38:38.918Z</time>
      </trkpt>
      <trkpt lat="44.705483" lon="15.242668">
        <ele>496.890042</ele>
        <time>2026-01-20T03:38:48.485Z</time>
      </trkpt>
      <trkpt lat="44.705467" lon="15.242788">
        <ele>497.348878</ele>
        <time>2026-01-20T03:38:53.031Z</time>
      </trkpt>
      <trkpt lat="44.705377" lon="15.242747">
        <ele>497.849084</ele>
        <time>2026-01-20T03:38:59.571Z</time>
      </trkpt>
      <trkpt lat="44.705285" lon="15.242463">
        <ele>499.022012</ele>
        <time>2026-01-20T03:39:15.068Z</time>
      </trkpt>
      <trkpt lat="44.705179" lon="15.242312">
        <ele>499.819613</ele>
        <time>2026-01-20T03:39:26.281Z</time>
      </trkpt>
      <trkpt lat="44.705026" lon="15.242227">
        <ele>500.889672</ele>
        <time>2026-01-20T03:39:38.710Z</time>
      </trkpt>
      <trkpt lat="44.704915" lon="15.242232">
        <ele>501.673614</ele>
        <time>2026-01-20T03:39:47.100Z</time>
      </trkpt>
      <trkpt lat="44.704759" lon="15.242328">
        <ele>502.875528</ele>
        <time>2026-01-20T03:39:59.131Z</time>
      </trkpt>
      <trkpt lat="44.704641" lon="15.242479">
        <ele>504.001465</ele>
        <time>2026-01-20T03:40:09.669Z</time>
      </trkpt>
      <trkpt lat="44.704618" lon="15.242554">
        <ele>504.411277</ele>
        <time>2026-01-20T03:40:13.456Z</time>
      </trkpt>
      <trkpt lat="44.704626" lon="15.242683">
        <ele>505.060939</ele>
        <time>2026-01-20T03:40:19.174Z</time>
      </trkpt>
      <trkpt lat="44.704862" lon="15.242839">
        <ele>506.901536</ele>
        <time>2026-01-20T03:40:35.774Z</time>
      </trkpt>
      <trkpt lat="44.704896" lon="15.242908">
        <ele>507.322773</ele>
        <time>2026-01-20T03:40:39.566Z</time>
      </trkpt>
      <trkpt lat="44.704896" lon="15.242983">
        <ele>507.699051</ele>
        <time>2026-01-20T03:40:43.024Z</time>
      </trkpt>
      <trkpt lat="44.704839" lon="15.243053">
        <ele>508.233120</ele>
        <time>2026-01-20T03:40:47.862Z</time>
      </trkpt>
      <trkpt lat="44.704709" lon="15.243037">
        <ele>509.154284</ele>
        <time>2026-01-20T03:40:55.762Z</time>
      </trkpt>
      <trkpt lat="44.704576" lon="15.242972">
        <ele>510.148146</ele>
        <time>2026-01-20T03:41:04.336Z</time>
      </trkpt>
      <trkpt lat="44.704454" lon="15.242817">
        <ele>511.308483</ele>
        <time>2026-01-20T03:41:14.708Z</time>
      </trkpt>
      <trkpt lat="44.704416" lon="15.242673">
        <ele>512.079133</ele>
        <time>2026-01-20T03:41:21.924Z</time>
      </trkpt>
      <trkpt lat="44.704431" lon="15.242496">
        <ele>513.045305</ele>
        <time>2026-01-20T03:41:30.678Z</time>
      </trkpt>
      <trkpt lat="44.704493" lon="15.242222">
        <ele>515.047067</ele>
        <time>2026-01-20T03:41:45.412Z</time>
      </trkpt>
      <trkpt lat="44.704477" lon="15.242119">
        <ele>515.781018</ele>
        <time>2026-01-20T03:41:50.901Z</time>
      </trkpt>
      <trkpt lat="44.704405" lon="15.242044">
        <ele>516.658465</ele>
        <time>2026-01-20T03:41:57.612Z</time>
      </trkpt>
      <trkpt lat="44.704226" lon="15.241964">
        <ele>518.498015</ele>
        <time>2026-01-20T03:42:11.964Z</time>
      </trkpt>
      <trkpt lat="44.703882" lon="15.241905">
        <ele>521.892279</ele>
        <time>2026-01-20T03:42:40.769Z</time>
      </trkpt>
      <trkpt lat="44.703474" lon="15.241728">
        <ele>526.074107</ele>
        <time>2026-01-20T03:43:17.910Z</time>
      </trkpt>
      <trkpt lat="44.703234" lon="15.241568">
        <ele>528.675337</ele>
        <time>2026-01-20T03:43:41.294Z</time>
      </trkpt>
      <trkpt lat="44.702986" lon="15.241357">
        <ele>531.646195</ele>
        <time>2026-01-20T03:44:07.164Z</time>
      </trkpt>
      <trkpt lat="44.702776" lon="15.240698">
        <ele>537.273231</ele>
        <time>2026-01-20T03:44:51.907Z</time>
      </trkpt>
      <trkpt lat="44.702659" lon="15.240226">
        <ele>541.168063</ele>
        <time>2026-01-20T03:45:21.366Z</time>
      </trkpt>
      <trkpt lat="44.702582" lon="15.239610">
        <ele>546.041306</ele>
        <time>2026-01-20T03:45:58.787Z</time>
      </trkpt>
      <trkpt lat="44.702456" lon="15.238965">
        <ele>551.049459</ele>
        <time>2026-01-20T03:46:41.546Z</time>
      </trkpt>
      <trkpt lat="44.702410" lon="15.238922">
        <ele>551.545837</ele>
        <time>2026-01-20T03:46:46.750Z</time>
      </trkpt>
      <trkpt lat="44.702361" lon="15.238933">
        <ele>551.991813</ele>
        <time>2026-01-20T03:46:51.485Z</time>
      </trkpt>
      <trkpt lat="44.702311" lon="15.239008">
        <ele>552.648708</ele>
        <time>2026-01-20T03:46:58.446Z</time>
      </trkpt>
      <trkpt lat="44.702395" lon="15.239721">
        <ele>557.265708</ele>
        <time>2026-01-20T03:47:46.475Z</time>
      </trkpt>
      <trkpt lat="44.702376" lon="15.240558">
        <ele>562.615433</ele>
        <time>2026-01-20T03:48:33.269Z</time>
      </trkpt>
      <trkpt lat="44.702396" lon="15.241294">
        <ele>566.834566</ele>
        <time>2026-01-20T03:49:01.887Z</time>
      </trkpt>
      <trkpt lat="44.702502" lon="15.242114">
        <ele>569.653069</ele>
        <time>2026-01-20T03:49:27.517Z</time>
      </trkpt>
      <trkpt lat="44.702574" lon="15.242479">
        <ele>570.934052</ele>
        <time>2026-01-20T03:49:39.853Z</time>
      </trkpt>
      <trkpt lat="44.702841" lon="15.242961">
        <ele>573.000599</ele>
        <time>2026-01-20T03:50:03.348Z</time>
      </trkpt>
      <trkpt lat="44.702860" lon="15.243165">
        <ele>573.696364</ele>
        <time>2026-01-20T03:50:12.314Z</time>
      </trkpt>
      <trkpt lat="44.702822" lon="15.243332">
        <ele>574.289343</ele>
        <time>2026-01-20T03:50:20.415Z</time>
      </trkpt>
      <trkpt lat="44.702548" lon="15.243691">
        <ele>577.076434</ele>
        <time>2026-01-20T03:50:47.239Z</time>
      </trkpt>
      <trkpt lat="44.702468" lon="15.243858">
        <ele>578.316473</ele>
        <time>2026-01-20T03:50:58.626Z</time>
      </trkpt>
      <trkpt lat="44.702422" lon="15.244163">
        <ele>580.236308</ele>
        <time>2026-01-20T03:51:16.593Z</time>
      </trkpt>
      <trkpt lat="44.702414" lon="15.244383">
        <ele>581.592718</ele>
        <time>2026-01-20T03:51:29.722Z</time>
      </trkpt>
      <trkpt lat="44.702537" lon="15.244845">
        <ele>584.630472</ele>
        <time>2026-01-20T03:51:59.488Z</time>
      </trkpt>
      <trkpt lat="44.702532" lon="15.245005">
        <ele>585.616614</ele>
        <time>2026-01-20T03:52:08.827Z</time>
      </trkpt>
      <trkpt lat="44.702479" lon="15.245113">
        <ele>586.424724</ele>
        <time>2026-01-20T03:52:16.255Z</time>
      </trkpt>
      <trkpt lat="44.702395" lon="15.245161">
        <ele>587.210152</ele>
        <time>2026-01-20T03:52:23.343Z</time>
      </trkpt>
      <trkpt lat="44.702300" lon="15.245107">
        <ele>588.097775</ele>
        <time>2026-01-20T03:52:31.028Z</time>
      </trkpt>
      <trkpt lat="44.702239" lon="15.244995">
        <ele>588.966598</ele>
        <time>2026-01-20T03:52:38.330Z</time>
      </trkpt>
      <trkpt lat="44.702193" lon="15.244791">
        <ele>590.284418</ele>
        <time>2026-01-20T03:52:48.997Z</time>
      </trkpt>
      <trkpt lat="44.702231" lon="15.244169">
        <ele>593.078173</ele>
        <time>2026-01-20T03:53:18.030Z</time>
      </trkpt>
      <trkpt lat="44.702143" lon="15.243546">
        <ele>595.879421</ele>
        <time>2026-01-20T03:53:44.279Z</time>
      </trkpt>
      <trkpt lat="44.702079" lon="15.243450">
        <ele>596.459883</ele>
        <time>2026-01-20T03:53:49.772Z</time>
      </trkpt>
      <trkpt lat="44.702022" lon="15.243455">
        <ele>596.814238</ele>
        <time>2026-01-20T03:53:53.137Z</time>
      </trkpt>
      <trkpt lat="44.701960" lon="15.243546">
        <ele>597.370161</ele>
        <time>2026-01-20T03:53:58.395Z</time>
      </trkpt>
      <trkpt lat="44.701972" lon="15.243718">
        <ele>598.132354</ele>
        <time>2026-01-20T03:54:05.745Z</time>
      </trkpt>
      <trkpt lat="44.702041" lon="15.244077">
        <ele>599.772463</ele>
        <time>2026-01-20T03:54:21.626Z</time>
      </trkpt>
      <trkpt lat="44.701957" lon="15.244474">
        <ele>601.604463</ele>
        <time>2026-01-20T03:54:39.333Z</time>
      </trkpt>
      <trkpt lat="44.701945" lon="15.244984">
        <ele>604.845126</ele>
        <time>2026-01-20T03:55:02.698Z</time>
      </trkpt>
      <trkpt lat="44.701847" lon="15.245210">
        <ele>606.526416</ele>
        <time>2026-01-20T03:55:15.589Z</time>
      </trkpt>
      <trkpt lat="44.701690" lon="15.245425">
        <ele>608.484015</ele>
        <time>2026-01-20T03:55:31.091Z</time>
      </trkpt>
      <trkpt lat="44.701575" lon="15.245842">
        <ele>611.324650</ele>
        <time>2026-01-20T03:55:56.273Z</time>
      </trkpt>
      <trkpt lat="44.701587" lon="15.245992">
        <ele>612.283285</ele>
        <time>2026-01-20T03:56:05.685Z</time>
      </trkpt>
      <trkpt lat="44.701675" lon="15.246357">
        <ele>614.731049</ele>
        <time>2026-01-20T03:56:30.290Z</time>
      </trkpt>
      <trkpt lat="44.701629" lon="15.246953">
        <ele>618.577085</ele>
        <time>2026-01-20T03:57:08.060Z</time>
      </trkpt>
      <trkpt lat="44.701511" lon="15.247232">
        <ele>620.729593</ele>
        <time>2026-01-20T03:57:28.095Z</time>
      </trkpt>
      <trkpt lat="44.701362" lon="15.247682">
        <ele>624.020995</ele>
        <time>2026-01-20T03:57:57.770Z</time>
      </trkpt>
      <trkpt lat="44.701141" lon="15.248841">
        <ele>631.977045</ele>
        <time>2026-01-20T03:59:03.438Z</time>
      </trkpt>
      <trkpt lat="44.701144" lon="15.249672">
        <ele>637.479418</ele>
        <time>2026-01-20T03:59:42.793Z</time>
      </trkpt>
      <trkpt lat="44.701191" lon="15.249888">
        <ele>638.973522</ele>
        <time>2026-01-20T03:59:53.590Z</time>
      </trkpt>
      <trkpt lat="44.701160" lon="15.250026">
        <ele>639.930775</ele>
        <time>2026-01-20T04:00:00.756Z</time>
      </trkpt>
      <trkpt lat="44.701023" lon="15.250236">
        <ele>641.816109</ele>
        <time>2026-01-20T04:00:15.302Z</time>
      </trkpt>
      <trkpt lat="44.700958" lon="15.250466">
        <ele>643.453205</ele>
        <time>2026-01-20T04:00:28.458Z</time>
      </trkpt>
      <trkpt lat="44.700923" lon="15.250745">
        <ele>645.327084</ele>
        <time>2026-01-20T04:00:44.221Z</time>
      </trkpt>
      <trkpt lat="44.700977" lon="15.250922">
        <ele>646.601080</ele>
        <time>2026-01-20T04:00:55.349Z</time>
      </trkpt>
      <trkpt lat="44.700984" lon="15.251223">
        <ele>648.593014</ele>
        <time>2026-01-20T04:01:13.580Z</time>
      </trkpt>
      <trkpt lat="44.700748" lon="15.251921">
        <ele>654.239087</ele>
        <time>2026-01-20T04:02:04.987Z</time>
      </trkpt>
      <trkpt lat="44.700595" lon="15.252285">
        <ele>657.625532</ele>
        <time>2026-01-20T04:02:35.198Z</time>
      </trkpt>
      <trkpt lat="44.700569" lon="15.252510">
        <ele>659.450989</ele>
        <time>2026-01-20T04:02:51.973Z</time>
      </trkpt>
      <trkpt lat="44.700588" lon="15.252704">
        <ele>661.019221</ele>
        <time>2026-01-20T04:03:06.324Z</time>
      </trkpt>
      <trkpt lat="44.700519" lon="15.252999">
        <ele>663.506202</ele>
        <time>2026-01-20T04:03:28.370Z</time>
      </trkpt>
      <trkpt lat="44.700264" lon="15.253417">
        <ele>667.917372</ele>
        <time>2026-01-20T04:04:02.790Z</time>
      </trkpt>
      <trkpt lat="44.700168" lon="15.253739">
        <ele>670.713609</ele>
        <time>2026-01-20T04:04:21.721Z</time>
      </trkpt>
      <trkpt lat="44.700119" lon="15.254173">
        <ele>672.269971</ele>
        <time>2026-01-20T04:04:42.010Z</time>
      </trkpt>
      <trkpt lat="44.700004" lon="15.254812">
        <ele>673.842722</ele>
        <time>2026-01-20T04:05:06.523Z</time>
      </trkpt>
      <trkpt lat="44.699917" lon="15.255654">
        <ele>675.872834</ele>
        <time>2026-01-20T04:05:32.528Z</time>
      </trkpt>
      <trkpt lat="44.699898" lon="15.256115">
        <ele>676.974621</ele>
        <time>2026-01-20T04:05:44.217Z</time>
      </trkpt>
      <trkpt lat="44.699909" lon="15.256437">
        <ele>677.410181</ele>
        <time>2026-01-20T04:05:52.153Z</time>
      </trkpt>
      <trkpt lat="44.699868" lon="15.256738">
        <ele>677.235128</ele>
        <time>2026-01-20T04:05:59.392Z</time>
      </trkpt>
      <trkpt lat="44.699764" lon="15.257070">
        <ele>677.027897</ele>
        <time>2026-01-20T04:06:07.730Z</time>
      </trkpt>
      <trkpt lat="44.699619" lon="15.257419">
        <ele>676.796999</ele>
        <time>2026-01-20T04:06:16.580Z</time>
      </trkpt>
      <trkpt lat="44.699280" lon="15.257929">
        <ele>676.398169</ele>
        <time>2026-01-20T04:06:30.524Z</time>
      </trkpt>
      <trkpt lat="44.699013" lon="15.258482">
        <ele>676.012861</ele>
        <time>2026-01-20T04:06:42.953Z</time>
      </trkpt>
      <trkpt lat="44.698369" lon="15.258803">
        <ele>675.317051</ele>
        <time>2026-01-20T04:07:03.530Z</time>
      </trkpt>
      <trkpt lat="44.698006" lon="15.258769">
        <ele>674.946547</ele>
        <time>2026-01-20T04:07:15.654Z</time>
      </trkpt>
      <trkpt lat="44.697660" lon="15.258610">
        <ele>674.575851</ele>
        <time>2026-01-20T04:07:27.200Z</time>
      </trkpt>
      <trkpt lat="44.697534" lon="15.258637">
        <ele>674.446050</ele>
        <time>2026-01-20T04:07:30.976Z</time>
      </trkpt>
      <trkpt lat="44.697168" lon="15.259120">
        <ele>673.032479</ele>
        <time>2026-01-20T04:07:45.149Z</time>
      </trkpt>
      <trkpt lat="44.696661" lon="15.259882">
        <ele>669.679433</ele>
        <time>2026-01-20T04:08:02.970Z</time>
      </trkpt>
      <trkpt lat="44.696073" lon="15.260627">
        <ele>666.103088</ele>
        <time>2026-01-20T04:08:21.355Z</time>
      </trkpt>
      <trkpt lat="44.695795" lon="15.260820">
        <ele>665.430545</ele>
        <time>2026-01-20T04:08:28.893Z</time>
      </trkpt>
      <trkpt lat="44.695349" lon="15.261050">
        <ele>664.428133</ele>
        <time>2026-01-20T04:08:40.831Z</time>
      </trkpt>
      <trkpt lat="44.695223" lon="15.261191">
        <ele>664.088377</ele>
        <time>2026-01-20T04:08:45.064Z</time>
      </trkpt>
      <trkpt lat="44.695135" lon="15.261356">
        <ele>663.778946</ele>
        <time>2026-01-20T04:08:49.120Z</time>
      </trkpt>
      <trkpt lat="44.694944" lon="15.261501">
        <ele>663.320945</ele>
        <time>2026-01-20T04:08:55.553Z</time>
      </trkpt>
      <trkpt lat="44.694639" lon="15.261657">
        <ele>662.636100</ele>
        <time>2026-01-20T04:09:06.430Z</time>
      </trkpt>
      <trkpt lat="44.694376" lon="15.261946">
        <ele>662.555549</ele>
        <time>2026-01-20T04:09:19.685Z</time>
      </trkpt>
      <trkpt lat="44.694193" lon="15.262043">
        <ele>662.897114</ele>
        <time>2026-01-20T04:09:27.861Z</time>
      </trkpt>
      <trkpt lat="44.693721" lon="15.262033">
        <ele>663.721601</ele>
        <time>2026-01-20T04:09:48.996Z</time>
      </trkpt>
      <trkpt lat="44.693556" lon="15.262129">
        <ele>664.033467</ele>
        <time>2026-01-20T04:09:57.226Z</time>
      </trkpt>
      <trkpt lat="44.693011" lon="15.262875">
        <ele>665.361641</ele>
        <time>2026-01-20T04:10:27.737Z</time>
      </trkpt>
      <trkpt lat="44.692957" lon="15.263073">
        <ele>665.520988</ele>
        <time>2026-01-20T04:10:33.168Z</time>
      </trkpt>
      <trkpt lat="44.692942" lon="15.263309">
        <ele>665.669772</ele>
        <time>2026-01-20T04:10:39.076Z</time>
      </trkpt>
      <trkpt lat="44.693042" lon="15.263953">
        <ele>666.083696</ele>
        <time>2026-01-20T04:10:56.163Z</time>
      </trkpt>
      <trkpt lat="44.692900" lon="15.264682">
        <ele>666.558334</ele>
        <time>2026-01-20T04:11:16.256Z</time>
      </trkpt>
      <trkpt lat="44.692732" lon="15.264956">
        <ele>666.785544</ele>
        <time>2026-01-20T04:11:26.256Z</time>
      </trkpt>
      <trkpt lat="44.692542" lon="15.265202">
        <ele>666.963257</ele>
        <time>2026-01-20T04:11:36.182Z</time>
      </trkpt>
      <trkpt lat="44.691970" lon="15.265787">
        <ele>664.522540</ele>
        <time>2026-01-20T04:11:56.760Z</time>
      </trkpt>
      <trkpt lat="44.691783" lon="15.266243">
        <ele>663.230954</ele>
        <time>2026-01-20T04:12:05.894Z</time>
      </trkpt>
      <trkpt lat="44.691695" lon="15.266324">
        <ele>662.868003</ele>
        <time>2026-01-20T04:12:08.347Z</time>
      </trkpt>
      <trkpt lat="44.691585" lon="15.266372">
        <ele>662.470521</ele>
        <time>2026-01-20T04:12:11.056Z</time>
      </trkpt>
      <trkpt lat="44.691368" lon="15.266351">
        <ele>661.719834</ele>
        <time>2026-01-20T04:12:16.129Z</time>
      </trkpt>
      <trkpt lat="44.691104" lon="15.266409">
        <ele>660.797664</ele>
        <time>2026-01-20T04:12:22.337Z</time>
      </trkpt>
      <trkpt lat="44.690921" lon="15.266393">
        <ele>659.704479</ele>
        <time>2026-01-20T04:12:26.599Z</time>
      </trkpt>
      <trkpt lat="44.690685" lon="15.266313">
        <ele>658.255366</ele>
        <time>2026-01-20T04:12:32.264Z</time>
      </trkpt>
      <trkpt lat="44.690574" lon="15.266217">
        <ele>657.477535</ele>
        <time>2026-01-20T04:12:35.276Z</time>
      </trkpt>
      <trkpt lat="44.690508" lon="15.265968">
        <ele>656.349782</ele>
        <time>2026-01-20T04:12:39.679Z</time>
      </trkpt>
      <trkpt lat="44.690487" lon="15.265890">
        <ele>655.995827</ele>
        <time>2026-01-20T04:12:41.082Z</time>
      </trkpt>
      <trkpt lat="44.690159" lon="15.265375">
        <ele>653.061505</ele>
        <time>2026-01-20T04:12:52.697Z</time>
      </trkpt>
      <trkpt lat="44.689617" lon="15.264832">
        <ele>649.153200</ele>
        <time>2026-01-20T04:13:08.289Z</time>
      </trkpt>
      <trkpt lat="44.689571" lon="15.264746">
        <ele>648.726553</ele>
        <time>2026-01-20T04:13:10.058Z</time>
      </trkpt>
      <trkpt lat="44.689552" lon="15.264613">
        <ele>648.188763</ele>
        <time>2026-01-20T04:13:12.291Z</time>
      </trkpt>
      <trkpt lat="44.689518" lon="15.264081">
        <ele>646.071256</ele>
        <time>2026-01-20T04:13:21.020Z</time>
      </trkpt>
      <trkpt lat="44.689552" lon="15.263015">
        <ele>641.841071</ele>
        <time>2026-01-20T04:13:38.989Z</time>
      </trkpt>
      <trkpt lat="44.689739" lon="15.261882">
        <ele>637.609393</ele>
        <time>2026-01-20T04:13:59.244Z</time>
      </trkpt>
      <trkpt lat="44.689743" lon="15.261651">
        <ele>636.817497</ele>
        <time>2026-01-20T04:14:03.248Z</time>
      </trkpt>
      <trkpt lat="44.689682" lon="15.261362">
        <ele>635.784332</ele>
        <time>2026-01-20T04:14:08.449Z</time>
      </trkpt>
      <trkpt lat="44.689685" lon="15.261029">
        <ele>634.643013</ele>
        <time>2026-01-20T04:14:14.170Z</time>
      </trkpt>
      <trkpt lat="44.689777" lon="15.260369">
        <ele>632.338054</ele>
        <time>2026-01-20T04:14:25.672Z</time>
      </trkpt>
      <trkpt lat="44.689831" lon="15.260161">
        <ele>631.579174</ele>
        <time>2026-01-20T04:14:29.454Z</time>
      </trkpt>
      <trkpt lat="44.690033" lon="15.259757">
        <ele>629.695641</ele>
        <time>2026-01-20T04:14:37.896Z</time>
      </trkpt>
      <trkpt lat="44.690094" lon="15.259339">
        <ele>628.043685</ele>
        <time>2026-01-20T04:14:45.240Z</time>
      </trkpt>
      <trkpt lat="44.690082" lon="15.258921">
        <ele>626.424153</ele>
        <time>2026-01-20T04:14:52.383Z</time>
      </trkpt>
      <trkpt lat="44.690113" lon="15.258154">
        <ele>623.450053</ele>
        <time>2026-01-20T04:15:05.311Z</time>
      </trkpt>
      <trkpt lat="44.689865" lon="15.257708">
        <ele>621.152526</ele>
        <time>2026-01-20T04:15:14.734Z</time>
      </trkpt>
      <trkpt lat="44.689747" lon="15.257564">
        <ele>620.008775</ele>
        <time>2026-01-20T04:15:18.353Z</time>
      </trkpt>
      <trkpt lat="44.689697" lon="15.257419">
        <ele>619.169951</ele>
        <time>2026-01-20T04:15:20.997Z</time>
      </trkpt>
      <trkpt lat="44.689671" lon="15.257178">
        <ele>617.901178</ele>
        <time>2026-01-20T04:15:24.963Z</time>
      </trkpt>
      <trkpt lat="44.689663" lon="15.256722">
        <ele>615.526961</ele>
        <time>2026-01-20T04:15:32.305Z</time>
      </trkpt>
      <trkpt lat="44.689743" lon="15.256453">
        <ele>614.009235</ele>
        <time>2026-01-20T04:15:36.960Z</time>
      </trkpt>
      <trkpt lat="44.689735" lon="15.256238">
        <ele>612.888623</ele>
        <time>2026-01-20T04:15:40.391Z</time>
      </trkpt>
      <trkpt lat="44.689617" lon="15.255997">
        <ele>611.365491</ele>
        <time>2026-01-20T04:15:45.076Z</time>
      </trkpt>
      <trkpt lat="44.689442" lon="15.255810">
        <ele>609.756447</ele>
        <time>2026-01-20T04:15:50.016Z</time>
      </trkpt>
      <trkpt lat="44.689247" lon="15.255526">
        <ele>607.551832</ele>
        <time>2026-01-20T04:15:56.260Z</time>
      </trkpt>
      <trkpt lat="44.689125" lon="15.255268">
        <ele>605.591640</ele>
        <time>2026-01-20T04:16:01.085Z</time>
      </trkpt>
      <trkpt lat="44.689075" lon="15.255005">
        <ele>603.869417</ele>
        <time>2026-01-20T04:16:05.296Z</time>
      </trkpt>
      <trkpt lat="44.688961" lon="15.254838">
        <ele>602.404794</ele>
        <time>2026-01-20T04:16:08.832Z</time>
      </trkpt>
      <trkpt lat="44.688877" lon="15.254425">
        <ele>599.687294</ele>
        <time>2026-01-20T04:16:15.369Z</time>
      </trkpt>
      <trkpt lat="44.688450" lon="15.254157">
        <ele>595.526630</ele>
        <time>2026-01-20T04:16:25.454Z</time>
      </trkpt>
      <trkpt lat="44.688171" lon="15.253937">
        <ele>592.680508</ele>
        <time>2026-01-20T04:16:32.493Z</time>
      </trkpt>
      <trkpt lat="44.687916" lon="15.253498">
        <ele>589.902326</ele>
        <time>2026-01-20T04:16:41.657Z</time>
      </trkpt>
      <trkpt lat="44.687829" lon="15.253283">
        <ele>588.720964</ele>
        <time>2026-01-20T04:16:45.703Z</time>
      </trkpt>
      <trkpt lat="44.687806" lon="15.253112">
        <ele>587.889888</ele>
        <time>2026-01-20T04:16:48.596Z</time>
      </trkpt>
      <trkpt lat="44.687848" lon="15.252640">
        <ele>585.618321</ele>
        <time>2026-01-20T04:16:56.519Z</time>
      </trkpt>
      <trkpt lat="44.687966" lon="15.252237">
        <ele>583.537019</ele>
        <time>2026-01-20T04:17:03.782Z</time>
      </trkpt>
      <trkpt lat="44.687958" lon="15.252087">
        <ele>582.818700</ele>
        <time>2026-01-20T04:17:06.275Z</time>
      </trkpt>
      <trkpt lat="44.687897" lon="15.252000">
        <ele>582.235189</ele>
        <time>2026-01-20T04:17:08.315Z</time>
      </trkpt>
      <trkpt lat="44.687836" lon="15.252006">
        <ele>581.824457</ele>
        <time>2026-01-20T04:17:09.734Z</time>
      </trkpt>
      <trkpt lat="44.687794" lon="15.252070">
        <ele>581.408533</ele>
        <time>2026-01-20T04:17:11.187Z</time>
      </trkpt>
      <trkpt lat="44.687767" lon="15.252247">
        <ele>580.544052</ele>
        <time>2026-01-20T04:17:14.159Z</time>
      </trkpt>
      <trkpt lat="44.687515" lon="15.252430">
        <ele>578.648432</ele>
        <time>2026-01-20T04:17:20.596Z</time>
      </trkpt>
      <trkpt lat="44.687443" lon="15.252527">
        <ele>577.982502</ele>
        <time>2026-01-20T04:17:22.846Z</time>
      </trkpt>
      <trkpt lat="44.687336" lon="15.252821">
        <ele>576.414066</ele>
        <time>2026-01-20T04:17:28.114Z</time>
      </trkpt>
      <trkpt lat="44.687252" lon="15.252870">
        <ele>575.806656</ele>
        <time>2026-01-20T04:17:30.117Z</time>
      </trkpt>
      <trkpt lat="44.686814" lon="15.252628">
        <ele>572.663449</ele>
        <time>2026-01-20T04:17:40.672Z</time>
      </trkpt>
      <trkpt lat="44.686718" lon="15.252521">
        <ele>571.845306</ele>
        <time>2026-01-20T04:17:43.453Z</time>
      </trkpt>
      <trkpt lat="44.686661" lon="15.252301">
        <ele>570.733353</ele>
        <time>2026-01-20T04:17:47.292Z</time>
      </trkpt>
      <trkpt lat="44.686692" lon="15.252152">
        <ele>569.996104</ele>
        <time>2026-01-20T04:17:49.883Z</time>
      </trkpt>
      <trkpt lat="44.686803" lon="15.251980">
        <ele>568.892992</ele>
        <time>2026-01-20T04:17:53.787Z</time>
      </trkpt>
      <trkpt lat="44.686810" lon="15.251775">
        <ele>568.035130</ele>
        <time>2026-01-20T04:17:57.300Z</time>
      </trkpt>
      <trkpt lat="44.686776" lon="15.251523">
        <ele>567.194262</ele>
        <time>2026-01-20T04:18:01.750Z</time>
      </trkpt>
      <trkpt lat="44.686718" lon="15.251400">
        <ele>566.710406</ele>
        <time>2026-01-20T04:18:04.332Z</time>
      </trkpt>
      <trkpt lat="44.686634" lon="15.251384">
        <ele>566.319544</ele>
        <time>2026-01-20T04:18:06.428Z</time>
      </trkpt>
      <trkpt lat="44.686150" lon="15.251539">
        <ele>564.030686</ele>
        <time>2026-01-20T04:18:18.821Z</time>
      </trkpt>
      <trkpt lat="44.685975" lon="15.251889">
        <ele>562.627944</ele>
        <time>2026-01-20T04:18:26.297Z</time>
      </trkpt>
      <trkpt lat="44.685449" lon="15.252441">
        <ele>559.854782</ele>
        <time>2026-01-20T04:18:42.137Z</time>
      </trkpt>
      <trkpt lat="44.685380" lon="15.252574">
        <ele>559.656358</ele>
        <time>2026-01-20T04:18:44.988Z</time>
      </trkpt>
      <trkpt lat="44.685334" lon="15.253261">
        <ele>558.824738</ele>
        <time>2026-01-20T04:18:57.231Z</time>
      </trkpt>
      <trkpt lat="44.685342" lon="15.253396">
        <ele>558.661474</ele>
        <time>2026-01-20T04:18:59.767Z</time>
      </trkpt>
      <trkpt lat="44.685426" lon="15.253562">
        <ele>558.415918</ele>
        <time>2026-01-20T04:19:03.715Z</time>
      </trkpt>
      <trkpt lat="44.685437" lon="15.253664">
        <ele>558.291584</ele>
        <time>2026-01-20T04:19:05.762Z</time>
      </trkpt>
      <trkpt lat="44.685387" lon="15.253776">
        <ele>558.132201</ele>
        <time>2026-01-20T04:19:08.494Z</time>
      </trkpt>
      <trkpt lat="44.685021" lon="15.254034">
        <ele>557.438239</ele>
        <time>2026-01-20T04:19:21.551Z</time>
      </trkpt>
      <trkpt lat="44.684891" lon="15.254066">
        <ele>557.214528</ele>
        <time>2026-01-20T04:19:26.509Z</time>
      </trkpt>
      <trkpt lat="44.684766" lon="15.254056">
        <ele>557.002298</ele>
        <time>2026-01-20T04:19:31.527Z</time>
      </trkpt>
      <trkpt lat="44.684628" lon="15.253969">
        <ele>557.308332</ele>
        <time>2026-01-20T04:19:37.863Z</time>
      </trkpt>
      <trkpt lat="44.684488" lon="15.253959">
        <ele>557.716255</ele>
        <time>2026-01-20T04:19:44.006Z</time>
      </trkpt>
      <trkpt lat="44.684296" lon="15.253991">
        <ele>558.278879</ele>
        <time>2026-01-20T04:19:52.496Z</time>
      </trkpt>
      <trkpt lat="44.684102" lon="15.253937">
        <ele>558.854365</ele>
        <time>2026-01-20T04:20:01.500Z</time>
      </trkpt>
      <trkpt lat="44.683991" lon="15.253958">
        <ele>559.180281</ele>
        <time>2026-01-20T04:20:06.739Z</time>
      </trkpt>
      <trkpt lat="44.683934" lon="15.254018">
        <ele>559.387460</ele>
        <time>2026-01-20T04:20:10.130Z</time>
      </trkpt>
      <trkpt lat="44.683919" lon="15.254141">
        <ele>559.645661</ele>
        <time>2026-01-20T04:20:14.397Z</time>
      </trkpt>
      <trkpt lat="44.683938" lon="15.254345">
        <ele>560.071340</ele>
        <time>2026-01-20T04:20:21.620Z</time>
      </trkpt>
      <trkpt lat="44.683888" lon="15.254672">
        <ele>560.763367</ele>
        <time>2026-01-20T04:20:33.585Z</time>
      </trkpt>
      <trkpt lat="44.683763" lon="15.254988">
        <ele>561.511543</ele>
        <time>2026-01-20T04:20:46.644Z</time>
      </trkpt>
      <trkpt lat="44.683488" lon="15.255466">
        <ele>562.551444</ele>
        <time>2026-01-20T04:21:09.028Z</time>
      </trkpt>
      <trkpt lat="44.683423" lon="15.255627">
        <ele>562.785401</ele>
        <time>2026-01-20T04:21:15.522Z</time>
      </trkpt>
      <trkpt lat="44.683366" lon="15.255714">
        <ele>562.934895</ele>
        <time>2026-01-20T04:21:19.503Z</time>
      </trkpt>
      <trkpt lat="44.683145" lon="15.255718">
        <ele>563.327703</ele>
        <time>2026-01-20T04:21:29.511Z</time>
      </trkpt>
      <trkpt lat="44.682908" lon="15.255874">
        <ele>563.792761</ele>
        <time>2026-01-20T04:21:40.574Z</time>
      </trkpt>
      <trkpt lat="44.682706" lon="15.256041">
        <ele>564.209198</ele>
        <time>2026-01-20T04:21:49.765Z</time>
      </trkpt>
      <trkpt lat="44.682595" lon="15.256179">
        <ele>564.472500</ele>
        <time>2026-01-20T04:21:55.150Z</time>
      </trkpt>
      <trkpt lat="44.682542" lon="15.256372">
        <ele>564.733945</ele>
        <time>2026-01-20T04:22:00.345Z</time>
      </trkpt>
      <trkpt lat="44.682546" lon="15.256657">
        <ele>565.094158</ele>
        <time>2026-01-20T04:22:07.153Z</time>
      </trkpt>
      <trkpt lat="44.682333" lon="15.257489">
        <ele>565.572989</ele>
        <time>2026-01-20T04:22:26.399Z</time>
      </trkpt>
      <trkpt lat="44.682249" lon="15.257629">
        <ele>565.625929</ele>
        <time>2026-01-20T04:22:30.161Z</time>
      </trkpt>
      <trkpt lat="44.682164" lon="15.257644">
        <ele>565.660749</ele>
        <time>2026-01-20T04:22:32.676Z</time>
      </trkpt>
      <trkpt lat="44.681710" lon="15.257494">
        <ele>565.850303</ele>
        <time>2026-01-20T04:22:47.866Z</time>
      </trkpt>
      <trkpt lat="44.681600" lon="15.257537">
        <ele>565.896707</ele>
        <time>2026-01-20T04:22:52.227Z</time>
      </trkpt>
      <trkpt lat="44.681362" lon="15.257708">
        <ele>566.005336</ele>
        <time>2026-01-20T04:23:02.337Z</time>
      </trkpt>
      <trkpt lat="44.680879" lon="15.257885">
        <ele>566.408469</ele>
        <time>2026-01-20T04:23:21.875Z</time>
      </trkpt>
      <trkpt lat="44.680738" lon="15.257966">
        <ele>566.602962</ele>
        <time>2026-01-20T04:23:27.690Z</time>
      </trkpt>
      <trkpt lat="44.680616" lon="15.258095">
        <ele>566.797870</ele>
        <time>2026-01-20T04:23:33.576Z</time>
      </trkpt>
      <trkpt lat="44.680364" lon="15.258443">
        <ele>567.248859</ele>
        <time>2026-01-20T04:23:47.572Z</time>
      </trkpt>
      <trkpt lat="44.680246" lon="15.258754">
        <ele>567.568927</ele>
        <time>2026-01-20T04:23:58.202Z</time>
      </trkpt>
      <trkpt lat="44.680154" lon="15.258894">
        <ele>567.742017</ele>
        <time>2026-01-20T04:24:03.757Z</time>
      </trkpt>
      <trkpt lat="44.679403" lon="15.259892">
        <ele>567.992709</ele>
        <time>2026-01-20T04:24:40.353Z</time>
      </trkpt>
      <trkpt lat="44.679258" lon="15.260155">
        <ele>567.797992</ele>
        <time>2026-01-20T04:24:47.138Z</time>
      </trkpt>
      <trkpt lat="44.679166" lon="15.260407">
        <ele>567.632249</ele>
        <time>2026-01-20T04:24:52.637Z</time>
      </trkpt>
      <trkpt lat="44.679113" lon="15.260669">
        <ele>567.472871</ele>
        <time>2026-01-20T04:24:57.825Z</time>
      </trkpt>
      <trkpt lat="44.679113" lon="15.260900">
        <ele>567.337714</ele>
        <time>2026-01-20T04:25:02.218Z</time>
      </trkpt>
      <trkpt lat="44.679067" lon="15.261099">
        <ele>567.215282</ele>
        <time>2026-01-20T04:25:06.247Z</time>
      </trkpt>
      <trkpt lat="44.678888" lon="15.261447">
        <ele>566.963978</ele>
        <time>2026-01-20T04:25:14.809Z</time>
      </trkpt>
      <trkpt lat="44.678652" lon="15.261824">
        <ele>567.588505</ele>
        <time>2026-01-20T04:25:25.687Z</time>
      </trkpt>
      <trkpt lat="44.678377" lon="15.261973">
        <ele>568.198054</ele>
        <time>2026-01-20T04:25:36.496Z</time>
      </trkpt>
      <trkpt lat="44.678178" lon="15.262204">
        <ele>568.731757</ele>
        <time>2026-01-20T04:25:47.753Z</time>
      </trkpt>
      <trkpt lat="44.677999" lon="15.262483">
        <ele>569.284432</ele>
        <time>2026-01-20T04:26:01.066Z</time>
      </trkpt>
      <trkpt lat="44.677923" lon="15.262740">
        <ele>569.693797</ele>
        <time>2026-01-20T04:26:11.645Z</time>
      </trkpt>
      <trkpt lat="44.677896" lon="15.263325">
        <ele>570.555992</ele>
        <time>2026-01-20T04:26:34.796Z</time>
      </trkpt>
      <trkpt lat="44.677835" lon="15.263518">
        <ele>570.574417</ele>
        <time>2026-01-20T04:26:42.450Z</time>
      </trkpt>
      <trkpt lat="44.677725" lon="15.263739">
        <ele>570.431742</ele>
        <time>2026-01-20T04:26:51.295Z</time>
      </trkpt>
      <trkpt lat="44.677546" lon="15.264012">
        <ele>570.235339</ele>
        <time>2026-01-20T04:27:01.664Z</time>
      </trkpt>
      <trkpt lat="44.677374" lon="15.264345">
        <ele>570.017656</ele>
        <time>2026-01-20T04:27:10.568Z</time>
      </trkpt>
      <trkpt lat="44.676969" lon="15.264553">
        <ele>569.696960</ele>
        <time>2026-01-20T04:27:22.211Z</time>
      </trkpt>
      <trkpt lat="44.676824" lon="15.264666">
        <ele>569.573657</ele>
        <time>2026-01-20T04:27:26.519Z</time>
      </trkpt>
      <trkpt lat="44.676794" lon="15.264918">
        <ele>569.438519</ele>
        <time>2026-01-20T04:27:31.193Z</time>
      </trkpt>
      <trkpt lat="44.676832" lon="15.265069">
        <ele>569.353801</ele>
        <time>2026-01-20T04:27:34.096Z</time>
      </trkpt>
      <trkpt lat="44.676813" lon="15.265218">
        <ele>569.041911</ele>
        <time>2026-01-20T04:27:36.789Z</time>
      </trkpt>
      <trkpt lat="44.676744" lon="15.265321">
        <ele>568.534846</ele>
        <time>2026-01-20T04:27:39.250Z</time>
      </trkpt>
      <trkpt lat="44.676263" lon="15.265690">
        <ele>565.773814</ele>
        <time>2026-01-20T04:27:52.372Z</time>
      </trkpt>
      <trkpt lat="44.675897" lon="15.265723">
        <ele>563.925693</ele>
        <time>2026-01-20T04:28:00.932Z</time>
      </trkpt>
      <trkpt lat="44.675359" lon="15.266045">
        <ele>560.979298</ele>
        <time>2026-01-20T04:28:14.753Z</time>
      </trkpt>
      <trkpt lat="44.674997" lon="15.266098">
        <ele>559.470726</ele>
        <time>2026-01-20T04:28:23.605Z</time>
      </trkpt>
      <trkpt lat="44.674616" lon="15.266098">
        <ele>558.116317</ele>
        <time>2026-01-20T04:28:33.020Z</time>
      </trkpt>
      <trkpt lat="44.674433" lon="15.265970">
        <ele>557.389745</ele>
        <time>2026-01-20T04:28:38.165Z</time>
      </trkpt>
      <trkpt lat="44.674165" lon="15.265701">
        <ele>556.219246</ele>
        <time>2026-01-20T04:28:46.628Z</time>
      </trkpt>
      <trkpt lat="44.673834" lon="15.265572">
        <ele>554.998228</ele>
        <time>2026-01-20T04:28:55.769Z</time>
      </trkpt>
      <trkpt lat="44.673460" lon="15.265327">
        <ele>553.695316</ele>
        <time>2026-01-20T04:29:06.879Z</time>
      </trkpt>
      <trkpt lat="44.673330" lon="15.265218">
        <ele>553.428655</ele>
        <time>2026-01-20T04:29:10.928Z</time>
      </trkpt>
      <trkpt lat="44.673254" lon="15.265009">
        <ele>553.134553</ele>
        <time>2026-01-20T04:29:15.358Z</time>
      </trkpt>
      <trkpt lat="44.672926" lon="15.264361">
        <ele>552.138017</ele>
        <time>2026-01-20T04:29:30.154Z</time>
      </trkpt>
      <trkpt lat="44.672827" lon="15.264302">
        <ele>551.948579</ele>
        <time>2026-01-20T04:29:33.019Z</time>
      </trkpt>
      <trkpt lat="44.672659" lon="15.264344">
        <ele>551.647950</ele>
        <time>2026-01-20T04:29:37.625Z</time>
      </trkpt>
      <trkpt lat="44.672483" lon="15.264344">
        <ele>551.337868</ele>
        <time>2026-01-20T04:29:42.513Z</time>
      </trkpt>
      <trkpt lat="44.672418" lon="15.264274">
        <ele>551.193623</ele>
        <time>2026-01-20T04:29:44.856Z</time>
      </trkpt>
      <trkpt lat="44.672308" lon="15.263931">
        <ele>550.722198</ele>
        <time>2026-01-20T04:29:52.930Z</time>
      </trkpt>
      <trkpt lat="44.672178" lon="15.263808">
        <ele>551.132397</ele>
        <time>2026-01-20T04:29:58.216Z</time>
      </trkpt>
      <trkpt lat="44.672033" lon="15.263732">
        <ele>551.635409</ele>
        <time>2026-01-20T04:30:04.117Z</time>
      </trkpt>
      <trkpt lat="44.671854" lon="15.263534">
        <ele>552.375711</ele>
        <time>2026-01-20T04:30:13.937Z</time>
      </trkpt>
      <trkpt lat="44.671506" lon="15.262799">
        <ele>554.416892</ele>
        <time>2026-01-20T04:30:46.693Z</time>
      </trkpt>
      <trkpt lat="44.671091" lon="15.262483">
        <ele>555.950967</ele>
        <time>2026-01-20T04:31:14.059Z</time>
      </trkpt>
      <trkpt lat="44.670702" lon="15.261899">
        <ele>558.569993</ele>
        <time>2026-01-20T04:31:45.294Z</time>
      </trkpt>
      <trkpt lat="44.670504" lon="15.261748">
        <ele>559.746855</ele>
        <time>2026-01-20T04:31:57.490Z</time>
      </trkpt>
      <trkpt lat="44.670408" lon="15.261555">
        <ele>560.621984</ele>
        <time>2026-01-20T04:32:06.646Z</time>
      </trkpt>
      <trkpt lat="44.670358" lon="15.261378">
        <ele>561.329645</ele>
        <time>2026-01-20T04:32:14.148Z</time>
      </trkpt>
      <trkpt lat="44.670290" lon="15.261308">
        <ele>561.769962</ele>
        <time>2026-01-20T04:32:18.869Z</time>
      </trkpt>
      <trkpt lat="44.670103" lon="15.261255">
        <ele>562.766647</ele>
        <time>2026-01-20T04:32:29.579Z</time>
      </trkpt>
      <trkpt lat="44.669923" lon="15.261249">
        <ele>563.707374</ele>
        <time>2026-01-20T04:32:40.008Z</time>
      </trkpt>
      <trkpt lat="44.669759" lon="15.261104">
        <ele>564.719551</ele>
        <time>2026-01-20T04:32:51.497Z</time>
      </trkpt>
      <trkpt lat="44.669649" lon="15.260262">
        <ele>568.786175</ele>
        <time>2026-01-20T04:33:30.759Z</time>
      </trkpt>
      <trkpt lat="44.669569" lon="15.260155">
        <ele>569.622519</ele>
        <time>2026-01-20T04:33:38.447Z</time>
      </trkpt>
      <trkpt lat="44.669428" lon="15.260069">
        <ele>570.786722</ele>
        <time>2026-01-20T04:33:49.347Z</time>
      </trkpt>
      <trkpt lat="44.669313" lon="15.260036">
        <ele>571.675784</ele>
        <time>2026-01-20T04:33:57.783Z</time>
      </trkpt>
      <trkpt lat="44.668996" lon="15.260122">
        <ele>574.121294</ele>
        <time>2026-01-20T04:34:21.359Z</time>
      </trkpt>
      <trkpt lat="44.668729" lon="15.259994">
        <ele>576.258094</ele>
        <time>2026-01-20T04:34:42.139Z</time>
      </trkpt>
      <trkpt lat="44.668649" lon="15.260027">
        <ele>576.889619</ele>
        <time>2026-01-20T04:34:48.230Z</time>
      </trkpt>
      <trkpt lat="44.668531" lon="15.260139">
        <ele>577.968032</ele>
        <time>2026-01-20T04:34:58.728Z</time>
      </trkpt>
      <trkpt lat="44.668306" lon="15.260224">
        <ele>579.667582</ele>
        <time>2026-01-20T04:35:15.742Z</time>
      </trkpt>
      <trkpt lat="44.668275" lon="15.260299">
        <ele>579.962517</ele>
        <time>2026-01-20T04:35:20.166Z</time>
      </trkpt>
      <trkpt lat="44.668214" lon="15.261077">
        <ele>582.623706</ele>
        <time>2026-01-20T04:35:59.105Z</time>
      </trkpt>
      <trkpt lat="44.668180" lon="15.261207">
        <ele>583.094640</ele>
        <time>2026-01-20T04:36:05.489Z</time>
      </trkpt>
      <trkpt lat="44.667963" lon="15.261384">
        <ele>584.293956</ele>
        <time>2026-01-20T04:36:20.809Z</time>
      </trkpt>
      <trkpt lat="44.667894" lon="15.261522">
        <ele>584.867503</ele>
        <time>2026-01-20T04:36:27.603Z</time>
      </trkpt>
      <trkpt lat="44.667871" lon="15.261715">
        <ele>585.532846</ele>
        <time>2026-01-20T04:36:34.905Z</time>
      </trkpt>
      <trkpt lat="44.667768" lon="15.262065">
        <ele>586.820692</ele>
        <time>2026-01-20T04:36:47.098Z</time>
      </trkpt>
      <trkpt lat="44.667516" lon="15.262429">
        <ele>588.095731</ele>
        <time>2026-01-20T04:36:59.890Z</time>
      </trkpt>
      <trkpt lat="44.667337" lon="15.262906">
        <ele>587.820822</ele>
        <time>2026-01-20T04:37:11.040Z</time>
      </trkpt>
      <trkpt lat="44.667093" lon="15.263137">
        <ele>587.609999</ele>
        <time>2026-01-20T04:37:18.947Z</time>
      </trkpt>
      <trkpt lat="44.666913" lon="15.263395">
        <ele>587.425777</ele>
        <time>2026-01-20T04:37:25.788Z</time>
      </trkpt>
      <trkpt lat="44.666780" lon="15.263476">
        <ele>587.321897</ele>
        <time>2026-01-20T04:37:29.775Z</time>
      </trkpt>
      <trkpt lat="44.666604" lon="15.263491">
        <ele>587.195524</ele>
        <time>2026-01-20T04:37:34.727Z</time>
      </trkpt>
      <trkpt lat="44.666311" lon="15.263465">
        <ele>586.985110</ele>
        <time>2026-01-20T04:37:43.529Z</time>
      </trkpt>
      <trkpt lat="44.666177" lon="15.263546">
        <ele>586.880572</ele>
        <time>2026-01-20T04:37:48.256Z</time>
      </trkpt>
      <trkpt lat="44.666067" lon="15.263733">
        <ele>587.084100</ele>
        <time>2026-01-20T04:37:54.405Z</time>
      </trkpt>
      <trkpt lat="44.665959" lon="15.263845">
        <ele>587.277477</ele>
        <time>2026-01-20T04:37:59.439Z</time>
      </trkpt>
      <trkpt lat="44.665761" lon="15.263980">
        <ele>587.594568</ele>
        <time>2026-01-20T04:38:08.298Z</time>
      </trkpt>
      <trkpt lat="44.665429" lon="15.264082">
        <ele>588.084263</ele>
        <time>2026-01-20T04:38:22.535Z</time>
      </trkpt>
      <trkpt lat="44.665326" lon="15.264210">
        <ele>588.282348</ele>
        <time>2026-01-20T04:38:28.430Z</time>
      </trkpt>
      <trkpt lat="44.664899" lon="15.265064">
        <ele>589.352225</ele>
        <time>2026-01-20T04:38:57.964Z</time>
      </trkpt>
      <trkpt lat="44.663907" lon="15.266035">
        <ele>592.960680</ele>
        <time>2026-01-20T04:39:48.959Z</time>
      </trkpt>
      <trkpt lat="44.663705" lon="15.266130">
        <ele>593.617699</ele>
        <time>2026-01-20T04:40:00.412Z</time>
      </trkpt>
      <trkpt lat="44.663594" lon="15.266136">
        <ele>593.960341</ele>
        <time>2026-01-20T04:40:06.418Z</time>
      </trkpt>
      <trkpt lat="44.662949" lon="15.265944">
        <ele>597.337649</ele>
        <time>2026-01-20T04:40:42.737Z</time>
      </trkpt>
      <trkpt lat="44.662762" lon="15.265943">
        <ele>598.698490</ele>
        <time>2026-01-20T04:40:54.125Z</time>
      </trkpt>
      <trkpt lat="44.662388" lon="15.266211">
        <ele>601.753266</ele>
        <time>2026-01-20T04:41:22.955Z</time>
      </trkpt>
      <trkpt lat="44.662083" lon="15.266388">
        <ele>604.154449</ele>
        <time>2026-01-20T04:41:46.340Z</time>
      </trkpt>
      <trkpt lat="44.661927" lon="15.266420">
        <ele>605.301707</ele>
        <time>2026-01-20T04:41:57.753Z</time>
      </trkpt>
      <trkpt lat="44.661614" lon="15.266142">
        <ele>607.995906</ele>
        <time>2026-01-20T04:42:25.562Z</time>
      </trkpt>
      <trkpt lat="44.661225" lon="15.265937">
        <ele>612.562178</ele>
        <time>2026-01-20T04:42:59.605Z</time>
      </trkpt>
      <trkpt lat="44.661076" lon="15.265937">
        <ele>614.218594</ele>
        <time>2026-01-20T04:43:13.002Z</time>
      </trkpt>
      <trkpt lat="44.660885" lon="15.265991">
        <ele>616.384428</ele>
        <time>2026-01-20T04:43:31.590Z</time>
      </trkpt>
      <trkpt lat="44.660515" lon="15.265937">
        <ele>620.519781</ele>
        <time>2026-01-20T04:44:06.616Z</time>
      </trkpt>
      <trkpt lat="44.660244" lon="15.266082">
        <ele>623.743261</ele>
        <time>2026-01-20T04:44:32.774Z</time>
      </trkpt>
      <trkpt lat="44.659977" lon="15.266297">
        <ele>627.163864</ele>
        <time>2026-01-20T04:45:00.339Z</time>
      </trkpt>
      <trkpt lat="44.659397" lon="15.266661">
        <ele>633.540899</ele>
        <time>2026-01-20T04:45:56.085Z</time>
      </trkpt>
      <trkpt lat="44.659279" lon="15.266683">
        <ele>634.716640</ele>
        <time>2026-01-20T04:46:06.253Z</time>
      </trkpt>
      <trkpt lat="44.659183" lon="15.266619">
        <ele>635.766084</ele>
        <time>2026-01-20T04:46:15.176Z</time>
      </trkpt>
      <trkpt lat="44.659077" lon="15.266496">
        <ele>637.123664</ele>
        <time>2026-01-20T04:46:26.620Z</time>
      </trkpt>
      <trkpt lat="44.658813" lon="15.265932">
        <ele>641.867271</ele>
        <time>2026-01-20T04:47:04.871Z</time>
      </trkpt>
      <trkpt lat="44.658741" lon="15.265900">
        <ele>642.613137</ele>
        <time>2026-01-20T04:47:10.724Z</time>
      </trkpt>
      <trkpt lat="44.658626" lon="15.265900">
        <ele>643.749041</ele>
        <time>2026-01-20T04:47:19.464Z</time>
      </trkpt>
      <trkpt lat="44.658512" lon="15.265959">
        <ele>644.948945</ele>
        <time>2026-01-20T04:47:28.673Z</time>
      </trkpt>
      <trkpt lat="44.658417" lon="15.266051">
        <ele>645.961353</ele>
        <time>2026-01-20T04:47:37.276Z</time>
      </trkpt>
      <trkpt lat="44.658336" lon="15.266205">
        <ele>646.572135</ele>
        <time>2026-01-20T04:47:47.226Z</time>
      </trkpt>
      <trkpt lat="44.658218" lon="15.266340">
        <ele>647.254195</ele>
        <time>2026-01-20T04:47:57.923Z</time>
      </trkpt>
      <trkpt lat="44.658092" lon="15.266389">
        <ele>647.840298</ele>
        <time>2026-01-20T04:48:06.795Z</time>
      </trkpt>
      <trkpt lat="44.657844" lon="15.266265">
        <ele>649.020369</ele>
        <time>2026-01-20T04:48:23.648Z</time>
      </trkpt>
      <trkpt lat="44.657741" lon="15.266286">
        <ele>649.486974</ele>
        <time>2026-01-20T04:48:29.872Z</time>
      </trkpt>
      <trkpt lat="44.657649" lon="15.266356">
        <ele>649.955967</ele>
        <time>2026-01-20T04:48:35.852Z</time>
      </trkpt>
      <trkpt lat="44.657573" lon="15.266533">
        <ele>650.615289</ele>
        <time>2026-01-20T04:48:43.821Z</time>
      </trkpt>
      <trkpt lat="44.657451" lon="15.266688">
        <ele>651.352508</ele>
        <time>2026-01-20T04:48:52.061Z</time>
      </trkpt>
      <trkpt lat="44.657153" lon="15.266919">
        <ele>652.878152</ele>
        <time>2026-01-20T04:49:06.743Z</time>
      </trkpt>
      <trkpt lat="44.656901" lon="15.266924">
        <ele>653.850365</ele>
        <time>2026-01-20T04:49:15.699Z</time>
      </trkpt>
      <trkpt lat="44.656642" lon="15.266881">
        <ele>652.936713</ele>
        <time>2026-01-20T04:49:23.538Z</time>
      </trkpt>
      <trkpt lat="44.656516" lon="15.266812">
        <ele>652.462993</ele>
        <time>2026-01-20T04:49:27.293Z</time>
      </trkpt>
      <trkpt lat="44.656356" lon="15.266785">
        <ele>651.898447</ele>
        <time>2026-01-20T04:49:31.588Z</time>
      </trkpt>
      <trkpt lat="44.656172" lon="15.266640">
        <ele>651.159476</ele>
        <time>2026-01-20T04:49:36.969Z</time>
      </trkpt>
      <trkpt lat="44.656047" lon="15.266645">
        <ele>650.721390</ele>
        <time>2026-01-20T04:49:40.101Z</time>
      </trkpt>
      <trkpt lat="44.655871" lon="15.266743">
        <ele>650.058211</ele>
        <time>2026-01-20T04:49:44.694Z</time>
      </trkpt>
      <trkpt lat="44.655696" lon="15.266946">
        <ele>649.263370</ele>
        <time>2026-01-20T04:49:50.127Z</time>
      </trkpt>
      <trkpt lat="44.655562" lon="15.267037">
        <ele>648.742026</ele>
        <time>2026-01-20T04:49:53.631Z</time>
      </trkpt>
      <trkpt lat="44.655051" lon="15.266967">
        <ele>646.223208</ele>
        <time>2026-01-20T04:50:05.611Z</time>
      </trkpt>
      <trkpt lat="44.654871" lon="15.267010">
        <ele>644.901172</ele>
        <time>2026-01-20T04:50:09.814Z</time>
      </trkpt>
      <trkpt lat="44.654581" lon="15.267246">
        <ele>642.474857</ele>
        <time>2026-01-20T04:50:17.526Z</time>
      </trkpt>
      <trkpt lat="44.654432" lon="15.267305">
        <ele>641.353988</ele>
        <time>2026-01-20T04:50:21.066Z</time>
      </trkpt>
      <trkpt lat="44.654246" lon="15.267285">
        <ele>640.003258</ele>
        <time>2026-01-20T04:50:25.338Z</time>
      </trkpt>
      <trkpt lat="44.653948" lon="15.267547">
        <ele>637.458225</ele>
        <time>2026-01-20T04:50:33.273Z</time>
      </trkpt>
      <trkpt lat="44.653830" lon="15.267740">
        <ele>636.147383</ele>
        <time>2026-01-20T04:50:37.299Z</time>
      </trkpt>
      <trkpt lat="44.653750" lon="15.267982">
        <ele>634.772846</ele>
        <time>2026-01-20T04:50:41.483Z</time>
      </trkpt>
      <trkpt lat="44.653642" lon="15.268196">
        <ele>632.916935</ele>
        <time>2026-01-20T04:50:45.540Z</time>
      </trkpt>
      <trkpt lat="44.653483" lon="15.268379">
        <ele>630.789361</ele>
        <time>2026-01-20T04:50:49.989Z</time>
      </trkpt>
      <trkpt lat="44.653261" lon="15.268523">
        <ele>628.258006</ele>
        <time>2026-01-20T04:50:55.204Z</time>
      </trkpt>
      <trkpt lat="44.653044" lon="15.268508">
        <ele>626.008596</ele>
        <time>2026-01-20T04:50:59.806Z</time>
      </trkpt>
      <trkpt lat="44.652879" lon="15.268400">
        <ele>624.124167</ele>
        <time>2026-01-20T04:51:03.614Z</time>
      </trkpt>
      <trkpt lat="44.652639" lon="15.268158">
        <ele>621.066188</ele>
        <time>2026-01-20T04:51:09.806Z</time>
      </trkpt>
      <trkpt lat="44.652490" lon="15.267895">
        <ele>618.589900</ele>
        <time>2026-01-20T04:51:14.823Z</time>
      </trkpt>
      <trkpt lat="44.652429" lon="15.267649">
        <ele>616.671130</ele>
        <time>2026-01-20T04:51:18.741Z</time>
      </trkpt>
      <trkpt lat="44.652326" lon="15.267391">
        <ele>614.782459</ele>
        <time>2026-01-20T04:51:23.241Z</time>
      </trkpt>
      <trkpt lat="44.652315" lon="15.267220">
        <ele>613.765870</ele>
        <time>2026-01-20T04:51:25.875Z</time>
      </trkpt>
      <trkpt lat="44.652265" lon="15.267123">
        <ele>613.056632</ele>
        <time>2026-01-20T04:51:27.726Z</time>
      </trkpt>
      <trkpt lat="44.651860" lon="15.266790">
        <ele>609.151565</ele>
        <time>2026-01-20T04:51:38.118Z</time>
      </trkpt>
      <trkpt lat="44.651815" lon="15.266688">
        <ele>608.440930</ele>
        <time>2026-01-20T04:51:40.052Z</time>
      </trkpt>
      <trkpt lat="44.651807" lon="15.266586">
        <ele>607.833343</ele>
        <time>2026-01-20T04:51:41.691Z</time>
      </trkpt>
      <trkpt lat="44.651849" lon="15.266495">
        <ele>607.191084</ele>
        <time>2026-01-20T04:51:43.444Z</time>
      </trkpt>
      <trkpt lat="44.651967" lon="15.266378">
        <ele>605.989244</ele>
        <time>2026-01-20T04:51:46.717Z</time>
      </trkpt>
      <trkpt lat="44.652189" lon="15.266254">
        <ele>604.001033</ele>
        <time>2026-01-20T04:51:52.091Z</time>
      </trkpt>
      <trkpt lat="44.652227" lon="15.266153">
        <ele>603.324546</ele>
        <time>2026-01-20T04:51:53.948Z</time>
      </trkpt>
      <trkpt lat="44.652223" lon="15.265760">
        <ele>600.998026</ele>
        <time>2026-01-20T04:52:00.265Z</time>
      </trkpt>
      <trkpt lat="44.652162" lon="15.265701">
        <ele>600.452948</ele>
        <time>2026-01-20T04:52:01.933Z</time>
      </trkpt>
      <trkpt lat="44.651925" lon="15.265847">
        <ele>598.548101</ele>
        <time>2026-01-20T04:52:07.754Z</time>
      </trkpt>
      <trkpt lat="44.651582" lon="15.265873">
        <ele>596.019453</ele>
        <time>2026-01-20T04:52:15.450Z</time>
      </trkpt>
      <trkpt lat="44.651437" lon="15.265980">
        <ele>594.813900</ele>
        <time>2026-01-20T04:52:19.102Z</time>
      </trkpt>
      <trkpt lat="44.651300" lon="15.266126">
        <ele>593.548313</ele>
        <time>2026-01-20T04:52:22.927Z</time>
      </trkpt>
      <trkpt lat="44.651196" lon="15.266152">
        <ele>592.770708</ele>
        <time>2026-01-20T04:52:25.262Z</time>
      </trkpt>
      <trkpt lat="44.651151" lon="15.266104">
        <ele>592.354865</ele>
        <time>2026-01-20T04:52:26.531Z</time>
      </trkpt>
      <trkpt lat="44.651154" lon="15.266028">
        <ele>591.956246</ele>
        <time>2026-01-20T04:52:27.726Z</time>
      </trkpt>
      <trkpt lat="44.651242" lon="15.265927">
        <ele>591.119931</ele>
        <time>2026-01-20T04:52:30.261Z</time>
      </trkpt>
      <trkpt lat="44.651322" lon="15.265756">
        <ele>590.048126</ele>
        <time>2026-01-20T04:52:33.528Z</time>
      </trkpt>
      <trkpt lat="44.651400" lon="15.265213">
        <ele>587.365418</ele>
        <time>2026-01-20T04:52:42.547Z</time>
      </trkpt>
      <trkpt lat="44.651396" lon="15.265135">
        <ele>587.101297</ele>
        <time>2026-01-20T04:52:43.318Z</time>
      </trkpt>
      <trkpt lat="44.651428" lon="15.264941">
        <ele>586.428700</ele>
        <time>2026-01-20T04:52:45.276Z</time>
      </trkpt>
      <trkpt lat="44.651452" lon="15.264237">
        <ele>584.048287</ele>
        <time>2026-01-20T04:52:52.405Z</time>
      </trkpt>
      <trkpt lat="44.651308" lon="15.263712">
        <ele>582.147925</ele>
        <time>2026-01-20T04:52:58.234Z</time>
      </trkpt>
      <trkpt lat="44.651113" lon="15.263412">
        <ele>580.775454</ele>
        <time>2026-01-20T04:53:02.491Z</time>
      </trkpt>
      <trkpt lat="44.651044" lon="15.263170">
        <ele>579.894917</ele>
        <time>2026-01-20T04:53:05.228Z</time>
      </trkpt>
      <trkpt lat="44.650981" lon="15.262828">
        <ele>578.934693</ele>
        <time>2026-01-20T04:53:08.979Z</time>
      </trkpt>
      <trkpt lat="44.651048" lon="15.261631">
        <ele>576.692446</ele>
        <time>2026-01-20T04:53:22.196Z</time>
      </trkpt>
      <trkpt lat="44.650994" lon="15.260976">
        <ele>575.461079</ele>
        <time>2026-01-20T04:53:29.895Z</time>
      </trkpt>
      <trkpt lat="44.651017" lon="15.260649">
        <ele>574.847445</ele>
        <time>2026-01-20T04:53:33.853Z</time>
      </trkpt>
      <trkpt lat="44.650967" lon="15.260342">
        <ele>574.306667</ele>
        <time>2026-01-20T04:53:37.661Z</time>
      </trkpt>
      <trkpt lat="44.650968" lon="15.260080">
        <ele>573.913148</ele>
        <time>2026-01-20T04:53:40.747Z</time>
      </trkpt>
      <trkpt lat="44.650941" lon="15.259925">
        <ele>573.673467</ele>
        <time>2026-01-20T04:53:42.605Z</time>
      </trkpt>
      <trkpt lat="44.651006" lon="15.259635">
        <ele>573.216792</ele>
        <time>2026-01-20T04:53:46.158Z</time>
      </trkpt>
      <trkpt lat="44.650906" lon="15.259120">
        <ele>572.414987</ele>
        <time>2026-01-20T04:53:52.448Z</time>
      </trkpt>
      <trkpt lat="44.650929" lon="15.258819">
        <ele>571.960297</ele>
        <time>2026-01-20T04:53:55.958Z</time>
      </trkpt>
      <trkpt lat="44.650868" lon="15.258626">
        <ele>571.643098</ele>
        <time>2026-01-20T04:53:58.383Z</time>
      </trkpt>
      <trkpt lat="44.650746" lon="15.258584">
        <ele>571.377911</ele>
        <time>2026-01-20T04:54:00.374Z</time>
      </trkpt>
      <trkpt lat="44.649163" lon="15.258448">
        <ele>568.194194</ele>
        <time>2026-01-20T04:54:25.717Z</time>
      </trkpt>
      <trkpt lat="44.648967" lon="15.258473">
        <ele>567.804268</ele>
        <time>2026-01-20T04:54:29.100Z</time>
      </trkpt>
      <trkpt lat="44.648892" lon="15.258564">
        <ele>567.607969</ele>
        <time>2026-01-20T04:54:30.813Z</time>
      </trkpt>
      <trkpt lat="44.648865" lon="15.258872">
        <ele>567.170549</ele>
        <time>2026-01-20T04:54:34.707Z</time>
      </trkpt>
      <trkpt lat="44.648834" lon="15.258980">
        <ele>567.130513</ele>
        <time>2026-01-20T04:54:36.171Z</time>
      </trkpt>
      <trkpt lat="44.648781" lon="15.259028">
        <ele>567.121415</ele>
        <time>2026-01-20T04:54:37.316Z</time>
      </trkpt>
      <trkpt lat="44.648494" lon="15.258937">
        <ele>567.078962</ele>
        <time>2026-01-20T04:54:42.788Z</time>
      </trkpt>
      <trkpt lat="44.648235" lon="15.258921">
        <ele>567.041553</ele>
        <time>2026-01-20T04:54:47.950Z</time>
      </trkpt>
      <trkpt lat="44.647930" lon="15.259028">
        <ele>566.996192</ele>
        <time>2026-01-20T04:54:54.872Z</time>
      </trkpt>
      <trkpt lat="44.647712" lon="15.259018">
        <ele>566.964719</ele>
        <time>2026-01-20T04:54:59.883Z</time>
      </trkpt>
      <trkpt lat="44.646980" lon="15.258836">
        <ele>566.992339</ele>
        <time>2026-01-20T04:55:15.341Z</time>
      </trkpt>
      <trkpt lat="44.646636" lon="15.258824">
        <ele>567.230495</ele>
        <time>2026-01-20T04:55:22.657Z</time>
      </trkpt>
      <trkpt lat="44.646216" lon="15.258885">
        <ele>567.522726</ele>
        <time>2026-01-20T04:55:31.143Z</time>
      </trkpt>
      <trkpt lat="44.646075" lon="15.258921">
        <ele>567.621910</ele>
        <time>2026-01-20T04:55:34.092Z</time>
      </trkpt>
      <trkpt lat="44.645208" lon="15.259444">
        <ele>568.834676</ele>
        <time>2026-01-20T04:55:58.060Z</time>
      </trkpt>
      <trkpt lat="44.644594" lon="15.259828">
        <ele>571.043470</ele>
        <time>2026-01-20T04:56:24.401Z</time>
      </trkpt>
      <trkpt lat="44.644308" lon="15.259951">
        <ele>572.026487</ele>
        <time>2026-01-20T04:56:37.511Z</time>
      </trkpt>
      <trkpt lat="44.643999" lon="15.260015">
        <ele>573.053046</ele>
        <time>2026-01-20T04:56:51.565Z</time>
      </trkpt>
      <trkpt lat="44.643732" lon="15.260010">
        <ele>573.930672</ele>
        <time>2026-01-20T04:57:02.584Z</time>
      </trkpt>
      <trkpt lat="44.643487" lon="15.259930">
        <ele>573.761900</ele>
        <time>2026-01-20T04:57:11.103Z</time>
      </trkpt>
      <trkpt lat="44.643231" lon="15.259790">
        <ele>573.416814</ele>
        <time>2026-01-20T04:57:18.345Z</time>
      </trkpt>
      <trkpt lat="44.643144" lon="15.259811">
        <ele>573.305920</ele>
        <time>2026-01-20T04:57:20.233Z</time>
      </trkpt>
      <trkpt lat="44.643056" lon="15.259918">
        <ele>573.159742</ele>
        <time>2026-01-20T04:57:22.442Z</time>
      </trkpt>
      <trkpt lat="44.642945" lon="15.260165">
        <ele>572.898618</ele>
        <time>2026-01-20T04:57:26.035Z</time>
      </trkpt>
      <trkpt lat="44.642724" lon="15.260450">
        <ele>572.521828</ele>
        <time>2026-01-20T04:57:30.734Z</time>
      </trkpt>
      <trkpt lat="44.642548" lon="15.260460">
        <ele>572.300547</ele>
        <time>2026-01-20T04:57:33.349Z</time>
      </trkpt>
      <trkpt lat="44.642415" lon="15.260369">
        <ele>572.114719</ele>
        <time>2026-01-20T04:57:35.507Z</time>
      </trkpt>
      <trkpt lat="44.642269" lon="15.260321">
        <ele>571.926355</ele>
        <time>2026-01-20T04:57:37.649Z</time>
      </trkpt>
      <trkpt lat="44.642117" lon="15.260353">
        <ele>571.665298</ele>
        <time>2026-01-20T04:57:39.843Z</time>
      </trkpt>
      <trkpt lat="44.641525" lon="15.260836">
        <ele>569.487404</ele>
        <time>2026-01-20T04:57:49.607Z</time>
      </trkpt>
      <trkpt lat="44.641205" lon="15.261034">
        <ele>568.374979</ele>
        <time>2026-01-20T04:57:54.897Z</time>
      </trkpt>
      <trkpt lat="44.640910" lon="15.261300">
        <ele>567.259833</ele>
        <time>2026-01-20T04:58:00.461Z</time>
      </trkpt>
      <trkpt lat="44.640369" lon="15.261461">
        <ele>566.012515</ele>
        <time>2026-01-20T04:58:09.999Z</time>
      </trkpt>
      <trkpt lat="44.639615" lon="15.261826">
        <ele>565.818177</ele>
        <time>2026-01-20T04:58:26.042Z</time>
      </trkpt>
      <trkpt lat="44.639459" lon="15.261867">
        <ele>565.779502</ele>
        <time>2026-01-20T04:58:29.451Z</time>
      </trkpt>
      <trkpt lat="44.638962" lon="15.261774">
        <ele>565.657318</ele>
        <time>2026-01-20T04:58:40.158Z</time>
      </trkpt>
      <trkpt lat="44.638405" lon="15.261614">
        <ele>565.724907</ele>
        <time>2026-01-20T04:58:52.056Z</time>
      </trkpt>
      <trkpt lat="44.638262" lon="15.261614">
        <ele>565.763431</ele>
        <time>2026-01-20T04:58:55.010Z</time>
      </trkpt>
      <trkpt lat="44.637600" lon="15.261750">
        <ele>565.943667</ele>
        <time>2026-01-20T04:59:08.451Z</time>
      </trkpt>
      <trkpt lat="44.637077" lon="15.261909">
        <ele>566.087820</ele>
        <time>2026-01-20T04:59:20.535Z</time>
      </trkpt>
      <trkpt lat="44.636651" lon="15.262106">
        <ele>566.372182</ele>
        <time>2026-01-20T04:59:31.463Z</time>
      </trkpt>
      <trkpt lat="44.636254" lon="15.262400">
        <ele>566.677144</ele>
        <time>2026-01-20T04:59:42.814Z</time>
      </trkpt>
      <trkpt lat="44.635534" lon="15.263051">
        <ele>567.258970</ele>
        <time>2026-01-20T05:00:03.711Z</time>
      </trkpt>
      <trkpt lat="44.635051" lon="15.263560">
        <ele>567.002992</ele>
        <time>2026-01-20T05:00:15.786Z</time>
      </trkpt>
      <trkpt lat="44.634836" lon="15.263747">
        <ele>566.843653</ele>
        <time>2026-01-20T05:00:20.582Z</time>
      </trkpt>
      <trkpt lat="44.634771" lon="15.263752">
        <ele>566.802631</ele>
        <time>2026-01-20T05:00:21.778Z</time>
      </trkpt>
      <trkpt lat="44.634751" lon="15.263834">
        <ele>566.763759</ele>
        <time>2026-01-20T05:00:22.867Z</time>
      </trkpt>
      <trkpt lat="44.633781" lon="15.267753">
        <ele>564.340416</ele>
        <time>2026-01-20T05:01:11.801Z</time>
      </trkpt>
      <trkpt lat="44.633702" lon="15.268007">
        <ele>564.468696</ele>
        <time>2026-01-20T05:01:15.554Z</time>
      </trkpt>
      <trkpt lat="44.633316" lon="15.268647">
        <ele>564.856934</ele>
        <time>2026-01-20T05:01:29.024Z</time>
      </trkpt>
      <trkpt lat="44.633258" lon="15.268737">
        <ele>564.913124</ele>
        <time>2026-01-20T05:01:31.229Z</time>
      </trkpt>
      <trkpt lat="44.632687" lon="15.269586">
        <ele>565.507975</ele>
        <time>2026-01-20T05:01:54.187Z</time>
      </trkpt>
      <trkpt lat="44.632455" lon="15.269994">
        <ele>565.878067</ele>
        <time>2026-01-20T05:02:04.332Z</time>
      </trkpt>
      <trkpt lat="44.632372" lon="15.270272">
        <ele>566.091706</ele>
        <time>2026-01-20T05:02:09.938Z</time>
      </trkpt>
      <trkpt lat="44.631795" lon="15.272587">
        <ele>567.359409</ele>
        <time>2026-01-20T05:02:48.281Z</time>
      </trkpt>
      <trkpt lat="44.631756" lon="15.272938">
        <ele>567.438789</ele>
        <time>2026-01-20T05:02:53.378Z</time>
      </trkpt>
      <trkpt lat="44.631728" lon="15.274970">
        <ele>567.583504</ele>
        <time>2026-01-20T05:03:22.314Z</time>
      </trkpt>
      <trkpt lat="44.631706" lon="15.276553">
        <ele>567.346991</ele>
        <time>2026-01-20T05:03:43.055Z</time>
      </trkpt>
      <trkpt lat="44.631709" lon="15.277757">
        <ele>566.580951</ele>
        <time>2026-01-20T05:03:57.708Z</time>
      </trkpt>
      <trkpt lat="44.631684" lon="15.278778">
        <ele>565.878816</ele>
        <time>2026-01-20T05:04:09.892Z</time>
      </trkpt>
      <trkpt lat="44.631645" lon="15.280289">
        <ele>564.380297</ele>
        <time>2026-01-20T05:04:27.589Z</time>
      </trkpt>
      <trkpt lat="44.631677" lon="15.281032">
        <ele>563.556706</ele>
        <time>2026-01-20T05:04:35.990Z</time>
      </trkpt>
      <trkpt lat="44.631758" lon="15.283020">
        <ele>561.711770</ele>
        <time>2026-01-20T05:04:58.176Z</time>
      </trkpt>
      <trkpt lat="44.631832" lon="15.284165">
        <ele>560.755557</ele>
        <time>2026-01-20T05:05:12.569Z</time>
      </trkpt>
      <trkpt lat="44.631826" lon="15.284327">
        <ele>560.701007</ele>
        <time>2026-01-20T05:05:14.710Z</time>
      </trkpt>
      <trkpt lat="44.631855" lon="15.284634">
        <ele>560.724716</ele>
        <time>2026-01-20T05:05:18.904Z</time>
      </trkpt>
      <trkpt lat="44.631890" lon="15.285991">
        <ele>560.828674</ele>
        <time>2026-01-20T05:05:38.482Z</time>
      </trkpt>
      <trkpt lat="44.631777" lon="15.287648">
        <ele>561.016491</ele>
        <time>2026-01-20T05:06:02.981Z</time>
      </trkpt>
      <trkpt lat="44.631698" lon="15.288251">
        <ele>561.104879</ele>
        <time>2026-01-20T05:06:11.705Z</time>
      </trkpt>
      <trkpt lat="44.631570" lon="15.288656">
        <ele>561.168762</ele>
        <time>2026-01-20T05:06:17.939Z</time>
      </trkpt>
      <trkpt lat="44.631359" lon="15.289326">
        <ele>561.251570</ele>
        <time>2026-01-20T05:06:28.455Z</time>
      </trkpt>
      <trkpt lat="44.631264" lon="15.289747">
        <ele>561.250091</ele>
        <time>2026-01-20T05:06:34.556Z</time>
      </trkpt>
      <trkpt lat="44.631224" lon="15.290115">
        <ele>561.248845</ele>
        <time>2026-01-20T05:06:39.511Z</time>
      </trkpt>
      <trkpt lat="44.631209" lon="15.290900">
        <ele>561.246216</ele>
        <time>2026-01-20T05:06:49.838Z</time>
      </trkpt>
      <trkpt lat="44.631171" lon="15.291494">
        <ele>561.244220</ele>
        <time>2026-01-20T05:06:58.083Z</time>
      </trkpt>
      <trkpt lat="44.631220" lon="15.292313">
        <ele>561.478273</ele>
        <time>2026-01-20T05:07:09.921Z</time>
      </trkpt>
      <trkpt lat="44.631296" lon="15.292995">
        <ele>561.729518</ele>
        <time>2026-01-20T05:07:20.388Z</time>
      </trkpt>
      <trkpt lat="44.631383" lon="15.293405">
        <ele>561.885234</ele>
        <time>2026-01-20T05:07:27.172Z</time>
      </trkpt>
      <trkpt lat="44.631873" lon="15.294814">
        <ele>561.976366</ele>
        <time>2026-01-20T05:07:53.492Z</time>
      </trkpt>
      <trkpt lat="44.632161" lon="15.295397">
        <ele>561.811093</ele>
        <time>2026-01-20T05:08:02.924Z</time>
      </trkpt>
      <trkpt lat="44.632231" lon="15.295606">
        <ele>561.757300</ele>
        <time>2026-01-20T05:08:05.771Z</time>
      </trkpt>
      <trkpt lat="44.632115" lon="15.296608">
        <ele>561.500352</ele>
        <time>2026-01-20T05:08:17.483Z</time>
      </trkpt>
      <trkpt lat="44.632099" lon="15.297255">
        <ele>561.292285</ele>
        <time>2026-01-20T05:08:24.639Z</time>
      </trkpt>
      <trkpt lat="44.631905" lon="15.298126">
        <ele>560.998959</ele>
        <time>2026-01-20T05:08:35.600Z</time>
      </trkpt>
      <trkpt lat="44.631871" lon="15.298206">
        <ele>560.969011</ele>
        <time>2026-01-20T05:08:36.847Z</time>
      </trkpt>
      <trkpt lat="44.631839" lon="15.298244">
        <ele>560.950089</ele>
        <time>2026-01-20T05:08:37.626Z</time>
      </trkpt>
      <trkpt lat="44.629040" lon="15.298985">
        <ele>564.877254</ele>
        <time>2026-01-20T05:09:56.833Z</time>
      </trkpt>
      <trkpt lat="44.628897" lon="15.299030">
        <ele>565.145820</ele>
        <time>2026-01-20T05:10:01.194Z</time>
      </trkpt>
      <trkpt lat="44.627694" lon="15.299406">
        <ele>567.323348</ele>
        <time>2026-01-20T05:10:36.657Z</time>
      </trkpt>
      <trkpt lat="44.623119" lon="15.301331">
        <ele>574.104413</ele>
        <time>2026-01-20T05:12:41.951Z</time>
      </trkpt>
      <trkpt lat="44.622217" lon="15.301811">
        <ele>574.613776</ele>
        <time>2026-01-20T05:13:06.348Z</time>
      </trkpt>
      <trkpt lat="44.621506" lon="15.302271">
        <ele>574.569523</ele>
        <time>2026-01-20T05:13:20.736Z</time>
      </trkpt>
      <trkpt lat="44.621330" lon="15.302467">
        <ele>574.556826</ele>
        <time>2026-01-20T05:13:24.751Z</time>
      </trkpt>
      <trkpt lat="44.621171" lon="15.302644">
        <ele>574.545358</ele>
        <time>2026-01-20T05:13:28.327Z</time>
      </trkpt>
      <trkpt lat="44.620704" lon="15.303047">
        <ele>573.960898</ele>
        <time>2026-01-20T05:13:37.773Z</time>
      </trkpt>
      <trkpt lat="44.620315" lon="15.303475">
        <ele>573.405774</ele>
        <time>2026-01-20T05:13:46.217Z</time>
      </trkpt>
      <trkpt lat="44.620090" lon="15.303770">
        <ele>573.060000</ele>
        <time>2026-01-20T05:13:51.746Z</time>
      </trkpt>
      <trkpt lat="44.619452" lon="15.304404">
        <ele>572.200810</ele>
        <time>2026-01-20T05:14:06.153Z</time>
      </trkpt>
      <trkpt lat="44.619340" lon="15.304469">
        <ele>572.072173</ele>
        <time>2026-01-20T05:14:08.345Z</time>
      </trkpt>
      <trkpt lat="44.618989" lon="15.304661">
        <ele>571.672326</ele>
        <time>2026-01-20T05:14:15.007Z</time>
      </trkpt>
      <trkpt lat="44.618882" lon="15.304758">
        <ele>571.537147</ele>
        <time>2026-01-20T05:14:17.218Z</time>
      </trkpt>
      <trkpt lat="44.618051" lon="15.305875">
        <ele>570.480480</ele>
        <time>2026-01-20T05:14:37.403Z</time>
      </trkpt>
      <trkpt lat="44.617919" lon="15.306312">
        <ele>570.319913</ele>
        <time>2026-01-20T05:14:43.608Z</time>
      </trkpt>
      <trkpt lat="44.617602" lon="15.307057">
        <ele>570.026335</ele>
        <time>2026-01-20T05:14:55.536Z</time>
      </trkpt>
      <trkpt lat="44.617410" lon="15.307754">
        <ele>569.773543</ele>
        <time>2026-01-20T05:15:06.273Z</time>
      </trkpt>
      <trkpt lat="44.617358" lon="15.308160">
        <ele>569.735371</ele>
        <time>2026-01-20T05:15:12.155Z</time>
      </trkpt>
      <trkpt lat="44.617284" lon="15.308448">
        <ele>569.715884</ele>
        <time>2026-01-20T05:15:16.456Z</time>
      </trkpt>
      <trkpt lat="44.616999" lon="15.309233">
        <ele>569.659797</ele>
        <time>2026-01-20T05:15:28.751Z</time>
      </trkpt>
      <trkpt lat="44.616941" lon="15.309593">
        <ele>569.636304</ele>
        <time>2026-01-20T05:15:33.863Z</time>
      </trkpt>
      <trkpt lat="44.616870" lon="15.309840">
        <ele>569.619350</ele>
        <time>2026-01-20T05:15:37.586Z</time>
      </trkpt>
      <trkpt lat="44.616450" lon="15.311086">
        <ele>569.979470</ele>
        <time>2026-01-20T05:15:58.556Z</time>
      </trkpt>
      <trkpt lat="44.616084" lon="15.311832">
        <ele>570.310553</ele>
        <time>2026-01-20T05:16:14.015Z</time>
      </trkpt>
      <trkpt lat="44.615648" lon="15.312518">
        <ele>570.634599</ele>
        <time>2026-01-20T05:16:30.122Z</time>
      </trkpt>
      <trkpt lat="44.615506" lon="15.312904">
        <ele>570.778141</ele>
        <time>2026-01-20T05:16:37.546Z</time>
      </trkpt>
      <trkpt lat="44.615364" lon="15.313448">
        <ele>570.969560</ele>
        <time>2026-01-20T05:16:47.025Z</time>
      </trkpt>
      <trkpt lat="44.615302" lon="15.313596">
        <ele>571.026292</ele>
        <time>2026-01-20T05:16:49.749Z</time>
      </trkpt>
      <trkpt lat="44.615096" lon="15.313848">
        <ele>571.153064</ele>
        <time>2026-01-20T05:16:55.690Z</time>
      </trkpt>
      <trkpt lat="44.614848" lon="15.314249">
        <ele>571.328555</ele>
        <time>2026-01-20T05:17:03.630Z</time>
      </trkpt>
      <trkpt lat="44.614281" lon="15.315660">
        <ele>571.228253</ele>
        <time>2026-01-20T05:17:26.878Z</time>
      </trkpt>
      <trkpt lat="44.613628" lon="15.317113">
        <ele>570.805647</ele>
        <time>2026-01-20T05:17:50.502Z</time>
      </trkpt>
      <trkpt lat="44.612948" lon="15.318512">
        <ele>570.014412</ele>
        <time>2026-01-20T05:18:12.539Z</time>
      </trkpt>
      <trkpt lat="44.612313" lon="15.319532">
        <ele>569.386113</ele>
        <time>2026-01-20T05:18:30.251Z</time>
      </trkpt>
      <trkpt lat="44.612284" lon="15.319588">
        <ele>569.354023</ele>
        <time>2026-01-20T05:18:31.166Z</time>
      </trkpt>
      <trkpt lat="44.611415" lon="15.321309">
        <ele>568.383004</ele>
        <time>2026-01-20T05:18:59.488Z</time>
      </trkpt>
      <trkpt lat="44.611224" lon="15.321787">
        <ele>568.133081</ele>
        <time>2026-01-20T05:19:06.817Z</time>
      </trkpt>
      <trkpt lat="44.610928" lon="15.322418">
        <ele>567.788538</ele>
        <time>2026-01-20T05:19:16.873Z</time>
      </trkpt>
      <trkpt lat="44.610428" lon="15.323292">
        <ele>567.015415</ele>
        <time>2026-01-20T05:19:31.243Z</time>
      </trkpt>
      <trkpt lat="44.610123" lon="15.323907">
        <ele>566.428871</ele>
        <time>2026-01-20T05:19:40.487Z</time>
      </trkpt>
      <trkpt lat="44.609977" lon="15.324165">
        <ele>566.170952</ele>
        <time>2026-01-20T05:19:44.557Z</time>
      </trkpt>
      <trkpt lat="44.609664" lon="15.324539">
        <ele>565.719240</ele>
        <time>2026-01-20T05:19:51.756Z</time>
      </trkpt>
      <trkpt lat="44.609512" lon="15.324806">
        <ele>565.682581</ele>
        <time>2026-01-20T05:19:56.101Z</time>
      </trkpt>
      <trkpt lat="44.609428" lon="15.325045">
        <ele>565.698975</ele>
        <time>2026-01-20T05:19:59.533Z</time>
      </trkpt>
      <trkpt lat="44.609440" lon="15.325865">
        <ele>565.749422</ele>
        <time>2026-01-20T05:20:10.737Z</time>
      </trkpt>
      <trkpt lat="44.609403" lon="15.326179">
        <ele>565.768998</ele>
        <time>2026-01-20T05:20:15.791Z</time>
      </trkpt>
      <trkpt lat="44.609002" lon="15.326781">
        <ele>565.819707</ele>
        <time>2026-01-20T05:20:30.810Z</time>
      </trkpt>
      <trkpt lat="44.608826" lon="15.327070">
        <ele>566.141890</ele>
        <time>2026-01-20T05:20:38.155Z</time>
      </trkpt>
      <trkpt lat="44.608728" lon="15.327287">
        <ele>566.372924</ele>
        <time>2026-01-20T05:20:43.150Z</time>
      </trkpt>
      <trkpt lat="44.608554" lon="15.328065">
        <ele>567.106080</ele>
        <time>2026-01-20T05:20:59.448Z</time>
      </trkpt>
      <trkpt lat="44.608418" lon="15.328561">
        <ele>567.583936</ele>
        <time>2026-01-20T05:21:10.137Z</time>
      </trkpt>
      <trkpt lat="44.607941" lon="15.329722">
        <ele>568.035767</ele>
        <time>2026-01-20T05:21:33.619Z</time>
      </trkpt>
      <trkpt lat="44.607055" lon="15.330757">
        <ele>567.917124</ele>
        <time>2026-01-20T05:21:55.751Z</time>
      </trkpt>
      <trkpt lat="44.606345" lon="15.331677">
        <ele>566.482243</ele>
        <time>2026-01-20T05:22:12.084Z</time>
      </trkpt>
      <trkpt lat="44.606199" lon="15.331924">
        <ele>566.108381</ele>
        <time>2026-01-20T05:22:15.827Z</time>
      </trkpt>
      <trkpt lat="44.605942" lon="15.332275">
        <ele>565.522032</ele>
        <time>2026-01-20T05:22:21.698Z</time>
      </trkpt>
      <trkpt lat="44.605800" lon="15.332618">
        <ele>565.059964</ele>
        <time>2026-01-20T05:22:26.401Z</time>
      </trkpt>
      <trkpt lat="44.605740" lon="15.332902">
        <ele>564.866732</ele>
        <time>2026-01-20T05:22:29.972Z</time>
      </trkpt>
      <trkpt lat="44.605721" lon="15.333077">
        <ele>564.785564</ele>
        <time>2026-01-20T05:22:32.139Z</time>
      </trkpt>
      <trkpt lat="44.605730" lon="15.333253">
        <ele>564.704657</ele>
        <time>2026-01-20T05:22:34.314Z</time>
      </trkpt>
      <trkpt lat="44.605697" lon="15.333519">
        <ele>564.580855</ele>
        <time>2026-01-20T05:22:37.715Z</time>
      </trkpt>
      <trkpt lat="44.605490" lon="15.334114">
        <ele>564.277208</ele>
        <time>2026-01-20T05:22:46.412Z</time>
      </trkpt>
      <trkpt lat="44.604810" lon="15.335409">
        <ele>564.150873</ele>
        <time>2026-01-20T05:23:10.103Z</time>
      </trkpt>
      <trkpt lat="44.604434" lon="15.336073">
        <ele>564.651030</ele>
        <time>2026-01-20T05:23:24.564Z</time>
      </trkpt>
      <trkpt lat="44.604280" lon="15.336403">
        <ele>564.883640</ele>
        <time>2026-01-20T05:23:31.683Z</time>
      </trkpt>
      <trkpt lat="44.603957" lon="15.337095">
        <ele>565.473397</ele>
        <time>2026-01-20T05:23:47.493Z</time>
      </trkpt>
      <trkpt lat="44.603810" lon="15.337503">
        <ele>566.108345</ele>
        <time>2026-01-20T05:23:56.910Z</time>
      </trkpt>
      <trkpt lat="44.603469" lon="15.338306">
        <ele>567.406646</ele>
        <time>2026-01-20T05:24:17.270Z</time>
      </trkpt>
      <trkpt lat="44.603214" lon="15.338693">
        <ele>568.138845</ele>
        <time>2026-01-20T05:24:29.264Z</time>
      </trkpt>
      <trkpt lat="44.603054" lon="15.338837">
        <ele>568.509462</ele>
        <time>2026-01-20T05:24:35.302Z</time>
      </trkpt>
      <trkpt lat="44.602745" lon="15.339061">
        <ele>569.006857</ele>
        <time>2026-01-20T05:24:46.053Z</time>
      </trkpt>
      <trkpt lat="44.602389" lon="15.339265">
        <ele>569.403248</ele>
        <time>2026-01-20T05:24:57.105Z</time>
      </trkpt>
      <trkpt lat="44.602230" lon="15.339111">
        <ele>569.602367</ele>
        <time>2026-01-20T05:25:02.225Z</time>
      </trkpt>
      <trkpt lat="44.602089" lon="15.339020">
        <ele>569.762343</ele>
        <time>2026-01-20T05:25:06.188Z</time>
      </trkpt>
      <trkpt lat="44.601730" lon="15.338977">
        <ele>570.133798</ele>
        <time>2026-01-20T05:25:14.807Z</time>
      </trkpt>
      <trkpt lat="44.601404" lon="15.339028">
        <ele>570.471966</ele>
        <time>2026-01-20T05:25:22.013Z</time>
      </trkpt>
      <trkpt lat="44.601326" lon="15.339037">
        <ele>570.552651</ele>
        <time>2026-01-20T05:25:23.627Z</time>
      </trkpt>
      <trkpt lat="44.600960" lon="15.339130">
        <ele>570.549955</ele>
        <time>2026-01-20T05:25:30.988Z</time>
      </trkpt>
      <trkpt lat="44.600523" lon="15.339120">
        <ele>570.373912</ele>
        <time>2026-01-20T05:25:39.374Z</time>
      </trkpt>
      <trkpt lat="44.600232" lon="15.339147">
        <ele>570.256445</ele>
        <time>2026-01-20T05:25:44.963Z</time>
      </trkpt>
      <trkpt lat="44.599830" lon="15.339258">
        <ele>570.091423</ele>
        <time>2026-01-20T05:25:52.897Z</time>
      </trkpt>
      <trkpt lat="44.599466" lon="15.339261">
        <ele>569.944805</ele>
        <time>2026-01-20T05:25:59.785Z</time>
      </trkpt>
      <trkpt lat="44.598725" lon="15.339156">
        <ele>568.892944</ele>
        <time>2026-01-20T05:26:12.980Z</time>
      </trkpt>
      <trkpt lat="44.598484" lon="15.339160">
        <ele>568.543421</ele>
        <time>2026-01-20T05:26:17.069Z</time>
      </trkpt>
      <trkpt lat="44.598348" lon="15.339078">
        <ele>568.328785</ele>
        <time>2026-01-20T05:26:19.544Z</time>
      </trkpt>
      <trkpt lat="44.598167" lon="15.339025">
        <ele>568.060654</ele>
        <time>2026-01-20T05:26:22.633Z</time>
      </trkpt>
      <trkpt lat="44.597985" lon="15.339016">
        <ele>567.796553</ele>
        <time>2026-01-20T05:26:25.643Z</time>
      </trkpt>
      <trkpt lat="44.597254" lon="15.338817">
        <ele>566.699815</ele>
        <time>2026-01-20T05:26:37.873Z</time>
      </trkpt>
      <trkpt lat="44.596741" lon="15.338540">
        <ele>565.880632</ele>
        <time>2026-01-20T05:26:47.000Z</time>
      </trkpt>
      <trkpt lat="44.596292" lon="15.338409">
        <ele>565.197119</ele>
        <time>2026-01-20T05:26:54.927Z</time>
      </trkpt>
      <trkpt lat="44.596102" lon="15.338416">
        <ele>564.913832</ele>
        <time>2026-01-20T05:26:58.165Z</time>
      </trkpt>
      <trkpt lat="44.595787" lon="15.338503">
        <ele>564.647007</ele>
        <time>2026-01-20T05:27:03.843Z</time>
      </trkpt>
      <trkpt lat="44.595353" lon="15.338669">
        <ele>564.654287</ele>
        <time>2026-01-20T05:27:12.163Z</time>
      </trkpt>
      <trkpt lat="44.594848" lon="15.339035">
        <ele>564.663484</ele>
        <time>2026-01-20T05:27:23.533Z</time>
      </trkpt>
      <trkpt lat="44.594551" lon="15.339390">
        <ele>564.669797</ele>
        <time>2026-01-20T05:27:32.135Z</time>
      </trkpt>
      <trkpt lat="44.594359" lon="15.339564">
        <ele>564.673495</ele>
        <time>2026-01-20T05:27:37.248Z</time>
      </trkpt>
      <trkpt lat="44.593816" lon="15.339952">
        <ele>564.127655</ele>
        <time>2026-01-20T05:27:49.224Z</time>
      </trkpt>
      <trkpt lat="44.593359" lon="15.340227">
        <ele>563.665598</ele>
        <time>2026-01-20T05:27:57.870Z</time>
      </trkpt>
      <trkpt lat="44.592598" lon="15.340485">
        <ele>562.744229</ele>
        <time>2026-01-20T05:28:10.374Z</time>
      </trkpt>
      <trkpt lat="44.592164" lon="15.340561">
        <ele>561.111489</ele>
        <time>2026-01-20T05:28:16.745Z</time>
      </trkpt>
      <trkpt lat="44.592016" lon="15.340602">
        <ele>560.548332</ele>
        <time>2026-01-20T05:28:18.792Z</time>
      </trkpt>
      <trkpt lat="44.591405" lon="15.340604">
        <ele>558.267366</ele>
        <time>2026-01-20T05:28:27.078Z</time>
      </trkpt>
      <trkpt lat="44.591288" lon="15.340675">
        <ele>557.791546</ele>
        <time>2026-01-20T05:28:28.792Z</time>
      </trkpt>
      <trkpt lat="44.591063" lon="15.340699">
        <ele>556.949165</ele>
        <time>2026-01-20T05:28:34.314Z</time>
      </trkpt>
      <trkpt lat="44.590870" lon="15.340791">
        <ele>556.246209</ele>
        <time>2026-01-20T05:28:39.339Z</time>
      </trkpt>
      <trkpt lat="44.590947" lon="15.341002">
        <ele>555.983243</ele>
        <time>2026-01-20T05:28:42.582Z</time>
      </trkpt>
      <trkpt lat="44.590807" lon="15.341489">
        <ele>555.400744</ele>
        <time>2026-01-20T05:28:47.788Z</time>
      </trkpt>
      <trkpt lat="44.590663" lon="15.342104">
        <ele>554.682699</ele>
        <time>2026-01-20T05:28:54.737Z</time>
      </trkpt>
      <trkpt lat="44.590527" lon="15.342429">
        <ele>554.264602</ele>
        <time>2026-01-20T05:29:00.009Z</time>
      </trkpt>
      <trkpt lat="44.590414" lon="15.342520">
        <ele>554.061719</ele>
        <time>2026-01-20T05:29:02.696Z</time>
      </trkpt>
      <trkpt lat="44.590204" lon="15.342547">
        <ele>553.733281</ele>
        <time>2026-01-20T05:29:07.635Z</time>
      </trkpt>
      <trkpt lat="44.589885" lon="15.342501">
        <ele>553.776196</ele>
        <time>2026-01-20T05:29:16.388Z</time>
      </trkpt>
      <trkpt lat="44.589419" lon="15.342454">
        <ele>554.611509</ele>
        <time>2026-01-20T05:29:29.714Z</time>
      </trkpt>
      <trkpt lat="44.588743" lon="15.342262">
        <ele>555.844613</ele>
        <time>2026-01-20T05:29:50.275Z</time>
      </trkpt>
      <trkpt lat="44.588596" lon="15.342219">
        <ele>556.113079</ele>
        <time>2026-01-20T05:29:54.622Z</time>
      </trkpt>
      <trkpt lat="44.588130" lon="15.342057">
        <ele>556.955999</ele>
        <time>2026-01-20T05:30:08.000Z</time>
      </trkpt>
      <trkpt lat="44.587659" lon="15.341965">
        <ele>557.757581</ele>
        <time>2026-01-20T05:30:20.949Z</time>
      </trkpt>
      <trkpt lat="44.587542" lon="15.341979">
        <ele>557.955516</ele>
        <time>2026-01-20T05:30:24.079Z</time>
      </trkpt>
      <trkpt lat="44.586991" lon="15.342045">
        <ele>558.887678</ele>
        <time>2026-01-20T05:30:39.334Z</time>
      </trkpt>
      <trkpt lat="44.586714" lon="15.342133">
        <ele>559.366402</ele>
        <time>2026-01-20T05:30:47.397Z</time>
      </trkpt>
      <trkpt lat="44.585321" lon="15.343057">
        <ele>561.369328</ele>
        <time>2026-01-20T05:31:29.311Z</time>
      </trkpt>
      <trkpt lat="44.584663" lon="15.343563">
        <ele>561.982952</ele>
        <time>2026-01-20T05:31:45.293Z</time>
      </trkpt>
      <trkpt lat="44.583642" lon="15.344347">
        <ele>562.088717</ele>
        <time>2026-01-20T05:32:06.679Z</time>
      </trkpt>
      <trkpt lat="44.582082" lon="15.345489">
        <ele>562.487408</ele>
        <time>2026-01-20T05:32:44.490Z</time>
      </trkpt>
      <trkpt lat="44.581741" lon="15.345663">
        <ele>562.582336</ele>
        <time>2026-01-20T05:32:52.045Z</time>
      </trkpt>
      <trkpt lat="44.580990" lon="15.345768">
        <ele>561.934930</ele>
        <time>2026-01-20T05:33:05.543Z</time>
      </trkpt>
      <trkpt lat="44.580394" lon="15.346128">
        <ele>561.340573</ele>
        <time>2026-01-20T05:33:15.923Z</time>
      </trkpt>
      <trkpt lat="44.579842" lon="15.346509">
        <ele>560.885168</ele>
        <time>2026-01-20T05:33:26.055Z</time>
      </trkpt>
      <trkpt lat="44.579324" lon="15.346879">
        <ele>560.696597</ele>
        <time>2026-01-20T05:33:36.176Z</time>
      </trkpt>
      <trkpt lat="44.578334" lon="15.347679">
        <ele>560.337421</ele>
        <time>2026-01-20T05:33:59.628Z</time>
      </trkpt>
      <trkpt lat="44.577872" lon="15.348170">
        <ele>560.211131</ele>
        <time>2026-01-20T05:34:10.113Z</time>
      </trkpt>
      <trkpt lat="44.577335" lon="15.348740">
        <ele>560.064404</ele>
        <time>2026-01-20T05:34:21.878Z</time>
      </trkpt>
      <trkpt lat="44.576979" lon="15.349445">
        <ele>560.181032</ele>
        <time>2026-01-20T05:34:33.592Z</time>
      </trkpt>
      <trkpt lat="44.576743" lon="15.349913">
        <ele>560.670515</ele>
        <time>2026-01-20T05:34:42.874Z</time>
      </trkpt>
      <trkpt lat="44.576314" lon="15.350577">
        <ele>561.435762</ele>
        <time>2026-01-20T05:34:59.738Z</time>
      </trkpt>
      <trkpt lat="44.575258" lon="15.351973">
        <ele>563.523306</ele>
        <time>2026-01-20T05:35:41.571Z</time>
      </trkpt>
      <trkpt lat="44.574127" lon="15.352885">
        <ele>564.997283</ele>
        <time>2026-01-20T05:36:16.186Z</time>
      </trkpt>
      <trkpt lat="44.572865" lon="15.353564">
        <ele>564.998291</ele>
        <time>2026-01-20T05:36:40.162Z</time>
      </trkpt>
      <trkpt lat="44.572306" lon="15.353865">
        <ele>565.050363</ele>
        <time>2026-01-20T05:36:50.908Z</time>
      </trkpt>
      <trkpt lat="44.571638" lon="15.354498">
        <ele>565.129002</ele>
        <time>2026-01-20T05:37:07.670Z</time>
      </trkpt>
      <trkpt lat="44.571152" lon="15.355317">
        <ele>565.204739</ele>
        <time>2026-01-20T05:37:24.518Z</time>
      </trkpt>
      <trkpt lat="44.570657" lon="15.355944">
        <ele>565.273453</ele>
        <time>2026-01-20T05:37:37.568Z</time>
      </trkpt>
      <trkpt lat="44.570074" lon="15.356322">
        <ele>565.339637</ele>
        <time>2026-01-20T05:37:49.537Z</time>
      </trkpt>
      <trkpt lat="44.569362" lon="15.356452">
        <ele>565.508454</ele>
        <time>2026-01-20T05:38:03.173Z</time>
      </trkpt>
      <trkpt lat="44.568016" lon="15.357075">
        <ele>565.974643</ele>
        <time>2026-01-20T05:38:33.488Z</time>
      </trkpt>
      <trkpt lat="44.567391" lon="15.357364">
        <ele>566.455018</ele>
        <time>2026-01-20T05:38:48.056Z</time>
      </trkpt>
      <trkpt lat="44.566179" lon="15.358025">
        <ele>567.529881</ele>
        <time>2026-01-20T05:39:18.254Z</time>
      </trkpt>
      <trkpt lat="44.565421" lon="15.358376">
        <ele>568.439886</ele>
        <time>2026-01-20T05:39:38.513Z</time>
      </trkpt>
      <trkpt lat="44.564000" lon="15.359034">
        <ele>569.655742</ele>
        <time>2026-01-20T05:40:16.330Z</time>
      </trkpt>
      <trkpt lat="44.562557" lon="15.359981">
        <ele>569.889685</ele>
        <time>2026-01-20T05:40:46.777Z</time>
      </trkpt>
      <trkpt lat="44.562115" lon="15.360101">
        <ele>569.668327</ele>
        <time>2026-01-20T05:40:54.710Z</time>
      </trkpt>
      <trkpt lat="44.562007" lon="15.360177">
        <ele>569.608923</ele>
        <time>2026-01-20T05:40:56.814Z</time>
      </trkpt>
      <trkpt lat="44.561697" lon="15.360400">
        <ele>569.437644</ele>
        <time>2026-01-20T05:41:02.849Z</time>
      </trkpt>
      <trkpt lat="44.561454" lon="15.360631">
        <ele>569.291083</ele>
        <time>2026-01-20T05:41:07.894Z</time>
      </trkpt>
      <trkpt lat="44.561313" lon="15.360831">
        <ele>569.150664</ele>
        <time>2026-01-20T05:41:11.370Z</time>
      </trkpt>
      <trkpt lat="44.559522" lon="15.363060">
        <ele>567.556262</ele>
        <time>2026-01-20T05:41:53.194Z</time>
      </trkpt>
      <trkpt lat="44.558934" lon="15.363489">
        <ele>567.159713</ele>
        <time>2026-01-20T05:42:04.785Z</time>
      </trkpt>
      <trkpt lat="44.557537" lon="15.364556">
        <ele>566.624770</ele>
        <time>2026-01-20T05:42:34.223Z</time>
      </trkpt>
      <trkpt lat="44.556885" lon="15.365311">
        <ele>566.295784</ele>
        <time>2026-01-20T05:42:49.916Z</time>
      </trkpt>
      <trkpt lat="44.556145" lon="15.366418">
        <ele>565.645359</ele>
        <time>2026-01-20T05:43:08.765Z</time>
      </trkpt>
      <trkpt lat="44.555468" lon="15.367208">
        <ele>565.196680</ele>
        <time>2026-01-20T05:43:24.046Z</time>
      </trkpt>
      <trkpt lat="44.554503" lon="15.368334">
        <ele>564.657293</ele>
        <time>2026-01-20T05:43:47.081Z</time>
      </trkpt>
      <trkpt lat="44.554429" lon="15.368419">
        <ele>564.616902</ele>
        <time>2026-01-20T05:43:48.862Z</time>
      </trkpt>
      <trkpt lat="44.553219" lon="15.369824">
        <ele>563.990469</ele>
        <time>2026-01-20T05:44:17.521Z</time>
      </trkpt>
      <trkpt lat="44.552674" lon="15.370232">
        <ele>563.585260</ele>
        <time>2026-01-20T05:44:28.438Z</time>
      </trkpt>
      <trkpt lat="44.550842" lon="15.371608">
        <ele>561.938338</ele>
        <time>2026-01-20T05:45:03.870Z</time>
      </trkpt>
      <trkpt lat="44.549941" lon="15.372158">
        <ele>561.142491</ele>
        <time>2026-01-20T05:45:20.695Z</time>
      </trkpt>
      <trkpt lat="44.548994" lon="15.372789">
        <ele>561.162012</ele>
        <time>2026-01-20T05:45:39.708Z</time>
      </trkpt>
      <trkpt lat="44.548870" lon="15.372567">
        <ele>561.188164</ele>
        <time>2026-01-20T05:45:43.770Z</time>
      </trkpt>
      <trkpt lat="44.548788" lon="15.372499">
        <ele>561.200556</ele>
        <time>2026-01-20T05:45:45.690Z</time>
      </trkpt>
      <trkpt lat="44.548723" lon="15.372666">
        <ele>561.218198</ele>
        <time>2026-01-20T05:45:48.583Z</time>
      </trkpt>
      <trkpt lat="44.548522" lon="15.372858">
        <ele>561.249833</ele>
        <time>2026-01-20T05:45:54.117Z</time>
      </trkpt>
      <trkpt lat="44.547881" lon="15.373533">
        <ele>561.807532</ele>
        <time>2026-01-20T05:46:14.806Z</time>
      </trkpt>
      <trkpt lat="44.547528" lon="15.373892">
        <ele>562.192720</ele>
        <time>2026-01-20T05:46:25.683Z</time>
      </trkpt>
      <trkpt lat="44.547492" lon="15.374015">
        <ele>562.276446</ele>
        <time>2026-01-20T05:46:27.771Z</time>
      </trkpt>
      <trkpt lat="44.547412" lon="15.374028">
        <ele>562.347600</ele>
        <time>2026-01-20T05:46:29.539Z</time>
      </trkpt>
      <trkpt lat="44.546987" lon="15.374485">
        <ele>562.820679</ele>
        <time>2026-01-20T05:46:41.355Z</time>
      </trkpt>
      <trkpt lat="44.546558" lon="15.374954">
        <ele>562.589744</ele>
        <time>2026-01-20T05:46:53.099Z</time>
      </trkpt>
      <trkpt lat="44.546124" lon="15.375488">
        <ele>562.267997</ele>
        <time>2026-01-20T05:47:04.286Z</time>
      </trkpt>
      <trkpt lat="44.545990" lon="15.375662">
        <ele>562.166229</ele>
        <time>2026-01-20T05:47:07.462Z</time>
      </trkpt>
      <trkpt lat="44.545967" lon="15.375692">
        <ele>562.148726</ele>
        <time>2026-01-20T05:47:07.994Z</time>
      </trkpt>
      <trkpt lat="44.545790" lon="15.375997">
        <ele>561.992476</ele>
        <time>2026-01-20T05:47:12.522Z</time>
      </trkpt>
      <trkpt lat="44.545436" lon="15.376627">
        <ele>561.417750</ele>
        <time>2026-01-20T05:47:21.248Z</time>
      </trkpt>
      <trkpt lat="44.545131" lon="15.377211">
        <ele>560.739709</ele>
        <time>2026-01-20T05:47:28.679Z</time>
      </trkpt>
      <trkpt lat="44.544893" lon="15.377685">
        <ele>560.196704</ele>
        <time>2026-01-20T05:47:35.360Z</time>
      </trkpt>
      <trkpt lat="44.544829" lon="15.377740">
        <ele>560.098086</ele>
        <time>2026-01-20T05:47:36.671Z</time>
      </trkpt>
      <trkpt lat="44.544707" lon="15.377754">
        <ele>559.937240</ele>
        <time>2026-01-20T05:47:38.857Z</time>
      </trkpt>
      <trkpt lat="44.544455" lon="15.377687">
        <ele>559.600214</ele>
        <time>2026-01-20T05:47:43.849Z</time>
      </trkpt>
      <trkpt lat="44.544122" lon="15.377608">
        <ele>559.910562</ele>
        <time>2026-01-20T05:47:52.425Z</time>
      </trkpt>
      <trkpt lat="44.543963" lon="15.377566">
        <ele>560.166081</ele>
        <time>2026-01-20T05:47:57.056Z</time>
      </trkpt>
      <trkpt lat="44.543837" lon="15.377591">
        <ele>560.367053</ele>
        <time>2026-01-20T05:48:00.821Z</time>
      </trkpt>
      <trkpt lat="44.543740" lon="15.377664">
        <ele>560.540890</ele>
        <time>2026-01-20T05:48:04.143Z</time>
      </trkpt>
      <trkpt lat="44.543596" lon="15.377863">
        <ele>560.860095</ele>
        <time>2026-01-20T05:48:10.714Z</time>
      </trkpt>
      <trkpt lat="44.543434" lon="15.377766">
        <ele>561.138264</ele>
        <time>2026-01-20T05:48:16.804Z</time>
      </trkpt>
      <trkpt lat="44.543086" lon="15.377651">
        <ele>561.702898</ele>
        <time>2026-01-20T05:48:28.484Z</time>
      </trkpt>
      <trkpt lat="44.542935" lon="15.377609">
        <ele>561.946013</ele>
        <time>2026-01-20T05:48:32.682Z</time>
      </trkpt>
      <trkpt lat="44.542194" lon="15.377401">
        <ele>562.522134</ele>
        <time>2026-01-20T05:48:48.146Z</time>
      </trkpt>
      <trkpt lat="44.541296" lon="15.377071">
        <ele>562.856810</ele>
        <time>2026-01-20T05:49:06.902Z</time>
      </trkpt>
      <trkpt lat="44.540456" lon="15.377109">
        <ele>563.019031</ele>
        <time>2026-01-20T05:49:24.179Z</time>
      </trkpt>
      <trkpt lat="44.540035" lon="15.377261">
        <ele>563.047351</ele>
        <time>2026-01-20T05:49:32.690Z</time>
      </trkpt>
      <trkpt lat="44.538618" lon="15.378058">
        <ele>563.529925</ele>
        <time>2026-01-20T05:50:01.439Z</time>
      </trkpt>
      <trkpt lat="44.537618" lon="15.378669">
        <ele>564.254622</ele>
        <time>2026-01-20T05:50:28.097Z</time>
      </trkpt>
      <trkpt lat="44.537379" lon="15.378752">
        <ele>564.448671</ele>
        <time>2026-01-20T05:50:34.900Z</time>
      </trkpt>
      <trkpt lat="44.536119" lon="15.379038">
        <ele>565.515639</ele>
        <time>2026-01-20T05:51:06.511Z</time>
      </trkpt>
      <trkpt lat="44.536054" lon="15.379012">
        <ele>565.572140</ele>
        <time>2026-01-20T05:51:08.368Z</time>
      </trkpt>
      <trkpt lat="44.535852" lon="15.379045">
        <ele>565.742138</ele>
        <time>2026-01-20T05:51:13.723Z</time>
      </trkpt>
      <trkpt lat="44.535856" lon="15.379103">
        <ele>565.776860</ele>
        <time>2026-01-20T05:51:14.812Z</time>
      </trkpt>
      <trkpt lat="44.535653" lon="15.379205">
        <ele>565.698770</ele>
        <time>2026-01-20T05:51:18.893Z</time>
      </trkpt>
      <trkpt lat="44.534359" lon="15.379726">
        <ele>564.928406</ele>
        <time>2026-01-20T05:51:41.922Z</time>
      </trkpt>
      <trkpt lat="44.534142" lon="15.380006">
        <ele>564.780284</ele>
        <time>2026-01-20T05:51:47.083Z</time>
      </trkpt>
      <trkpt lat="44.533943" lon="15.380264">
        <ele>564.840763</ele>
        <time>2026-01-20T05:51:51.932Z</time>
      </trkpt>
      <trkpt lat="44.533624" lon="15.380765">
        <ele>564.947641</ele>
        <time>2026-01-20T05:52:00.783Z</time>
      </trkpt>
      <trkpt lat="44.533460" lon="15.380930">
        <ele>564.992686</ele>
        <time>2026-01-20T05:52:04.771Z</time>
      </trkpt>
      <trkpt lat="44.533285" lon="15.380990">
        <ele>565.032895</ele>
        <time>2026-01-20T05:52:08.633Z</time>
      </trkpt>
      <trkpt lat="44.533042" lon="15.380976">
        <ele>565.087177</ele>
        <time>2026-01-20T05:52:14.235Z</time>
      </trkpt>
      <trkpt lat="44.532635" lon="15.380818">
        <ele>565.206155</ele>
        <time>2026-01-20T05:52:24.401Z</time>
      </trkpt>
      <trkpt lat="44.531820" lon="15.380950">
        <ele>566.215876</ele>
        <time>2026-01-20T05:52:45.667Z</time>
      </trkpt>
      <trkpt lat="44.531736" lon="15.380934">
        <ele>566.320207</ele>
        <time>2026-01-20T05:52:47.940Z</time>
      </trkpt>
      <trkpt lat="44.531287" lon="15.380845">
        <ele>566.878302</ele>
        <time>2026-01-20T05:53:00.113Z</time>
      </trkpt>
      <trkpt lat="44.530317" lon="15.380213">
        <ele>567.472287</ele>
        <time>2026-01-20T05:53:25.527Z</time>
      </trkpt>
      <trkpt lat="44.530033" lon="15.380152">
        <ele>567.508598</ele>
        <time>2026-01-20T05:53:31.000Z</time>
      </trkpt>
      <trkpt lat="44.529377" lon="15.379911">
        <ele>567.594300</ele>
        <time>2026-01-20T05:53:43.420Z</time>
      </trkpt>
      <trkpt lat="44.528014" lon="15.378437">
        <ele>566.252177</ele>
        <time>2026-01-20T05:54:13.467Z</time>
      </trkpt>
      <trkpt lat="44.527747" lon="15.378111">
        <ele>565.831726</ele>
        <time>2026-01-20T05:54:19.197Z</time>
      </trkpt>
      <trkpt lat="44.526859" lon="15.377527">
        <ele>563.883021</ele>
        <time>2026-01-20T05:54:34.189Z</time>
      </trkpt>
      <trkpt lat="44.526639" lon="15.377289">
        <ele>563.330989</ele>
        <time>2026-01-20T05:54:38.361Z</time>
      </trkpt>
      <trkpt lat="44.526195" lon="15.376808">
        <ele>562.227819</ele>
        <time>2026-01-20T05:54:46.980Z</time>
      </trkpt>
      <trkpt lat="44.525987" lon="15.376508">
        <ele>561.664098</ele>
        <time>2026-01-20T05:54:51.660Z</time>
      </trkpt>
      <trkpt lat="44.525627" lon="15.375727">
        <ele>560.411272</ele>
        <time>2026-01-20T05:55:02.262Z</time>
      </trkpt>
      <trkpt lat="44.525522" lon="15.375429">
        <ele>559.963486</ele>
        <time>2026-01-20T05:55:06.040Z</time>
      </trkpt>
      <trkpt lat="44.525477" lon="15.375211">
        <ele>559.657756</ele>
        <time>2026-01-20T05:55:08.586Z</time>
      </trkpt>
      <trkpt lat="44.525471" lon="15.374852">
        <ele>559.174014</ele>
        <time>2026-01-20T05:55:12.545Z</time>
      </trkpt>
      <trkpt lat="44.525501" lon="15.374378">
        <ele>558.489915</ele>
        <time>2026-01-20T05:55:17.691Z</time>
      </trkpt>
      <trkpt lat="44.525471" lon="15.372831">
        <ele>556.232410</ele>
        <time>2026-01-20T05:55:34.283Z</time>
      </trkpt>
      <trkpt lat="44.525419" lon="15.371973">
        <ele>555.217812</ele>
        <time>2026-01-20T05:55:44.090Z</time>
      </trkpt>
      <trkpt lat="44.525396" lon="15.371145">
        <ele>554.746081</ele>
        <time>2026-01-20T05:55:54.349Z</time>
      </trkpt>
      <trkpt lat="44.525342" lon="15.370511">
        <ele>554.382583</ele>
        <time>2026-01-20T05:56:02.601Z</time>
      </trkpt>
      <trkpt lat="44.525194" lon="15.369844">
        <ele>553.984899</ele>
        <time>2026-01-20T05:56:11.522Z</time>
      </trkpt>
      <trkpt lat="44.525082" lon="15.369648">
        <ele>553.982981</ele>
        <time>2026-01-20T05:56:14.666Z</time>
      </trkpt>
      <trkpt lat="44.524837" lon="15.369326">
        <ele>554.116179</ele>
        <time>2026-01-20T05:56:20.439Z</time>
      </trkpt>
      <trkpt lat="44.524514" lon="15.368621">
        <ele>554.353205</ele>
        <time>2026-01-20T05:56:31.220Z</time>
      </trkpt>
      <trkpt lat="44.524231" lon="15.368149">
        <ele>554.527641</ele>
        <time>2026-01-20T05:56:41.098Z</time>
      </trkpt>
      <trkpt lat="44.524088" lon="15.367862">
        <ele>554.626676</ele>
        <time>2026-01-20T05:56:47.795Z</time>
      </trkpt>
      <trkpt lat="44.524011" lon="15.367706">
        <ele>554.886283</ele>
        <time>2026-01-20T05:56:51.777Z</time>
      </trkpt>
      <trkpt lat="44.522706" lon="15.365979">
        <ele>560.219578</ele>
        <time>2026-01-20T05:57:58.844Z</time>
      </trkpt>
      <trkpt lat="44.521972" lon="15.364841">
        <ele>561.103073</ele>
        <time>2026-01-20T05:58:28.329Z</time>
      </trkpt>
      <trkpt lat="44.521513" lon="15.364267">
        <ele>561.599649</ele>
        <time>2026-01-20T05:58:38.674Z</time>
      </trkpt>
      <trkpt lat="44.520438" lon="15.363082">
        <ele>559.512288</ele>
        <time>2026-01-20T05:58:59.734Z</time>
      </trkpt>
      <trkpt lat="44.519899" lon="15.362384">
        <ele>558.803797</ele>
        <time>2026-01-20T05:59:12.206Z</time>
      </trkpt>
      <trkpt lat="44.519624" lon="15.361950">
        <ele>558.787499</ele>
        <time>2026-01-20T05:59:19.936Z</time>
      </trkpt>
      <trkpt lat="44.519157" lon="15.361333">
        <ele>558.762242</ele>
        <time>2026-01-20T05:59:33.383Z</time>
      </trkpt>
      <trkpt lat="44.518874" lon="15.361011">
        <ele>558.747896</ele>
        <time>2026-01-20T05:59:41.280Z</time>
      </trkpt>
      <trkpt lat="44.518352" lon="15.360559">
        <ele>558.789796</ele>
        <time>2026-01-20T05:59:54.538Z</time>
      </trkpt>
      <trkpt lat="44.517925" lon="15.360206">
        <ele>558.833212</ele>
        <time>2026-01-20T06:00:04.991Z</time>
      </trkpt>
      <trkpt lat="44.517535" lon="15.359954">
        <ele>558.870824</ele>
        <time>2026-01-20T06:00:13.256Z</time>
      </trkpt>
      <trkpt lat="44.517317" lon="15.359750">
        <ele>558.893779</ele>
        <time>2026-01-20T06:00:17.959Z</time>
      </trkpt>
      <trkpt lat="44.517019" lon="15.359305">
        <ele>558.555492</ele>
        <time>2026-01-20T06:00:25.475Z</time>
      </trkpt>
      <trkpt lat="44.516851" lon="15.359123">
        <ele>558.341829</ele>
        <time>2026-01-20T06:00:29.050Z</time>
      </trkpt>
      <trkpt lat="44.516568" lon="15.358908">
        <ele>558.017886</ele>
        <time>2026-01-20T06:00:34.387Z</time>
      </trkpt>
      <trkpt lat="44.514506" lon="15.357674">
        <ele>555.760751</ele>
        <time>2026-01-20T06:01:11.573Z</time>
      </trkpt>
      <trkpt lat="44.514169" lon="15.357433">
        <ele>555.379810</ele>
        <time>2026-01-20T06:01:18.204Z</time>
      </trkpt>
      <trkpt lat="44.514005" lon="15.357342">
        <ele>555.246755</ele>
        <time>2026-01-20T06:01:21.346Z</time>
      </trkpt>
      <trkpt lat="44.513695" lon="15.357245">
        <ele>555.109596</ele>
        <time>2026-01-20T06:01:27.039Z</time>
      </trkpt>
      <trkpt lat="44.513389" lon="15.357178">
        <ele>554.975856</ele>
        <time>2026-01-20T06:01:32.651Z</time>
      </trkpt>
      <trkpt lat="44.512823" lon="15.357052">
        <ele>554.728380</ele>
        <time>2026-01-20T06:01:43.008Z</time>
      </trkpt>
      <trkpt lat="44.511943" lon="15.356816">
        <ele>554.588341</ele>
        <time>2026-01-20T06:01:59.346Z</time>
      </trkpt>
      <trkpt lat="44.511870" lon="15.356741">
        <ele>554.608806</ele>
        <time>2026-01-20T06:02:01.054Z</time>
      </trkpt>
      <trkpt lat="44.511832" lon="15.356628">
        <ele>554.628953</ele>
        <time>2026-01-20T06:02:02.747Z</time>
      </trkpt>
      <trkpt lat="44.511645" lon="15.355872">
        <ele>554.757993</ele>
        <time>2026-01-20T06:02:14.217Z</time>
      </trkpt>
      <trkpt lat="44.511503" lon="15.355496">
        <ele>554.826605</ele>
        <time>2026-01-20T06:02:20.856Z</time>
      </trkpt>
      <trkpt lat="44.511350" lon="15.355239">
        <ele>554.880594</ele>
        <time>2026-01-20T06:02:26.335Z</time>
      </trkpt>
      <trkpt lat="44.511021" lon="15.354858">
        <ele>555.149924</ele>
        <time>2026-01-20T06:02:36.280Z</time>
      </trkpt>
      <trkpt lat="44.510707" lon="15.354418">
        <ele>555.509880</ele>
        <time>2026-01-20T06:02:46.594Z</time>
      </trkpt>
      <trkpt lat="44.510424" lon="15.354075">
        <ele>555.813199</ele>
        <time>2026-01-20T06:02:55.201Z</time>
      </trkpt>
      <trkpt lat="44.510275" lon="15.353984">
        <ele>555.944983</ele>
        <time>2026-01-20T06:02:58.923Z</time>
      </trkpt>
      <trkpt lat="44.510153" lon="15.353952">
        <ele>556.045628</ele>
        <time>2026-01-20T06:03:01.820Z</time>
      </trkpt>
      <trkpt lat="44.509907" lon="15.353945">
        <ele>556.245148</ele>
        <time>2026-01-20T06:03:07.656Z</time>
      </trkpt>
      <trkpt lat="44.509724" lon="15.353941">
        <ele>556.387322</ele>
        <time>2026-01-20T06:03:12.093Z</time>
      </trkpt>
      <trkpt lat="44.509219" lon="15.353694">
        <ele>556.712012</ele>
        <time>2026-01-20T06:03:24.612Z</time>
      </trkpt>
      <trkpt lat="44.508633" lon="15.353457">
        <ele>557.082263</ele>
        <time>2026-01-20T06:03:38.040Z</time>
      </trkpt>
      <trkpt lat="44.508633" lon="15.353457">
        <ele>557.082263</ele>
        <time>2026-01-20T06:03:38.055Z</time>
      </trkpt>
      <trkpt lat="44.507919" lon="15.353906">
        <ele>557.497288</ele>
        <time>2026-01-20T06:04:11.521Z</time>
      </trkpt>
      <trkpt lat="44.507206" lon="15.354356">
        <ele>557.677156</ele>
        <time>2026-01-20T06:04:44.960Z</time>
      </trkpt>
      <trkpt lat="44.506492" lon="15.354805">
        <ele>557.857167</ele>
        <time>2026-01-20T06:05:18.426Z</time>
      </trkpt>
      <trkpt lat="44.505778" lon="15.355254">
        <ele>557.972127</ele>
        <time>2026-01-20T06:05:51.893Z</time>
      </trkpt>
      <trkpt lat="44.505065" lon="15.355703">
        <ele>558.080063</ele>
        <time>2026-01-20T06:06:25.320Z</time>
      </trkpt>
      <trkpt lat="44.504351" lon="15.356153">
        <ele>557.972073</ele>
        <time>2026-01-20T06:06:58.799Z</time>
      </trkpt>
      <trkpt lat="44.503638" lon="15.356602">
        <ele>557.723120</ele>
        <time>2026-01-20T06:07:32.226Z</time>
      </trkpt>
      <trkpt lat="44.502880" lon="15.357111">
        <ele>557.485502</ele>
        <time>2026-01-20T06:08:08.169Z</time>
      </trkpt>
      <trkpt lat="44.502123" lon="15.357619">
        <ele>557.303271</ele>
        <time>2026-01-20T06:08:44.063Z</time>
      </trkpt>
      <trkpt lat="44.501365" lon="15.358128">
        <ele>557.291286</ele>
        <time>2026-01-20T06:09:20.006Z</time>
      </trkpt>
      <trkpt lat="44.500647" lon="15.358382">
        <ele>557.840960</ele>
        <time>2026-01-20T06:09:51.676Z</time>
      </trkpt>
      <trkpt lat="44.499930" lon="15.358636">
        <ele>558.389914</ele>
        <time>2026-01-20T06:10:23.306Z</time>
      </trkpt>
      <trkpt lat="44.499212" lon="15.358891">
        <ele>558.810185</ele>
        <time>2026-01-20T06:10:54.984Z</time>
      </trkpt>
      <trkpt lat="44.498495" lon="15.359145">
        <ele>559.199427</ele>
        <time>2026-01-20T06:11:26.629Z</time>
      </trkpt>
      <trkpt lat="44.498495" lon="15.359145">
        <ele>559.199427</ele>
        <time>2026-01-20T06:11:26.646Z</time>
      </trkpt>
      <trkpt lat="44.497905" lon="15.359747">
        <ele>559.567384</ele>
        <time>2026-01-20T06:11:57.854Z</time>
      </trkpt>
      <trkpt lat="44.497315" lon="15.360348">
        <ele>559.907776</ele>
        <time>2026-01-20T06:12:29.044Z</time>
      </trkpt>
      <trkpt lat="44.496976" lon="15.361018">
        <ele>560.181254</ele>
        <time>2026-01-20T06:12:54.103Z</time>
      </trkpt>
      <trkpt lat="44.496638" lon="15.361687">
        <ele>560.310910</ele>
        <time>2026-01-20T06:13:19.112Z</time>
      </trkpt>
      <trkpt lat="44.496559" lon="15.362602">
        <ele>560.364361</ele>
        <time>2026-01-20T06:13:47.229Z</time>
      </trkpt>
      <trkpt lat="44.496481" lon="15.363518">
        <ele>560.417861</ele>
        <time>2026-01-20T06:14:15.370Z</time>
      </trkpt>
      <trkpt lat="44.496184" lon="15.364704">
        <ele>559.974433</ele>
        <time>2026-01-20T06:14:53.716Z</time>
      </trkpt>
      <trkpt lat="44.495942" lon="15.365255">
        <ele>559.708423</ele>
        <time>2026-01-20T06:15:13.455Z</time>
      </trkpt>
      <trkpt lat="44.495700" lon="15.365806">
        <ele>559.442413</ele>
        <time>2026-01-20T06:15:33.196Z</time>
      </trkpt>
      <trkpt lat="44.495603" lon="15.366450">
        <ele>559.609883</ele>
        <time>2026-01-20T06:15:53.275Z</time>
      </trkpt>
      <trkpt lat="44.495507" lon="15.367094">
        <ele>559.881704</ele>
        <time>2026-01-20T06:16:13.345Z</time>
      </trkpt>
      <trkpt lat="44.495232" lon="15.368001">
        <ele>560.288885</ele>
        <time>2026-01-20T06:16:43.414Z</time>
      </trkpt>
      <trkpt lat="44.494957" lon="15.368908">
        <ele>560.738320</ele>
        <time>2026-01-20T06:17:13.479Z</time>
      </trkpt>
      <trkpt lat="44.494681" lon="15.369814">
        <ele>561.210506</ele>
        <time>2026-01-20T06:17:43.533Z</time>
      </trkpt>
      <trkpt lat="44.494406" lon="15.370721">
        <ele>561.784993</ele>
        <time>2026-01-20T06:18:13.600Z</time>
      </trkpt>
      <trkpt lat="44.494491" lon="15.371857">
        <ele>563.657220</ele>
        <time>2026-01-20T06:18:48.457Z</time>
      </trkpt>
      <trkpt lat="44.494382" lon="15.372710">
        <ele>565.077624</ele>
        <time>2026-01-20T06:19:14.904Z</time>
      </trkpt>
      <trkpt lat="44.494273" lon="15.373563">
        <ele>565.985974</ele>
        <time>2026-01-20T06:19:41.343Z</time>
      </trkpt>
      <trkpt lat="44.494164" lon="15.374416">
        <ele>566.402283</ele>
        <time>2026-01-20T06:20:07.779Z</time>
      </trkpt>
      <trkpt lat="44.493823" lon="15.375293">
        <ele>566.882127</ele>
        <time>2026-01-20T06:20:38.250Z</time>
      </trkpt>
      <trkpt lat="44.493481" lon="15.376170">
        <ele>567.221732</ele>
        <time>2026-01-20T06:21:08.743Z</time>
      </trkpt>
      <trkpt lat="44.493140" lon="15.377048">
        <ele>567.523068</ele>
        <time>2026-01-20T06:21:39.241Z</time>
      </trkpt>
      <trkpt lat="44.492798" lon="15.377925">
        <ele>567.613706</ele>
        <time>2026-01-20T06:22:09.734Z</time>
      </trkpt>
      <trkpt lat="44.492254" lon="15.378823">
        <ele>567.025474</ele>
        <time>2026-01-20T06:22:45.675Z</time>
      </trkpt>
      <trkpt lat="44.491976" lon="15.379710">
        <ele>566.541734</ele>
        <time>2026-01-20T06:23:15.234Z</time>
      </trkpt>
      <trkpt lat="44.491698" lon="15.380597">
        <ele>565.437458</ele>
        <time>2026-01-20T06:23:44.799Z</time>
      </trkpt>
      <trkpt lat="44.491420" lon="15.381484">
        <ele>564.252552</ele>
        <time>2026-01-20T06:24:14.363Z</time>
      </trkpt>
      <trkpt lat="44.491006" lon="15.382563">
        <ele>563.351374</ele>
        <time>2026-01-20T06:24:51.742Z</time>
      </trkpt>
      <trkpt lat="44.490592" lon="15.383642">
        <ele>563.233447</ele>
        <time>2026-01-20T06:25:29.120Z</time>
      </trkpt>
      <trkpt lat="44.490178" lon="15.384721">
        <ele>563.094154</ele>
        <time>2026-01-20T06:26:06.506Z</time>
      </trkpt>
      <trkpt lat="44.490178" lon="15.384721">
        <ele>563.094154</ele>
        <time>2026-01-20T06:26:06.520Z</time>
      </trkpt>
      <trkpt lat="44.489572" lon="15.385541">
        <ele>562.925554</ele>
        <time>2026-01-20T06:26:42.542Z</time>
      </trkpt>
      <trkpt lat="44.488967" lon="15.386360">
        <ele>562.858293</ele>
        <time>2026-01-20T06:27:18.512Z</time>
      </trkpt>
      <trkpt lat="44.488361" lon="15.387179">
        <ele>563.090926</ele>
        <time>2026-01-20T06:27:54.513Z</time>
      </trkpt>
      <trkpt lat="44.487678" lon="15.387297">
        <ele>563.281107</ele>
        <time>2026-01-20T06:28:23.945Z</time>
      </trkpt>
      <trkpt lat="44.486996" lon="15.387416">
        <ele>564.447050</ele>
        <time>2026-01-20T06:28:53.339Z</time>
      </trkpt>
      <trkpt lat="44.486313" lon="15.387534">
        <ele>565.702134</ele>
        <time>2026-01-20T06:29:22.776Z</time>
      </trkpt>
      <trkpt lat="44.485631" lon="15.387653">
        <ele>566.691080</ele>
        <time>2026-01-20T06:29:52.175Z</time>
      </trkpt>
      <trkpt lat="44.485174" lon="15.387789">
        <ele>566.947680</ele>
        <time>2026-01-20T06:30:12.159Z</time>
      </trkpt>
      <trkpt lat="44.484718" lon="15.387925">
        <ele>567.203744</ele>
        <time>2026-01-20T06:30:32.099Z</time>
      </trkpt>
      <trkpt lat="44.484203" lon="15.387734">
        <ele>567.496339</ele>
        <time>2026-01-20T06:30:54.882Z</time>
      </trkpt>
      <trkpt lat="44.483688" lon="15.387544">
        <ele>566.496350</ele>
        <time>2026-01-20T06:31:17.663Z</time>
      </trkpt>
      <trkpt lat="44.483079" lon="15.388152">
        <ele>564.535697</ele>
        <time>2026-01-20T06:31:49.653Z</time>
      </trkpt>
      <trkpt lat="44.482471" lon="15.388760">
        <ele>562.697225</ele>
        <time>2026-01-20T06:32:21.607Z</time>
      </trkpt>
      <trkpt lat="44.481862" lon="15.389368">
        <ele>561.604152</ele>
        <time>2026-01-20T06:32:53.587Z</time>
      </trkpt>
      <trkpt lat="44.481561" lon="15.390308">
        <ele>560.529476</ele>
        <time>2026-01-20T06:33:25.027Z</time>
      </trkpt>
      <trkpt lat="44.481259" lon="15.391247">
        <ele>560.311952</ele>
        <time>2026-01-20T06:33:56.457Z</time>
      </trkpt>
      <trkpt lat="44.480764" lon="15.391996">
        <ele>560.441518</ele>
        <time>2026-01-20T06:34:27.610Z</time>
      </trkpt>
      <trkpt lat="44.480269" lon="15.392745">
        <ele>561.107758</ele>
        <time>2026-01-20T06:34:58.766Z</time>
      </trkpt>
      <trkpt lat="44.479696" lon="15.392868">
        <ele>562.932264</ele>
        <time>2026-01-20T06:35:23.570Z</time>
      </trkpt>
      <trkpt lat="44.479122" lon="15.392990">
        <ele>564.759543</ele>
        <time>2026-01-20T06:35:48.416Z</time>
      </trkpt>
      <trkpt lat="44.478690" lon="15.393814">
        <ele>566.350395</ele>
        <time>2026-01-20T06:36:19.635Z</time>
      </trkpt>
      <trkpt lat="44.478257" lon="15.394638">
        <ele>566.754167</ele>
        <time>2026-01-20T06:36:50.863Z</time>
      </trkpt>
      <trkpt lat="44.477825" lon="15.395462">
        <ele>567.157614</ele>
        <time>2026-01-20T06:37:22.066Z</time>
      </trkpt>
      <trkpt lat="44.477393" lon="15.396285">
        <ele>566.471647</ele>
        <time>2026-01-20T06:37:53.247Z</time>
      </trkpt>
      <trkpt lat="44.476985" lon="15.396816">
        <ele>565.863585</ele>
        <time>2026-01-20T06:38:17.061Z</time>
      </trkpt>
      <trkpt lat="44.476577" lon="15.397347">
        <ele>565.255522</ele>
        <time>2026-01-20T06:38:40.875Z</time>
      </trkpt>
      <trkpt lat="44.476625" lon="15.398164">
        <ele>565.349398</ele>
        <time>2026-01-20T06:39:05.891Z</time>
      </trkpt>
      <trkpt lat="44.476674" lon="15.398981">
        <ele>565.473301</ele>
        <time>2026-01-20T06:39:30.910Z</time>
      </trkpt>
      <trkpt lat="44.475936" lon="15.399158">
        <ele>565.683483</ele>
        <time>2026-01-20T06:40:02.933Z</time>
      </trkpt>
      <trkpt lat="44.475197" lon="15.399335">
        <ele>566.241052</ele>
        <time>2026-01-20T06:40:34.998Z</time>
      </trkpt>
      <trkpt lat="44.474828" lon="15.399812">
        <ele>566.614398</ele>
        <time>2026-01-20T06:40:56.468Z</time>
      </trkpt>
      <trkpt lat="44.474459" lon="15.400288">
        <ele>566.926263</ele>
        <time>2026-01-20T06:41:17.917Z</time>
      </trkpt>
      <trkpt lat="44.474141" lon="15.401133">
        <ele>566.626038</ele>
        <time>2026-01-20T06:41:47.071Z</time>
      </trkpt>
      <trkpt lat="44.473824" lon="15.401977">
        <ele>566.326295</ele>
        <time>2026-01-20T06:42:16.178Z</time>
      </trkpt>
      <trkpt lat="44.473507" lon="15.402821">
        <ele>566.049458</ele>
        <time>2026-01-20T06:42:45.286Z</time>
      </trkpt>
      <trkpt lat="44.472671" lon="15.402685">
        <ele>565.743968</ele>
        <time>2026-01-20T06:43:21.280Z</time>
      </trkpt>
      <trkpt lat="44.472069" lon="15.403134">
        <ele>565.486535</ele>
        <time>2026-01-20T06:43:50.445Z</time>
      </trkpt>
      <trkpt lat="44.471466" lon="15.403584">
        <ele>564.912784</ele>
        <time>2026-01-20T06:44:19.663Z</time>
      </trkpt>
      <trkpt lat="44.470794" lon="15.403688">
        <ele>564.344985</ele>
        <time>2026-01-20T06:44:48.592Z</time>
      </trkpt>
      <trkpt lat="44.470794" lon="15.403688">
        <ele>564.344985</ele>
        <time>2026-01-20T06:44:48.605Z</time>
      </trkpt>
      <trkpt lat="44.470752" lon="15.404543">
        <ele>563.950211</ele>
        <time>2026-01-20T06:45:14.762Z</time>
      </trkpt>
      <trkpt lat="44.470711" lon="15.405398">
        <ele>563.813314</ele>
        <time>2026-01-20T06:45:40.915Z</time>
      </trkpt>
      <trkpt lat="44.470669" lon="15.406252">
        <ele>563.676561</ele>
        <time>2026-01-20T06:46:07.040Z</time>
      </trkpt>
      <trkpt lat="44.470611" lon="15.407287">
        <ele>563.460132</ele>
        <time>2026-01-20T06:46:38.725Z</time>
      </trkpt>
      <trkpt lat="44.470553" lon="15.408322">
        <ele>563.189481</ele>
        <time>2026-01-20T06:47:10.410Z</time>
      </trkpt>
      <trkpt lat="44.470261" lon="15.409057">
        <ele>562.970177</ele>
        <time>2026-01-20T06:47:36.085Z</time>
      </trkpt>
      <trkpt lat="44.469970" lon="15.409793">
        <ele>562.108467</ele>
        <time>2026-01-20T06:48:01.766Z</time>
      </trkpt>
      <trkpt lat="44.469669" lon="15.410909">
        <ele>560.704788</ele>
        <time>2026-01-20T06:48:38.183Z</time>
      </trkpt>
      <trkpt lat="44.469367" lon="15.412026">
        <ele>559.481651</ele>
        <time>2026-01-20T06:49:14.643Z</time>
      </trkpt>
      <trkpt lat="44.469406" lon="15.412952">
        <ele>558.687632</ele>
        <time>2026-01-20T06:49:42.954Z</time>
      </trkpt>
      <trkpt lat="44.469445" lon="15.413877">
        <ele>557.894468</ele>
        <time>2026-01-20T06:50:11.236Z</time>
      </trkpt>
      <trkpt lat="44.469319" lon="15.414640">
        <ele>557.930788</ele>
        <time>2026-01-20T06:50:35.132Z</time>
      </trkpt>
      <trkpt lat="44.469192" lon="15.415402">
        <ele>558.067781</ele>
        <time>2026-01-20T06:50:59.028Z</time>
      </trkpt>
      <trkpt lat="44.469183" lon="15.416110">
        <ele>558.191750</ele>
        <time>2026-01-20T06:51:20.634Z</time>
      </trkpt>
      <trkpt lat="44.469173" lon="15.416818">
        <ele>558.696979</ele>
        <time>2026-01-20T06:51:42.243Z</time>
      </trkpt>
      <trkpt lat="44.468852" lon="15.417962">
        <ele>560.200636</ele>
        <time>2026-01-20T06:52:19.769Z</time>
      </trkpt>
      <trkpt lat="44.468532" lon="15.419106">
        <ele>561.496371</ele>
        <time>2026-01-20T06:52:57.273Z</time>
      </trkpt>
      <trkpt lat="44.468901" lon="15.420032">
        <ele>562.064059</ele>
        <time>2026-01-20T06:53:29.642Z</time>
      </trkpt>
      <trkpt lat="44.469270" lon="15.420958">
        <ele>562.631745</ele>
        <time>2026-01-20T06:54:02.012Z</time>
      </trkpt>
      <trkpt lat="44.469280" lon="15.421843">
        <ele>563.239241</ele>
        <time>2026-01-20T06:54:29.026Z</time>
      </trkpt>
      <trkpt lat="44.469290" lon="15.422728">
        <ele>563.863373</ele>
        <time>2026-01-20T06:54:56.041Z</time>
      </trkpt>
      <trkpt lat="44.469115" lon="15.423717">
        <ele>564.539983</ele>
        <time>2026-01-20T06:55:27.141Z</time>
      </trkpt>
      <trkpt lat="44.468940" lon="15.424707">
        <ele>565.009030</ele>
        <time>2026-01-20T06:55:58.270Z</time>
      </trkpt>
      <trkpt lat="44.468765" lon="15.425696">
        <ele>565.477631</ele>
        <time>2026-01-20T06:56:29.369Z</time>
      </trkpt>
      <trkpt lat="44.468376" lon="15.426695">
        <ele>565.247592</ele>
        <time>2026-01-20T06:57:04.102Z</time>
      </trkpt>
      <trkpt lat="44.467988" lon="15.427693">
        <ele>564.735291</ele>
        <time>2026-01-20T06:57:38.791Z</time>
      </trkpt>
      <trkpt lat="44.467599" lon="15.428692">
        <ele>564.639877</ele>
        <time>2026-01-20T06:58:13.524Z</time>
      </trkpt>
      <trkpt lat="44.467803" lon="15.429836">
        <ele>564.955175</ele>
        <time>2026-01-20T06:58:49.514Z</time>
      </trkpt>
      <trkpt lat="44.468007" lon="15.430979">
        <ele>565.181114</ele>
        <time>2026-01-20T06:59:25.475Z</time>
      </trkpt>
      <trkpt lat="44.467786" lon="15.431950">
        <ele>565.236638</ele>
        <time>2026-01-20T06:59:56.591Z</time>
      </trkpt>
      <trkpt lat="44.467462" lon="15.431874">
        <ele>565.261715</ele>
        <time>2026-01-20T07:00:02.643Z</time>
      </trkpt>
      <trkpt lat="44.467307" lon="15.431876">
        <ele>565.273548</ele>
        <time>2026-01-20T07:00:05.451Z</time>
      </trkpt>
      <trkpt lat="44.465531" lon="15.432627">
        <ele>565.163619</ele>
        <time>2026-01-20T07:00:40.692Z</time>
      </trkpt>
      <trkpt lat="44.464498" lon="15.433293">
        <ele>565.093059</ele>
        <time>2026-01-20T07:01:01.862Z</time>
      </trkpt>
      <trkpt lat="44.463876" lon="15.433880">
        <ele>565.050816</ele>
        <time>2026-01-20T07:01:16.308Z</time>
      </trkpt>
      <trkpt lat="44.462676" lon="15.434940">
        <ele>565.058650</ele>
        <time>2026-01-20T07:01:44.599Z</time>
      </trkpt>
      <trkpt lat="44.462166" lon="15.435330">
        <ele>565.048376</ele>
        <time>2026-01-20T07:01:55.481Z</time>
      </trkpt>
      <trkpt lat="44.459971" lon="15.436630">
        <ele>564.647036</ele>
        <time>2026-01-20T07:02:39.022Z</time>
      </trkpt>
      <trkpt lat="44.458030" lon="15.437660">
        <ele>565.218476</ele>
        <time>2026-01-20T07:03:23.666Z</time>
      </trkpt>
      <trkpt lat="44.457405" lon="15.437983">
        <ele>565.480271</ele>
        <time>2026-01-20T07:03:37.753Z</time>
      </trkpt>
      <trkpt lat="44.455892" lon="15.438948">
        <ele>565.948655</ele>
        <time>2026-01-20T07:04:12.127Z</time>
      </trkpt>
      <trkpt lat="44.454679" lon="15.439601">
        <ele>566.292038</ele>
        <time>2026-01-20T07:04:37.780Z</time>
      </trkpt>
      <trkpt lat="44.454015" lon="15.439866">
        <ele>566.474218</ele>
        <time>2026-01-20T07:04:51.518Z</time>
      </trkpt>
      <trkpt lat="44.452886" lon="15.440790">
        <ele>567.792355</ele>
        <time>2026-01-20T07:05:21.790Z</time>
      </trkpt>
      <trkpt lat="44.452269" lon="15.440999">
        <ele>568.497913</ele>
        <time>2026-01-20T07:05:39.243Z</time>
      </trkpt>
      <trkpt lat="44.451850" lon="15.441292">
        <ele>569.527239</ele>
        <time>2026-01-20T07:05:53.004Z</time>
      </trkpt>
      <trkpt lat="44.451486" lon="15.441675">
        <ele>570.545149</ele>
        <time>2026-01-20T07:06:06.991Z</time>
      </trkpt>
      <trkpt lat="44.450930" lon="15.442353">
        <ele>572.193388</ele>
        <time>2026-01-20T07:06:30.023Z</time>
      </trkpt>
      <trkpt lat="44.450626" lon="15.442725">
        <ele>573.035598</ele>
        <time>2026-01-20T07:06:42.721Z</time>
      </trkpt>
      <trkpt lat="44.449913" lon="15.443931">
        <ele>575.265077</ele>
        <time>2026-01-20T07:07:15.978Z</time>
      </trkpt>
      <trkpt lat="44.449106" lon="15.445124">
        <ele>576.835172</ele>
        <time>2026-01-20T07:07:47.317Z</time>
      </trkpt>
      <trkpt lat="44.448451" lon="15.445810">
        <ele>577.618053</ele>
        <time>2026-01-20T07:08:06.428Z</time>
      </trkpt>
      <trkpt lat="44.447944" lon="15.446233">
        <ele>577.728343</ele>
        <time>2026-01-20T07:08:17.684Z</time>
      </trkpt>
      <trkpt lat="44.447436" lon="15.446846">
        <ele>577.503331</ele>
        <time>2026-01-20T07:08:29.628Z</time>
      </trkpt>
      <trkpt lat="44.446474" lon="15.447844">
        <ele>577.015082</ele>
        <time>2026-01-20T07:08:51.084Z</time>
      </trkpt>
      <trkpt lat="44.446323" lon="15.448042">
        <ele>576.903124</ele>
        <time>2026-01-20T07:08:55.022Z</time>
      </trkpt>
      <trkpt lat="44.446276" lon="15.448326">
        <ele>576.790469</ele>
        <time>2026-01-20T07:08:58.931Z</time>
      </trkpt>
      <trkpt lat="44.446474" lon="15.449079">
        <ele>576.480380</ele>
        <time>2026-01-20T07:09:09.475Z</time>
      </trkpt>
      <trkpt lat="44.446681" lon="15.450599">
        <ele>574.908523</ele>
        <time>2026-01-20T07:09:27.788Z</time>
      </trkpt>
      <trkpt lat="44.446653" lon="15.452550">
        <ele>572.156738</ele>
        <time>2026-01-20T07:09:48.681Z</time>
      </trkpt>
      <trkpt lat="44.446980" lon="15.454079">
        <ele>569.622307</ele>
        <time>2026-01-20T07:10:05.740Z</time>
      </trkpt>
      <trkpt lat="44.447030" lon="15.455012">
        <ele>568.592554</ele>
        <time>2026-01-20T07:10:16.446Z</time>
      </trkpt>
      <trkpt lat="44.447710" lon="15.456188">
        <ele>567.739703</ele>
        <time>2026-01-20T07:10:35.471Z</time>
      </trkpt>
      <trkpt lat="44.448068" lon="15.456624">
        <ele>567.428492</ele>
        <time>2026-01-20T07:10:44.282Z</time>
      </trkpt>
      <trkpt lat="44.448492" lon="15.457198">
        <ele>567.468146</ele>
        <time>2026-01-20T07:10:54.931Z</time>
      </trkpt>
      <trkpt lat="44.448761" lon="15.457760">
        <ele>567.500630</ele>
        <time>2026-01-20T07:11:03.947Z</time>
      </trkpt>
      <trkpt lat="44.448950" lon="15.458480">
        <ele>567.537458</ele>
        <time>2026-01-20T07:11:15.495Z</time>
      </trkpt>
      <trkpt lat="44.448874" lon="15.459920">
        <ele>568.138892</ele>
        <time>2026-01-20T07:11:40.963Z</time>
      </trkpt>
      <trkpt lat="44.448761" lon="15.461156">
        <ele>568.685120</ele>
        <time>2026-01-20T07:12:01.152Z</time>
      </trkpt>
      <trkpt lat="44.448904" lon="15.462675">
        <ele>567.826686</ele>
        <time>2026-01-20T07:12:19.730Z</time>
      </trkpt>
      <trkpt lat="44.448931" lon="15.462966">
        <ele>567.662274</ele>
        <time>2026-01-20T07:12:23.123Z</time>
      </trkpt>
      <trkpt lat="44.449190" lon="15.463831">
        <ele>567.237272</ele>
        <time>2026-01-20T07:12:34.367Z</time>
      </trkpt>
      <trkpt lat="44.449186" lon="15.464188">
        <ele>567.171076</ele>
        <time>2026-01-20T07:12:38.789Z</time>
      </trkpt>
      <trkpt lat="44.448978" lon="15.465146">
        <ele>566.985429</ele>
        <time>2026-01-20T07:12:52.107Z</time>
      </trkpt>
      <trkpt lat="44.449044" lon="15.465919">
        <ele>566.841093</ele>
        <time>2026-01-20T07:13:03.224Z</time>
      </trkpt>
      <trkpt lat="44.449110" lon="15.467504">
        <ele>567.010353</ele>
        <time>2026-01-20T07:13:26.086Z</time>
      </trkpt>
      <trkpt lat="44.449271" lon="15.468951">
        <ele>567.232016</ele>
        <time>2026-01-20T07:13:47.048Z</time>
      </trkpt>
      <trkpt lat="44.449205" lon="15.469526">
        <ele>567.352321</ele>
        <time>2026-01-20T07:13:55.428Z</time>
      </trkpt>
      <trkpt lat="44.449124" lon="15.469889">
        <ele>567.430884</ele>
        <time>2026-01-20T07:14:00.945Z</time>
      </trkpt>
      <trkpt lat="44.448087" lon="15.471917">
        <ele>568.264837</ele>
        <time>2026-01-20T07:14:38.816Z</time>
      </trkpt>
      <trkpt lat="44.447746" lon="15.472292">
        <ele>568.533004</ele>
        <time>2026-01-20T07:14:48.495Z</time>
      </trkpt>
      <trkpt lat="44.446625" lon="15.474177">
        <ele>569.937090</ele>
        <time>2026-01-20T07:15:30.295Z</time>
      </trkpt>
      <trkpt lat="44.446357" lon="15.475310">
        <ele>570.275297</ele>
        <time>2026-01-20T07:15:50.064Z</time>
      </trkpt>
      <trkpt lat="44.446229" lon="15.476033">
        <ele>570.220620</ele>
        <time>2026-01-20T07:16:00.706Z</time>
      </trkpt>
      <trkpt lat="44.446125" lon="15.476344">
        <ele>570.195411</ele>
        <time>2026-01-20T07:16:05.147Z</time>
      </trkpt>
      <trkpt lat="44.445219" lon="15.477698">
        <ele>569.581612</ele>
        <time>2026-01-20T07:16:27.675Z</time>
      </trkpt>
      <trkpt lat="44.444833" lon="15.478801">
        <ele>568.902274</ele>
        <time>2026-01-20T07:16:42.712Z</time>
      </trkpt>
      <trkpt lat="44.444668" lon="15.480558">
        <ele>569.131934</ele>
        <time>2026-01-20T07:17:06.215Z</time>
      </trkpt>
      <trkpt lat="44.444866" lon="15.481292">
        <ele>569.340703</ele>
        <time>2026-01-20T07:17:19.921Z</time>
      </trkpt>
      <trkpt lat="44.445158" lon="15.481741">
        <ele>569.701269</ele>
        <time>2026-01-20T07:17:31.713Z</time>
      </trkpt>
      <trkpt lat="44.445417" lon="15.482197">
        <ele>570.188024</ele>
        <time>2026-01-20T07:17:43.611Z</time>
      </trkpt>
      <trkpt lat="44.445474" lon="15.483419">
        <ele>571.210971</ele>
        <time>2026-01-20T07:18:06.095Z</time>
      </trkpt>
      <trkpt lat="44.445776" lon="15.484218">
        <ele>571.405888</ele>
        <time>2026-01-20T07:18:19.401Z</time>
      </trkpt>
      <trkpt lat="44.446188" lon="15.486147">
        <ele>570.991452</ele>
        <time>2026-01-20T07:18:44.967Z</time>
      </trkpt>
      <trkpt lat="44.446303" lon="15.486719">
        <ele>570.654462</ele>
        <time>2026-01-20T07:18:52.206Z</time>
      </trkpt>
      <trkpt lat="44.446710" lon="15.487825">
        <ele>569.948848</ele>
        <time>2026-01-20T07:19:07.257Z</time>
      </trkpt>
      <trkpt lat="44.446963" lon="15.488314">
        <ele>569.606379</ele>
        <time>2026-01-20T07:19:14.839Z</time>
      </trkpt>
      <trkpt lat="44.447313" lon="15.488876">
        <ele>569.462008</ele>
        <time>2026-01-20T07:19:24.482Z</time>
      </trkpt>
      <trkpt lat="44.447503" lon="15.489747">
        <ele>569.305711</ele>
        <time>2026-01-20T07:19:36.601Z</time>
      </trkpt>
      <trkpt lat="44.447645" lon="15.490950">
        <ele>569.064053</ele>
        <time>2026-01-20T07:19:53.173Z</time>
      </trkpt>
      <trkpt lat="44.447677" lon="15.491241">
        <ele>568.983234</ele>
        <time>2026-01-20T07:19:57.063Z</time>
      </trkpt>
      <trkpt lat="44.447988" lon="15.492384">
        <ele>568.647472</ele>
        <time>2026-01-20T07:20:13.024Z</time>
      </trkpt>
      <trkpt lat="44.448257" lon="15.494670">
        <ele>568.109117</ele>
        <time>2026-01-20T07:20:41.876Z</time>
      </trkpt>
      <trkpt lat="44.448259" lon="15.495540">
        <ele>567.922404</ele>
        <time>2026-01-20T07:20:54.182Z</time>
      </trkpt>
      <trkpt lat="44.448292" lon="15.495698">
        <ele>568.086260</ele>
        <time>2026-01-20T07:20:56.732Z</time>
      </trkpt>
      <trkpt lat="44.448306" lon="15.495810">
        <ele>568.217984</ele>
        <time>2026-01-20T07:20:58.497Z</time>
      </trkpt>
      <trkpt lat="44.448345" lon="15.496111">
        <ele>568.572385</ele>
        <time>2026-01-20T07:21:03.348Z</time>
      </trkpt>
      <trkpt lat="44.448373" lon="15.496254">
        <ele>568.744167</ele>
        <time>2026-01-20T07:21:05.772Z</time>
      </trkpt>
      <trkpt lat="44.448417" lon="15.496623">
        <ele>569.177570</ele>
        <time>2026-01-20T07:21:12.299Z</time>
      </trkpt>
      <trkpt lat="44.448447" lon="15.496689">
        <ele>569.268213</ele>
        <time>2026-01-20T07:21:13.831Z</time>
      </trkpt>
      <trkpt lat="44.449087" lon="15.496321">
        <ele>570.390895</ele>
        <time>2026-01-20T07:21:35.478Z</time>
      </trkpt>
      <trkpt lat="44.449304" lon="15.496263">
        <ele>570.749395</ele>
        <time>2026-01-20T07:21:43.169Z</time>
      </trkpt>
      <trkpt lat="44.449979" lon="15.496637">
        <ele>572.080147</ele>
        <time>2026-01-20T07:22:05.779Z</time>
      </trkpt>
      <trkpt lat="44.450059" lon="15.496667">
        <ele>572.233376</ele>
        <time>2026-01-20T07:22:08.238Z</time>
      </trkpt>
      <trkpt lat="44.450291" lon="15.496868">
        <ele>572.738086</ele>
        <time>2026-01-20T07:22:16.136Z</time>
      </trkpt>
      <trkpt lat="44.450465" lon="15.496884">
        <ele>573.060715</ele>
        <time>2026-01-20T07:22:21.097Z</time>
      </trkpt>
      <trkpt lat="44.450581" lon="15.496961">
        <ele>573.298215</ele>
        <time>2026-01-20T07:22:24.689Z</time>
      </trkpt>
      <trkpt lat="44.450709" lon="15.497127">
        <ele>573.620949</ele>
        <time>2026-01-20T07:22:29.452Z</time>
      </trkpt>
      <trkpt lat="44.450898" lon="15.497526">
        <ele>574.155564</ele>
        <time>2026-01-20T07:22:38.040Z</time>
      </trkpt>
      <trkpt lat="44.451141" lon="15.498099">
        <ele>574.062728</ele>
        <time>2026-01-20T07:22:47.824Z</time>
      </trkpt>
      <trkpt lat="44.451256" lon="15.498455">
        <ele>574.008300</ele>
        <time>2026-01-20T07:22:52.976Z</time>
      </trkpt>
      <trkpt lat="44.451300" lon="15.498697">
        <ele>573.973515</ele>
        <time>2026-01-20T07:22:56.227Z</time>
      </trkpt>
      <trkpt lat="44.451832" lon="15.501616">
        <ele>572.372571</ele>
        <time>2026-01-20T07:23:33.231Z</time>
      </trkpt>
      <trkpt lat="44.451916" lon="15.501831">
        <ele>572.183349</ele>
        <time>2026-01-20T07:23:36.000Z</time>
      </trkpt>
      <trkpt lat="44.452054" lon="15.502021">
        <ele>571.974083</ele>
        <time>2026-01-20T07:23:39.035Z</time>
      </trkpt>
      <trkpt lat="44.452588" lon="15.502610">
        <ele>571.315004</ele>
        <time>2026-01-20T07:23:49.765Z</time>
      </trkpt>
      <trkpt lat="44.452884" lon="15.502842">
        <ele>570.992443</ele>
        <time>2026-01-20T07:23:55.211Z</time>
      </trkpt>
      <trkpt lat="44.452963" lon="15.503000">
        <ele>570.861489</ele>
        <time>2026-01-20T07:23:57.519Z</time>
      </trkpt>
      <trkpt lat="44.453181" lon="15.504231">
        <ele>570.263185</ele>
        <time>2026-01-20T07:24:14.193Z</time>
      </trkpt>
      <trkpt lat="44.453344" lon="15.504578">
        <ele>570.451074</ele>
        <time>2026-01-20T07:24:20.684Z</time>
      </trkpt>
      <trkpt lat="44.454347" lon="15.506479">
        <ele>571.608080</ele>
        <time>2026-01-20T07:25:00.558Z</time>
      </trkpt>
      <trkpt lat="44.454476" lon="15.506637">
        <ele>571.759495</ele>
        <time>2026-01-20T07:25:04.617Z</time>
      </trkpt>
      <trkpt lat="44.454571" lon="15.506755">
        <ele>571.871688</ele>
        <time>2026-01-20T07:25:07.643Z</time>
      </trkpt>
      <trkpt lat="44.454862" lon="15.507000">
        <ele>572.171699</ele>
        <time>2026-01-20T07:25:15.899Z</time>
      </trkpt>
      <trkpt lat="44.455486" lon="15.507448">
        <ele>572.791297</ele>
        <time>2026-01-20T07:25:32.790Z</time>
      </trkpt>
      <trkpt lat="44.455632" lon="15.507585">
        <ele>572.899866</ele>
        <time>2026-01-20T07:25:36.991Z</time>
      </trkpt>
      <trkpt lat="44.455680" lon="15.507674">
        <ele>572.914817</ele>
        <time>2026-01-20T07:25:38.851Z</time>
      </trkpt>
      <trkpt lat="44.455730" lon="15.507811">
        <ele>572.935440</ele>
        <time>2026-01-20T07:25:41.335Z</time>
      </trkpt>
      <trkpt lat="44.455198" lon="15.508668">
        <ele>573.087665</ele>
        <time>2026-01-20T07:25:57.104Z</time>
      </trkpt>
      <trkpt lat="44.454994" lon="15.508942">
        <ele>573.140731</ele>
        <time>2026-01-20T07:26:02.351Z</time>
      </trkpt>
      <trkpt lat="44.454872" lon="15.509065">
        <ele>573.168954</ele>
        <time>2026-01-20T07:26:05.114Z</time>
      </trkpt>
      <trkpt lat="44.454491" lon="15.509296">
        <ele>573.280134</ele>
        <time>2026-01-20T07:26:12.820Z</time>
      </trkpt>
      <trkpt lat="44.453450" lon="15.509625">
        <ele>573.784366</ele>
        <time>2026-01-20T07:26:35.192Z</time>
      </trkpt>
      <trkpt lat="44.452851" lon="15.509880">
        <ele>574.084062</ele>
        <time>2026-01-20T07:26:50.516Z</time>
      </trkpt>
      <trkpt lat="44.451339" lon="15.510908">
        <ele>575.458795</ele>
        <time>2026-01-20T07:27:29.524Z</time>
      </trkpt>
      <trkpt lat="44.446579" lon="15.514133">
        <ele>579.619556</ele>
        <time>2026-01-20T07:29:28.788Z</time>
      </trkpt>
      <trkpt lat="44.446528" lon="15.514165">
        <ele>579.675939</ele>
        <time>2026-01-20T07:29:30.489Z</time>
      </trkpt>
      <trkpt lat="44.446525" lon="15.514233">
        <ele>579.725013</ele>
        <time>2026-01-20T07:29:31.911Z</time>
      </trkpt>
      <trkpt lat="44.446483" lon="15.514304">
        <ele>579.791429</ele>
        <time>2026-01-20T07:29:33.898Z</time>
      </trkpt>
      <trkpt lat="44.446388" lon="15.514403">
        <ele>579.966330</ele>
        <time>2026-01-20T07:29:37.533Z</time>
      </trkpt>
      <trkpt lat="44.446045" lon="15.514607">
        <ele>580.622823</ele>
        <time>2026-01-20T07:29:49.469Z</time>
      </trkpt>
      <trkpt lat="44.446014" lon="15.514702">
        <ele>580.754197</ele>
        <time>2026-01-20T07:29:51.900Z</time>
      </trkpt>
      <trkpt lat="44.446085" lon="15.514992">
        <ele>581.139790</ele>
        <time>2026-01-20T07:29:59.047Z</time>
      </trkpt>
      <trkpt lat="44.446490" lon="15.516061">
        <ele>582.661889</ele>
        <time>2026-01-20T07:30:24.094Z</time>
      </trkpt>
      <trkpt lat="44.446928" lon="15.517013">
        <ele>583.125168</ele>
        <time>2026-01-20T07:30:40.802Z</time>
      </trkpt>
      <trkpt lat="44.447127" lon="15.517385">
        <ele>583.189971</ele>
        <time>2026-01-20T07:30:47.073Z</time>
      </trkpt>
      <trkpt lat="44.447229" lon="15.517854">
        <ele>583.258319</ele>
        <time>2026-01-20T07:30:53.869Z</time>
      </trkpt>
      <trkpt lat="44.447238" lon="15.518361">
        <ele>583.329020</ele>
        <time>2026-01-20T07:31:00.866Z</time>
      </trkpt>
      <trkpt lat="44.447199" lon="15.519296">
        <ele>582.796486</ele>
        <time>2026-01-20T07:31:13.720Z</time>
      </trkpt>
      <trkpt lat="44.447006" lon="15.520759">
        <ele>581.668753</ele>
        <time>2026-01-20T07:31:31.366Z</time>
      </trkpt>
      <trkpt lat="44.447066" lon="15.520953">
        <ele>581.508493</ele>
        <time>2026-01-20T07:31:33.619Z</time>
      </trkpt>
      <trkpt lat="44.447281" lon="15.521034">
        <ele>581.133559</ele>
        <time>2026-01-20T07:31:36.911Z</time>
      </trkpt>
      <trkpt lat="44.447456" lon="15.521144">
        <ele>580.768406</ele>
        <time>2026-01-20T07:31:39.764Z</time>
      </trkpt>
      <trkpt lat="44.447507" lon="15.521380">
        <ele>580.433298</ele>
        <time>2026-01-20T07:31:42.388Z</time>
      </trkpt>
      <trkpt lat="44.447426" lon="15.521710">
        <ele>579.959045</ele>
        <time>2026-01-20T07:31:46.085Z</time>
      </trkpt>
      <trkpt lat="44.446230" lon="15.524602">
        <ele>576.499886</ele>
        <time>2026-01-20T07:32:24.401Z</time>
      </trkpt>
      <trkpt lat="44.445650" lon="15.527044">
        <ele>576.000473</ele>
        <time>2026-01-20T07:33:00.104Z</time>
      </trkpt>
      <trkpt lat="44.445316" lon="15.528238">
        <ele>575.987621</ele>
        <time>2026-01-20T07:33:17.653Z</time>
      </trkpt>
      <trkpt lat="44.445177" lon="15.528505">
        <ele>575.984501</ele>
        <time>2026-01-20T07:33:22.074Z</time>
      </trkpt>
      <trkpt lat="44.444860" lon="15.528712">
        <ele>575.979876</ele>
        <time>2026-01-20T07:33:28.629Z</time>
      </trkpt>
      <trkpt lat="44.444606" lon="15.528978">
        <ele>575.975682</ele>
        <time>2026-01-20T07:33:34.556Z</time>
      </trkpt>
      <trkpt lat="44.444477" lon="15.530247">
        <ele>576.183483</ele>
        <time>2026-01-20T07:33:52.526Z</time>
      </trkpt>
      <trkpt lat="44.444132" lon="15.530712">
        <ele>576.370799</ele>
        <time>2026-01-20T07:34:03.257Z</time>
      </trkpt>
      <trkpt lat="44.443949" lon="15.531590">
        <ele>576.626275</ele>
        <time>2026-01-20T07:34:17.542Z</time>
      </trkpt>
      <trkpt lat="44.443821" lon="15.532200">
        <ele>576.955478</ele>
        <time>2026-01-20T07:34:27.252Z</time>
      </trkpt>
      <trkpt lat="44.443812" lon="15.532991">
        <ele>577.435334</ele>
        <time>2026-01-20T07:34:40.158Z</time>
      </trkpt>
      <trkpt lat="44.443749" lon="15.533460">
        <ele>577.724806</ele>
        <time>2026-01-20T07:34:48.343Z</time>
      </trkpt>
      <trkpt lat="44.443495" lon="15.534449">
        <ele>578.381407</ele>
        <time>2026-01-20T07:35:07.014Z</time>
      </trkpt>
      <trkpt lat="44.443034" lon="15.536090">
        <ele>579.578783</ele>
        <time>2026-01-20T07:35:37.909Z</time>
      </trkpt>
      <trkpt lat="44.442792" lon="15.536419">
        <ele>579.899520</ele>
        <time>2026-01-20T07:35:45.415Z</time>
      </trkpt>
      <trkpt lat="44.442460" lon="15.536965">
        <ele>580.093906</ele>
        <time>2026-01-20T07:35:56.454Z</time>
      </trkpt>
      <trkpt lat="44.442366" lon="15.537455">
        <ele>580.225451</ele>
        <time>2026-01-20T07:36:03.942Z</time>
      </trkpt>
      <trkpt lat="44.442258" lon="15.537768">
        <ele>580.315581</ele>
        <time>2026-01-20T07:36:09.041Z</time>
      </trkpt>
      <trkpt lat="44.442089" lon="15.537959">
        <ele>580.394439</ele>
        <time>2026-01-20T07:36:13.506Z</time>
      </trkpt>
      <trkpt lat="44.441923" lon="15.538529">
        <ele>580.554042</ele>
        <time>2026-01-20T07:36:22.480Z</time>
      </trkpt>
      <trkpt lat="44.441651" lon="15.539844">
        <ele>580.785546</ele>
        <time>2026-01-20T07:36:41.625Z</time>
      </trkpt>
      <trkpt lat="44.441497" lon="15.541032">
        <ele>580.989056</ele>
        <time>2026-01-20T07:36:59.222Z</time>
      </trkpt>
      <trkpt lat="44.441325" lon="15.542825">
        <ele>581.886508</ele>
        <time>2026-01-20T07:37:28.211Z</time>
      </trkpt>
      <trkpt lat="44.441159" lon="15.543193">
        <ele>582.102447</ele>
        <time>2026-01-20T07:37:35.673Z</time>
      </trkpt>
      <trkpt lat="44.441207" lon="15.543523">
        <ele>582.283542</ele>
        <time>2026-01-20T07:37:41.491Z</time>
      </trkpt>
      <trkpt lat="44.441189" lon="15.544106">
        <ele>582.687039</ele>
        <time>2026-01-20T07:37:51.668Z</time>
      </trkpt>
      <trkpt lat="44.441192" lon="15.546854">
        <ele>584.305755</ele>
        <time>2026-01-20T07:38:38.985Z</time>
      </trkpt>
      <trkpt lat="44.440957" lon="15.548551">
        <ele>584.917416</ele>
        <time>2026-01-20T07:39:04.610Z</time>
      </trkpt>
      <trkpt lat="44.440907" lon="15.548751">
        <ele>584.920833</ele>
        <time>2026-01-20T07:39:07.471Z</time>
      </trkpt>
      <trkpt lat="44.440359" lon="15.549827">
        <ele>584.942145</ele>
        <time>2026-01-20T07:39:25.493Z</time>
      </trkpt>
      <trkpt lat="44.439861" lon="15.550283">
        <ele>584.955582</ele>
        <time>2026-01-20T07:39:36.672Z</time>
      </trkpt>
      <trkpt lat="44.438192" lon="15.551666">
        <ele>585.307734</ele>
        <time>2026-01-20T07:40:14.622Z</time>
      </trkpt>
      <trkpt lat="44.436592" lon="15.552427">
        <ele>586.464580</ele>
        <time>2026-01-20T07:40:54.984Z</time>
      </trkpt>
      <trkpt lat="44.436275" lon="15.552478">
        <ele>586.400569</ele>
        <time>2026-01-20T07:41:01.461Z</time>
      </trkpt>
      <trkpt lat="44.436163" lon="15.552558">
        <ele>586.371663</ele>
        <time>2026-01-20T07:41:03.847Z</time>
      </trkpt>
      <trkpt lat="44.436112" lon="15.552706">
        <ele>586.344685</ele>
        <time>2026-01-20T07:41:06.027Z</time>
      </trkpt>
      <trkpt lat="44.436709" lon="15.554609">
        <ele>586.164611</ele>
        <time>2026-01-20T07:41:32.151Z</time>
      </trkpt>
      <trkpt lat="44.436697" lon="15.554786">
        <ele>586.221587</ele>
        <time>2026-01-20T07:41:34.619Z</time>
      </trkpt>
      <trkpt lat="44.436465" lon="15.555551">
        <ele>586.487931</ele>
        <time>2026-01-20T07:41:47.706Z</time>
      </trkpt>
      <trkpt lat="44.436332" lon="15.556308">
        <ele>586.737753</ele>
        <time>2026-01-20T07:42:01.168Z</time>
      </trkpt>
      <trkpt lat="44.436202" lon="15.556490">
        <ele>586.820249</ele>
        <time>2026-01-20T07:42:05.598Z</time>
      </trkpt>
      <trkpt lat="44.435930" lon="15.556600">
        <ele>587.006912</ele>
        <time>2026-01-20T07:42:12.227Z</time>
      </trkpt>
      <trkpt lat="44.435599" lon="15.556523">
        <ele>587.266914</ele>
        <time>2026-01-20T07:42:19.761Z</time>
      </trkpt>
      <trkpt lat="44.434995" lon="15.556608">
        <ele>587.737303</ele>
        <time>2026-01-20T07:42:32.593Z</time>
      </trkpt>
      <trkpt lat="44.434464" lon="15.556948">
        <ele>588.189734</ele>
        <time>2026-01-20T07:42:45.406Z</time>
      </trkpt>
      <trkpt lat="44.435124" lon="15.560238">
        <ele>591.804998</ele>
        <time>2026-01-20T07:43:53.643Z</time>
      </trkpt>
      <trkpt lat="44.436322" lon="15.562227">
        <ele>592.833545</ele>
        <time>2026-01-20T07:44:37.155Z</time>
      </trkpt>
      <trkpt lat="44.436426" lon="15.562418">
        <ele>592.735800</ele>
        <time>2026-01-20T07:44:40.250Z</time>
      </trkpt>
      <trkpt lat="44.436958" lon="15.564695">
        <ele>591.127536</ele>
        <time>2026-01-20T07:45:07.876Z</time>
      </trkpt>
      <trkpt lat="44.437047" lon="15.565255">
        <ele>590.520790</ele>
        <time>2026-01-20T07:45:14.385Z</time>
      </trkpt>
      <trkpt lat="44.437267" lon="15.567051">
        <ele>588.709873</ele>
        <time>2026-01-20T07:45:35.517Z</time>
      </trkpt>
      <trkpt lat="44.437988" lon="15.570289">
        <ele>586.138570</ele>
        <time>2026-01-20T07:46:15.618Z</time>
      </trkpt>
      <trkpt lat="44.438254" lon="15.571033">
        <ele>585.681422</ele>
        <time>2026-01-20T07:46:26.378Z</time>
      </trkpt>
      <trkpt lat="44.438551" lon="15.571679">
        <ele>586.126411</ele>
        <time>2026-01-20T07:46:37.491Z</time>
      </trkpt>
      <trkpt lat="44.438720" lon="15.571993">
        <ele>586.354145</ele>
        <time>2026-01-20T07:46:43.791Z</time>
      </trkpt>
      <trkpt lat="44.438796" lon="15.572133">
        <ele>586.456001</ele>
        <time>2026-01-20T07:46:46.711Z</time>
      </trkpt>
      <trkpt lat="44.439461" lon="15.573325">
        <ele>587.445565</ele>
        <time>2026-01-20T07:47:15.199Z</time>
      </trkpt>
      <trkpt lat="44.439923" lon="15.574089">
        <ele>588.334914</ele>
        <time>2026-01-20T07:47:34.620Z</time>
      </trkpt>
      <trkpt lat="44.440233" lon="15.574735">
        <ele>589.026309</ele>
        <time>2026-01-20T07:47:48.934Z</time>
      </trkpt>
      <trkpt lat="44.440992" lon="15.576586">
        <ele>589.741172</ele>
        <time>2026-01-20T07:48:21.865Z</time>
      </trkpt>
      <trkpt lat="44.441112" lon="15.577012">
        <ele>589.840956</ele>
        <time>2026-01-20T07:48:28.096Z</time>
      </trkpt>
      <trkpt lat="44.441403" lon="15.580015">
        <ele>588.994996</ele>
        <time>2026-01-20T07:49:06.791Z</time>
      </trkpt>
      <trkpt lat="44.441465" lon="15.580291">
        <ele>588.948811</ele>
        <time>2026-01-20T07:49:10.302Z</time>
      </trkpt>
      <trkpt lat="44.441634" lon="15.580655">
        <ele>588.879503</ele>
        <time>2026-01-20T07:49:15.657Z</time>
      </trkpt>
      <trkpt lat="44.441699" lon="15.580756">
        <ele>588.857799</ele>
        <time>2026-01-20T07:49:17.374Z</time>
      </trkpt>
      <trkpt lat="44.441910" lon="15.581267">
        <ele>588.763573</ele>
        <time>2026-01-20T07:49:24.933Z</time>
      </trkpt>
      <trkpt lat="44.442004" lon="15.581609">
        <ele>588.705077</ele>
        <time>2026-01-20T07:49:29.769Z</time>
      </trkpt>
      <trkpt lat="44.442921" lon="15.585914">
        <ele>591.504161</ele>
        <time>2026-01-20T07:50:45.688Z</time>
      </trkpt>
      <trkpt lat="44.443028" lon="15.586986">
        <ele>592.508253</ele>
        <time>2026-01-20T07:51:07.454Z</time>
      </trkpt>
      <trkpt lat="44.443218" lon="15.588243">
        <ele>593.977527</ele>
        <time>2026-01-20T07:51:33.618Z</time>
      </trkpt>
      <trkpt lat="44.443281" lon="15.590201">
        <ele>595.828664</ele>
        <time>2026-01-20T07:52:09.900Z</time>
      </trkpt>
      <trkpt lat="44.443079" lon="15.591397">
        <ele>596.612170</ele>
        <time>2026-01-20T07:52:30.650Z</time>
      </trkpt>
      <trkpt lat="44.443060" lon="15.591698">
        <ele>596.804810</ele>
        <time>2026-01-20T07:52:35.332Z</time>
      </trkpt>
      <trkpt lat="44.443187" lon="15.592495">
        <ele>597.094005</ele>
        <time>2026-01-20T07:52:47.104Z</time>
      </trkpt>
      <trkpt lat="44.443150" lon="15.593730">
        <ele>597.404927</ele>
        <time>2026-01-20T07:53:04.597Z</time>
      </trkpt>
      <trkpt lat="44.443199" lon="15.594391">
        <ele>597.572087</ele>
        <time>2026-01-20T07:53:14.865Z</time>
      </trkpt>
      <trkpt lat="44.443439" lon="15.595888">
        <ele>598.101828</ele>
        <time>2026-01-20T07:53:40.291Z</time>
      </trkpt>
      <trkpt lat="44.443515" lon="15.596490">
        <ele>598.313628</ele>
        <time>2026-01-20T07:53:49.897Z</time>
      </trkpt>
      <trkpt lat="44.443553" lon="15.598146">
        <ele>598.002372</ele>
        <time>2026-01-20T07:54:11.790Z</time>
      </trkpt>
      <trkpt lat="44.443680" lon="15.600511">
        <ele>596.907846</ele>
        <time>2026-01-20T07:54:40.833Z</time>
      </trkpt>
      <trkpt lat="44.443683" lon="15.601006">
        <ele>596.619511</ele>
        <time>2026-01-20T07:54:46.785Z</time>
      </trkpt>
      <trkpt lat="44.443690" lon="15.601886">
        <ele>596.106903</ele>
        <time>2026-01-20T07:54:57.639Z</time>
      </trkpt>
      <trkpt lat="44.443760" lon="15.602996">
        <ele>595.991184</ele>
        <time>2026-01-20T07:55:12.092Z</time>
      </trkpt>
      <trkpt lat="44.444015" lon="15.606561">
        <ele>595.953222</ele>
        <time>2026-01-20T07:56:02.813Z</time>
      </trkpt>
      <trkpt lat="44.444028" lon="15.608422">
        <ele>595.770134</ele>
        <time>2026-01-20T07:56:27.313Z</time>
      </trkpt>
      <trkpt lat="44.444072" lon="15.609502">
        <ele>595.633469</ele>
        <time>2026-01-20T07:56:41.763Z</time>
      </trkpt>
      <trkpt lat="44.444173" lon="15.610592">
        <ele>595.643439</ele>
        <time>2026-01-20T07:56:56.762Z</time>
      </trkpt>
      <trkpt lat="44.444230" lon="15.611743">
        <ele>595.653905</ele>
        <time>2026-01-20T07:57:12.936Z</time>
      </trkpt>
      <trkpt lat="44.444369" lon="15.612709">
        <ele>595.953524</ele>
        <time>2026-01-20T07:57:26.614Z</time>
      </trkpt>
      <trkpt lat="44.444617" lon="15.613761">
        <ele>596.380098</ele>
        <time>2026-01-20T07:57:43.704Z</time>
      </trkpt>
      <trkpt lat="44.445067" lon="15.615593">
        <ele>597.550966</ele>
        <time>2026-01-20T07:58:17.623Z</time>
      </trkpt>
      <trkpt lat="44.445299" lon="15.616255">
        <ele>598.076120</ele>
        <time>2026-01-20T07:58:30.836Z</time>
      </trkpt>
      <trkpt lat="44.445571" lon="15.617046">
        <ele>598.665766</ele>
        <time>2026-01-20T07:58:45.411Z</time>
      </trkpt>
      <trkpt lat="44.445815" lon="15.617728">
        <ele>599.140323</ele>
        <time>2026-01-20T07:58:57.522Z</time>
      </trkpt>
      <trkpt lat="44.445895" lon="15.618064">
        <ele>599.360661</ele>
        <time>2026-01-20T07:59:03.100Z</time>
      </trkpt>
      <trkpt lat="44.445928" lon="15.618468">
        <ele>599.613623</ele>
        <time>2026-01-20T07:59:09.543Z</time>
      </trkpt>
      <trkpt lat="44.445719" lon="15.619590">
        <ele>600.898303</ele>
        <time>2026-01-20T07:59:30.635Z</time>
      </trkpt>
      <trkpt lat="44.445698" lon="15.619979">
        <ele>601.534161</ele>
        <time>2026-01-20T07:59:38.872Z</time>
      </trkpt>
      <trkpt lat="44.445734" lon="15.620324">
        <ele>602.102467</ele>
        <time>2026-01-20T07:59:46.648Z</time>
      </trkpt>
      <trkpt lat="44.445751" lon="15.620488">
        <ele>602.372581</ele>
        <time>2026-01-20T07:59:50.474Z</time>
      </trkpt>
      <trkpt lat="44.445858" lon="15.620922">
        <ele>603.120971</ele>
        <time>2026-01-20T08:00:01.456Z</time>
      </trkpt>
      <trkpt lat="44.446387" lon="15.622321">
        <ele>605.708379</ele>
        <time>2026-01-20T08:00:40.092Z</time>
      </trkpt>
      <trkpt lat="44.446494" lon="15.622748">
        <ele>606.449211</ele>
        <time>2026-01-20T08:00:50.324Z</time>
      </trkpt>
      <trkpt lat="44.446611" lon="15.625838">
        <ele>610.048456</ele>
        <time>2026-01-20T08:01:50.329Z</time>
      </trkpt>
      <trkpt lat="44.446606" lon="15.626586">
        <ele>610.504239</ele>
        <time>2026-01-20T08:02:01.979Z</time>
      </trkpt>
      <trkpt lat="44.446285" lon="15.629983">
        <ele>610.434334</ele>
        <time>2026-01-20T08:02:47.518Z</time>
      </trkpt>
      <trkpt lat="44.446234" lon="15.630777">
        <ele>610.410928</ele>
        <time>2026-01-20T08:02:58.435Z</time>
      </trkpt>
      <trkpt lat="44.446371" lon="15.632130">
        <ele>610.463936</ele>
        <time>2026-01-20T08:03:17.746Z</time>
      </trkpt>
      <trkpt lat="44.446787" lon="15.635055">
        <ele>610.658402</ele>
        <time>2026-01-20T08:03:59.541Z</time>
      </trkpt>
      <trkpt lat="44.446990" lon="15.635998">
        <ele>610.691852</ele>
        <time>2026-01-20T08:04:13.242Z</time>
      </trkpt>
      <trkpt lat="44.447172" lon="15.637159">
        <ele>610.753080</ele>
        <time>2026-01-20T08:04:29.467Z</time>
      </trkpt>
      <trkpt lat="44.447460" lon="15.638998">
        <ele>610.915367</ele>
        <time>2026-01-20T08:04:55.796Z</time>
      </trkpt>
      <trkpt lat="44.447710" lon="15.641475">
        <ele>611.449049</ele>
        <time>2026-01-20T08:05:34.318Z</time>
      </trkpt>
      <trkpt lat="44.447765" lon="15.642948">
        <ele>611.183258</ele>
        <time>2026-01-20T08:05:53.656Z</time>
      </trkpt>
      <trkpt lat="44.447834" lon="15.643247">
        <ele>611.126635</ele>
        <time>2026-01-20T08:05:57.609Z</time>
      </trkpt>
      <trkpt lat="44.447872" lon="15.643577">
        <ele>611.066402</ele>
        <time>2026-01-20T08:06:01.812Z</time>
      </trkpt>
      <trkpt lat="44.447840" lon="15.644003">
        <ele>611.011288</ele>
        <time>2026-01-20T08:06:07.241Z</time>
      </trkpt>
      <trkpt lat="44.447749" lon="15.644617">
        <ele>610.946224</ele>
        <time>2026-01-20T08:06:15.262Z</time>
      </trkpt>
      <trkpt lat="44.447743" lon="15.644841">
        <ele>610.922966</ele>
        <time>2026-01-20T08:06:18.191Z</time>
      </trkpt>
      <trkpt lat="44.447808" lon="15.645283">
        <ele>610.876143</ele>
        <time>2026-01-20T08:06:24.179Z</time>
      </trkpt>
      <trkpt lat="44.447754" lon="15.645709">
        <ele>610.831252</ele>
        <time>2026-01-20T08:06:30.121Z</time>
      </trkpt>
      <trkpt lat="44.447754" lon="15.646704">
        <ele>611.074825</ele>
        <time>2026-01-20T08:06:44.943Z</time>
      </trkpt>
      <trkpt lat="44.447583" lon="15.647826">
        <ele>611.752442</ele>
        <time>2026-01-20T08:07:04.508Z</time>
      </trkpt>
      <trkpt lat="44.447482" lon="15.649218">
        <ele>612.594485</ele>
        <time>2026-01-20T08:07:29.151Z</time>
      </trkpt>
      <trkpt lat="44.447332" lon="15.649861">
        <ele>613.014138</ele>
        <time>2026-01-20T08:07:40.326Z</time>
      </trkpt>
      <trkpt lat="44.447032" lon="15.650325">
        <ele>613.402494</ele>
        <time>2026-01-20T08:07:50.459Z</time>
      </trkpt>
      <trkpt lat="44.446910" lon="15.650819">
        <ele>613.726776</ele>
        <time>2026-01-20T08:07:59.130Z</time>
      </trkpt>
      <trkpt lat="44.446721" lon="15.651331">
        <ele>614.074146</ele>
        <time>2026-01-20T08:08:08.889Z</time>
      </trkpt>
      <trkpt lat="44.446482" lon="15.651570">
        <ele>614.319048</ele>
        <time>2026-01-20T08:08:15.943Z</time>
      </trkpt>
      <trkpt lat="44.446109" lon="15.651704">
        <ele>614.640190</ele>
        <time>2026-01-20T08:08:25.309Z</time>
      </trkpt>
      <trkpt lat="44.445651" lon="15.651827">
        <ele>615.029109</ele>
        <time>2026-01-20T08:08:36.648Z</time>
      </trkpt>
      <trkpt lat="44.445402" lon="15.651924">
        <ele>615.244651</ele>
        <time>2026-01-20T08:08:42.717Z</time>
      </trkpt>
      <trkpt lat="44.445263" lon="15.652032">
        <ele>615.316637</ele>
        <time>2026-01-20T08:08:46.258Z</time>
      </trkpt>
      <trkpt lat="44.445083" lon="15.652283">
        <ele>615.251106</ele>
        <time>2026-01-20T08:08:51.584Z</time>
      </trkpt>
      <trkpt lat="44.445019" lon="15.652460">
        <ele>615.214560</ele>
        <time>2026-01-20T08:08:54.378Z</time>
      </trkpt>
      <trkpt lat="44.444980" lon="15.652878">
        <ele>615.136910</ele>
        <time>2026-01-20T08:09:00.060Z</time>
      </trkpt>
      <trkpt lat="44.445007" lon="15.653048">
        <ele>615.104831</ele>
        <time>2026-01-20T08:09:02.350Z</time>
      </trkpt>
      <trkpt lat="44.445069" lon="15.653266">
        <ele>615.061606</ele>
        <time>2026-01-20T08:09:05.376Z</time>
      </trkpt>
      <trkpt lat="44.445330" lon="15.653812">
        <ele>614.940572</ele>
        <time>2026-01-20T08:09:13.594Z</time>
      </trkpt>
      <trkpt lat="44.445390" lon="15.654010">
        <ele>614.900951</ele>
        <time>2026-01-20T08:09:16.196Z</time>
      </trkpt>
      <trkpt lat="44.445427" lon="15.654247">
        <ele>614.837146</ele>
        <time>2026-01-20T08:09:19.122Z</time>
      </trkpt>
      <trkpt lat="44.445431" lon="15.654486">
        <ele>614.713833</ele>
        <time>2026-01-20T08:09:21.976Z</time>
      </trkpt>
      <trkpt lat="44.445385" lon="15.654760">
        <ele>614.568646</ele>
        <time>2026-01-20T08:09:25.311Z</time>
      </trkpt>
      <trkpt lat="44.445299" lon="15.655022">
        <ele>614.419903</ele>
        <time>2026-01-20T08:09:28.702Z</time>
      </trkpt>
      <trkpt lat="44.444787" lon="15.656380">
        <ele>613.627747</ele>
        <time>2026-01-20T08:09:47.689Z</time>
      </trkpt>
      <trkpt lat="44.444810" lon="15.656629">
        <ele>613.671019</ele>
        <time>2026-01-20T08:09:51.081Z</time>
      </trkpt>
      <trkpt lat="44.445007" lon="15.657684">
        <ele>614.514766</ele>
        <time>2026-01-20T08:10:08.412Z</time>
      </trkpt>
      <trkpt lat="44.445054" lon="15.658635">
        <ele>615.252346</ele>
        <time>2026-01-20T08:10:27.415Z</time>
      </trkpt>
      <trkpt lat="44.445049" lon="15.660026">
        <ele>616.205831</ele>
        <time>2026-01-20T08:10:56.659Z</time>
      </trkpt>
      <trkpt lat="44.445075" lon="15.660670">
        <ele>616.629436</ele>
        <time>2026-01-20T08:11:08.125Z</time>
      </trkpt>
      <trkpt lat="44.445232" lon="15.661336">
        <ele>617.090039</ele>
        <time>2026-01-20T08:11:17.733Z</time>
      </trkpt>
      <trkpt lat="44.445394" lon="15.662302">
        <ele>616.386868</ele>
        <time>2026-01-20T08:11:29.218Z</time>
      </trkpt>
      <trkpt lat="44.445485" lon="15.663017">
        <ele>615.731122</ele>
        <time>2026-01-20T08:11:37.328Z</time>
      </trkpt>
      <trkpt lat="44.445476" lon="15.663333">
        <ele>615.445582</ele>
        <time>2026-01-20T08:11:40.887Z</time>
      </trkpt>
      <trkpt lat="44.445307" lon="15.663797">
        <ele>614.975268</ele>
        <time>2026-01-20T08:11:46.981Z</time>
      </trkpt>
      <trkpt lat="44.445077" lon="15.664840">
        <ele>614.787105</ele>
        <time>2026-01-20T08:12:01.082Z</time>
      </trkpt>
      <trkpt lat="44.444909" lon="15.665510">
        <ele>614.709782</ele>
        <time>2026-01-20T08:12:11.346Z</time>
      </trkpt>
      <trkpt lat="44.444757" lon="15.665855">
        <ele>614.665638</ele>
        <time>2026-01-20T08:12:17.232Z</time>
      </trkpt>
      <trkpt lat="44.444414" lon="15.666209">
        <ele>614.635125</ele>
        <time>2026-01-20T08:12:26.013Z</time>
      </trkpt>
      <trkpt lat="44.444064" lon="15.666487">
        <ele>614.672233</ele>
        <time>2026-01-20T08:12:33.805Z</time>
      </trkpt>
      <trkpt lat="44.443713" lon="15.666654">
        <ele>614.706421</ele>
        <time>2026-01-20T08:12:40.850Z</time>
      </trkpt>
      <trkpt lat="44.442701" lon="15.667081">
        <ele>614.798737</ele>
        <time>2026-01-20T08:13:01.613Z</time>
      </trkpt>
      <trkpt lat="44.442436" lon="15.667141">
        <ele>614.815450</ele>
        <time>2026-01-20T08:13:07.003Z</time>
      </trkpt>
      <trkpt lat="44.442174" lon="15.667161">
        <ele>614.831786</ele>
        <time>2026-01-20T08:13:12.220Z</time>
      </trkpt>
      <trkpt lat="44.441938" lon="15.667135">
        <ele>614.846525</ele>
        <time>2026-01-20T08:13:16.879Z</time>
      </trkpt>
      <trkpt lat="44.441690" lon="15.667151">
        <ele>614.861981</ele>
        <time>2026-01-20T08:13:21.727Z</time>
      </trkpt>
      <trkpt lat="44.441567" lon="15.667158">
        <ele>614.869645</ele>
        <time>2026-01-20T08:13:24.125Z</time>
      </trkpt>
      <trkpt lat="44.441283" lon="15.667273">
        <ele>614.888051</ele>
        <time>2026-01-20T08:13:29.833Z</time>
      </trkpt>
      <trkpt lat="44.440838" lon="15.667619">
        <ele>614.887741</ele>
        <time>2026-01-20T08:13:39.579Z</time>
      </trkpt>
      <trkpt lat="44.440501" lon="15.667819">
        <ele>614.873588</ele>
        <time>2026-01-20T08:13:46.589Z</time>
      </trkpt>
      <trkpt lat="44.440195" lon="15.667881">
        <ele>614.861633</ele>
        <time>2026-01-20T08:13:52.491Z</time>
      </trkpt>
      <trkpt lat="44.439801" lon="15.667837">
        <ele>614.846350</ele>
        <time>2026-01-20T08:14:00.045Z</time>
      </trkpt>
      <trkpt lat="44.439363" lon="15.667858">
        <ele>614.832496</ele>
        <time>2026-01-20T08:14:08.342Z</time>
      </trkpt>
      <trkpt lat="44.438876" lon="15.667970">
        <ele>614.869725</ele>
        <time>2026-01-20T08:14:17.454Z</time>
      </trkpt>
      <trkpt lat="44.438568" lon="15.667986">
        <ele>614.892976</ele>
        <time>2026-01-20T08:14:23.220Z</time>
      </trkpt>
      <trkpt lat="44.437863" lon="15.667858">
        <ele>614.946603</ele>
        <time>2026-01-20T08:14:36.985Z</time>
      </trkpt>
      <trkpt lat="44.437520" lon="15.667817">
        <ele>615.087197</ele>
        <time>2026-01-20T08:14:44.082Z</time>
      </trkpt>
      <trkpt lat="44.436523" lon="15.667374">
        <ele>616.571061</ele>
        <time>2026-01-20T08:15:10.215Z</time>
      </trkpt>
      <trkpt lat="44.436172" lon="15.667153">
        <ele>617.117012</ele>
        <time>2026-01-20T08:15:21.388Z</time>
      </trkpt>
      <trkpt lat="44.435684" lon="15.666669">
        <ele>618.199807</ele>
        <time>2026-01-20T08:15:39.881Z</time>
      </trkpt>
      <trkpt lat="44.434368" lon="15.665714">
        <ele>621.404088</ele>
        <time>2026-01-20T08:16:26.582Z</time>
      </trkpt>
      <trkpt lat="44.434224" lon="15.665654">
        <ele>621.164816</ele>
        <time>2026-01-20T08:16:30.539Z</time>
      </trkpt>
      <trkpt lat="44.433896" lon="15.665688">
        <ele>620.632936</ele>
        <time>2026-01-20T08:16:37.465Z</time>
      </trkpt>
      <trkpt lat="44.433620" lon="15.665666">
        <ele>620.185877</ele>
        <time>2026-01-20T08:16:42.159Z</time>
      </trkpt>
      <trkpt lat="44.433419" lon="15.665564">
        <ele>619.840145</ele>
        <time>2026-01-20T08:16:45.500Z</time>
      </trkpt>
      <trkpt lat="44.433283" lon="15.665348">
        <ele>619.507601</ele>
        <time>2026-01-20T08:16:48.548Z</time>
      </trkpt>
      <trkpt lat="44.433125" lon="15.664983">
        <ele>619.014713</ele>
        <time>2026-01-20T08:16:52.889Z</time>
      </trkpt>
      <trkpt lat="44.432900" lon="15.664627">
        <ele>618.425138</ele>
        <time>2026-01-20T08:16:57.588Z</time>
      </trkpt>
      <trkpt lat="44.432647" lon="15.664382">
        <ele>617.292586</ele>
        <time>2026-01-20T08:17:01.763Z</time>
      </trkpt>
      <trkpt lat="44.432333" lon="15.664172">
        <ele>616.011383</ele>
        <time>2026-01-20T08:17:06.464Z</time>
      </trkpt>
      <trkpt lat="44.432087" lon="15.664067">
        <ele>615.064489</ele>
        <time>2026-01-20T08:17:10.026Z</time>
      </trkpt>
      <trkpt lat="44.431706" lon="15.663853">
        <ele>613.553040</ele>
        <time>2026-01-20T08:17:15.832Z</time>
      </trkpt>
      <trkpt lat="44.431283" lon="15.663519">
        <ele>611.801265</ele>
        <time>2026-01-20T08:17:22.916Z</time>
      </trkpt>
      <trkpt lat="44.430929" lon="15.663177">
        <ele>610.739190</ele>
        <time>2026-01-20T08:17:29.275Z</time>
      </trkpt>
      <trkpt lat="44.430792" lon="15.662929">
        <ele>610.186254</ele>
        <time>2026-01-20T08:17:32.616Z</time>
      </trkpt>
      <trkpt lat="44.430659" lon="15.662387">
        <ele>609.175580</ele>
        <time>2026-01-20T08:17:38.761Z</time>
      </trkpt>
      <trkpt lat="44.430523" lon="15.662075">
        <ele>608.530961</ele>
        <time>2026-01-20T08:17:42.692Z</time>
      </trkpt>
      <trkpt lat="44.430310" lon="15.661818">
        <ele>607.836627</ele>
        <time>2026-01-20T08:17:46.991Z</time>
      </trkpt>
      <trkpt lat="44.429709" lon="15.661223">
        <ele>606.609182</ele>
        <time>2026-01-20T08:17:58.361Z</time>
      </trkpt>
      <trkpt lat="44.429152" lon="15.660615">
        <ele>605.592992</ele>
        <time>2026-01-20T08:18:09.920Z</time>
      </trkpt>
      <trkpt lat="44.428891" lon="15.660436">
        <ele>605.174819</ele>
        <time>2026-01-20T08:18:14.780Z</time>
      </trkpt>
      <trkpt lat="44.428553" lon="15.660305">
        <ele>604.811497</ele>
        <time>2026-01-20T08:18:20.709Z</time>
      </trkpt>
      <trkpt lat="44.427743" lon="15.660084">
        <ele>604.583293</ele>
        <time>2026-01-20T08:18:35.460Z</time>
      </trkpt>
      <trkpt lat="44.427464" lon="15.660041">
        <ele>604.505674</ele>
        <time>2026-01-20T08:18:40.948Z</time>
      </trkpt>
      <trkpt lat="44.427174" lon="15.660058">
        <ele>604.425409</ele>
        <time>2026-01-20T08:18:46.624Z</time>
      </trkpt>
      <trkpt lat="44.426153" lon="15.660288">
        <ele>604.262285</ele>
        <time>2026-01-20T08:19:07.431Z</time>
      </trkpt>
      <trkpt lat="44.425811" lon="15.660425">
        <ele>604.221932</ele>
        <time>2026-01-20T08:19:14.258Z</time>
      </trkpt>
      <trkpt lat="44.424895" lon="15.661003">
        <ele>603.933471</ele>
        <time>2026-01-20T08:19:32.247Z</time>
      </trkpt>
      <trkpt lat="44.424393" lon="15.661216">
        <ele>603.583422</ele>
        <time>2026-01-20T08:19:41.659Z</time>
      </trkpt>
      <trkpt lat="44.424202" lon="15.661254">
        <ele>603.454679</ele>
        <time>2026-01-20T08:19:45.158Z</time>
      </trkpt>
      <trkpt lat="44.424019" lon="15.661290">
        <ele>603.331356</ele>
        <time>2026-01-20T08:19:48.492Z</time>
      </trkpt>
      <trkpt lat="44.423777" lon="15.661220">
        <ele>603.166449</ele>
        <time>2026-01-20T08:19:52.864Z</time>
      </trkpt>
      <trkpt lat="44.423435" lon="15.660851">
        <ele>602.730738</ele>
        <time>2026-01-20T08:20:00.202Z</time>
      </trkpt>
      <trkpt lat="44.423190" lon="15.660634">
        <ele>602.098443</ele>
        <time>2026-01-20T08:20:04.936Z</time>
      </trkpt>
      <trkpt lat="44.422950" lon="15.660448">
        <ele>601.500155</ele>
        <time>2026-01-20T08:20:09.250Z</time>
      </trkpt>
      <trkpt lat="44.422756" lon="15.660386">
        <ele>601.066148</ele>
        <time>2026-01-20T08:20:12.294Z</time>
      </trkpt>
      <trkpt lat="44.422540" lon="15.660376">
        <ele>600.594781</ele>
        <time>2026-01-20T08:20:15.509Z</time>
      </trkpt>
      <trkpt lat="44.422101" lon="15.660450">
        <ele>599.630382</ele>
        <time>2026-01-20T08:20:21.956Z</time>
      </trkpt>
      <trkpt lat="44.421794" lon="15.660404">
        <ele>598.953835</ele>
        <time>2026-01-20T08:20:26.419Z</time>
      </trkpt>
      <trkpt lat="44.421152" lon="15.660157">
        <ele>597.429885</ele>
        <time>2026-01-20T08:20:36.166Z</time>
      </trkpt>
      <trkpt lat="44.420607" lon="15.660105">
        <ele>596.179534</ele>
        <time>2026-01-20T08:20:44.351Z</time>
      </trkpt>
      <trkpt lat="44.420191" lon="15.660219">
        <ele>595.209280</ele>
        <time>2026-01-20T08:20:51.008Z</time>
      </trkpt>
      <trkpt lat="44.419814" lon="15.660472">
        <ele>594.843931</ele>
        <time>2026-01-20T08:20:57.905Z</time>
      </trkpt>
      <trkpt lat="44.418968" lon="15.661290">
        <ele>594.628662</ele>
        <time>2026-01-20T08:21:16.830Z</time>
      </trkpt>
      <trkpt lat="44.416478" lon="15.663794">
        <ele>596.398042</ele>
        <time>2026-01-20T08:22:27.614Z</time>
      </trkpt>
      <trkpt lat="44.415731" lon="15.664583">
        <ele>597.009091</ele>
        <time>2026-01-20T08:22:48.675Z</time>
      </trkpt>
      <trkpt lat="44.415294" lon="15.664904">
        <ele>596.981241</ele>
        <time>2026-01-20T08:22:59.063Z</time>
      </trkpt>
      <trkpt lat="44.414849" lon="15.665151">
        <ele>596.886720</ele>
        <time>2026-01-20T08:23:08.254Z</time>
      </trkpt>
      <trkpt lat="44.414567" lon="15.665353">
        <ele>596.824172</ele>
        <time>2026-01-20T08:23:13.836Z</time>
      </trkpt>
      <trkpt lat="44.414390" lon="15.665628">
        <ele>596.771962</ele>
        <time>2026-01-20T08:23:18.473Z</time>
      </trkpt>
      <trkpt lat="44.414345" lon="15.665699">
        <ele>596.758575</ele>
        <time>2026-01-20T08:23:19.664Z</time>
      </trkpt>
      <trkpt lat="44.414138" lon="15.666271">
        <ele>596.537773</ele>
        <time>2026-01-20T08:23:27.740Z</time>
      </trkpt>
      <trkpt lat="44.414023" lon="15.666607">
        <ele>596.310647</ele>
        <time>2026-01-20T08:23:32.458Z</time>
      </trkpt>
      <trkpt lat="44.413770" lon="15.667250">
        <ele>595.863137</ele>
        <time>2026-01-20T08:23:41.549Z</time>
      </trkpt>
      <trkpt lat="44.413420" lon="15.668011">
        <ele>595.311380</ele>
        <time>2026-01-20T08:23:52.648Z</time>
      </trkpt>
      <trkpt lat="44.413044" lon="15.668600">
        <ele>594.423441</ele>
        <time>2026-01-20T08:24:02.046Z</time>
      </trkpt>
      <trkpt lat="44.412389" lon="15.669204">
        <ele>592.959947</ele>
        <time>2026-01-20T08:24:14.155Z</time>
      </trkpt>
      <trkpt lat="44.410877" lon="15.670391">
        <ele>590.458457</ele>
        <time>2026-01-20T08:24:40.472Z</time>
      </trkpt>
      <trkpt lat="44.408716" lon="15.672107">
        <ele>590.030872</ele>
        <time>2026-01-20T08:25:33.778Z</time>
      </trkpt>
      <trkpt lat="44.407953" lon="15.672629">
        <ele>589.221139</ele>
        <time>2026-01-20T08:25:47.799Z</time>
      </trkpt>
      <trkpt lat="44.407473" lon="15.672922">
        <ele>588.721852</ele>
        <time>2026-01-20T08:25:56.078Z</time>
      </trkpt>
      <trkpt lat="44.407083" lon="15.673161">
        <ele>588.327417</ele>
        <time>2026-01-20T08:26:03.198Z</time>
      </trkpt>
      <trkpt lat="44.406497" lon="15.673519">
        <ele>588.665454</ele>
        <time>2026-01-20T08:26:15.313Z</time>
      </trkpt>
      <trkpt lat="44.404917" lon="15.674435">
        <ele>589.742476</ele>
        <time>2026-01-20T08:26:57.898Z</time>
      </trkpt>
      <trkpt lat="44.404171" lon="15.674973">
        <ele>590.445840</ele>
        <time>2026-01-20T08:27:18.141Z</time>
      </trkpt>
      <trkpt lat="44.403042" lon="15.675788">
        <ele>590.475098</ele>
        <time>2026-01-20T08:27:44.432Z</time>
      </trkpt>
      <trkpt lat="44.400157" lon="15.677455">
        <ele>587.744096</ele>
        <time>2026-01-20T08:28:36.898Z</time>
      </trkpt>
      <trkpt lat="44.399468" lon="15.677784">
        <ele>586.773163</ele>
        <time>2026-01-20T08:28:48.591Z</time>
      </trkpt>
      <trkpt lat="44.398648" lon="15.678063">
        <ele>585.646650</ele>
        <time>2026-01-20T08:29:02.300Z</time>
      </trkpt>
      <trkpt lat="44.398247" lon="15.678248">
        <ele>585.080944</ele>
        <time>2026-01-20T08:29:09.302Z</time>
      </trkpt>
      <trkpt lat="44.397259" lon="15.678775">
        <ele>583.664317</ele>
        <time>2026-01-20T08:29:26.690Z</time>
      </trkpt>
      <trkpt lat="44.395123" lon="15.679569">
        <ele>580.735167</ele>
        <time>2026-01-20T08:30:02.453Z</time>
      </trkpt>
      <trkpt lat="44.394238" lon="15.679977">
        <ele>579.946480</ele>
        <time>2026-01-20T08:30:18.587Z</time>
      </trkpt>
      <trkpt lat="44.392352" lon="15.680745">
        <ele>578.614535</ele>
        <time>2026-01-20T08:30:53.210Z</time>
      </trkpt>
      <trkpt lat="44.392229" lon="15.680799">
        <ele>578.536846</ele>
        <time>2026-01-20T08:30:55.503Z</time>
      </trkpt>
      <trkpt lat="44.391676" lon="15.681092">
        <ele>578.179528</ele>
        <time>2026-01-20T08:31:06.088Z</time>
      </trkpt>
      <trkpt lat="44.390462" lon="15.681924">
        <ele>577.360191</ele>
        <time>2026-01-20T08:31:29.817Z</time>
      </trkpt>
      <trkpt lat="44.390319" lon="15.682125">
        <ele>577.242091</ele>
        <time>2026-01-20T08:31:33.355Z</time>
      </trkpt>
      <trkpt lat="44.390226" lon="15.682373">
        <ele>577.149026</ele>
        <time>2026-01-20T08:31:36.858Z</time>
      </trkpt>
      <trkpt lat="44.390163" lon="15.682423">
        <ele>577.115348</ele>
        <time>2026-01-20T08:31:38.135Z</time>
      </trkpt>
      <trkpt lat="44.390080" lon="15.682397">
        <ele>577.075798</ele>
        <time>2026-01-20T08:31:39.626Z</time>
      </trkpt>
      <trkpt lat="44.389635" lon="15.681469">
        <ele>576.704439</ele>
        <time>2026-01-20T08:31:53.657Z</time>
      </trkpt>
      <trkpt lat="44.388888" lon="15.679876">
        <ele>576.204302</ele>
        <time>2026-01-20T08:32:19.348Z</time>
      </trkpt>
      <trkpt lat="44.388308" lon="15.678925">
        <ele>575.946687</ele>
        <time>2026-01-20T08:32:35.838Z</time>
      </trkpt>
      <trkpt lat="44.388068" lon="15.678662">
        <ele>575.792315</ele>
        <time>2026-01-20T08:32:41.197Z</time>
      </trkpt>
      <trkpt lat="44.387797" lon="15.678586">
        <ele>575.592109</ele>
        <time>2026-01-20T08:32:45.918Z</time>
      </trkpt>
      <trkpt lat="44.386277" lon="15.678326">
        <ele>574.723072</ele>
        <time>2026-01-20T08:33:11.814Z</time>
      </trkpt>
      <trkpt lat="44.382885" lon="15.677820">
        <ele>577.914229</ele>
        <time>2026-01-20T08:34:36.448Z</time>
      </trkpt>
      <trkpt lat="44.382546" lon="15.677745">
        <ele>577.962918</ele>
        <time>2026-01-20T08:34:44.587Z</time>
      </trkpt>
      <trkpt lat="44.382227" lon="15.677673">
        <ele>577.985039</ele>
        <time>2026-01-20T08:34:51.819Z</time>
      </trkpt>
      <trkpt lat="44.382114" lon="15.677648">
        <ele>577.992871</ele>
        <time>2026-01-20T08:34:54.260Z</time>
      </trkpt>
      <trkpt lat="44.381694" lon="15.677224">
        <ele>578.028325</ele>
        <time>2026-01-20T08:35:04.733Z</time>
      </trkpt>
      <trkpt lat="44.380920" lon="15.676361">
        <ele>577.050498</ele>
        <time>2026-01-20T08:35:21.446Z</time>
      </trkpt>
      <trkpt lat="44.380727" lon="15.675981">
        <ele>576.324383</ele>
        <time>2026-01-20T08:35:26.616Z</time>
      </trkpt>
      <trkpt lat="44.380442" lon="15.675128">
        <ele>574.857739</ele>
        <time>2026-01-20T08:35:36.562Z</time>
      </trkpt>
      <trkpt lat="44.380190" lon="15.674653">
        <ele>573.936797</ele>
        <time>2026-01-20T08:35:42.580Z</time>
      </trkpt>
      <trkpt lat="44.379182" lon="15.673569">
        <ele>571.172460</ele>
        <time>2026-01-20T08:36:01.251Z</time>
      </trkpt>
      <trkpt lat="44.378933" lon="15.673326">
        <ele>570.512356</ele>
        <time>2026-01-20T08:36:06.373Z</time>
      </trkpt>
      <trkpt lat="44.378684" lon="15.673122">
        <ele>570.353096</ele>
        <time>2026-01-20T08:36:11.702Z</time>
      </trkpt>
      <trkpt lat="44.378437" lon="15.672985">
        <ele>570.551329</ele>
        <time>2026-01-20T08:36:17.394Z</time>
      </trkpt>
      <trkpt lat="44.378231" lon="15.672960">
        <ele>570.705597</ele>
        <time>2026-01-20T08:36:22.427Z</time>
      </trkpt>
      <trkpt lat="44.377988" lon="15.672961">
        <ele>570.886893</ele>
        <time>2026-01-20T08:36:28.857Z</time>
      </trkpt>
      <trkpt lat="44.377049" lon="15.673082">
        <ele>571.591534</ele>
        <time>2026-01-20T08:36:52.946Z</time>
      </trkpt>
      <trkpt lat="44.376756" lon="15.672913">
        <ele>571.845521</ele>
        <time>2026-01-20T08:37:00.429Z</time>
      </trkpt>
      <trkpt lat="44.376506" lon="15.672639">
        <ele>572.100031</ele>
        <time>2026-01-20T08:37:07.648Z</time>
      </trkpt>
      <trkpt lat="44.375846" lon="15.671471">
        <ele>572.952911</ele>
        <time>2026-01-20T08:37:31.279Z</time>
      </trkpt>
      <trkpt lat="44.374521" lon="15.668955">
        <ele>574.962479</ele>
        <time>2026-01-20T08:38:27.429Z</time>
      </trkpt>
      <trkpt lat="44.373836" lon="15.667629">
        <ele>574.957317</ele>
        <time>2026-01-20T08:38:49.490Z</time>
      </trkpt>
      <trkpt lat="44.373185" lon="15.666393">
        <ele>574.269431</ele>
        <time>2026-01-20T08:39:07.766Z</time>
      </trkpt>
      <trkpt lat="44.373105" lon="15.666175">
        <ele>574.123378</ele>
        <time>2026-01-20T08:39:10.618Z</time>
      </trkpt>
      <trkpt lat="44.372954" lon="15.666002">
        <ele>573.960638</ele>
        <time>2026-01-20T08:39:13.787Z</time>
      </trkpt>
      <trkpt lat="44.373057" lon="15.665722">
        <ele>573.772953</ele>
        <time>2026-01-20T08:39:17.606Z</time>
      </trkpt>
      <trkpt lat="44.372971" lon="15.665798">
        <ele>573.688136</ele>
        <time>2026-01-20T08:39:19.339Z</time>
      </trkpt>
      <trkpt lat="44.372927" lon="15.665660">
        <ele>573.598075</ele>
        <time>2026-01-20T08:39:21.410Z</time>
      </trkpt>
      <trkpt lat="44.372683" lon="15.665142">
        <ele>573.600840</ele>
        <time>2026-01-20T08:39:30.429Z</time>
      </trkpt>
      <trkpt lat="44.372591" lon="15.665078">
        <ele>573.655114</ele>
        <time>2026-01-20T08:39:32.712Z</time>
      </trkpt>
      <trkpt lat="44.372475" lon="15.664585">
        <ele>573.851089</ele>
        <time>2026-01-20T08:39:40.962Z</time>
      </trkpt>
      <trkpt lat="44.371781" lon="15.662669">
        <ele>574.361626</ele>
        <time>2026-01-20T08:40:17.083Z</time>
      </trkpt>
      <trkpt lat="44.371689" lon="15.662447">
        <ele>574.344628</ele>
        <time>2026-01-20T08:40:20.823Z</time>
      </trkpt>
      <trkpt lat="44.370896" lon="15.660529">
        <ele>573.896201</ele>
        <time>2026-01-20T08:40:48.838Z</time>
      </trkpt>
      <trkpt lat="44.370755" lon="15.660316">
        <ele>573.738663</ele>
        <time>2026-01-20T08:40:52.447Z</time>
      </trkpt>
      <trkpt lat="44.370528" lon="15.660052">
        <ele>573.514562</ele>
        <time>2026-01-20T08:40:57.555Z</time>
      </trkpt>
      <trkpt lat="44.370084" lon="15.659606">
        <ele>573.099603</ele>
        <time>2026-01-20T08:41:06.939Z</time>
      </trkpt>
      <trkpt lat="44.369608" lon="15.659193">
        <ele>572.673821</ele>
        <time>2026-01-20T08:41:16.396Z</time>
      </trkpt>
      <trkpt lat="44.367995" lon="15.658090">
        <ele>571.622191</ele>
        <time>2026-01-20T08:41:47.326Z</time>
      </trkpt>
      <trkpt lat="44.367651" lon="15.657878">
        <ele>571.791421</ele>
        <time>2026-01-20T08:41:55.673Z</time>
      </trkpt>
      <trkpt lat="44.367238" lon="15.657671">
        <ele>571.988926</ele>
        <time>2026-01-20T08:42:06.175Z</time>
      </trkpt>
      <trkpt lat="44.366991" lon="15.657585">
        <ele>572.103517</ele>
        <time>2026-01-20T08:42:12.377Z</time>
      </trkpt>
      <trkpt lat="44.366405" lon="15.657458">
        <ele>572.340144</ele>
        <time>2026-01-20T08:42:26.194Z</time>
      </trkpt>
      <trkpt lat="44.365605" lon="15.657010">
        <ele>572.516725</ele>
        <time>2026-01-20T08:42:44.075Z</time>
      </trkpt>
      <trkpt lat="44.364637" lon="15.656397">
        <ele>572.593606</ele>
        <time>2026-01-20T08:43:04.268Z</time>
      </trkpt>
      <trkpt lat="44.362679" lon="15.654610">
        <ele>571.467309</ele>
        <time>2026-01-20T08:43:46.390Z</time>
      </trkpt>
      <trkpt lat="44.361653" lon="15.653872">
        <ele>570.531154</ele>
        <time>2026-01-20T08:44:06.127Z</time>
      </trkpt>
      <trkpt lat="44.361552" lon="15.653654">
        <ele>570.262269</ele>
        <time>2026-01-20T08:44:09.190Z</time>
      </trkpt>
      <trkpt lat="44.361550" lon="15.653604">
        <ele>570.210434</ele>
        <time>2026-01-20T08:44:09.765Z</time>
      </trkpt>
      <trkpt lat="44.361512" lon="15.653524">
        <ele>570.111018</ele>
        <time>2026-01-20T08:44:10.896Z</time>
      </trkpt>
      <trkpt lat="44.361447" lon="15.653493">
        <ele>570.011592</ele>
        <time>2026-01-20T08:44:11.998Z</time>
      </trkpt>
      <trkpt lat="44.361383" lon="15.653524">
        <ele>569.913535</ele>
        <time>2026-01-20T08:44:13.113Z</time>
      </trkpt>
      <trkpt lat="44.361191" lon="15.653599">
        <ele>569.624924</ele>
        <time>2026-01-20T08:44:16.303Z</time>
      </trkpt>
      <trkpt lat="44.360578" lon="15.653668">
        <ele>568.734565</ele>
        <time>2026-01-20T08:44:25.910Z</time>
      </trkpt>
      <trkpt lat="44.359902" lon="15.653571">
        <ele>567.945835</ele>
        <time>2026-01-20T08:44:36.867Z</time>
      </trkpt>
      <trkpt lat="44.359204" lon="15.653358">
        <ele>567.436471</ele>
        <time>2026-01-20T08:44:48.681Z</time>
      </trkpt>
      <trkpt lat="44.358674" lon="15.653134">
        <ele>567.041718</ele>
        <time>2026-01-20T08:44:59.171Z</time>
      </trkpt>
      <trkpt lat="44.358509" lon="15.653065">
        <ele>566.918931</ele>
        <time>2026-01-20T08:45:02.574Z</time>
      </trkpt>
      <trkpt lat="44.357965" lon="15.652742">
        <ele>566.677459</ele>
        <time>2026-01-20T08:45:14.341Z</time>
      </trkpt>
      <trkpt lat="44.357665" lon="15.652432">
        <ele>566.546208</ele>
        <time>2026-01-20T08:45:22.031Z</time>
      </trkpt>
      <trkpt lat="44.356128" lon="15.650117">
        <ele>565.089540</ele>
        <time>2026-01-20T08:46:00.963Z</time>
      </trkpt>
      <trkpt lat="44.354888" lon="15.648211">
        <ele>563.859523</ele>
        <time>2026-01-20T08:46:32.388Z</time>
      </trkpt>
      <trkpt lat="44.353532" lon="15.646127">
        <ele>564.371882</ele>
        <time>2026-01-20T08:47:11.927Z</time>
      </trkpt>
      <trkpt lat="44.352742" lon="15.644919">
        <ele>565.164559</ele>
        <time>2026-01-20T08:47:48.286Z</time>
      </trkpt>
      <trkpt lat="44.352583" lon="15.644675">
        <ele>565.334266</ele>
        <time>2026-01-20T08:47:54.662Z</time>
      </trkpt>
      <trkpt lat="44.350498" lon="15.639547">
        <ele>560.350096</ele>
        <time>2026-01-20T08:49:02.042Z</time>
      </trkpt>
      <trkpt lat="44.350318" lon="15.639024">
        <ele>560.391015</ele>
        <time>2026-01-20T08:49:09.159Z</time>
      </trkpt>
      <trkpt lat="44.350068" lon="15.637595">
        <ele>560.494728</ele>
        <time>2026-01-20T08:49:31.173Z</time>
      </trkpt>
      <trkpt lat="44.349706" lon="15.634560">
        <ele>561.674236</ele>
        <time>2026-01-20T08:50:26.197Z</time>
      </trkpt>
      <trkpt lat="44.349362" lon="15.633637">
        <ele>559.848885</ele>
        <time>2026-01-20T08:50:37.580Z</time>
      </trkpt>
      <trkpt lat="44.349194" lon="15.633532">
        <ele>559.397593</ele>
        <time>2026-01-20T08:50:40.223Z</time>
      </trkpt>
      <trkpt lat="44.349029" lon="15.633518">
        <ele>558.992192</ele>
        <time>2026-01-20T08:50:42.545Z</time>
      </trkpt>
      <trkpt lat="44.348898" lon="15.633555">
        <ele>558.664432</ele>
        <time>2026-01-20T08:50:44.411Z</time>
      </trkpt>
      <trkpt lat="44.348410" lon="15.633888">
        <ele>557.290219</ele>
        <time>2026-01-20T08:50:51.931Z</time>
      </trkpt>
      <trkpt lat="44.347422" lon="15.634562">
        <ele>553.853911</ele>
        <time>2026-01-20T08:51:07.675Z</time>
      </trkpt>
      <trkpt lat="44.346419" lon="15.636058">
        <ele>550.015370</ele>
        <time>2026-01-20T08:51:29.462Z</time>
      </trkpt>
      <trkpt lat="44.346002" lon="15.636679">
        <ele>548.658104</ele>
        <time>2026-01-20T08:51:38.816Z</time>
      </trkpt>
      <trkpt lat="44.344786" lon="15.637998">
        <ele>546.216951</ele>
        <time>2026-01-20T08:52:03.379Z</time>
      </trkpt>
      <trkpt lat="44.344314" lon="15.638509">
        <ele>545.386710</ele>
        <time>2026-01-20T08:52:13.176Z</time>
      </trkpt>
      <trkpt lat="44.343749" lon="15.640118">
        <ele>545.207057</ele>
        <time>2026-01-20T08:52:37.107Z</time>
      </trkpt>
      <trkpt lat="44.343306" lon="15.640979">
        <ele>545.088738</ele>
        <time>2026-01-20T08:52:53.824Z</time>
      </trkpt>
      <trkpt lat="44.343114" lon="15.641159">
        <ele>545.031382</ele>
        <time>2026-01-20T08:52:58.648Z</time>
      </trkpt>
      <trkpt lat="44.340268" lon="15.643887">
        <ele>544.716124</ele>
        <time>2026-01-20T08:54:00.080Z</time>
      </trkpt>
      <trkpt lat="44.340082" lon="15.644014">
        <ele>545.016746</ele>
        <time>2026-01-20T08:54:09.443Z</time>
      </trkpt>
      <trkpt lat="44.339932" lon="15.643978">
        <ele>545.237781</ele>
        <time>2026-01-20T08:54:15.691Z</time>
      </trkpt>
      <trkpt lat="44.339766" lon="15.643890">
        <ele>545.495614</ele>
        <time>2026-01-20T08:54:22.313Z</time>
      </trkpt>
      <trkpt lat="44.339434" lon="15.643615">
        <ele>546.056047</ele>
        <time>2026-01-20T08:54:34.291Z</time>
      </trkpt>
      <trkpt lat="44.339278" lon="15.643481">
        <ele>546.321950</ele>
        <time>2026-01-20T08:54:39.314Z</time>
      </trkpt>
      <trkpt lat="44.339206" lon="15.643497">
        <ele>546.427830</ele>
        <time>2026-01-20T08:54:41.113Z</time>
      </trkpt>
      <trkpt lat="44.339135" lon="15.643576">
        <ele>546.559612</ele>
        <time>2026-01-20T08:54:43.311Z</time>
      </trkpt>
      <trkpt lat="44.338705" lon="15.644227">
        <ele>545.875198</ele>
        <time>2026-01-20T08:54:54.962Z</time>
      </trkpt>
      <trkpt lat="44.338528" lon="15.644432">
        <ele>545.306636</ele>
        <time>2026-01-20T08:54:58.386Z</time>
      </trkpt>
      <trkpt lat="44.338361" lon="15.644540">
        <ele>544.851474</ele>
        <time>2026-01-20T08:55:00.838Z</time>
      </trkpt>
      <trkpt lat="44.338078" lon="15.644563">
        <ele>544.150228</ele>
        <time>2026-01-20T08:55:04.573Z</time>
      </trkpt>
      <trkpt lat="44.337668" lon="15.644323">
        <ele>543.050699</ele>
        <time>2026-01-20T08:55:10.786Z</time>
      </trkpt>
      <trkpt lat="44.335877" lon="15.643623">
        <ele>540.429966</ele>
        <time>2026-01-20T08:55:41.062Z</time>
      </trkpt>
      <trkpt lat="44.335115" lon="15.642961">
        <ele>541.407362</ele>
        <time>2026-01-20T08:55:59.350Z</time>
      </trkpt>
      <trkpt lat="44.333021" lon="15.640388">
        <ele>548.607970</ele>
        <time>2026-01-20T08:57:33.475Z</time>
      </trkpt>
      <trkpt lat="44.332755" lon="15.640116">
        <ele>550.136602</ele>
        <time>2026-01-20T08:57:46.725Z</time>
      </trkpt>
      <trkpt lat="44.332582" lon="15.640004">
        <ele>551.143783</ele>
        <time>2026-01-20T08:57:54.614Z</time>
      </trkpt>
      <trkpt lat="44.332147" lon="15.639879">
        <ele>553.489890</ele>
        <time>2026-01-20T08:58:13.832Z</time>
      </trkpt>
      <trkpt lat="44.331908" lon="15.639689">
        <ele>554.942370</ele>
        <time>2026-01-20T08:58:26.524Z</time>
      </trkpt>
      <trkpt lat="44.331799" lon="15.639644">
        <ele>555.542790</ele>
        <time>2026-01-20T08:58:31.940Z</time>
      </trkpt>
      <trkpt lat="44.331319" lon="15.639651">
        <ele>558.078723</ele>
        <time>2026-01-20T08:58:56.440Z</time>
      </trkpt>
      <trkpt lat="44.331015" lon="15.639620">
        <ele>560.230591</ele>
        <time>2026-01-20T08:59:12.972Z</time>
      </trkpt>
      <trkpt lat="44.330755" lon="15.639731">
        <ele>562.280991</ele>
        <time>2026-01-20T08:59:27.838Z</time>
      </trkpt>
      <trkpt lat="44.330204" lon="15.640154">
        <ele>567.022186</ele>
        <time>2026-01-20T09:00:04.585Z</time>
      </trkpt>
      <trkpt lat="44.329864" lon="15.640442">
        <ele>570.020585</ele>
        <time>2026-01-20T09:00:28.307Z</time>
      </trkpt>
      <trkpt lat="44.329470" lon="15.640660">
        <ele>573.001981</ele>
        <time>2026-01-20T09:00:53.151Z</time>
      </trkpt>
      <trkpt lat="44.329357" lon="15.640776">
        <ele>573.874621</ele>
        <time>2026-01-20T09:01:01.293Z</time>
      </trkpt>
      <trkpt lat="44.329235" lon="15.641014">
        <ele>575.178338</ele>
        <time>2026-01-20T09:01:13.260Z</time>
      </trkpt>
      <trkpt lat="44.329108" lon="15.641618">
        <ele>577.981490</ele>
        <time>2026-01-20T09:01:39.096Z</time>
      </trkpt>
      <trkpt lat="44.329043" lon="15.641801">
        <ele>578.891238</ele>
        <time>2026-01-20T09:01:47.021Z</time>
      </trkpt>
      <trkpt lat="44.328952" lon="15.641941">
        <ele>579.733515</ele>
        <time>2026-01-20T09:01:53.981Z</time>
      </trkpt>
      <trkpt lat="44.328866" lon="15.642022">
        <ele>580.378985</ele>
        <time>2026-01-20T09:01:58.934Z</time>
      </trkpt>
      <trkpt lat="44.328771" lon="15.642056">
        <ele>580.989383</ele>
        <time>2026-01-20T09:02:03.334Z</time>
      </trkpt>
      <trkpt lat="44.328390" lon="15.642036">
        <ele>583.287139</ele>
        <time>2026-01-20T09:02:17.949Z</time>
      </trkpt>
      <trkpt lat="44.328305" lon="15.642095">
        <ele>583.628050</ele>
        <time>2026-01-20T09:02:20.989Z</time>
      </trkpt>
      <trkpt lat="44.328282" lon="15.642163">
        <ele>583.821340</ele>
        <time>2026-01-20T09:02:22.688Z</time>
      </trkpt>
      <trkpt lat="44.328280" lon="15.642687">
        <ele>585.167892</ele>
        <time>2026-01-20T09:02:33.364Z</time>
      </trkpt>
      <trkpt lat="44.328212" lon="15.643038">
        <ele>586.102357</ele>
        <time>2026-01-20T09:02:40.505Z</time>
      </trkpt>
      <trkpt lat="44.328077" lon="15.643507">
        <ele>587.401469</ele>
        <time>2026-01-20T09:02:51.457Z</time>
      </trkpt>
      <trkpt lat="44.327973" lon="15.643676">
        <ele>587.974336</ele>
        <time>2026-01-20T09:02:57.058Z</time>
      </trkpt>
      <trkpt lat="44.327851" lon="15.643812">
        <ele>588.534879</ele>
        <time>2026-01-20T09:03:03.357Z</time>
      </trkpt>
      <trkpt lat="44.327749" lon="15.643863">
        <ele>588.924022</ele>
        <time>2026-01-20T09:03:08.149Z</time>
      </trkpt>
      <trkpt lat="44.327467" lon="15.643883">
        <ele>590.283109</ele>
        <time>2026-01-20T09:03:21.714Z</time>
      </trkpt>
      <trkpt lat="44.327317" lon="15.643798">
        <ele>591.548761</ele>
        <time>2026-01-20T09:03:30.295Z</time>
      </trkpt>
      <trkpt lat="44.326985" lon="15.643541">
        <ele>594.516351</ele>
        <time>2026-01-20T09:03:52.633Z</time>
      </trkpt>
      <trkpt lat="44.326768" lon="15.643439">
        <ele>596.306572</ele>
        <time>2026-01-20T09:04:07.416Z</time>
      </trkpt>
      <trkpt lat="44.326564" lon="15.643440">
        <ele>597.901786</ele>
        <time>2026-01-20T09:04:20.867Z</time>
      </trkpt>
      <trkpt lat="44.326268" lon="15.643521">
        <ele>600.260330</ele>
        <time>2026-01-20T09:04:40.397Z</time>
      </trkpt>
      <trkpt lat="44.325968" lon="15.643654">
        <ele>602.721372</ele>
        <time>2026-01-20T09:04:59.844Z</time>
      </trkpt>
      <trkpt lat="44.325276" lon="15.644137">
        <ele>608.624649</ele>
        <time>2026-01-20T09:05:43.257Z</time>
      </trkpt>
      <trkpt lat="44.324852" lon="15.644397">
        <ele>612.141431</ele>
        <time>2026-01-20T09:06:09.691Z</time>
      </trkpt>
      <trkpt lat="44.324488" lon="15.644521">
        <ele>614.987143</ele>
        <time>2026-01-20T09:06:30.642Z</time>
      </trkpt>
      <trkpt lat="44.324293" lon="15.644632">
        <ele>616.586384</ele>
        <time>2026-01-20T09:06:42.593Z</time>
      </trkpt>
      <trkpt lat="44.324050" lon="15.644873">
        <ele>618.791256</ele>
        <time>2026-01-20T09:06:59.892Z</time>
      </trkpt>
      <trkpt lat="44.323745" lon="15.644998">
        <ele>621.110286</ele>
        <time>2026-01-20T09:07:18.433Z</time>
      </trkpt>
      <trkpt lat="44.323567" lon="15.645136">
        <ele>622.595401</ele>
        <time>2026-01-20T09:07:30.402Z</time>
      </trkpt>
      <trkpt lat="44.323436" lon="15.645333">
        <ele>623.999308</ele>
        <time>2026-01-20T09:07:41.874Z</time>
      </trkpt>
      <trkpt lat="44.323326" lon="15.645447">
        <ele>624.998425</ele>
        <time>2026-01-20T09:07:49.948Z</time>
      </trkpt>
      <trkpt lat="44.323196" lon="15.645512">
        <ele>626.005791</ele>
        <time>2026-01-20T09:07:57.844Z</time>
      </trkpt>
      <trkpt lat="44.322849" lon="15.645523">
        <ele>628.538235</ele>
        <time>2026-01-20T09:08:16.908Z</time>
      </trkpt>
      <trkpt lat="44.322632" lon="15.645610">
        <ele>630.185357</ele>
        <time>2026-01-20T09:08:29.221Z</time>
      </trkpt>
      <trkpt lat="44.322341" lon="15.645813">
        <ele>631.966222</ele>
        <time>2026-01-20T09:08:45.855Z</time>
      </trkpt>
      <trkpt lat="44.321643" lon="15.646421">
        <ele>636.244878</ele>
        <time>2026-01-20T09:09:18.509Z</time>
      </trkpt>
      <trkpt lat="44.321153" lon="15.647059">
        <ele>639.728698</ele>
        <time>2026-01-20T09:09:46.078Z</time>
      </trkpt>
      <trkpt lat="44.321008" lon="15.647130">
        <ele>640.916825</ele>
        <time>2026-01-20T09:09:53.953Z</time>
      </trkpt>
      <trkpt lat="44.320862" lon="15.647130">
        <ele>642.113524</ele>
        <time>2026-01-20T09:10:01.844Z</time>
      </trkpt>
      <trkpt lat="44.320390" lon="15.646819">
        <ele>646.390620</ele>
        <time>2026-01-20T09:10:33.750Z</time>
      </trkpt>
      <trkpt lat="44.320229" lon="15.646789">
        <ele>647.721943</ele>
        <time>2026-01-20T09:10:44.997Z</time>
      </trkpt>
      <trkpt lat="44.320136" lon="15.646818">
        <ele>648.502964</ele>
        <time>2026-01-20T09:10:51.711Z</time>
      </trkpt>
      <trkpt lat="44.319975" lon="15.646965">
        <ele>650.079220</ele>
        <time>2026-01-20T09:11:05.946Z</time>
      </trkpt>
      <trkpt lat="44.319843" lon="15.647013">
        <ele>651.197184</ele>
        <time>2026-01-20T09:11:16.340Z</time>
      </trkpt>
      <trkpt lat="44.319723" lon="15.646981">
        <ele>652.198513</ele>
        <time>2026-01-20T09:11:24.974Z</time>
      </trkpt>
      <trkpt lat="44.319643" lon="15.647015">
        <ele>652.883882</ele>
        <time>2026-01-20T09:11:30.422Z</time>
      </trkpt>
      <trkpt lat="44.319561" lon="15.647108">
        <ele>653.749434</ele>
        <time>2026-01-20T09:11:36.660Z</time>
      </trkpt>
      <trkpt lat="44.319470" lon="15.647322">
        <ele>655.079314</ele>
        <time>2026-01-20T09:11:46.368Z</time>
      </trkpt>
      <trkpt lat="44.319399" lon="15.647401">
        <ele>655.665715</ele>
        <time>2026-01-20T09:11:51.069Z</time>
      </trkpt>
      <trkpt lat="44.319269" lon="15.647440">
        <ele>656.524868</ele>
        <time>2026-01-20T09:11:57.897Z</time>
      </trkpt>
      <trkpt lat="44.319156" lon="15.647405">
        <ele>657.272754</ele>
        <time>2026-01-20T09:12:03.721Z</time>
      </trkpt>
      <trkpt lat="44.318994" lon="15.647429">
        <ele>658.325413</ele>
        <time>2026-01-20T09:12:12.059Z</time>
      </trkpt>
      <trkpt lat="44.318924" lon="15.647539">
        <ele>659.006006</ele>
        <time>2026-01-20T09:12:17.624Z</time>
      </trkpt>
      <trkpt lat="44.318875" lon="15.647817">
        <ele>660.329655</ele>
        <time>2026-01-20T09:12:27.716Z</time>
      </trkpt>
      <trkpt lat="44.318792" lon="15.647975">
        <ele>661.235855</ele>
        <time>2026-01-20T09:12:34.694Z</time>
      </trkpt>
      <trkpt lat="44.318658" lon="15.648184">
        <ele>662.533288</ele>
        <time>2026-01-20T09:12:45.116Z</time>
      </trkpt>
      <trkpt lat="44.318536" lon="15.648317">
        <ele>663.533054</ele>
        <time>2026-01-20T09:12:52.742Z</time>
      </trkpt>
      <trkpt lat="44.318271" lon="15.648451">
        <ele>665.354022</ele>
        <time>2026-01-20T09:13:06.262Z</time>
      </trkpt>
      <trkpt lat="44.317695" lon="15.648609">
        <ele>669.307742</ele>
        <time>2026-01-20T09:13:35.991Z</time>
      </trkpt>
      <trkpt lat="44.317454" lon="15.648745">
        <ele>671.079322</ele>
        <time>2026-01-20T09:13:51.581Z</time>
      </trkpt>
      <trkpt lat="44.317197" lon="15.648986">
        <ele>673.188879</ele>
        <time>2026-01-20T09:14:09.530Z</time>
      </trkpt>
      <trkpt lat="44.317036" lon="15.649080">
        <ele>674.378212</ele>
        <time>2026-01-20T09:14:19.395Z</time>
      </trkpt>
      <trkpt lat="44.316770" lon="15.649198">
        <ele>676.280492</ele>
        <time>2026-01-20T09:14:34.983Z</time>
      </trkpt>
      <trkpt lat="44.316619" lon="15.649200">
        <ele>677.309803</ele>
        <time>2026-01-20T09:14:43.406Z</time>
      </trkpt>
      <trkpt lat="44.316418" lon="15.649089">
        <ele>678.775844</ele>
        <time>2026-01-20T09:14:55.644Z</time>
      </trkpt>
      <trkpt lat="44.316292" lon="15.649073">
        <ele>679.618153</ele>
        <time>2026-01-20T09:15:02.934Z</time>
      </trkpt>
      <trkpt lat="44.316132" lon="15.649133">
        <ele>680.721040</ele>
        <time>2026-01-20T09:15:12.842Z</time>
      </trkpt>
      <trkpt lat="44.315474" lon="15.649591">
        <ele>685.614923</ele>
        <time>2026-01-20T09:15:56.104Z</time>
      </trkpt>
      <trkpt lat="44.315147" lon="15.649661">
        <ele>687.817337</ele>
        <time>2026-01-20T09:16:13.690Z</time>
      </trkpt>
      <trkpt lat="44.314929" lon="15.649649">
        <ele>689.269813</ele>
        <time>2026-01-20T09:16:24.237Z</time>
      </trkpt>
      <trkpt lat="44.314735" lon="15.649681">
        <ele>690.559728</ele>
        <time>2026-01-20T09:16:33.462Z</time>
      </trkpt>
      <trkpt lat="44.314533" lon="15.649799">
        <ele>691.886399</ele>
        <time>2026-01-20T09:16:43.992Z</time>
      </trkpt>
      <trkpt lat="44.314384" lon="15.649923">
        <ele>692.937237</ele>
        <time>2026-01-20T09:16:52.345Z</time>
      </trkpt>
      <trkpt lat="44.314212" lon="15.649978">
        <ele>694.006430</ele>
        <time>2026-01-20T09:17:00.833Z</time>
      </trkpt>
      <trkpt lat="44.313858" lon="15.649974">
        <ele>696.151617</ele>
        <time>2026-01-20T09:17:18.288Z</time>
      </trkpt>
      <trkpt lat="44.313728" lon="15.650014">
        <ele>696.958238</ele>
        <time>2026-01-20T09:17:25.251Z</time>
      </trkpt>
      <trkpt lat="44.313663" lon="15.650086">
        <ele>697.460827</ele>
        <time>2026-01-20T09:17:29.642Z</time>
      </trkpt>
      <trkpt lat="44.313555" lon="15.650286">
        <ele>698.547232</ele>
        <time>2026-01-20T09:17:39.124Z</time>
      </trkpt>
      <trkpt lat="44.313341" lon="15.650425">
        <ele>699.977208</ele>
        <time>2026-01-20T09:17:51.548Z</time>
      </trkpt>
      <trkpt lat="44.313253" lon="15.650430">
        <ele>700.510898</ele>
        <time>2026-01-20T09:17:56.351Z</time>
      </trkpt>
      <trkpt lat="44.313059" lon="15.650277">
        <ele>701.913099</ele>
        <time>2026-01-20T09:18:08.890Z</time>
      </trkpt>
      <trkpt lat="44.312963" lon="15.650253">
        <ele>702.564803</ele>
        <time>2026-01-20T09:18:14.672Z</time>
      </trkpt>
      <trkpt lat="44.312862" lon="15.650299">
        <ele>703.274672</ele>
        <time>2026-01-20T09:18:21.169Z</time>
      </trkpt>
      <trkpt lat="44.312723" lon="15.650487">
        <ele>704.567300</ele>
        <time>2026-01-20T09:18:32.985Z</time>
      </trkpt>
      <trkpt lat="44.312625" lon="15.650554">
        <ele>705.296347</ele>
        <time>2026-01-20T09:18:39.457Z</time>
      </trkpt>
      <trkpt lat="44.312256" lon="15.650535">
        <ele>707.763867</ele>
        <time>2026-01-20T09:19:00.305Z</time>
      </trkpt>
      <trkpt lat="44.312058" lon="15.650695">
        <ele>709.292268</ele>
        <time>2026-01-20T09:19:12.664Z</time>
      </trkpt>
      <trkpt lat="44.311962" lon="15.650717">
        <ele>709.942356</ele>
        <time>2026-01-20T09:19:17.775Z</time>
      </trkpt>
      <trkpt lat="44.311871" lon="15.650664">
        <ele>710.601159</ele>
        <time>2026-01-20T09:19:22.821Z</time>
      </trkpt>
      <trkpt lat="44.311720" lon="15.650427">
        <ele>712.118547</ele>
        <time>2026-01-20T09:19:34.012Z</time>
      </trkpt>
      <trkpt lat="44.311607" lon="15.650367">
        <ele>712.926336</ele>
        <time>2026-01-20T09:19:39.874Z</time>
      </trkpt>
      <trkpt lat="44.311478" lon="15.650375">
        <ele>713.787791</ele>
        <time>2026-01-20T09:19:46.371Z</time>
      </trkpt>
      <trkpt lat="44.311296" lon="15.650444">
        <ele>715.043639</ele>
        <time>2026-01-20T09:19:56.412Z</time>
      </trkpt>
      <trkpt lat="44.311032" lon="15.650682">
        <ele>717.135831</ele>
        <time>2026-01-20T09:20:13.891Z</time>
      </trkpt>
      <trkpt lat="44.310963" lon="15.650706">
        <ele>717.609360</ele>
        <time>2026-01-20T09:20:17.714Z</time>
      </trkpt>
      <trkpt lat="44.310902" lon="15.650696">
        <ele>718.018378</ele>
        <time>2026-01-20T09:20:21.061Z</time>
      </trkpt>
      <trkpt lat="44.310830" lon="15.650635">
        <ele>718.579098</ele>
        <time>2026-01-20T09:20:25.492Z</time>
      </trkpt>
      <trkpt lat="44.310713" lon="15.650358">
        <ele>720.111902</ele>
        <time>2026-01-20T09:20:37.559Z</time>
      </trkpt>
      <trkpt lat="44.310625" lon="15.650260">
        <ele>720.861259</ele>
        <time>2026-01-20T09:20:43.432Z</time>
      </trkpt>
      <trkpt lat="44.310505" lon="15.650239">
        <ele>721.666648</ele>
        <time>2026-01-20T09:20:49.869Z</time>
      </trkpt>
      <trkpt lat="44.310339" lon="15.650291">
        <ele>722.799566</ele>
        <time>2026-01-20T09:20:58.870Z</time>
      </trkpt>
      <trkpt lat="44.310162" lon="15.650433">
        <ele>724.158732</ele>
        <time>2026-01-20T09:21:10.095Z</time>
      </trkpt>
      <trkpt lat="44.309689" lon="15.651064">
        <ele>729.322146</ele>
        <time>2026-01-20T09:21:50.760Z</time>
      </trkpt>
      <trkpt lat="44.309521" lon="15.651154">
        <ele>730.826507</ele>
        <time>2026-01-20T09:22:02.958Z</time>
      </trkpt>
      <trkpt lat="44.309374" lon="15.651188">
        <ele>732.072327</ele>
        <time>2026-01-20T09:22:12.870Z</time>
      </trkpt>
      <trkpt lat="44.309219" lon="15.651185">
        <ele>733.368442</ele>
        <time>2026-01-20T09:22:23.058Z</time>
      </trkpt>
      <trkpt lat="44.309096" lon="15.651140">
        <ele>734.431532</ele>
        <time>2026-01-20T09:22:31.361Z</time>
      </trkpt>
      <trkpt lat="44.308904" lon="15.650991">
        <ele>736.267811</ele>
        <time>2026-01-20T09:22:45.721Z</time>
      </trkpt>
      <trkpt lat="44.308766" lon="15.650934">
        <ele>737.471005</ele>
        <time>2026-01-20T09:22:54.987Z</time>
      </trkpt>
      <trkpt lat="44.308607" lon="15.650954">
        <ele>738.805815</ele>
        <time>2026-01-20T09:23:05.248Z</time>
      </trkpt>
      <trkpt lat="44.308466" lon="15.651037">
        <ele>740.085073</ele>
        <time>2026-01-20T09:23:15.114Z</time>
      </trkpt>
      <trkpt lat="44.308107" lon="15.651400">
        <ele>743.249605</ele>
        <time>2026-01-20T09:23:42.636Z</time>
      </trkpt>
      <trkpt lat="44.307910" lon="15.651684">
        <ele>745.240202</ele>
        <time>2026-01-20T09:23:59.133Z</time>
      </trkpt>
      <trkpt lat="44.307620" lon="15.652229">
        <ele>748.658247</ele>
        <time>2026-01-20T09:24:25.607Z</time>
      </trkpt>
      <trkpt lat="44.307429" lon="15.652681">
        <ele>751.300071</ele>
        <time>2026-01-20T09:24:44.331Z</time>
      </trkpt>
      <trkpt lat="44.307307" lon="15.653115">
        <ele>753.678698</ele>
        <time>2026-01-20T09:25:01.863Z</time>
      </trkpt>
      <trkpt lat="44.307248" lon="15.653255">
        <ele>754.539226</ele>
        <time>2026-01-20T09:25:08.337Z</time>
      </trkpt>
      <trkpt lat="44.306911" lon="15.653527">
        <ele>757.419621</ele>
        <time>2026-01-20T09:25:30.995Z</time>
      </trkpt>
      <trkpt lat="44.306827" lon="15.653662">
        <ele>758.367133</ele>
        <time>2026-01-20T09:25:38.894Z</time>
      </trkpt>
      <trkpt lat="44.306528" lon="15.654362">
        <ele>762.684901</ele>
        <time>2026-01-20T09:26:16.123Z</time>
      </trkpt>
      <trkpt lat="44.306351" lon="15.654627">
        <ele>764.604848</ele>
        <time>2026-01-20T09:26:31.440Z</time>
      </trkpt>
      <trkpt lat="44.306114" lon="15.654891">
        <ele>766.765046</ele>
        <time>2026-01-20T09:26:48.657Z</time>
      </trkpt>
      <trkpt lat="44.305946" lon="15.655151">
        <ele>768.311211</ele>
        <time>2026-01-20T09:27:02.502Z</time>
      </trkpt>
      <trkpt lat="44.305604" lon="15.655827">
        <ele>771.965262</ele>
        <time>2026-01-20T09:27:33.418Z</time>
      </trkpt>
      <trkpt lat="44.305507" lon="15.656071">
        <ele>773.197251</ele>
        <time>2026-01-20T09:27:43.468Z</time>
      </trkpt>
      <trkpt lat="44.305332" lon="15.656753">
        <ele>776.395138</ele>
        <time>2026-01-20T09:28:08.184Z</time>
      </trkpt>
      <trkpt lat="44.305229" lon="15.656989">
        <ele>777.623628</ele>
        <time>2026-01-20T09:28:18.040Z</time>
      </trkpt>
      <trkpt lat="44.305083" lon="15.657202">
        <ele>778.989049</ele>
        <time>2026-01-20T09:28:28.943Z</time>
      </trkpt>
      <trkpt lat="44.304786" lon="15.657516">
        <ele>781.398302</ele>
        <time>2026-01-20T09:28:49.884Z</time>
      </trkpt>
      <trkpt lat="44.304624" lon="15.657734">
        <ele>782.853226</ele>
        <time>2026-01-20T09:29:03.286Z</time>
      </trkpt>
      <trkpt lat="44.303804" lon="15.659004">
        <ele>790.393513</ele>
        <time>2026-01-20T09:30:10.893Z</time>
      </trkpt>
      <trkpt lat="44.303720" lon="15.659106">
        <ele>790.952479</ele>
        <time>2026-01-20T09:30:15.531Z</time>
      </trkpt>
      <trkpt lat="44.303615" lon="15.659187">
        <ele>791.554909</ele>
        <time>2026-01-20T09:30:20.270Z</time>
      </trkpt>
      <trkpt lat="44.303467" lon="15.659239">
        <ele>792.321426</ele>
        <time>2026-01-20T09:30:26.145Z</time>
      </trkpt>
      <trkpt lat="44.303398" lon="15.659327">
        <ele>792.790653</ele>
        <time>2026-01-20T09:30:29.756Z</time>
      </trkpt>
      <trkpt lat="44.303373" lon="15.659419">
        <ele>793.144393</ele>
        <time>2026-01-20T09:30:32.550Z</time>
      </trkpt>
      <trkpt lat="44.303385" lon="15.659509">
        <ele>793.473473</ele>
        <time>2026-01-20T09:30:35.162Z</time>
      </trkpt>
      <trkpt lat="44.303449" lon="15.659627">
        <ele>794.005685</ele>
        <time>2026-01-20T09:30:39.571Z</time>
      </trkpt>
      <trkpt lat="44.303738" lon="15.659871">
        <ele>795.701678</ele>
        <time>2026-01-20T09:30:54.477Z</time>
      </trkpt>
      <trkpt lat="44.303803" lon="15.659966">
        <ele>796.174121</ele>
        <time>2026-01-20T09:30:58.888Z</time>
      </trkpt>
      <trkpt lat="44.303810" lon="15.660076">
        <ele>796.571083</ele>
        <time>2026-01-20T09:31:02.521Z</time>
      </trkpt>
      <trkpt lat="44.303773" lon="15.660230">
        <ele>797.155009</ele>
        <time>2026-01-20T09:31:08.025Z</time>
      </trkpt>
      <trkpt lat="44.303687" lon="15.660354">
        <ele>797.775705</ele>
        <time>2026-01-20T09:31:14.093Z</time>
      </trkpt>
      <trkpt lat="44.303603" lon="15.660408">
        <ele>798.272906</ele>
        <time>2026-01-20T09:31:18.616Z</time>
      </trkpt>
      <trkpt lat="44.303511" lon="15.660413">
        <ele>798.854795</ele>
        <time>2026-01-20T09:31:23.148Z</time>
      </trkpt>
      <trkpt lat="44.303309" lon="15.660274">
        <ele>800.277860</ele>
        <time>2026-01-20T09:31:34.494Z</time>
      </trkpt>
      <trkpt lat="44.303217" lon="15.660297">
        <ele>800.868542</ele>
        <time>2026-01-20T09:31:39.266Z</time>
      </trkpt>
      <trkpt lat="44.303147" lon="15.660379">
        <ele>801.445846</ele>
        <time>2026-01-20T09:31:44.099Z</time>
      </trkpt>
      <trkpt lat="44.303049" lon="15.660578">
        <ele>802.538440</ele>
        <time>2026-01-20T09:31:53.401Z</time>
      </trkpt>
      <trkpt lat="44.302890" lon="15.660760">
        <ele>803.837461</ele>
        <time>2026-01-20T09:32:05.171Z</time>
      </trkpt>
      <trkpt lat="44.302835" lon="15.660882">
        <ele>804.489628</ele>
        <time>2026-01-20T09:32:11.437Z</time>
      </trkpt>
      <trkpt lat="44.302796" lon="15.661099">
        <ele>805.501603</ele>
        <time>2026-01-20T09:32:21.173Z</time>
      </trkpt>
      <trkpt lat="44.302695" lon="15.661324">
        <ele>806.702912</ele>
        <time>2026-01-20T09:32:32.378Z</time>
      </trkpt>
      <trkpt lat="44.302585" lon="15.661475">
        <ele>807.677478</ele>
        <time>2026-01-20T09:32:41.003Z</time>
      </trkpt>
      <trkpt lat="44.302488" lon="15.661558">
        <ele>808.396341</ele>
        <time>2026-01-20T09:32:47.050Z</time>
      </trkpt>
      <trkpt lat="44.302440" lon="15.661657">
        <ele>808.937210</ele>
        <time>2026-01-20T09:32:51.364Z</time>
      </trkpt>
      <trkpt lat="44.302414" lon="15.661828">
        <ele>809.710689</ele>
        <time>2026-01-20T09:32:57.549Z</time>
      </trkpt>
      <trkpt lat="44.302334" lon="15.661988">
        <ele>810.531954</ele>
        <time>2026-01-20T09:33:04.194Z</time>
      </trkpt>
      <trkpt lat="44.302098" lon="15.662251">
        <ele>812.306754</ele>
        <time>2026-01-20T09:33:17.697Z</time>
      </trkpt>
      <trkpt lat="44.301874" lon="15.662430">
        <ele>813.823910</ele>
        <time>2026-01-20T09:33:29.134Z</time>
      </trkpt>
      <trkpt lat="44.301590" lon="15.662581">
        <ele>815.610470</ele>
        <time>2026-01-20T09:33:43.477Z</time>
      </trkpt>
      <trkpt lat="44.301479" lon="15.662708">
        <ele>816.453962</ele>
        <time>2026-01-20T09:33:50.704Z</time>
      </trkpt>
      <trkpt lat="44.301219" lon="15.663090">
        <ele>818.672165</ele>
        <time>2026-01-20T09:34:10.473Z</time>
      </trkpt>
      <trkpt lat="44.301130" lon="15.663259">
        <ele>819.555057</ele>
        <time>2026-01-20T09:34:18.570Z</time>
      </trkpt>
      <trkpt lat="44.301035" lon="15.663360">
        <ele>820.345745</ele>
        <time>2026-01-20T09:34:25.208Z</time>
      </trkpt>
      <trkpt lat="44.300775" lon="15.663464">
        <ele>822.638405</ele>
        <time>2026-01-20T09:34:41.184Z</time>
      </trkpt>
      <trkpt lat="44.300660" lon="15.663570">
        <ele>823.806322</ele>
        <time>2026-01-20T09:34:49.958Z</time>
      </trkpt>
      <trkpt lat="44.300524" lon="15.663779">
        <ele>825.520133</ele>
        <time>2026-01-20T09:35:03.635Z</time>
      </trkpt>
      <trkpt lat="44.300334" lon="15.663960">
        <ele>827.469573</ele>
        <time>2026-01-20T09:35:20.159Z</time>
      </trkpt>
      <trkpt lat="44.299912" lon="15.664240">
        <ele>831.429901</ele>
        <time>2026-01-20T09:35:53.381Z</time>
      </trkpt>
      <trkpt lat="44.299741" lon="15.664333">
        <ele>832.985478</ele>
        <time>2026-01-20T09:36:06.194Z</time>
      </trkpt>
      <trkpt lat="44.299439" lon="15.664371">
        <ele>835.458913</ele>
        <time>2026-01-20T09:36:26.486Z</time>
      </trkpt>
      <trkpt lat="44.299336" lon="15.664416">
        <ele>836.021765</ele>
        <time>2026-01-20T09:36:33.407Z</time>
      </trkpt>
      <trkpt lat="44.298240" lon="15.665995">
        <ele>844.232501</ele>
        <time>2026-01-20T09:37:44.115Z</time>
      </trkpt>
      <trkpt lat="44.298023" lon="15.666491">
        <ele>845.900653</ele>
        <time>2026-01-20T09:37:59.409Z</time>
      </trkpt>
      <trkpt lat="44.297914" lon="15.666658">
        <ele>846.497869</ele>
        <time>2026-01-20T09:38:05.476Z</time>
      </trkpt>
      <trkpt lat="44.297765" lon="15.666799">
        <ele>847.162263</ele>
        <time>2026-01-20T09:38:12.306Z</time>
      </trkpt>
      <trkpt lat="44.297156" lon="15.667194">
        <ele>849.641101</ele>
        <time>2026-01-20T09:38:36.572Z</time>
      </trkpt>
      <trkpt lat="44.296849" lon="15.667492">
        <ele>851.021212</ele>
        <time>2026-01-20T09:38:53.857Z</time>
      </trkpt>
      <trkpt lat="44.296534" lon="15.667723">
        <ele>852.515510</ele>
        <time>2026-01-20T09:39:09.628Z</time>
      </trkpt>
      <trkpt lat="44.296298" lon="15.667858">
        <ele>853.625688</ele>
        <time>2026-01-20T09:39:20.657Z</time>
      </trkpt>
      <trkpt lat="44.296194" lon="15.667877">
        <ele>854.082295</ele>
        <time>2026-01-20T09:39:25.137Z</time>
      </trkpt>
      <trkpt lat="44.296104" lon="15.667849">
        <ele>854.483697</ele>
        <time>2026-01-20T09:39:28.988Z</time>
      </trkpt>
      <trkpt lat="44.296089" lon="15.667749">
        <ele>854.802056</ele>
        <time>2026-01-20T09:39:32.072Z</time>
      </trkpt>
      <trkpt lat="44.296125" lon="15.667658">
        <ele>855.126032</ele>
        <time>2026-01-20T09:39:35.123Z</time>
      </trkpt>
      <trkpt lat="44.296203" lon="15.667614">
        <ele>855.492230</ele>
        <time>2026-01-20T09:39:38.610Z</time>
      </trkpt>
      <trkpt lat="44.296388" lon="15.667624">
        <ele>856.298210</ele>
        <time>2026-01-20T09:39:46.141Z</time>
      </trkpt>
      <trkpt lat="44.296515" lon="15.667589">
        <ele>856.861744</ele>
        <time>2026-01-20T09:39:51.672Z</time>
      </trkpt>
      <trkpt lat="44.296657" lon="15.667451">
        <ele>857.614765</ele>
        <time>2026-01-20T09:39:59.197Z</time>
      </trkpt>
      <trkpt lat="44.296858" lon="15.667199">
        <ele>858.790443</ele>
        <time>2026-01-20T09:40:11.882Z</time>
      </trkpt>
      <trkpt lat="44.297108" lon="15.666827">
        <ele>860.790915</ele>
        <time>2026-01-20T09:40:27.579Z</time>
      </trkpt>
      <trkpt lat="44.297174" lon="15.666673">
        <ele>861.537595</ele>
        <time>2026-01-20T09:40:32.995Z</time>
      </trkpt>
      <trkpt lat="44.297335" lon="15.666464">
        <ele>862.814883</ele>
        <time>2026-01-20T09:40:43.072Z</time>
      </trkpt>
      <trkpt lat="44.297551" lon="15.666307">
        <ele>864.229999</ele>
        <time>2026-01-20T09:40:54.703Z</time>
      </trkpt>
      <trkpt lat="44.297731" lon="15.666066">
        <ele>865.678961</ele>
        <time>2026-01-20T09:41:07.141Z</time>
      </trkpt>
      <trkpt lat="44.297968" lon="15.665473">
        <ele>868.504245</ele>
        <time>2026-01-20T09:41:33.523Z</time>
      </trkpt>
      <trkpt lat="44.298229" lon="15.664981">
        <ele>871.234121</ele>
        <time>2026-01-20T09:42:00.156Z</time>
      </trkpt>
      <trkpt lat="44.298383" lon="15.664561">
        <ele>873.445309</ele>
        <time>2026-01-20T09:42:21.240Z</time>
      </trkpt>
      <trkpt lat="44.298535" lon="15.664225">
        <ele>875.307801</ele>
        <time>2026-01-20T09:42:38.616Z</time>
      </trkpt>
      <trkpt lat="44.298766" lon="15.663871">
        <ele>877.552431</ele>
        <time>2026-01-20T09:42:58.135Z</time>
      </trkpt>
      <trkpt lat="44.298943" lon="15.663348">
        <ele>880.263153</ele>
        <time>2026-01-20T09:43:18.249Z</time>
      </trkpt>
      <trkpt lat="44.299060" lon="15.663088">
        <ele>881.557968</ele>
        <time>2026-01-20T09:43:27.802Z</time>
      </trkpt>
      <trkpt lat="44.299202" lon="15.662866">
        <ele>882.319984</ele>
        <time>2026-01-20T09:43:36.399Z</time>
      </trkpt>
      <trkpt lat="44.299273" lon="15.662612">
        <ele>883.017876</ele>
        <time>2026-01-20T09:43:43.771Z</time>
      </trkpt>
      <trkpt lat="44.299298" lon="15.662229">
        <ele>884.002168</ele>
        <time>2026-01-20T09:43:53.318Z</time>
      </trkpt>
      <trkpt lat="44.299398" lon="15.661926">
        <ele>884.856123</ele>
        <time>2026-01-20T09:44:01.441Z</time>
      </trkpt>
      <trkpt lat="44.299506" lon="15.661727">
        <ele>885.495299</ele>
        <time>2026-01-20T09:44:07.571Z</time>
      </trkpt>
      <trkpt lat="44.299554" lon="15.661540">
        <ele>886.003741</ele>
        <time>2026-01-20T09:44:12.586Z</time>
      </trkpt>
      <trkpt lat="44.299558" lon="15.661329">
        <ele>886.543946</ele>
        <time>2026-01-20T09:44:18.088Z</time>
      </trkpt>
      <trkpt lat="44.299526" lon="15.661127">
        <ele>887.073442</ele>
        <time>2026-01-20T09:44:23.735Z</time>
      </trkpt>
      <trkpt lat="44.299387" lon="15.660859">
        <ele>887.961981</ele>
        <time>2026-01-20T09:44:33.404Z</time>
      </trkpt>
      <trkpt lat="44.299330" lon="15.660493">
        <ele>889.301958</ele>
        <time>2026-01-20T09:44:45.765Z</time>
      </trkpt>
      <trkpt lat="44.299384" lon="15.660371">
        <ele>889.815125</ele>
        <time>2026-01-20T09:44:50.845Z</time>
      </trkpt>
      <trkpt lat="44.299579" lon="15.660195">
        <ele>890.975504</ele>
        <time>2026-01-20T09:45:02.753Z</time>
      </trkpt>
      <trkpt lat="44.299665" lon="15.660026">
        <ele>891.717331</ele>
        <time>2026-01-20T09:45:10.409Z</time>
      </trkpt>
      <trkpt lat="44.299667" lon="15.659557">
        <ele>893.395163</ele>
        <time>2026-01-20T09:45:27.535Z</time>
      </trkpt>
      <trkpt lat="44.299821" lon="15.658968">
        <ele>895.638456</ele>
        <time>2026-01-20T09:45:49.036Z</time>
      </trkpt>
      <trkpt lat="44.299844" lon="15.658632">
        <ele>896.834870</ele>
        <time>2026-01-20T09:45:59.719Z</time>
      </trkpt>
      <trkpt lat="44.299902" lon="15.658444">
        <ele>897.360232</ele>
        <time>2026-01-20T09:46:05.944Z</time>
      </trkpt>
      <trkpt lat="44.300035" lon="15.658245">
        <ele>898.058952</ele>
        <time>2026-01-20T09:46:13.992Z</time>
      </trkpt>
      <trkpt lat="44.301297" lon="15.657219">
        <ele>903.304298</ele>
        <time>2026-01-20T09:47:07.304Z</time>
      </trkpt>
      <trkpt lat="44.301872" lon="15.656877">
        <ele>906.134630</ele>
        <time>2026-01-20T09:47:34.560Z</time>
      </trkpt>
      <trkpt lat="44.301984" lon="15.656767">
        <ele>906.754656</ele>
        <time>2026-01-20T09:47:40.954Z</time>
      </trkpt>
      <trkpt lat="44.302060" lon="15.656593">
        <ele>907.415384</ele>
        <time>2026-01-20T09:47:47.748Z</time>
      </trkpt>
      <trkpt lat="44.302152" lon="15.656207">
        <ele>908.734087</ele>
        <time>2026-01-20T09:48:01.203Z</time>
      </trkpt>
      <trkpt lat="44.302245" lon="15.656016">
        <ele>909.482874</ele>
        <time>2026-01-20T09:48:08.757Z</time>
      </trkpt>
      <trkpt lat="44.302468" lon="15.655777">
        <ele>910.755735</ele>
        <time>2026-01-20T09:48:21.575Z</time>
      </trkpt>
      <trkpt lat="44.302580" lon="15.655606">
        <ele>911.527592</ele>
        <time>2026-01-20T09:48:29.116Z</time>
      </trkpt>
      <trkpt lat="44.302738" lon="15.655176">
        <ele>913.400791</ele>
        <time>2026-01-20T09:48:44.444Z</time>
      </trkpt>
      <trkpt lat="44.302845" lon="15.654957">
        <ele>914.428409</ele>
        <time>2026-01-20T09:48:52.873Z</time>
      </trkpt>
      <trkpt lat="44.303054" lon="15.654762">
        <ele>915.789256</ele>
        <time>2026-01-20T09:49:04.162Z</time>
      </trkpt>
      <trkpt lat="44.303181" lon="15.654581">
        <ele>916.771574</ele>
        <time>2026-01-20T09:49:12.377Z</time>
      </trkpt>
      <trkpt lat="44.303341" lon="15.654081">
        <ele>918.894103</ele>
        <time>2026-01-20T09:49:31.218Z</time>
      </trkpt>
      <trkpt lat="44.303591" lon="15.653569">
        <ele>921.325828</ele>
        <time>2026-01-20T09:49:55.497Z</time>
      </trkpt>
      <trkpt lat="44.303728" lon="15.653113">
        <ele>923.612205</ele>
        <time>2026-01-20T09:50:16.120Z</time>
      </trkpt>
      <trkpt lat="44.303919" lon="15.652700">
        <ele>925.885531</ele>
        <time>2026-01-20T09:50:36.813Z</time>
      </trkpt>
      <trkpt lat="44.304004" lon="15.652380">
        <ele>927.463537</ele>
        <time>2026-01-20T09:50:51.081Z</time>
      </trkpt>
      <trkpt lat="44.304067" lon="15.651894">
        <ele>929.746918</ele>
        <time>2026-01-20T09:51:10.857Z</time>
      </trkpt>
      <trkpt lat="44.304058" lon="15.650939">
        <ele>933.546623</ele>
        <time>2026-01-20T09:51:44.053Z</time>
      </trkpt>
      <trkpt lat="44.303966" lon="15.650516">
        <ele>934.692327</ele>
        <time>2026-01-20T09:51:56.666Z</time>
      </trkpt>
      <trkpt lat="44.303814" lon="15.649999">
        <ele>936.140784</ele>
        <time>2026-01-20T09:52:10.621Z</time>
      </trkpt>
      <trkpt lat="44.303778" lon="15.649658">
        <ele>937.034047</ele>
        <time>2026-01-20T09:52:18.878Z</time>
      </trkpt>
      <trkpt lat="44.303785" lon="15.649341">
        <ele>937.855942</ele>
        <time>2026-01-20T09:52:26.685Z</time>
      </trkpt>
      <trkpt lat="44.303832" lon="15.649077">
        <ele>938.560949</ele>
        <time>2026-01-20T09:52:33.646Z</time>
      </trkpt>
      <trkpt lat="44.303825" lon="15.648924">
        <ele>938.958256</ele>
        <time>2026-01-20T09:52:37.690Z</time>
      </trkpt>
      <trkpt lat="44.303775" lon="15.648807">
        <ele>939.350147</ele>
        <time>2026-01-20T09:52:41.425Z</time>
      </trkpt>
      <trkpt lat="44.303689" lon="15.648734">
        <ele>940.096498</ele>
        <time>2026-01-20T09:52:45.396Z</time>
      </trkpt>
      <trkpt lat="44.303425" lon="15.648599">
        <ele>942.181641</ele>
        <time>2026-01-20T09:52:57.532Z</time>
      </trkpt>
      <trkpt lat="44.303305" lon="15.648466">
        <ele>943.317697</ele>
        <time>2026-01-20T09:53:04.796Z</time>
      </trkpt>
      <trkpt lat="44.303126" lon="15.648049">
        <ele>945.898840</ele>
        <time>2026-01-20T09:53:23.175Z</time>
      </trkpt>
      <trkpt lat="44.303011" lon="15.647876">
        <ele>947.152182</ele>
        <time>2026-01-20T09:53:33.494Z</time>
      </trkpt>
      <trkpt lat="44.302889" lon="15.647770">
        <ele>948.217749</ele>
        <time>2026-01-20T09:53:42.946Z</time>
      </trkpt>
      <trkpt lat="44.302456" lon="15.647719">
        <ele>951.440786</ele>
        <time>2026-01-20T09:54:14.982Z</time>
      </trkpt>
      <trkpt lat="44.302176" lon="15.647535">
        <ele>954.085113</ele>
        <time>2026-01-20T09:54:39.041Z</time>
      </trkpt>
      <trkpt lat="44.301626" lon="15.647287">
        <ele>959.708073</ele>
        <time>2026-01-20T09:55:25.041Z</time>
      </trkpt>
      <trkpt lat="44.301482" lon="15.647269">
        <ele>961.114717</ele>
        <time>2026-01-20T09:55:36.001Z</time>
      </trkpt>
      <trkpt lat="44.301386" lon="15.647302">
        <ele>962.076600</ele>
        <time>2026-01-20T09:55:43.392Z</time>
      </trkpt>
      <trkpt lat="44.301298" lon="15.647454">
        <ele>963.437956</ele>
        <time>2026-01-20T09:55:53.782Z</time>
      </trkpt>
      <trkpt lat="44.301209" lon="15.647875">
        <ele>966.494676</ele>
        <time>2026-01-20T09:56:16.621Z</time>
      </trkpt>
      <trkpt lat="44.301088" lon="15.648225">
        <ele>969.201246</ele>
        <time>2026-01-20T09:56:34.417Z</time>
      </trkpt>
      <trkpt lat="44.300978" lon="15.648390">
        <ele>970.281962</ele>
        <time>2026-01-20T09:56:43.387Z</time>
      </trkpt>
      <trkpt lat="44.300770" lon="15.648539">
        <ele>970.859732</ele>
        <time>2026-01-20T09:56:54.611Z</time>
      </trkpt>
      <trkpt lat="44.300530" lon="15.648974">
        <ele>971.831390</ele>
        <time>2026-01-20T09:57:09.496Z</time>
      </trkpt>
      <trkpt lat="44.300350" lon="15.649232">
        <ele>972.468789</ele>
        <time>2026-01-20T09:57:16.410Z</time>
      </trkpt>
      <trkpt lat="44.300296" lon="15.649451">
        <ele>972.878562</ele>
        <time>2026-01-20T09:57:20.300Z</time>
      </trkpt>
      <trkpt lat="44.300286" lon="15.649646">
        <ele>973.224414</ele>
        <time>2026-01-20T09:57:23.629Z</time>
      </trkpt>
      <trkpt lat="44.300404" lon="15.650030">
        <ele>973.963703</ele>
        <time>2026-01-20T09:57:30.525Z</time>
      </trkpt>
      <trkpt lat="44.300463" lon="15.650627">
        <ele>974.750437</ele>
        <time>2026-01-20T09:57:39.754Z</time>
      </trkpt>
      <trkpt lat="44.300429" lon="15.650841">
        <ele>974.907027</ele>
        <time>2026-01-20T09:57:43.130Z</time>
      </trkpt>
      <trkpt lat="44.300363" lon="15.650956">
        <ele>975.012327</ele>
        <time>2026-01-20T09:57:45.454Z</time>
      </trkpt>
      <trkpt lat="44.300271" lon="15.651005">
        <ele>975.110598</ele>
        <time>2026-01-20T09:57:47.679Z</time>
      </trkpt>
      <trkpt lat="44.300022" lon="15.651057">
        <ele>975.361889</ele>
        <time>2026-01-20T09:57:53.455Z</time>
      </trkpt>
      <trkpt lat="44.299829" lon="15.651181">
        <ele>975.573915</ele>
        <time>2026-01-20T09:57:58.763Z</time>
      </trkpt>
      <trkpt lat="44.299623" lon="15.651393">
        <ele>975.829278</ele>
        <time>2026-01-20T09:58:05.670Z</time>
      </trkpt>
      <trkpt lat="44.299442" lon="15.651690">
        <ele>976.107936</ele>
        <time>2026-01-20T09:58:14.037Z</time>
      </trkpt>
      <trkpt lat="44.299219" lon="15.652281">
        <ele>977.572376</ele>
        <time>2026-01-20T09:58:29.886Z</time>
      </trkpt>
      <trkpt lat="44.299120" lon="15.652430">
        <ele>978.344378</ele>
        <time>2026-01-20T09:58:34.873Z</time>
      </trkpt>
      <trkpt lat="44.298866" lon="15.652548">
        <ele>979.764512</ele>
        <time>2026-01-20T09:58:44.549Z</time>
      </trkpt>
      <trkpt lat="44.298771" lon="15.652531">
        <ele>980.272652</ele>
        <time>2026-01-20T09:58:48.293Z</time>
      </trkpt>
      <trkpt lat="44.298165" lon="15.651830">
        <ele>984.446679</ele>
        <time>2026-01-20T09:59:28.491Z</time>
      </trkpt>
      <trkpt lat="44.298068" lon="15.651646">
        <ele>985.314444</ele>
        <time>2026-01-20T09:59:38.864Z</time>
      </trkpt>
      <trkpt lat="44.297974" lon="15.651258">
        <ele>987.521865</ele>
        <time>2026-01-20T09:59:59.001Z</time>
      </trkpt>
      <trkpt lat="44.297966" lon="15.651102">
        <ele>988.514625</ele>
        <time>2026-01-20T10:00:07.075Z</time>
      </trkpt>
      <trkpt lat="44.298060" lon="15.650841">
        <ele>990.369270</ele>
        <time>2026-01-20T10:00:22.397Z</time>
      </trkpt>
      <trkpt lat="44.298067" lon="15.650715">
        <ele>991.171469</ele>
        <time>2026-01-20T10:00:29.244Z</time>
      </trkpt>
      <trkpt lat="44.298025" lon="15.650607">
        <ele>991.951668</ele>
        <time>2026-01-20T10:00:36.039Z</time>
      </trkpt>
      <trkpt lat="44.297938" lon="15.650558">
        <ele>992.783586</ele>
        <time>2026-01-20T10:00:43.266Z</time>
      </trkpt>
      <trkpt lat="44.297690" lon="15.650556">
        <ele>994.983092</ele>
        <time>2026-01-20T10:01:02.353Z</time>
      </trkpt>
      <trkpt lat="44.297143" lon="15.650410">
        <ele>999.922067</ele>
        <time>2026-01-20T10:01:38.586Z</time>
      </trkpt>
      <trkpt lat="44.296919" lon="15.650491">
        <ele>1001.899897</ele>
        <time>2026-01-20T10:01:51.841Z</time>
      </trkpt>
      <trkpt lat="44.296647" lon="15.650730">
        <ele>1003.031384</ele>
        <time>2026-01-20T10:02:08.614Z</time>
      </trkpt>
      <trkpt lat="44.296474" lon="15.650943">
        <ele>1003.843372</ele>
        <time>2026-01-20T10:02:19.230Z</time>
      </trkpt>
      <trkpt lat="44.296326" lon="15.651064">
        <ele>1004.447208</ele>
        <time>2026-01-20T10:02:26.784Z</time>
      </trkpt>
      <trkpt lat="44.295463" lon="15.651484">
        <ele>1007.665259</ele>
        <time>2026-01-20T10:02:56.414Z</time>
      </trkpt>
      <trkpt lat="44.295311" lon="15.651528">
        <ele>1008.199473</ele>
        <time>2026-01-20T10:03:00.527Z</time>
      </trkpt>
      <trkpt lat="44.295095" lon="15.651492">
        <ele>1008.615479</ele>
        <time>2026-01-20T10:03:05.609Z</time>
      </trkpt>
      <trkpt lat="44.294923" lon="15.651504">
        <ele>1008.944820</ele>
        <time>2026-01-20T10:03:09.219Z</time>
      </trkpt>
      <trkpt lat="44.294750" lon="15.651603">
        <ele>1009.302341</ele>
        <time>2026-01-20T10:03:13.046Z</time>
      </trkpt>
      <trkpt lat="44.294611" lon="15.651815">
        <ele>1009.695877</ele>
        <time>2026-01-20T10:03:17.334Z</time>
      </trkpt>
      <trkpt lat="44.294543" lon="15.652050">
        <ele>1010.042839</ele>
        <time>2026-01-20T10:03:21.607Z</time>
      </trkpt>
      <trkpt lat="44.294516" lon="15.652480">
        <ele>1010.633689</ele>
        <time>2026-01-20T10:03:30.156Z</time>
      </trkpt>
      <trkpt lat="44.294465" lon="15.652622">
        <ele>1010.851158</ele>
        <time>2026-01-20T10:03:33.781Z</time>
      </trkpt>
      <trkpt lat="44.294379" lon="15.652746">
        <ele>1011.087502</ele>
        <time>2026-01-20T10:03:38.141Z</time>
      </trkpt>
      <trkpt lat="44.294280" lon="15.652753">
        <ele>1011.277071</ele>
        <time>2026-01-20T10:03:41.920Z</time>
      </trkpt>
      <trkpt lat="44.294203" lon="15.652670">
        <ele>1011.463059</ele>
        <time>2026-01-20T10:03:45.877Z</time>
      </trkpt>
      <trkpt lat="44.294164" lon="15.652514">
        <ele>1011.951390</ele>
        <time>2026-01-20T10:03:51.163Z</time>
      </trkpt>
      <trkpt lat="44.294146" lon="15.652054">
        <ele>1015.132853</ele>
        <time>2026-01-20T10:04:08.619Z</time>
      </trkpt>
      <trkpt lat="44.294091" lon="15.651786">
        <ele>1017.058212</ele>
        <time>2026-01-20T10:04:21.284Z</time>
      </trkpt>
      <trkpt lat="44.294002" lon="15.651571">
        <ele>1018.773414</ele>
        <time>2026-01-20T10:04:33.938Z</time>
      </trkpt>
      <trkpt lat="44.293902" lon="15.651420">
        <ele>1020.194091</ele>
        <time>2026-01-20T10:04:45.254Z</time>
      </trkpt>
      <trkpt lat="44.293524" lon="15.651278">
        <ele>1023.970694</ele>
        <time>2026-01-20T10:05:17.827Z</time>
      </trkpt>
      <trkpt lat="44.293392" lon="15.651173">
        <ele>1025.436235</ele>
        <time>2026-01-20T10:05:30.845Z</time>
      </trkpt>
      <trkpt lat="44.293340" lon="15.651044">
        <ele>1026.458670</ele>
        <time>2026-01-20T10:05:39.901Z</time>
      </trkpt>
      <trkpt lat="44.293342" lon="15.650905">
        <ele>1027.418799</ele>
        <time>2026-01-20T10:05:48.397Z</time>
      </trkpt>
      <trkpt lat="44.293471" lon="15.650646">
        <ele>1029.474216</ele>
        <time>2026-01-20T10:06:07.343Z</time>
      </trkpt>
      <trkpt lat="44.293503" lon="15.650505">
        <ele>1030.291846</ele>
        <time>2026-01-20T10:06:16.027Z</time>
      </trkpt>
      <trkpt lat="44.293487" lon="15.650378">
        <ele>1031.004641</ele>
        <time>2026-01-20T10:06:23.361Z</time>
      </trkpt>
      <trkpt lat="44.293418" lon="15.650307">
        <ele>1031.666426</ele>
        <time>2026-01-20T10:06:30.063Z</time>
      </trkpt>
      <trkpt lat="44.293332" lon="15.650297">
        <ele>1032.332862</ele>
        <time>2026-01-20T10:06:36.332Z</time>
      </trkpt>
      <trkpt lat="44.292999" lon="15.650462">
        <ele>1035.061420</ele>
        <time>2026-01-20T10:07:00.389Z</time>
      </trkpt>
      <trkpt lat="44.292709" lon="15.650510">
        <ele>1037.316624</ele>
        <time>2026-01-20T10:07:18.422Z</time>
      </trkpt>
      <trkpt lat="44.292395" lon="15.650712">
        <ele>1039.986236</ele>
        <time>2026-01-20T10:07:37.425Z</time>
      </trkpt>
      <trkpt lat="44.292273" lon="15.650824">
        <ele>1041.113594</ele>
        <time>2026-01-20T10:07:44.661Z</time>
      </trkpt>
      <trkpt lat="44.291173" lon="15.651476">
        <ele>1042.600493</ele>
        <time>2026-01-20T10:08:19.908Z</time>
      </trkpt>
      <trkpt lat="44.290716" lon="15.652260">
        <ele>1042.400101</ele>
        <time>2026-01-20T10:08:31.722Z</time>
      </trkpt>
      <trkpt lat="44.290660" lon="15.652349">
        <ele>1042.376616</ele>
        <time>2026-01-20T10:08:33.046Z</time>
      </trkpt>
      <trkpt lat="44.290574" lon="15.652396">
        <ele>1042.177294</ele>
        <time>2026-01-20T10:08:34.518Z</time>
      </trkpt>
      <trkpt lat="44.290414" lon="15.652409">
        <ele>1041.734677</ele>
        <time>2026-01-20T10:08:37.107Z</time>
      </trkpt>
      <trkpt lat="44.290187" lon="15.652481">
        <ele>1041.091819</ele>
        <time>2026-01-20T10:08:40.934Z</time>
      </trkpt>
      <trkpt lat="44.290113" lon="15.652505">
        <ele>1040.882019</ele>
        <time>2026-01-20T10:08:42.256Z</time>
      </trkpt>
      <trkpt lat="44.290045" lon="15.652512">
        <ele>1040.693715</ele>
        <time>2026-01-20T10:08:43.455Z</time>
      </trkpt>
      <trkpt lat="44.289974" lon="15.652460">
        <ele>1040.472323</ele>
        <time>2026-01-20T10:08:44.956Z</time>
      </trkpt>
      <trkpt lat="44.289906" lon="15.652348">
        <ele>1040.181998</ele>
        <time>2026-01-20T10:08:46.879Z</time>
      </trkpt>
      <trkpt lat="44.289776" lon="15.651791">
        <ele>1039.023833</ele>
        <time>2026-01-20T10:08:54.497Z</time>
      </trkpt>
      <trkpt lat="44.289666" lon="15.651592">
        <ele>1038.526796</ele>
        <time>2026-01-20T10:08:57.488Z</time>
      </trkpt>
      <trkpt lat="44.289603" lon="15.651543">
        <ele>1038.327661</ele>
        <time>2026-01-20T10:08:58.663Z</time>
      </trkpt>
      <trkpt lat="44.289487" lon="15.651551">
        <ele>1038.006915</ele>
        <time>2026-01-20T10:09:00.514Z</time>
      </trkpt>
      <trkpt lat="44.289293" lon="15.651728">
        <ele>1037.327947</ele>
        <time>2026-01-20T10:09:04.245Z</time>
      </trkpt>
      <trkpt lat="44.288873" lon="15.651887">
        <ele>1034.826148</ele>
        <time>2026-01-20T10:09:11.256Z</time>
      </trkpt>
      <trkpt lat="44.288273" lon="15.652247">
        <ele>1031.071854</ele>
        <time>2026-01-20T10:09:20.756Z</time>
      </trkpt>
      <trkpt lat="44.288106" lon="15.652290">
        <ele>1030.095548</ele>
        <time>2026-01-20T10:09:23.143Z</time>
      </trkpt>
      <trkpt lat="44.287441" lon="15.652012">
        <ele>1026.120528</ele>
        <time>2026-01-20T10:09:33.085Z</time>
      </trkpt>
      <trkpt lat="44.287437" lon="15.651604">
        <ele>1024.468894</ele>
        <time>2026-01-20T10:09:37.400Z</time>
      </trkpt>
      <trkpt lat="44.287361" lon="15.651260">
        <ele>1023.011662</ele>
        <time>2026-01-20T10:09:41.225Z</time>
      </trkpt>
      <trkpt lat="44.287296" lon="15.651092">
        <ele>1022.238670</ele>
        <time>2026-01-20T10:09:43.230Z</time>
      </trkpt>
      <trkpt lat="44.287127" lon="15.651083">
        <ele>1021.282367</ele>
        <time>2026-01-20T10:09:45.715Z</time>
      </trkpt>
      <trkpt lat="44.286904" lon="15.651161">
        <ele>1019.982490</ele>
        <time>2026-01-20T10:09:49.094Z</time>
      </trkpt>
      <trkpt lat="44.286599" lon="15.650792">
        <ele>1017.700986</ele>
        <time>2026-01-20T10:09:55.068Z</time>
      </trkpt>
      <trkpt lat="44.286367" lon="15.650450">
        <ele>1016.559588</ele>
        <time>2026-01-20T10:10:00.258Z</time>
      </trkpt>
      <trkpt lat="44.286205" lon="15.650131">
        <ele>1016.080620</ele>
        <time>2026-01-20T10:10:04.903Z</time>
      </trkpt>
      <trkpt lat="44.286117" lon="15.649580">
        <ele>1015.389268</ele>
        <time>2026-01-20T10:10:12.669Z</time>
      </trkpt>
      <trkpt lat="44.286258" lon="15.649103">
        <ele>1014.757286</ele>
        <time>2026-01-20T10:10:21.382Z</time>
      </trkpt>
      <trkpt lat="44.286477" lon="15.648846">
        <ele>1014.267993</ele>
        <time>2026-01-20T10:10:27.945Z</time>
      </trkpt>
      <trkpt lat="44.286766" lon="15.648882">
        <ele>1013.697008</ele>
        <time>2026-01-20T10:10:33.633Z</time>
      </trkpt>
      <trkpt lat="44.287029" lon="15.648650">
        <ele>1012.245629</ele>
        <time>2026-01-20T10:10:39.104Z</time>
      </trkpt>
      <trkpt lat="44.287073" lon="15.648503">
        <ele>1011.713421</ele>
        <time>2026-01-20T10:10:40.972Z</time>
      </trkpt>
      <trkpt lat="44.286906" lon="15.648013">
        <ele>1009.900678</ele>
        <time>2026-01-20T10:10:46.918Z</time>
      </trkpt>
      <trkpt lat="44.286915" lon="15.647585">
        <ele>1008.470441</ele>
        <time>2026-01-20T10:10:51.314Z</time>
      </trkpt>
      <trkpt lat="44.287213" lon="15.646177">
        <ele>1004.247091</ele>
        <time>2026-01-20T10:11:06.485Z</time>
      </trkpt>
      <trkpt lat="44.287528" lon="15.645430">
        <ele>1002.413638</ele>
        <time>2026-01-20T10:11:17.913Z</time>
      </trkpt>
      <trkpt lat="44.288142" lon="15.644671">
        <ele>999.913789</ele>
        <time>2026-01-20T10:11:33.753Z</time>
      </trkpt>
      <trkpt lat="44.288326" lon="15.644133">
        <ele>997.815428</ele>
        <time>2026-01-20T10:11:40.538Z</time>
      </trkpt>
      <trkpt lat="44.288203" lon="15.643802">
        <ele>996.502950</ele>
        <time>2026-01-20T10:11:44.431Z</time>
      </trkpt>
      <trkpt lat="44.287861" lon="15.643325">
        <ele>994.127024</ele>
        <time>2026-01-20T10:11:51.219Z</time>
      </trkpt>
      <trkpt lat="44.287607" lon="15.642370">
        <ele>991.790201</ele>
        <time>2026-01-20T10:12:01.837Z</time>
      </trkpt>
      <trkpt lat="44.287598" lon="15.641488">
        <ele>994.037027</ele>
        <time>2026-01-20T10:12:18.961Z</time>
      </trkpt>
      <trkpt lat="44.287817" lon="15.640864">
        <ele>995.807204</ele>
        <time>2026-01-20T10:12:45.544Z</time>
      </trkpt>
      <trkpt lat="44.287861" lon="15.640252">
        <ele>997.373904</ele>
        <time>2026-01-20T10:13:14.982Z</time>
      </trkpt>
      <trkpt lat="44.287572" lon="15.640032">
        <ele>998.402086</ele>
        <time>2026-01-20T10:13:38.416Z</time>
      </trkpt>
      <trkpt lat="44.287037" lon="15.639885">
        <ele>1000.026759</ele>
        <time>2026-01-20T10:14:07.911Z</time>
      </trkpt>
      <trkpt lat="44.286669" lon="15.639677">
        <ele>1001.209638</ele>
        <time>2026-01-20T10:14:22.619Z</time>
      </trkpt>
      <trkpt lat="44.284886" lon="15.640070">
        <ele>997.637697</ele>
        <time>2026-01-20T10:14:52.195Z</time>
      </trkpt>
      <trkpt lat="44.284575" lon="15.640237">
        <ele>996.136371</ele>
        <time>2026-01-20T10:14:56.969Z</time>
      </trkpt>
      <trkpt lat="44.284152" lon="15.640573">
        <ele>993.485372</ele>
        <time>2026-01-20T10:15:03.866Z</time>
      </trkpt>
      <trkpt lat="44.283568" lon="15.641178">
        <ele>988.672209</ele>
        <time>2026-01-20T10:15:14.222Z</time>
      </trkpt>
      <trkpt lat="44.283107" lon="15.641313">
        <ele>985.554108</ele>
        <time>2026-01-20T10:15:20.958Z</time>
      </trkpt>
      <trkpt lat="44.282647" lon="15.641349">
        <ele>982.757594</ele>
        <time>2026-01-20T10:15:27.780Z</time>
      </trkpt>
      <trkpt lat="44.282347" lon="15.641271">
        <ele>981.741602</ele>
        <time>2026-01-20T10:15:32.507Z</time>
      </trkpt>
      <trkpt lat="44.281906" lon="15.641424">
        <ele>980.228701</ele>
        <time>2026-01-20T10:15:39.828Z</time>
      </trkpt>
      <trkpt lat="44.281447" lon="15.641286">
        <ele>978.665481</ele>
        <time>2026-01-20T10:15:47.626Z</time>
      </trkpt>
      <trkpt lat="44.281069" lon="15.641376">
        <ele>977.388795</ele>
        <time>2026-01-20T10:15:54.369Z</time>
      </trkpt>
      <trkpt lat="44.279923" lon="15.641461">
        <ele>975.284412</ele>
        <time>2026-01-20T10:16:14.990Z</time>
      </trkpt>
      <trkpt lat="44.279182" lon="15.641334">
        <ele>974.032775</ele>
        <time>2026-01-20T10:16:28.322Z</time>
      </trkpt>
      <trkpt lat="44.278841" lon="15.641163">
        <ele>974.049094</ele>
        <time>2026-01-20T10:16:35.078Z</time>
      </trkpt>
      <trkpt lat="44.277820" lon="15.641258">
        <ele>974.163814</ele>
        <time>2026-01-20T10:16:54.811Z</time>
      </trkpt>
      <trkpt lat="44.276979" lon="15.641832">
        <ele>974.955518</ele>
        <time>2026-01-20T10:17:29.363Z</time>
      </trkpt>
      <trkpt lat="44.276760" lon="15.641934">
        <ele>975.292643</ele>
        <time>2026-01-20T10:17:39.628Z</time>
      </trkpt>
      <trkpt lat="44.276507" lon="15.641857">
        <ele>975.670776</ele>
        <time>2026-01-20T10:17:50.278Z</time>
      </trkpt>
      <trkpt lat="44.276355" lon="15.641730">
        <ele>975.929432</ele>
        <time>2026-01-20T10:17:56.540Z</time>
      </trkpt>
      <trkpt lat="44.276167" lon="15.641702">
        <ele>976.205530</ele>
        <time>2026-01-20T10:18:02.336Z</time>
      </trkpt>
      <trkpt lat="44.275940" lon="15.641792">
        <ele>976.550122</ele>
        <time>2026-01-20T10:18:08.154Z</time>
      </trkpt>
      <trkpt lat="44.275671" lon="15.642162">
        <ele>975.334965</ele>
        <time>2026-01-20T10:18:14.849Z</time>
      </trkpt>
      <trkpt lat="44.275245" lon="15.642845">
        <ele>969.925697</ele>
        <time>2026-01-20T10:18:23.928Z</time>
      </trkpt>
      <trkpt lat="44.275071" lon="15.643333">
        <ele>966.670104</ele>
        <time>2026-01-20T10:18:29.060Z</time>
      </trkpt>
      <trkpt lat="44.275006" lon="15.643426">
        <ele>965.893989</ele>
        <time>2026-01-20T10:18:30.279Z</time>
      </trkpt>
      <trkpt lat="44.274931" lon="15.643420">
        <ele>965.267423</ele>
        <time>2026-01-20T10:18:31.263Z</time>
      </trkpt>
      <trkpt lat="44.274788" lon="15.643313">
        <ele>963.914343</ele>
        <time>2026-01-20T10:18:33.412Z</time>
      </trkpt>
      <trkpt lat="44.274357" lon="15.643095">
        <ele>960.492395</ele>
        <time>2026-01-20T10:18:39.631Z</time>
      </trkpt>
      <trkpt lat="44.274077" lon="15.642620">
        <ele>957.662841</ele>
        <time>2026-01-20T10:18:45.929Z</time>
      </trkpt>
      <trkpt lat="44.273863" lon="15.642373">
        <ele>955.879678</ele>
        <time>2026-01-20T10:18:50.087Z</time>
      </trkpt>
      <trkpt lat="44.273689" lon="15.642222">
        <ele>954.563895</ele>
        <time>2026-01-20T10:18:53.242Z</time>
      </trkpt>
      <trkpt lat="44.273427" lon="15.642212">
        <ele>952.880438</ele>
        <time>2026-01-20T10:18:57.348Z</time>
      </trkpt>
      <trkpt lat="44.273108" lon="15.642342">
        <ele>950.746053</ele>
        <time>2026-01-20T10:19:02.539Z</time>
      </trkpt>
      <trkpt lat="44.272549" lon="15.642782">
        <ele>946.302484</ele>
        <time>2026-01-20T10:19:12.040Z</time>
      </trkpt>
      <trkpt lat="44.272116" lon="15.643285">
        <ele>942.366525</ele>
        <time>2026-01-20T10:19:20.025Z</time>
      </trkpt>
      <trkpt lat="44.271984" lon="15.643378">
        <ele>941.333315</ele>
        <time>2026-01-20T10:19:22.088Z</time>
      </trkpt>
      <trkpt lat="44.271851" lon="15.643405">
        <ele>940.394086</ele>
        <time>2026-01-20T10:19:23.972Z</time>
      </trkpt>
      <trkpt lat="44.271781" lon="15.643392">
        <ele>939.900589</ele>
        <time>2026-01-20T10:19:24.958Z</time>
      </trkpt>
      <trkpt lat="44.271556" lon="15.643261">
        <ele>938.197022</ele>
        <time>2026-01-20T10:19:28.363Z</time>
      </trkpt>
      <trkpt lat="44.271497" lon="15.643243">
        <ele>937.774981</ele>
        <time>2026-01-20T10:19:29.204Z</time>
      </trkpt>
      <trkpt lat="44.271457" lon="15.643279">
        <ele>937.382345</ele>
        <time>2026-01-20T10:19:29.865Z</time>
      </trkpt>
      <trkpt lat="44.271475" lon="15.643355">
        <ele>936.893227</ele>
        <time>2026-01-20T10:19:30.662Z</time>
      </trkpt>
      <trkpt lat="44.271556" lon="15.643438">
        <ele>936.035935</ele>
        <time>2026-01-20T10:19:32.069Z</time>
      </trkpt>
      <trkpt lat="44.271903" lon="15.643643">
        <ele>932.820844</ele>
        <time>2026-01-20T10:19:37.324Z</time>
      </trkpt>
      <trkpt lat="44.271937" lon="15.643746">
        <ele>932.127843</ele>
        <time>2026-01-20T10:19:38.462Z</time>
      </trkpt>
      <trkpt lat="44.271919" lon="15.643835">
        <ele>931.562764</ele>
        <time>2026-01-20T10:19:39.392Z</time>
      </trkpt>
      <trkpt lat="44.271855" lon="15.643843">
        <ele>931.014450</ele>
        <time>2026-01-20T10:19:40.302Z</time>
      </trkpt>
      <trkpt lat="44.271634" lon="15.643659">
        <ele>928.818898</ele>
        <time>2026-01-20T10:19:43.897Z</time>
      </trkpt>
      <trkpt lat="44.271274" lon="15.643486">
        <ele>925.570131</ele>
        <time>2026-01-20T10:19:49.150Z</time>
      </trkpt>
      <trkpt lat="44.270666" lon="15.643328">
        <ele>920.734178</ele>
        <time>2026-01-20T10:19:57.628Z</time>
      </trkpt>
      <trkpt lat="44.270551" lon="15.643259">
        <ele>919.893507</ele>
        <time>2026-01-20T10:19:59.345Z</time>
      </trkpt>
      <trkpt lat="44.270362" lon="15.643079">
        <ele>918.356996</ele>
        <time>2026-01-20T10:20:02.488Z</time>
      </trkpt>
      <trkpt lat="44.270187" lon="15.642862">
        <ele>916.785136</ele>
        <time>2026-01-20T10:20:05.740Z</time>
      </trkpt>
      <trkpt lat="44.269959" lon="15.642426">
        <ele>914.188574</ele>
        <time>2026-01-20T10:20:11.231Z</time>
      </trkpt>
      <trkpt lat="44.269624" lon="15.641963">
        <ele>911.022942</ele>
        <time>2026-01-20T10:20:18.344Z</time>
      </trkpt>
      <trkpt lat="44.269294" lon="15.641077">
        <ele>909.487954</ele>
        <time>2026-01-20T10:20:31.870Z</time>
      </trkpt>
      <trkpt lat="44.268826" lon="15.640221">
        <ele>908.472199</ele>
        <time>2026-01-20T10:20:52.207Z</time>
      </trkpt>
      <trkpt lat="44.268552" lon="15.639818">
        <ele>907.948069</ele>
        <time>2026-01-20T10:20:59.590Z</time>
      </trkpt>
      <trkpt lat="44.268437" lon="15.639755">
        <ele>907.179362</ele>
        <time>2026-01-20T10:21:01.722Z</time>
      </trkpt>
      <trkpt lat="44.268307" lon="15.639744">
        <ele>906.213037</ele>
        <time>2026-01-20T10:21:03.836Z</time>
      </trkpt>
      <trkpt lat="44.268236" lon="15.639785">
        <ele>905.642978</ele>
        <time>2026-01-20T10:21:05.004Z</time>
      </trkpt>
      <trkpt lat="44.267109" lon="15.641173">
        <ele>894.486168</ele>
        <time>2026-01-20T10:21:25.754Z</time>
      </trkpt>
      <trkpt lat="44.266525" lon="15.641849">
        <ele>888.311711</ele>
        <time>2026-01-20T10:21:36.012Z</time>
      </trkpt>
      <trkpt lat="44.266157" lon="15.642030">
        <ele>885.135871</ele>
        <time>2026-01-20T10:21:41.428Z</time>
      </trkpt>
      <trkpt lat="44.265818" lon="15.641970">
        <ele>882.354381</ele>
        <time>2026-01-20T10:21:46.355Z</time>
      </trkpt>
      <trkpt lat="44.265591" lon="15.642053">
        <ele>880.444342</ele>
        <time>2026-01-20T10:21:49.835Z</time>
      </trkpt>
      <trkpt lat="44.265354" lon="15.642071">
        <ele>878.900830</ele>
        <time>2026-01-20T10:21:53.394Z</time>
      </trkpt>
      <trkpt lat="44.264800" lon="15.642019">
        <ele>875.619614</ele>
        <time>2026-01-20T10:22:01.702Z</time>
      </trkpt>
      <trkpt lat="44.264624" lon="15.642115">
        <ele>874.503023</ele>
        <time>2026-01-20T10:22:04.519Z</time>
      </trkpt>
      <trkpt lat="44.264514" lon="15.642418">
        <ele>873.065404</ele>
        <time>2026-01-20T10:22:08.135Z</time>
      </trkpt>
      <trkpt lat="44.264316" lon="15.643289">
        <ele>869.206798</ele>
        <time>2026-01-20T10:22:17.636Z</time>
      </trkpt>
      <trkpt lat="44.264198" lon="15.644244">
        <ele>865.449626</ele>
        <time>2026-01-20T10:22:27.720Z</time>
      </trkpt>
      <trkpt lat="44.263911" lon="15.645207">
        <ele>861.405731</ele>
        <time>2026-01-20T10:22:39.099Z</time>
      </trkpt>
      <trkpt lat="44.263778" lon="15.645892">
        <ele>858.580795</ele>
        <time>2026-01-20T10:22:46.926Z</time>
      </trkpt>
      <trkpt lat="44.263739" lon="15.646295">
        <ele>856.877054</ele>
        <time>2026-01-20T10:22:51.377Z</time>
      </trkpt>
      <trkpt lat="44.263771" lon="15.646796">
        <ele>854.769749</ele>
        <time>2026-01-20T10:22:56.923Z</time>
      </trkpt>
      <trkpt lat="44.263829" lon="15.647268">
        <ele>852.763376</ele>
        <time>2026-01-20T10:23:02.244Z</time>
      </trkpt>
      <trkpt lat="44.263822" lon="15.647615">
        <ele>851.309021</ele>
        <time>2026-01-20T10:23:05.931Z</time>
      </trkpt>
      <trkpt lat="44.263735" lon="15.647728">
        <ele>850.613910</ele>
        <time>2026-01-20T10:23:07.608Z</time>
      </trkpt>
      <trkpt lat="44.263652" lon="15.647745">
        <ele>850.123144</ele>
        <time>2026-01-20T10:23:08.773Z</time>
      </trkpt>
      <trkpt lat="44.263565" lon="15.647699">
        <ele>849.578907</ele>
        <time>2026-01-20T10:23:10.059Z</time>
      </trkpt>
      <trkpt lat="44.263421" lon="15.647562">
        <ele>849.041257</ele>
        <time>2026-01-20T10:23:12.418Z</time>
      </trkpt>
      <trkpt lat="44.263194" lon="15.647487">
        <ele>849.041257</ele>
        <time>2026-01-20T10:23:15.571Z</time>
      </trkpt>
      <trkpt lat="44.262984" lon="15.647485">
        <ele>849.041257</ele>
        <time>2026-01-20T10:23:18.443Z</time>
      </trkpt>
      <trkpt lat="44.262867" lon="15.647392">
        <ele>849.041257</ele>
        <time>2026-01-20T10:23:20.297Z</time>
      </trkpt>
      <trkpt lat="44.262493" lon="15.646929">
        <ele>849.041257</ele>
        <time>2026-01-20T10:23:27.241Z</time>
      </trkpt>
      <trkpt lat="44.262453" lon="15.646927">
        <ele>849.041257</ele>
        <time>2026-01-20T10:23:27.785Z</time>
      </trkpt>
    </trkseg>
  </trk>
</gpx>