<?xml version='1.0' encoding='UTF-8'?>
<gpx version="1.1" creator="https://www.komoot.de" xmlns="http://www.topografix.com/GPX/1/1" xmlns:xsi="http://www.w3.org/2001/XMLSchema-instance" xsi:schemaLocation="http://www.topografix.com/GPX/1/1 http://www.topografix.com/GPX/1/1/gpx.xsd">
  <metadata>
    <name>7S26.7 - Učka - Trieste</name>
    <author>
      <link href="https://www.komoot.de">
        <text>komoot</text>
        <type>text/html</type>
      </link>
    </author>
  </metadata>
  <wpt lat="45.285045" lon="14.202025">
    <name>Torre del Vojak</name>
    <sym>Summit</sym>
  </wpt>
  <wpt lat="45.309332" lon="14.214392">
    <name>Centro visitatori del Parco naturale di Učka</name>
    <sym>Picnic Area</sym>
  </wpt>
  <wpt lat="45.533768" lon="13.975218">
    <name>Tumova Koča sul Slavnik (STKP 49)</name>
    <sym>Fishing Hot Spot Facility</sym>
  </wpt>
  <trk>
    <name>7S26.7 - Učka - Trieste</name>
    <trkseg>
      <trkpt lat="45.144447" lon="14.223735">
        <ele>10.665948</ele>
        <time>2026-03-26T13:03:37.143Z</time>
      </trkpt>
      <trkpt lat="45.144442" lon="14.223650">
        <ele>10.665948</ele>
        <time>2026-03-26T13:03:40.929Z</time>
      </trkpt>
      <trkpt lat="45.144463" lon="14.223582">
        <ele>10.665948</ele>
        <time>2026-03-26T13:03:44.243Z</time>
      </trkpt>
      <trkpt lat="45.144596" lon="14.223412">
        <ele>10.665948</ele>
        <time>2026-03-26T13:03:56.241Z</time>
      </trkpt>
      <trkpt lat="45.144652" lon="14.223271">
        <ele>10.665948</ele>
        <time>2026-03-26T13:04:04.497Z</time>
      </trkpt>
      <trkpt lat="45.144653" lon="14.223158">
        <ele>10.665948</ele>
        <time>2026-03-26T13:04:10.527Z</time>
      </trkpt>
      <trkpt lat="45.144586" lon="14.222799">
        <ele>10.665948</ele>
        <time>2026-03-26T13:04:30.507Z</time>
      </trkpt>
      <trkpt lat="45.144519" lon="14.222634">
        <ele>10.665948</ele>
        <time>2026-03-26T13:04:41.474Z</time>
      </trkpt>
      <trkpt lat="45.144373" lon="14.222465">
        <ele>11.773545</ele>
        <time>2026-03-26T13:04:56.887Z</time>
      </trkpt>
      <trkpt lat="45.144203" lon="14.222406">
        <ele>12.908523</ele>
        <time>2026-03-26T13:05:11.143Z</time>
      </trkpt>
      <trkpt lat="45.144008" lon="14.222425">
        <ele>14.176057</ele>
        <time>2026-03-26T13:05:26.702Z</time>
      </trkpt>
      <trkpt lat="45.143779" lon="14.222544">
        <ele>15.757702</ele>
        <time>2026-03-26T13:05:45.768Z</time>
      </trkpt>
      <trkpt lat="45.143526" lon="14.222839">
        <ele>17.881966</ele>
        <time>2026-03-26T13:06:09.229Z</time>
      </trkpt>
      <trkpt lat="45.143080" lon="14.223468">
        <ele>21.961501</ele>
        <time>2026-03-26T13:06:28.731Z</time>
      </trkpt>
      <trkpt lat="45.142528" lon="14.224454">
        <ele>24.092944</ele>
        <time>2026-03-26T13:06:42.815Z</time>
      </trkpt>
      <trkpt lat="45.142329" lon="14.224761">
        <ele>24.716811</ele>
        <time>2026-03-26T13:06:49.006Z</time>
      </trkpt>
      <trkpt lat="45.142167" lon="14.224944">
        <ele>25.156212</ele>
        <time>2026-03-26T13:06:56.031Z</time>
      </trkpt>
      <trkpt lat="45.142029" lon="14.225000">
        <ele>25.460710</ele>
        <time>2026-03-26T13:07:02.471Z</time>
      </trkpt>
      <trkpt lat="45.141850" lon="14.225017">
        <ele>25.841277</ele>
        <time>2026-03-26T13:07:12.326Z</time>
      </trkpt>
      <trkpt lat="45.141678" lon="14.224983">
        <ele>26.553084</ele>
        <time>2026-03-26T13:07:23.544Z</time>
      </trkpt>
      <trkpt lat="45.141564" lon="14.224896">
        <ele>28.295707</ele>
        <time>2026-03-26T13:07:32.904Z</time>
      </trkpt>
      <trkpt lat="45.141517" lon="14.224752">
        <ele>29.802125</ele>
        <time>2026-03-26T13:07:41.794Z</time>
      </trkpt>
      <trkpt lat="45.141511" lon="14.224600">
        <ele>31.247483</ele>
        <time>2026-03-26T13:07:51.007Z</time>
      </trkpt>
      <trkpt lat="45.141571" lon="14.224478">
        <ele>32.659509</ele>
        <time>2026-03-26T13:08:00.576Z</time>
      </trkpt>
      <trkpt lat="45.141694" lon="14.224399">
        <ele>34.477054</ele>
        <time>2026-03-26T13:08:13.711Z</time>
      </trkpt>
      <trkpt lat="45.141855" lon="14.224358">
        <ele>36.678787</ele>
        <time>2026-03-26T13:08:30.843Z</time>
      </trkpt>
      <trkpt lat="45.141958" lon="14.224255">
        <ele>38.375339</ele>
        <time>2026-03-26T13:08:44.580Z</time>
      </trkpt>
      <trkpt lat="45.142064" lon="14.224043">
        <ele>40.842463</ele>
        <time>2026-03-26T13:09:05.041Z</time>
      </trkpt>
      <trkpt lat="45.142385" lon="14.223113">
        <ele>50.599722</ele>
        <time>2026-03-26T13:10:24.791Z</time>
      </trkpt>
      <trkpt lat="45.142596" lon="14.222664">
        <ele>54.549908</ele>
        <time>2026-03-26T13:11:00.690Z</time>
      </trkpt>
      <trkpt lat="45.142846" lon="14.222212">
        <ele>58.755375</ele>
        <time>2026-03-26T13:11:34.173Z</time>
      </trkpt>
      <trkpt lat="45.143106" lon="14.221836">
        <ele>62.610519</ele>
        <time>2026-03-26T13:12:01.204Z</time>
      </trkpt>
      <trkpt lat="45.143913" lon="14.221004">
        <ele>71.630350</ele>
        <time>2026-03-26T13:12:59.506Z</time>
      </trkpt>
      <trkpt lat="45.144163" lon="14.220687">
        <ele>73.930719</ele>
        <time>2026-03-26T13:13:17.998Z</time>
      </trkpt>
      <trkpt lat="45.144309" lon="14.220590">
        <ele>75.036572</ele>
        <time>2026-03-26T13:13:27.298Z</time>
      </trkpt>
      <trkpt lat="45.144831" lon="14.220545">
        <ele>78.623386</ele>
        <time>2026-03-26T13:13:59.074Z</time>
      </trkpt>
      <trkpt lat="45.144976" lon="14.220416">
        <ele>79.797461</ele>
        <time>2026-03-26T13:14:08.977Z</time>
      </trkpt>
      <trkpt lat="45.145160" lon="14.219938">
        <ele>82.011814</ele>
        <time>2026-03-26T13:14:30.738Z</time>
      </trkpt>
      <trkpt lat="45.145269" lon="14.219760">
        <ele>82.704737</ele>
        <time>2026-03-26T13:14:39.762Z</time>
      </trkpt>
      <trkpt lat="45.145404" lon="14.219672">
        <ele>83.323990</ele>
        <time>2026-03-26T13:14:47.321Z</time>
      </trkpt>
      <trkpt lat="45.145918" lon="14.219637">
        <ele>85.468650</ele>
        <time>2026-03-26T13:15:10.062Z</time>
      </trkpt>
      <trkpt lat="45.146102" lon="14.219672">
        <ele>86.242374</ele>
        <time>2026-03-26T13:15:16.845Z</time>
      </trkpt>
      <trkpt lat="45.146219" lon="14.219760">
        <ele>86.794357</ele>
        <time>2026-03-26T13:15:21.049Z</time>
      </trkpt>
      <trkpt lat="45.146338" lon="14.219911">
        <ele>87.459926</ele>
        <time>2026-03-26T13:15:25.593Z</time>
      </trkpt>
      <trkpt lat="45.147066" lon="14.221286">
        <ele>91.699853</ele>
        <time>2026-03-26T13:16:08.659Z</time>
      </trkpt>
      <trkpt lat="45.147167" lon="14.221357">
        <ele>92.065094</ele>
        <time>2026-03-26T13:16:14.507Z</time>
      </trkpt>
      <trkpt lat="45.147297" lon="14.221359">
        <ele>92.486306</ele>
        <time>2026-03-26T13:16:21.246Z</time>
      </trkpt>
      <trkpt lat="45.147424" lon="14.221326">
        <ele>92.904627</ele>
        <time>2026-03-26T13:16:27.453Z</time>
      </trkpt>
      <trkpt lat="45.147610" lon="14.221213">
        <ele>93.560238</ele>
        <time>2026-03-26T13:16:36.172Z</time>
      </trkpt>
      <trkpt lat="45.147813" lon="14.221137">
        <ele>94.240480</ele>
        <time>2026-03-26T13:16:43.911Z</time>
      </trkpt>
      <trkpt lat="45.147934" lon="14.221177">
        <ele>94.643022</ele>
        <time>2026-03-26T13:16:47.942Z</time>
      </trkpt>
      <trkpt lat="45.148029" lon="14.221276">
        <ele>95.002806</ele>
        <time>2026-03-26T13:16:51.596Z</time>
      </trkpt>
      <trkpt lat="45.148099" lon="14.221426">
        <ele>95.386964</ele>
        <time>2026-03-26T13:16:55.291Z</time>
      </trkpt>
      <trkpt lat="45.148112" lon="14.221641">
        <ele>95.847851</ele>
        <time>2026-03-26T13:16:59.664Z</time>
      </trkpt>
      <trkpt lat="45.148075" lon="14.221763">
        <ele>96.131492</ele>
        <time>2026-03-26T13:17:02.321Z</time>
      </trkpt>
      <trkpt lat="45.147798" lon="14.222552">
        <ele>98.013905</ele>
        <time>2026-03-26T13:17:21.908Z</time>
      </trkpt>
      <trkpt lat="45.147794" lon="14.222695">
        <ele>98.319570</ele>
        <time>2026-03-26T13:17:24.906Z</time>
      </trkpt>
      <trkpt lat="45.147836" lon="14.222834">
        <ele>98.642550</ele>
        <time>2026-03-26T13:17:28.099Z</time>
      </trkpt>
      <trkpt lat="45.147897" lon="14.222924">
        <ele>98.909150</ele>
        <time>2026-03-26T13:17:30.662Z</time>
      </trkpt>
      <trkpt lat="45.147985" lon="14.222979">
        <ele>99.200387</ele>
        <time>2026-03-26T13:17:33.842Z</time>
      </trkpt>
      <trkpt lat="45.148267" lon="14.223014">
        <ele>100.057648</ele>
        <time>2026-03-26T13:17:44.871Z</time>
      </trkpt>
      <trkpt lat="45.148352" lon="14.223015">
        <ele>100.721838</ele>
        <time>2026-03-26T13:17:48.955Z</time>
      </trkpt>
      <trkpt lat="45.148721" lon="14.222974">
        <ele>104.332951</ele>
        <time>2026-03-26T13:18:11.825Z</time>
      </trkpt>
      <trkpt lat="45.149141" lon="14.222869">
        <ele>108.493803</ele>
        <time>2026-03-26T13:18:46.962Z</time>
      </trkpt>
      <trkpt lat="45.149611" lon="14.222752">
        <ele>113.149398</ele>
        <time>2026-03-26T13:19:27.204Z</time>
      </trkpt>
      <trkpt lat="45.149763" lon="14.222616">
        <ele>114.902920</ele>
        <time>2026-03-26T13:19:41.991Z</time>
      </trkpt>
      <trkpt lat="45.149869" lon="14.222452">
        <ele>116.433562</ele>
        <time>2026-03-26T13:19:54.615Z</time>
      </trkpt>
      <trkpt lat="45.149873" lon="14.222440">
        <ele>116.524888</ele>
        <time>2026-03-26T13:19:55.398Z</time>
      </trkpt>
      <trkpt lat="45.149952" lon="14.222221">
        <ele>118.269730</ele>
        <time>2026-03-26T13:20:09.248Z</time>
      </trkpt>
      <trkpt lat="45.150009" lon="14.221847">
        <ele>121.158745</ele>
        <time>2026-03-26T13:20:31.224Z</time>
      </trkpt>
      <trkpt lat="45.150085" lon="14.221625">
        <ele>123.021964</ele>
        <time>2026-03-26T13:20:45.839Z</time>
      </trkpt>
      <trkpt lat="45.150162" lon="14.221518">
        <ele>124.176189</ele>
        <time>2026-03-26T13:20:54.828Z</time>
      </trkpt>
      <trkpt lat="45.150597" lon="14.221152">
        <ele>129.591406</ele>
        <time>2026-03-26T13:21:35.156Z</time>
      </trkpt>
      <trkpt lat="45.150674" lon="14.221016">
        <ele>130.908200</ele>
        <time>2026-03-26T13:21:44.498Z</time>
      </trkpt>
      <trkpt lat="45.150878" lon="14.220717">
        <ele>134.049260</ele>
        <time>2026-03-26T13:22:06.063Z</time>
      </trkpt>
      <trkpt lat="45.151015" lon="14.220653">
        <ele>135.593512</ele>
        <time>2026-03-26T13:22:16.643Z</time>
      </trkpt>
      <trkpt lat="45.151600" lon="14.220679">
        <ele>142.078957</ele>
        <time>2026-03-26T13:23:00.567Z</time>
      </trkpt>
      <trkpt lat="45.151764" lon="14.220639">
        <ele>143.939907</ele>
        <time>2026-03-26T13:23:13.744Z</time>
      </trkpt>
      <trkpt lat="45.152103" lon="14.220274">
        <ele>148.699994</ele>
        <time>2026-03-26T13:23:47.719Z</time>
      </trkpt>
      <trkpt lat="45.152375" lon="14.219805">
        <ele>153.488891</ele>
        <time>2026-03-26T13:24:24.373Z</time>
      </trkpt>
      <trkpt lat="45.152437" lon="14.219598">
        <ele>155.262539</ele>
        <time>2026-03-26T13:24:38.671Z</time>
      </trkpt>
      <trkpt lat="45.152471" lon="14.219351">
        <ele>157.267254</ele>
        <time>2026-03-26T13:24:54.865Z</time>
      </trkpt>
      <trkpt lat="45.152518" lon="14.218117">
        <ele>168.002587</ele>
        <time>2026-03-26T13:26:10.823Z</time>
      </trkpt>
      <trkpt lat="45.152588" lon="14.217920">
        <ele>169.918872</ele>
        <time>2026-03-26T13:26:23.813Z</time>
      </trkpt>
      <trkpt lat="45.153219" lon="14.216962">
        <ele>181.218597</ele>
        <time>2026-03-26T13:27:44.343Z</time>
      </trkpt>
      <trkpt lat="45.153371" lon="14.216457">
        <ele>185.789346</ele>
        <time>2026-03-26T13:28:20.576Z</time>
      </trkpt>
      <trkpt lat="45.153408" lon="14.216238">
        <ele>187.663991</ele>
        <time>2026-03-26T13:28:35.915Z</time>
      </trkpt>
      <trkpt lat="45.153418" lon="14.215682">
        <ele>192.293896</ele>
        <time>2026-03-26T13:29:12.384Z</time>
      </trkpt>
      <trkpt lat="45.153455" lon="14.215464">
        <ele>194.160445</ele>
        <time>2026-03-26T13:29:26.347Z</time>
      </trkpt>
      <trkpt lat="45.153640" lon="14.214822">
        <ele>199.933688</ele>
        <time>2026-03-26T13:30:04.483Z</time>
      </trkpt>
      <trkpt lat="45.153757" lon="14.214658">
        <ele>201.165151</ele>
        <time>2026-03-26T13:30:15.581Z</time>
      </trkpt>
      <trkpt lat="45.153854" lon="14.214608">
        <ele>201.781476</ele>
        <time>2026-03-26T13:30:22.030Z</time>
      </trkpt>
      <trkpt lat="45.153984" lon="14.214652">
        <ele>202.579586</ele>
        <time>2026-03-26T13:30:30.000Z</time>
      </trkpt>
      <trkpt lat="45.154150" lon="14.214877">
        <ele>203.950867</ele>
        <time>2026-03-26T13:30:42.354Z</time>
      </trkpt>
      <trkpt lat="45.154345" lon="14.215042">
        <ele>205.306874</ele>
        <time>2026-03-26T13:30:53.027Z</time>
      </trkpt>
      <trkpt lat="45.154517" lon="14.215113">
        <ele>206.376616</ele>
        <time>2026-03-26T13:31:00.629Z</time>
      </trkpt>
      <trkpt lat="45.155372" lon="14.215253">
        <ele>211.778753</ele>
        <time>2026-03-26T13:31:33.983Z</time>
      </trkpt>
      <trkpt lat="45.155467" lon="14.215291">
        <ele>212.826303</ele>
        <time>2026-03-26T13:31:39.894Z</time>
      </trkpt>
      <trkpt lat="45.155544" lon="14.215346">
        <ele>213.741295</ele>
        <time>2026-03-26T13:31:45.452Z</time>
      </trkpt>
      <trkpt lat="45.155788" lon="14.215626">
        <ele>217.072455</ele>
        <time>2026-03-26T13:32:08.757Z</time>
      </trkpt>
      <trkpt lat="45.155930" lon="14.215677">
        <ele>218.627043</ele>
        <time>2026-03-26T13:32:20.891Z</time>
      </trkpt>
      <trkpt lat="45.156163" lon="14.215677">
        <ele>221.099807</ele>
        <time>2026-03-26T13:32:41.415Z</time>
      </trkpt>
      <trkpt lat="45.156265" lon="14.215648">
        <ele>222.203846</ele>
        <time>2026-03-26T13:32:50.835Z</time>
      </trkpt>
      <trkpt lat="45.156345" lon="14.215597">
        <ele>223.134710</ele>
        <time>2026-03-26T13:32:58.723Z</time>
      </trkpt>
      <trkpt lat="45.156617" lon="14.215318">
        <ele>226.697359</ele>
        <time>2026-03-26T13:33:29.156Z</time>
      </trkpt>
      <trkpt lat="45.156952" lon="14.215213">
        <ele>230.300996</ele>
        <time>2026-03-26T13:34:02.134Z</time>
      </trkpt>
      <trkpt lat="45.157092" lon="14.215113">
        <ele>231.093592</ele>
        <time>2026-03-26T13:34:16.636Z</time>
      </trkpt>
      <trkpt lat="45.157322" lon="14.214817">
        <ele>232.664017</ele>
        <time>2026-03-26T13:34:41.915Z</time>
      </trkpt>
      <trkpt lat="45.157487" lon="14.214720">
        <ele>233.567139</ele>
        <time>2026-03-26T13:34:54.515Z</time>
      </trkpt>
      <trkpt lat="45.157641" lon="14.214700">
        <ele>234.349056</ele>
        <time>2026-03-26T13:35:04.040Z</time>
      </trkpt>
      <trkpt lat="45.158071" lon="14.214830">
        <ele>236.572090</ele>
        <time>2026-03-26T13:35:22.873Z</time>
      </trkpt>
      <trkpt lat="45.158378" lon="14.214773">
        <ele>238.137597</ele>
        <time>2026-03-26T13:35:28.938Z</time>
      </trkpt>
      <trkpt lat="45.158528" lon="14.214830">
        <ele>238.922787</ele>
        <time>2026-03-26T13:35:31.391Z</time>
      </trkpt>
      <trkpt lat="45.158619" lon="14.214925">
        <ele>239.252601</ele>
        <time>2026-03-26T13:35:33.092Z</time>
      </trkpt>
      <trkpt lat="45.158705" lon="14.215072">
        <ele>238.695484</ele>
        <time>2026-03-26T13:35:35.027Z</time>
      </trkpt>
      <trkpt lat="45.158760" lon="14.215240">
        <ele>238.155234</ele>
        <time>2026-03-26T13:35:36.853Z</time>
      </trkpt>
      <trkpt lat="45.158772" lon="14.215498">
        <ele>237.401078</ele>
        <time>2026-03-26T13:35:39.406Z</time>
      </trkpt>
      <trkpt lat="45.158735" lon="14.215676">
        <ele>236.859809</ele>
        <time>2026-03-26T13:35:41.237Z</time>
      </trkpt>
      <trkpt lat="45.158379" lon="14.216400">
        <ele>234.285354</ele>
        <time>2026-03-26T13:35:49.813Z</time>
      </trkpt>
      <trkpt lat="45.158334" lon="14.216572">
        <ele>233.750253</ele>
        <time>2026-03-26T13:35:51.576Z</time>
      </trkpt>
      <trkpt lat="45.158329" lon="14.216779">
        <ele>233.146127</ele>
        <time>2026-03-26T13:35:53.578Z</time>
      </trkpt>
      <trkpt lat="45.158437" lon="14.217262">
        <ele>231.926882</ele>
        <time>2026-03-26T13:35:58.630Z</time>
      </trkpt>
      <trkpt lat="45.158932" lon="14.218580">
        <ele>232.021006</ele>
        <time>2026-03-26T13:36:19.123Z</time>
      </trkpt>
      <trkpt lat="45.159053" lon="14.218780">
        <ele>232.037617</ele>
        <time>2026-03-26T13:36:25.547Z</time>
      </trkpt>
      <trkpt lat="45.159296" lon="14.218998">
        <ele>232.063319</ele>
        <time>2026-03-26T13:36:35.848Z</time>
      </trkpt>
      <trkpt lat="45.159508" lon="14.219090">
        <ele>232.093669</ele>
        <time>2026-03-26T13:36:43.664Z</time>
      </trkpt>
      <trkpt lat="45.159792" lon="14.219092">
        <ele>232.400646</ele>
        <time>2026-03-26T13:36:53.158Z</time>
      </trkpt>
      <trkpt lat="45.159928" lon="14.219056">
        <ele>232.550186</ele>
        <time>2026-03-26T13:36:57.519Z</time>
      </trkpt>
      <trkpt lat="45.160244" lon="14.219002">
        <ele>232.894219</ele>
        <time>2026-03-26T13:37:06.741Z</time>
      </trkpt>
      <trkpt lat="45.160435" lon="14.219049">
        <ele>233.103754</ele>
        <time>2026-03-26T13:37:11.815Z</time>
      </trkpt>
      <trkpt lat="45.160620" lon="14.219190">
        <ele>233.330766</ele>
        <time>2026-03-26T13:37:16.964Z</time>
      </trkpt>
      <trkpt lat="45.161012" lon="14.219641">
        <ele>233.876369</ele>
        <time>2026-03-26T13:37:27.362Z</time>
      </trkpt>
      <trkpt lat="45.161245" lon="14.219773">
        <ele>234.176727</ele>
        <time>2026-03-26T13:37:32.154Z</time>
      </trkpt>
      <trkpt lat="45.161437" lon="14.219786">
        <ele>234.434464</ele>
        <time>2026-03-26T13:37:35.911Z</time>
      </trkpt>
      <trkpt lat="45.162118" lon="14.219668">
        <ele>235.354377</ele>
        <time>2026-03-26T13:37:53.647Z</time>
      </trkpt>
      <trkpt lat="45.162674" lon="14.219668">
        <ele>236.099892</ele>
        <time>2026-03-26T13:38:13.474Z</time>
      </trkpt>
      <trkpt lat="45.162981" lon="14.219700">
        <ele>236.520788</ele>
        <time>2026-03-26T13:38:23.795Z</time>
      </trkpt>
      <trkpt lat="45.163185" lon="14.219800">
        <ele>236.841790</ele>
        <time>2026-03-26T13:38:30.065Z</time>
      </trkpt>
      <trkpt lat="45.163386" lon="14.220043">
        <ele>237.234587</ele>
        <time>2026-03-26T13:38:37.052Z</time>
      </trkpt>
      <trkpt lat="45.163496" lon="14.220330">
        <ele>237.577129</ele>
        <time>2026-03-26T13:38:43.022Z</time>
      </trkpt>
      <trkpt lat="45.163530" lon="14.220665">
        <ele>237.932035</ele>
        <time>2026-03-26T13:38:49.313Z</time>
      </trkpt>
      <trkpt lat="45.163470" lon="14.221022">
        <ele>238.316878</ele>
        <time>2026-03-26T13:38:55.920Z</time>
      </trkpt>
      <trkpt lat="45.163404" lon="14.221196">
        <ele>238.524063</ele>
        <time>2026-03-26T13:38:59.439Z</time>
      </trkpt>
      <trkpt lat="45.163114" lon="14.221660">
        <ele>239.273730</ele>
        <time>2026-03-26T13:39:11.079Z</time>
      </trkpt>
      <trkpt lat="45.163059" lon="14.221777">
        <ele>239.660679</ele>
        <time>2026-03-26T13:39:13.891Z</time>
      </trkpt>
      <trkpt lat="45.162985" lon="14.222078">
        <ele>240.537865</ele>
        <time>2026-03-26T13:39:21.078Z</time>
      </trkpt>
      <trkpt lat="45.162992" lon="14.222441">
        <ele>241.537129</ele>
        <time>2026-03-26T13:39:31.600Z</time>
      </trkpt>
      <trkpt lat="45.163035" lon="14.222631">
        <ele>242.086237</ele>
        <time>2026-03-26T13:39:38.152Z</time>
      </trkpt>
      <trkpt lat="45.163155" lon="14.222878">
        <ele>242.911645</ele>
        <time>2026-03-26T13:39:48.353Z</time>
      </trkpt>
      <trkpt lat="45.163406" lon="14.223250">
        <ele>244.328486</ele>
        <time>2026-03-26T13:40:06.106Z</time>
      </trkpt>
      <trkpt lat="45.163625" lon="14.223402">
        <ele>245.280034</ele>
        <time>2026-03-26T13:40:17.806Z</time>
      </trkpt>
      <trkpt lat="45.163829" lon="14.223429">
        <ele>246.079644</ele>
        <time>2026-03-26T13:40:27.474Z</time>
      </trkpt>
      <trkpt lat="45.163941" lon="14.223405">
        <ele>246.371187</ele>
        <time>2026-03-26T13:40:32.691Z</time>
      </trkpt>
      <trkpt lat="45.164552" lon="14.223195">
        <ele>247.875679</ele>
        <time>2026-03-26T13:40:58.450Z</time>
      </trkpt>
      <trkpt lat="45.165436" lon="14.222987">
        <ele>250.020074</ele>
        <time>2026-03-26T13:41:24.128Z</time>
      </trkpt>
      <trkpt lat="45.165833" lon="14.222926">
        <ele>250.187771</ele>
        <time>2026-03-26T13:41:33.862Z</time>
      </trkpt>
      <trkpt lat="45.166079" lon="14.222921">
        <ele>249.915576</ele>
        <time>2026-03-26T13:41:38.809Z</time>
      </trkpt>
      <trkpt lat="45.166270" lon="14.222976">
        <ele>249.699948</ele>
        <time>2026-03-26T13:41:42.286Z</time>
      </trkpt>
      <trkpt lat="45.166483" lon="14.223104">
        <ele>249.444012</ele>
        <time>2026-03-26T13:41:46.358Z</time>
      </trkpt>
      <trkpt lat="45.167170" lon="14.223954">
        <ele>248.391696</ele>
        <time>2026-03-26T13:42:01.607Z</time>
      </trkpt>
      <trkpt lat="45.167428" lon="14.224200">
        <ele>246.744033</ele>
        <time>2026-03-26T13:42:06.372Z</time>
      </trkpt>
      <trkpt lat="45.167634" lon="14.224310">
        <ele>245.577417</ele>
        <time>2026-03-26T13:42:09.568Z</time>
      </trkpt>
      <trkpt lat="45.167902" lon="14.224405">
        <ele>244.113323</ele>
        <time>2026-03-26T13:42:13.498Z</time>
      </trkpt>
      <trkpt lat="45.168131" lon="14.224530">
        <ele>242.812842</ele>
        <time>2026-03-26T13:42:16.939Z</time>
      </trkpt>
      <trkpt lat="45.168293" lon="14.224669">
        <ele>241.809361</ele>
        <time>2026-03-26T13:42:19.528Z</time>
      </trkpt>
      <trkpt lat="45.168384" lon="14.224801">
        <ele>241.119506</ele>
        <time>2026-03-26T13:42:21.280Z</time>
      </trkpt>
      <trkpt lat="45.168459" lon="14.225064">
        <ele>240.059418</ele>
        <time>2026-03-26T13:42:23.919Z</time>
      </trkpt>
      <trkpt lat="45.168441" lon="14.225535">
        <ele>237.878183</ele>
        <time>2026-03-26T13:42:28.215Z</time>
      </trkpt>
      <trkpt lat="45.168254" lon="14.226953">
        <ele>228.830851</ele>
        <time>2026-03-26T13:42:41.042Z</time>
      </trkpt>
      <trkpt lat="45.168290" lon="14.227322">
        <ele>226.494585</ele>
        <time>2026-03-26T13:42:44.390Z</time>
      </trkpt>
      <trkpt lat="45.168399" lon="14.227709">
        <ele>223.880974</ele>
        <time>2026-03-26T13:42:48.168Z</time>
      </trkpt>
      <trkpt lat="45.168560" lon="14.228129">
        <ele>221.516932</ele>
        <time>2026-03-26T13:42:52.559Z</time>
      </trkpt>
      <trkpt lat="45.168773" lon="14.228514">
        <ele>219.405886</ele>
        <time>2026-03-26T13:42:57.139Z</time>
      </trkpt>
      <trkpt lat="45.169568" lon="14.229510">
        <ele>212.915984</ele>
        <time>2026-03-26T13:43:11.572Z</time>
      </trkpt>
      <trkpt lat="45.169928" lon="14.229759">
        <ele>211.203255</ele>
        <time>2026-03-26T13:43:17.409Z</time>
      </trkpt>
      <trkpt lat="45.170231" lon="14.229871">
        <ele>210.266470</ele>
        <time>2026-03-26T13:43:22.238Z</time>
      </trkpt>
      <trkpt lat="45.170569" lon="14.229904">
        <ele>209.252855</ele>
        <time>2026-03-26T13:43:27.858Z</time>
      </trkpt>
      <trkpt lat="45.170887" lon="14.229845">
        <ele>208.293364</ele>
        <time>2026-03-26T13:43:33.437Z</time>
      </trkpt>
      <trkpt lat="45.171631" lon="14.229473">
        <ele>205.187012</ele>
        <time>2026-03-26T13:43:45.674Z</time>
      </trkpt>
      <trkpt lat="45.171806" lon="14.229440">
        <ele>203.996293</ele>
        <time>2026-03-26T13:43:48.142Z</time>
      </trkpt>
      <trkpt lat="45.171935" lon="14.229455">
        <ele>203.123300</ele>
        <time>2026-03-26T13:43:49.899Z</time>
      </trkpt>
      <trkpt lat="45.172102" lon="14.229530">
        <ele>201.941818</ele>
        <time>2026-03-26T13:43:52.230Z</time>
      </trkpt>
      <trkpt lat="45.172673" lon="14.229967">
        <ele>197.565764</ele>
        <time>2026-03-26T13:44:00.610Z</time>
      </trkpt>
      <trkpt lat="45.172947" lon="14.230132">
        <ele>195.558062</ele>
        <time>2026-03-26T13:44:04.422Z</time>
      </trkpt>
      <trkpt lat="45.173150" lon="14.230192">
        <ele>194.155007</ele>
        <time>2026-03-26T13:44:07.090Z</time>
      </trkpt>
      <trkpt lat="45.173340" lon="14.230213">
        <ele>192.845447</ele>
        <time>2026-03-26T13:44:09.573Z</time>
      </trkpt>
      <trkpt lat="45.173558" lon="14.230195">
        <ele>191.344903</ele>
        <time>2026-03-26T13:44:12.448Z</time>
      </trkpt>
      <trkpt lat="45.174113" lon="14.230102">
        <ele>187.504651</ele>
        <time>2026-03-26T13:44:20.070Z</time>
      </trkpt>
      <trkpt lat="45.174295" lon="14.230075">
        <ele>186.247200</ele>
        <time>2026-03-26T13:44:22.584Z</time>
      </trkpt>
      <trkpt lat="45.175195" lon="14.229919">
        <ele>179.384118</ele>
        <time>2026-03-26T13:44:34.701Z</time>
      </trkpt>
      <trkpt lat="45.175429" lon="14.229895">
        <ele>177.267147</ele>
        <time>2026-03-26T13:44:37.728Z</time>
      </trkpt>
      <trkpt lat="45.175698" lon="14.229920">
        <ele>174.834667</ele>
        <time>2026-03-26T13:44:41.158Z</time>
      </trkpt>
      <trkpt lat="45.175888" lon="14.230018">
        <ele>173.010424</ele>
        <time>2026-03-26T13:44:43.700Z</time>
      </trkpt>
      <trkpt lat="45.176074" lon="14.230195">
        <ele>170.989434</ele>
        <time>2026-03-26T13:44:46.511Z</time>
      </trkpt>
      <trkpt lat="45.177059" lon="14.231498">
        <ele>160.462677</ele>
        <time>2026-03-26T13:45:03.479Z</time>
      </trkpt>
      <trkpt lat="45.177187" lon="14.231764">
        <ele>158.891943</ele>
        <time>2026-03-26T13:45:06.465Z</time>
      </trkpt>
      <trkpt lat="45.177238" lon="14.231993">
        <ele>157.720694</ele>
        <time>2026-03-26T13:45:08.760Z</time>
      </trkpt>
      <trkpt lat="45.177247" lon="14.232485">
        <ele>155.320395</ele>
        <time>2026-03-26T13:45:13.721Z</time>
      </trkpt>
      <trkpt lat="45.177308" lon="14.232728">
        <ele>154.062378</ele>
        <time>2026-03-26T13:45:16.546Z</time>
      </trkpt>
      <trkpt lat="45.177414" lon="14.232890">
        <ele>153.287284</ele>
        <time>2026-03-26T13:45:19.050Z</time>
      </trkpt>
      <trkpt lat="45.177445" lon="14.233037">
        <ele>153.137100</ele>
        <time>2026-03-26T13:45:20.767Z</time>
      </trkpt>
      <trkpt lat="45.178102" lon="14.233609">
        <ele>152.066729</ele>
        <time>2026-03-26T13:45:32.586Z</time>
      </trkpt>
      <trkpt lat="45.178214" lon="14.233850">
        <ele>151.784190</ele>
        <time>2026-03-26T13:45:36.674Z</time>
      </trkpt>
      <trkpt lat="45.178282" lon="14.234177">
        <ele>151.450490</ele>
        <time>2026-03-26T13:45:41.924Z</time>
      </trkpt>
      <trkpt lat="45.178351" lon="14.234331">
        <ele>151.271885</ele>
        <time>2026-03-26T13:45:45.036Z</time>
      </trkpt>
      <trkpt lat="45.178494" lon="14.234495">
        <ele>151.016555</ele>
        <time>2026-03-26T13:45:49.656Z</time>
      </trkpt>
      <trkpt lat="45.178534" lon="14.234542">
        <ele>150.944436</ele>
        <time>2026-03-26T13:45:50.928Z</time>
      </trkpt>
      <trkpt lat="45.179144" lon="14.233434">
        <ele>153.019607</ele>
        <time>2026-03-26T13:46:14.178Z</time>
      </trkpt>
      <trkpt lat="45.179287" lon="14.233177">
        <ele>153.551576</ele>
        <time>2026-03-26T13:46:24.128Z</time>
      </trkpt>
      <trkpt lat="45.179664" lon="14.232691">
        <ele>154.725705</ele>
        <time>2026-03-26T13:46:46.013Z</time>
      </trkpt>
      <trkpt lat="45.179821" lon="14.232449">
        <ele>155.571058</ele>
        <time>2026-03-26T13:46:55.566Z</time>
      </trkpt>
      <trkpt lat="45.179877" lon="14.232351">
        <ele>156.032570</ele>
        <time>2026-03-26T13:46:59.028Z</time>
      </trkpt>
      <trkpt lat="45.179823" lon="14.232272">
        <ele>156.435138</ele>
        <time>2026-03-26T13:47:02.314Z</time>
      </trkpt>
      <trkpt lat="45.179808" lon="14.232174">
        <ele>156.801999</ele>
        <time>2026-03-26T13:47:05.120Z</time>
      </trkpt>
      <trkpt lat="45.179939" lon="14.231657">
        <ele>158.811786</ele>
        <time>2026-03-26T13:47:23.854Z</time>
      </trkpt>
      <trkpt lat="45.180106" lon="14.231369">
        <ele>160.176034</ele>
        <time>2026-03-26T13:47:37.966Z</time>
      </trkpt>
      <trkpt lat="45.180236" lon="14.231027">
        <ele>161.597462</ele>
        <time>2026-03-26T13:47:53.309Z</time>
      </trkpt>
      <trkpt lat="45.180294" lon="14.230793">
        <ele>162.504862</ele>
        <time>2026-03-26T13:48:02.867Z</time>
      </trkpt>
      <trkpt lat="45.180362" lon="14.230664">
        <ele>163.094133</ele>
        <time>2026-03-26T13:48:08.687Z</time>
      </trkpt>
      <trkpt lat="45.180450" lon="14.230499">
        <ele>163.851044</ele>
        <time>2026-03-26T13:48:15.881Z</time>
      </trkpt>
      <trkpt lat="45.181019" lon="14.229853">
        <ele>166.960035</ele>
        <time>2026-03-26T13:48:49.308Z</time>
      </trkpt>
      <trkpt lat="45.182013" lon="14.229089">
        <ele>171.625531</ele>
        <time>2026-03-26T13:49:33.325Z</time>
      </trkpt>
      <trkpt lat="45.182621" lon="14.228682">
        <ele>175.135362</ele>
        <time>2026-03-26T13:50:02.710Z</time>
      </trkpt>
      <trkpt lat="45.183125" lon="14.228247">
        <ele>178.250507</ele>
        <time>2026-03-26T13:50:31.987Z</time>
      </trkpt>
      <trkpt lat="45.183386" lon="14.228075">
        <ele>179.770133</ele>
        <time>2026-03-26T13:50:47.085Z</time>
      </trkpt>
      <trkpt lat="45.183684" lon="14.227775">
        <ele>181.866573</ele>
        <time>2026-03-26T13:51:07.155Z</time>
      </trkpt>
      <trkpt lat="45.183958" lon="14.227564">
        <ele>184.147889</ele>
        <time>2026-03-26T13:51:25.556Z</time>
      </trkpt>
      <trkpt lat="45.184437" lon="14.227381">
        <ele>187.777856</ele>
        <time>2026-03-26T13:51:57.925Z</time>
      </trkpt>
      <trkpt lat="45.184720" lon="14.227227">
        <ele>189.995822</ele>
        <time>2026-03-26T13:52:18.339Z</time>
      </trkpt>
      <trkpt lat="45.184868" lon="14.227082">
        <ele>191.311940</ele>
        <time>2026-03-26T13:52:29.898Z</time>
      </trkpt>
      <trkpt lat="45.185133" lon="14.226699">
        <ele>194.080029</ele>
        <time>2026-03-26T13:52:52.618Z</time>
      </trkpt>
      <trkpt lat="45.185322" lon="14.226375">
        <ele>195.333203</ele>
        <time>2026-03-26T13:53:08.772Z</time>
      </trkpt>
      <trkpt lat="45.185390" lon="14.226315">
        <ele>195.624377</ele>
        <time>2026-03-26T13:53:12.865Z</time>
      </trkpt>
      <trkpt lat="45.185526" lon="14.226254">
        <ele>196.143018</ele>
        <time>2026-03-26T13:53:19.829Z</time>
      </trkpt>
      <trkpt lat="45.186557" lon="14.226072">
        <ele>199.920813</ele>
        <time>2026-03-26T13:53:57.268Z</time>
      </trkpt>
      <trkpt lat="45.186866" lon="14.225960">
        <ele>201.049939</ele>
        <time>2026-03-26T13:54:05.951Z</time>
      </trkpt>
      <trkpt lat="45.186949" lon="14.225946">
        <ele>201.270866</ele>
        <time>2026-03-26T13:54:08.344Z</time>
      </trkpt>
      <trkpt lat="45.187090" lon="14.225922">
        <ele>201.646224</ele>
        <time>2026-03-26T13:54:12.446Z</time>
      </trkpt>
      <trkpt lat="45.187625" lon="14.226018">
        <ele>203.071578</ele>
        <time>2026-03-26T13:54:28.779Z</time>
      </trkpt>
      <trkpt lat="45.187884" lon="14.226001">
        <ele>203.756889</ele>
        <time>2026-03-26T13:54:37.291Z</time>
      </trkpt>
      <trkpt lat="45.188429" lon="14.225801">
        <ele>205.244811</ele>
        <time>2026-03-26T13:54:57.158Z</time>
      </trkpt>
      <trkpt lat="45.188637" lon="14.225836">
        <ele>205.896197</ele>
        <time>2026-03-26T13:55:05.428Z</time>
      </trkpt>
      <trkpt lat="45.189348" lon="14.226284">
        <ele>210.608829</ele>
        <time>2026-03-26T13:55:45.393Z</time>
      </trkpt>
      <trkpt lat="45.189466" lon="14.226256">
        <ele>211.333568</ele>
        <time>2026-03-26T13:55:53.050Z</time>
      </trkpt>
      <trkpt lat="45.189893" lon="14.225848">
        <ele>214.452035</ele>
        <time>2026-03-26T13:56:25.820Z</time>
      </trkpt>
      <trkpt lat="45.189999" lon="14.225687">
        <ele>215.392654</ele>
        <time>2026-03-26T13:56:34.876Z</time>
      </trkpt>
      <trkpt lat="45.190112" lon="14.225232">
        <ele>217.217122</ele>
        <time>2026-03-26T13:56:53.308Z</time>
      </trkpt>
      <trkpt lat="45.190359" lon="14.225094">
        <ele>218.371731</ele>
        <time>2026-03-26T13:57:06.159Z</time>
      </trkpt>
      <trkpt lat="45.190539" lon="14.225053">
        <ele>219.164666</ele>
        <time>2026-03-26T13:57:14.176Z</time>
      </trkpt>
      <trkpt lat="45.190673" lon="14.225144">
        <ele>219.810812</ele>
        <time>2026-03-26T13:57:20.106Z</time>
      </trkpt>
      <trkpt lat="45.190824" lon="14.225399">
        <ele>220.831760</ele>
        <time>2026-03-26T13:57:28.901Z</time>
      </trkpt>
      <trkpt lat="45.190997" lon="14.225814">
        <ele>222.309746</ele>
        <time>2026-03-26T13:57:40.629Z</time>
      </trkpt>
      <trkpt lat="45.191271" lon="14.226299">
        <ele>224.215126</ele>
        <time>2026-03-26T13:57:56.837Z</time>
      </trkpt>
      <trkpt lat="45.191431" lon="14.226469">
        <ele>225.531797</ele>
        <time>2026-03-26T13:58:05.968Z</time>
      </trkpt>
      <trkpt lat="45.191783" lon="14.226589">
        <ele>228.201957</ele>
        <time>2026-03-26T13:58:25.148Z</time>
      </trkpt>
      <trkpt lat="45.192331" lon="14.226548">
        <ele>232.249509</ele>
        <time>2026-03-26T13:58:59.775Z</time>
      </trkpt>
      <trkpt lat="45.192857" lon="14.226612">
        <ele>236.143416</ele>
        <time>2026-03-26T13:59:37.982Z</time>
      </trkpt>
      <trkpt lat="45.193146" lon="14.226646">
        <ele>238.156055</ele>
        <time>2026-03-26T13:59:58.759Z</time>
      </trkpt>
      <trkpt lat="45.193652" lon="14.226386">
        <ele>241.252452</ele>
        <time>2026-03-26T14:00:33.371Z</time>
      </trkpt>
      <trkpt lat="45.194056" lon="14.226217">
        <ele>243.675870</ele>
        <time>2026-03-26T14:00:56.342Z</time>
      </trkpt>
      <trkpt lat="45.194302" lon="14.226163">
        <ele>245.108129</ele>
        <time>2026-03-26T14:01:08.293Z</time>
      </trkpt>
      <trkpt lat="45.194477" lon="14.226230">
        <ele>246.151041</ele>
        <time>2026-03-26T14:01:16.001Z</time>
      </trkpt>
      <trkpt lat="45.194856" lon="14.226673">
        <ele>248.257493</ele>
        <time>2026-03-26T14:01:32.567Z</time>
      </trkpt>
      <trkpt lat="45.194955" lon="14.226734">
        <ele>248.392903</ele>
        <time>2026-03-26T14:01:35.458Z</time>
      </trkpt>
      <trkpt lat="45.195180" lon="14.226733">
        <ele>248.675193</ele>
        <time>2026-03-26T14:01:40.700Z</time>
      </trkpt>
      <trkpt lat="45.195375" lon="14.226769">
        <ele>248.921904</ele>
        <time>2026-03-26T14:01:44.784Z</time>
      </trkpt>
      <trkpt lat="45.196117" lon="14.227441">
        <ele>250.026259</ele>
        <time>2026-03-26T14:02:04.091Z</time>
      </trkpt>
      <trkpt lat="45.196255" lon="14.227654">
        <ele>250.282069</ele>
        <time>2026-03-26T14:02:10.133Z</time>
      </trkpt>
      <trkpt lat="45.196484" lon="14.228282">
        <ele>252.406355</ele>
        <time>2026-03-26T14:02:27.508Z</time>
      </trkpt>
      <trkpt lat="45.196567" lon="14.228387">
        <ele>252.898206</ele>
        <time>2026-03-26T14:02:32.133Z</time>
      </trkpt>
      <trkpt lat="45.196952" lon="14.228409">
        <ele>254.602607</ele>
        <time>2026-03-26T14:02:50.791Z</time>
      </trkpt>
      <trkpt lat="45.197130" lon="14.228604">
        <ele>255.597297</ele>
        <time>2026-03-26T14:03:02.677Z</time>
      </trkpt>
      <trkpt lat="45.197378" lon="14.228781">
        <ele>256.825233</ele>
        <time>2026-03-26T14:03:17.455Z</time>
      </trkpt>
      <trkpt lat="45.197694" lon="14.228868">
        <ele>258.249100</ele>
        <time>2026-03-26T14:03:34.537Z</time>
      </trkpt>
      <trkpt lat="45.198180" lon="14.228957">
        <ele>259.778387</ele>
        <time>2026-03-26T14:03:57.878Z</time>
      </trkpt>
      <trkpt lat="45.198293" lon="14.229079">
        <ele>260.219704</ele>
        <time>2026-03-26T14:04:05.101Z</time>
      </trkpt>
      <trkpt lat="45.198326" lon="14.229287">
        <ele>260.686674</ele>
        <time>2026-03-26T14:04:11.802Z</time>
      </trkpt>
      <trkpt lat="45.198335" lon="14.229567">
        <ele>261.300573</ele>
        <time>2026-03-26T14:04:19.078Z</time>
      </trkpt>
      <trkpt lat="45.198470" lon="14.229953">
        <ele>262.244402</ele>
        <time>2026-03-26T14:04:26.968Z</time>
      </trkpt>
      <trkpt lat="45.198570" lon="14.230083">
        <ele>262.665923</ele>
        <time>2026-03-26T14:04:29.596Z</time>
      </trkpt>
      <trkpt lat="45.198774" lon="14.230240">
        <ele>263.387237</ele>
        <time>2026-03-26T14:04:34.067Z</time>
      </trkpt>
      <trkpt lat="45.198825" lon="14.230495">
        <ele>263.961270</ele>
        <time>2026-03-26T14:04:38.732Z</time>
      </trkpt>
      <trkpt lat="45.198828" lon="14.231125">
        <ele>265.257231</ele>
        <time>2026-03-26T14:04:55.208Z</time>
      </trkpt>
      <trkpt lat="45.198885" lon="14.231419">
        <ele>265.884472</ele>
        <time>2026-03-26T14:05:03.036Z</time>
      </trkpt>
      <trkpt lat="45.199004" lon="14.231619">
        <ele>266.422927</ele>
        <time>2026-03-26T14:05:09.298Z</time>
      </trkpt>
      <trkpt lat="45.199391" lon="14.231954">
        <ele>267.746249</ele>
        <time>2026-03-26T14:05:23.404Z</time>
      </trkpt>
      <trkpt lat="45.199492" lon="14.232104">
        <ele>268.173024</ele>
        <time>2026-03-26T14:05:29.209Z</time>
      </trkpt>
      <trkpt lat="45.199539" lon="14.232331">
        <ele>268.659705</ele>
        <time>2026-03-26T14:05:36.652Z</time>
      </trkpt>
      <trkpt lat="45.199472" lon="14.232686">
        <ele>269.669123</ele>
        <time>2026-03-26T14:05:49.925Z</time>
      </trkpt>
      <trkpt lat="45.199470" lon="14.232861">
        <ele>270.328696</ele>
        <time>2026-03-26T14:05:56.676Z</time>
      </trkpt>
      <trkpt lat="45.199515" lon="14.232968">
        <ele>270.798283</ele>
        <time>2026-03-26T14:06:01.443Z</time>
      </trkpt>
      <trkpt lat="45.199629" lon="14.233059">
        <ele>271.497795</ele>
        <time>2026-03-26T14:06:08.055Z</time>
      </trkpt>
      <trkpt lat="45.200263" lon="14.233256">
        <ele>274.968813</ele>
        <time>2026-03-26T14:06:36.808Z</time>
      </trkpt>
      <trkpt lat="45.201477" lon="14.233310">
        <ele>282.009270</ele>
        <time>2026-03-26T14:07:43.025Z</time>
      </trkpt>
      <trkpt lat="45.202844" lon="14.233617">
        <ele>290.775670</ele>
        <time>2026-03-26T14:09:00.028Z</time>
      </trkpt>
      <trkpt lat="45.203322" lon="14.233557">
        <ele>293.307296</ele>
        <time>2026-03-26T14:09:27.165Z</time>
      </trkpt>
      <trkpt lat="45.203797" lon="14.233355">
        <ele>295.923328</ele>
        <time>2026-03-26T14:09:51.898Z</time>
      </trkpt>
      <trkpt lat="45.204014" lon="14.233390">
        <ele>297.075523</ele>
        <time>2026-03-26T14:10:02.354Z</time>
      </trkpt>
      <trkpt lat="45.204273" lon="14.233481">
        <ele>298.483175</ele>
        <time>2026-03-26T14:10:14.577Z</time>
      </trkpt>
      <trkpt lat="45.204530" lon="14.233512">
        <ele>299.810683</ele>
        <time>2026-03-26T14:10:25.250Z</time>
      </trkpt>
      <trkpt lat="45.204938" lon="14.233501">
        <ele>301.158237</ele>
        <time>2026-03-26T14:10:40.676Z</time>
      </trkpt>
      <trkpt lat="45.205229" lon="14.233425">
        <ele>302.135320</ele>
        <time>2026-03-26T14:10:51.047Z</time>
      </trkpt>
      <trkpt lat="45.205434" lon="14.233356">
        <ele>302.831053</ele>
        <time>2026-03-26T14:10:58.548Z</time>
      </trkpt>
      <trkpt lat="45.205692" lon="14.233389">
        <ele>303.686481</ele>
        <time>2026-03-26T14:11:07.744Z</time>
      </trkpt>
      <trkpt lat="45.205788" lon="14.233373">
        <ele>304.005674</ele>
        <time>2026-03-26T14:11:11.172Z</time>
      </trkpt>
      <trkpt lat="45.206006" lon="14.233141">
        <ele>304.905449</ele>
        <time>2026-03-26T14:11:21.291Z</time>
      </trkpt>
      <trkpt lat="45.206172" lon="14.233029">
        <ele>305.512403</ele>
        <time>2026-03-26T14:11:28.665Z</time>
      </trkpt>
      <trkpt lat="45.206338" lon="14.233036">
        <ele>306.218082</ele>
        <time>2026-03-26T14:11:35.577Z</time>
      </trkpt>
      <trkpt lat="45.206821" lon="14.233237">
        <ele>308.593998</ele>
        <time>2026-03-26T14:11:57.701Z</time>
      </trkpt>
      <trkpt lat="45.207086" lon="14.233216">
        <ele>309.846844</ele>
        <time>2026-03-26T14:12:09.073Z</time>
      </trkpt>
      <trkpt lat="45.207284" lon="14.233151">
        <ele>310.806150</ele>
        <time>2026-03-26T14:12:17.711Z</time>
      </trkpt>
      <trkpt lat="45.207382" lon="14.233090">
        <ele>311.311274</ele>
        <time>2026-03-26T14:12:22.535Z</time>
      </trkpt>
      <trkpt lat="45.207533" lon="14.232890">
        <ele>312.286189</ele>
        <time>2026-03-26T14:12:32.346Z</time>
      </trkpt>
      <trkpt lat="45.207794" lon="14.232638">
        <ele>313.776233</ele>
        <time>2026-03-26T14:12:48.867Z</time>
      </trkpt>
      <trkpt lat="45.207942" lon="14.232586">
        <ele>314.614935</ele>
        <time>2026-03-26T14:12:57.511Z</time>
      </trkpt>
      <trkpt lat="45.208028" lon="14.232618">
        <ele>315.195153</ele>
        <time>2026-03-26T14:13:02.524Z</time>
      </trkpt>
      <trkpt lat="45.208274" lon="14.232693">
        <ele>316.837215</ele>
        <time>2026-03-26T14:13:16.920Z</time>
      </trkpt>
      <trkpt lat="45.208835" lon="14.232739">
        <ele>320.504515</ele>
        <time>2026-03-26T14:13:48.291Z</time>
      </trkpt>
      <trkpt lat="45.208977" lon="14.232818">
        <ele>321.499878</ele>
        <time>2026-03-26T14:13:56.805Z</time>
      </trkpt>
      <trkpt lat="45.209161" lon="14.233084">
        <ele>323.213869</ele>
        <time>2026-03-26T14:14:12.240Z</time>
      </trkpt>
      <trkpt lat="45.209260" lon="14.233138">
        <ele>323.906026</ele>
        <time>2026-03-26T14:14:18.470Z</time>
      </trkpt>
      <trkpt lat="45.209332" lon="14.233114">
        <ele>324.388695</ele>
        <time>2026-03-26T14:14:22.682Z</time>
      </trkpt>
      <trkpt lat="45.209499" lon="14.232887">
        <ele>325.897717</ele>
        <time>2026-03-26T14:14:35.619Z</time>
      </trkpt>
      <trkpt lat="45.209578" lon="14.232823">
        <ele>326.567290</ele>
        <time>2026-03-26T14:14:40.524Z</time>
      </trkpt>
      <trkpt lat="45.209659" lon="14.232791">
        <ele>327.189342</ele>
        <time>2026-03-26T14:14:45.033Z</time>
      </trkpt>
      <trkpt lat="45.210058" lon="14.232798">
        <ele>330.141546</ele>
        <time>2026-03-26T14:15:06.813Z</time>
      </trkpt>
      <trkpt lat="45.210194" lon="14.232696">
        <ele>331.279556</ele>
        <time>2026-03-26T14:15:15.556Z</time>
      </trkpt>
      <trkpt lat="45.210012" lon="14.232431">
        <ele>333.208535</ele>
        <time>2026-03-26T14:15:30.776Z</time>
      </trkpt>
      <trkpt lat="45.209972" lon="14.232316">
        <ele>333.877021</ele>
        <time>2026-03-26T14:15:36.112Z</time>
      </trkpt>
      <trkpt lat="45.209945" lon="14.232109">
        <ele>334.974300</ele>
        <time>2026-03-26T14:15:45.173Z</time>
      </trkpt>
      <trkpt lat="45.209964" lon="14.231859">
        <ele>336.284930</ele>
        <time>2026-03-26T14:15:56.157Z</time>
      </trkpt>
      <trkpt lat="45.210164" lon="14.231030">
        <ele>341.775978</ele>
        <time>2026-03-26T14:16:37.271Z</time>
      </trkpt>
      <trkpt lat="45.210228" lon="14.230920">
        <ele>342.943075</ele>
        <time>2026-03-26T14:16:44.584Z</time>
      </trkpt>
      <trkpt lat="45.210343" lon="14.230844">
        <ele>344.416113</ele>
        <time>2026-03-26T14:16:54.172Z</time>
      </trkpt>
      <trkpt lat="45.210516" lon="14.230785">
        <ele>346.482182</ele>
        <time>2026-03-26T14:17:08.286Z</time>
      </trkpt>
      <trkpt lat="45.210622" lon="14.230696">
        <ele>347.912284</ele>
        <time>2026-03-26T14:17:18.424Z</time>
      </trkpt>
      <trkpt lat="45.210722" lon="14.230511">
        <ele>349.819880</ele>
        <time>2026-03-26T14:17:32.365Z</time>
      </trkpt>
      <trkpt lat="45.210871" lon="14.229920">
        <ele>354.954967</ele>
        <time>2026-03-26T14:18:11.355Z</time>
      </trkpt>
      <trkpt lat="45.210891" lon="14.229838">
        <ele>355.664852</ele>
        <time>2026-03-26T14:18:16.909Z</time>
      </trkpt>
      <trkpt lat="45.211030" lon="14.229620">
        <ele>358.070216</ele>
        <time>2026-03-26T14:18:35.926Z</time>
      </trkpt>
      <trkpt lat="45.211050" lon="14.229214">
        <ele>361.707669</ele>
        <time>2026-03-26T14:19:03.582Z</time>
      </trkpt>
      <trkpt lat="45.211022" lon="14.228807">
        <ele>365.855900</ele>
        <time>2026-03-26T14:19:32.601Z</time>
      </trkpt>
      <trkpt lat="45.210871" lon="14.228110">
        <ele>373.253005</ele>
        <time>2026-03-26T14:20:27.497Z</time>
      </trkpt>
      <trkpt lat="45.210904" lon="14.227974">
        <ele>374.712124</ele>
        <time>2026-03-26T14:20:38.752Z</time>
      </trkpt>
      <trkpt lat="45.211040" lon="14.227778">
        <ele>377.502776</ele>
        <time>2026-03-26T14:20:59.897Z</time>
      </trkpt>
      <trkpt lat="45.211720" lon="14.227077">
        <ele>388.803205</ele>
        <time>2026-03-26T14:22:19.527Z</time>
      </trkpt>
      <trkpt lat="45.211864" lon="14.226833">
        <ele>391.311829</ele>
        <time>2026-03-26T14:22:37.023Z</time>
      </trkpt>
      <trkpt lat="45.211952" lon="14.226804">
        <ele>392.322484</ele>
        <time>2026-03-26T14:22:43.636Z</time>
      </trkpt>
      <trkpt lat="45.212037" lon="14.226815">
        <ele>393.277339</ele>
        <time>2026-03-26T14:22:49.844Z</time>
      </trkpt>
      <trkpt lat="45.212700" lon="14.227192">
        <ele>401.267427</ele>
        <time>2026-03-26T14:23:41.088Z</time>
      </trkpt>
      <trkpt lat="45.212838" lon="14.227159">
        <ele>402.833012</ele>
        <time>2026-03-26T14:23:51.471Z</time>
      </trkpt>
      <trkpt lat="45.212945" lon="14.226988">
        <ele>404.635534</ele>
        <time>2026-03-26T14:24:04.045Z</time>
      </trkpt>
      <trkpt lat="45.213019" lon="14.226779">
        <ele>406.555858</ele>
        <time>2026-03-26T14:24:17.688Z</time>
      </trkpt>
      <trkpt lat="45.213028" lon="14.226433">
        <ele>409.896860</ele>
        <time>2026-03-26T14:24:39.768Z</time>
      </trkpt>
      <trkpt lat="45.212962" lon="14.226099">
        <ele>413.244185</ele>
        <time>2026-03-26T14:25:04.177Z</time>
      </trkpt>
      <trkpt lat="45.212697" lon="14.225673">
        <ele>418.728119</ele>
        <time>2026-03-26T14:25:48.707Z</time>
      </trkpt>
      <trkpt lat="45.212621" lon="14.225437">
        <ele>421.232072</ele>
        <time>2026-03-26T14:26:10.209Z</time>
      </trkpt>
      <trkpt lat="45.212646" lon="14.225015">
        <ele>425.318562</ele>
        <time>2026-03-26T14:26:43.963Z</time>
      </trkpt>
      <trkpt lat="45.212579" lon="14.224554">
        <ele>429.860693</ele>
        <time>2026-03-26T14:27:14.283Z</time>
      </trkpt>
      <trkpt lat="45.212584" lon="14.224260">
        <ele>431.626994</ele>
        <time>2026-03-26T14:27:29.109Z</time>
      </trkpt>
      <trkpt lat="45.212646" lon="14.224005">
        <ele>432.781172</ele>
        <time>2026-03-26T14:27:41.020Z</time>
      </trkpt>
      <trkpt lat="45.212761" lon="14.223750">
        <ele>434.076606</ele>
        <time>2026-03-26T14:27:52.539Z</time>
      </trkpt>
      <trkpt lat="45.212852" lon="14.223760">
        <ele>434.630934</ele>
        <time>2026-03-26T14:27:56.938Z</time>
      </trkpt>
      <trkpt lat="45.213225" lon="14.224337">
        <ele>437.981503</ele>
        <time>2026-03-26T14:28:20.527Z</time>
      </trkpt>
      <trkpt lat="45.213588" lon="14.224634">
        <ele>440.526118</ele>
        <time>2026-03-26T14:28:35.630Z</time>
      </trkpt>
      <trkpt lat="45.213832" lon="14.224699">
        <ele>442.252299</ele>
        <time>2026-03-26T14:28:45.048Z</time>
      </trkpt>
      <trkpt lat="45.213980" lon="14.224687">
        <ele>443.736720</ele>
        <time>2026-03-26T14:28:52.177Z</time>
      </trkpt>
      <trkpt lat="45.214080" lon="14.224607">
        <ele>444.886148</ele>
        <time>2026-03-26T14:28:58.433Z</time>
      </trkpt>
      <trkpt lat="45.214222" lon="14.224392">
        <ele>446.965105</ele>
        <time>2026-03-26T14:29:11.734Z</time>
      </trkpt>
      <trkpt lat="45.214320" lon="14.224341">
        <ele>448.010300</ele>
        <time>2026-03-26T14:29:19.297Z</time>
      </trkpt>
      <trkpt lat="45.214400" lon="14.224386">
        <ele>448.871985</ele>
        <time>2026-03-26T14:29:25.839Z</time>
      </trkpt>
      <trkpt lat="45.214499" lon="14.224628">
        <ele>450.846048</ele>
        <time>2026-03-26T14:29:41.896Z</time>
      </trkpt>
      <trkpt lat="45.214574" lon="14.224709">
        <ele>451.789712</ele>
        <time>2026-03-26T14:29:50.116Z</time>
      </trkpt>
      <trkpt lat="45.214736" lon="14.224772">
        <ele>453.471680</ele>
        <time>2026-03-26T14:30:04.891Z</time>
      </trkpt>
      <trkpt lat="45.214884" lon="14.224754">
        <ele>454.959115</ele>
        <time>2026-03-26T14:30:18.342Z</time>
      </trkpt>
      <trkpt lat="45.214952" lon="14.224696">
        <ele>455.753499</ele>
        <time>2026-03-26T14:30:25.473Z</time>
      </trkpt>
      <trkpt lat="45.214982" lon="14.224528">
        <ele>456.976060</ele>
        <time>2026-03-26T14:30:36.692Z</time>
      </trkpt>
      <trkpt lat="45.214847" lon="14.224178">
        <ele>459.817410</ele>
        <time>2026-03-26T14:31:02.763Z</time>
      </trkpt>
      <trkpt lat="45.214888" lon="14.223924">
        <ele>462.245397</ele>
        <time>2026-03-26T14:31:19.785Z</time>
      </trkpt>
      <trkpt lat="45.215311" lon="14.223232">
        <ele>470.782114</ele>
        <time>2026-03-26T14:32:19.388Z</time>
      </trkpt>
      <trkpt lat="45.215547" lon="14.222741">
        <ele>476.320440</ele>
        <time>2026-03-26T14:32:59.070Z</time>
      </trkpt>
      <trkpt lat="45.215625" lon="14.222496">
        <ele>478.825511</ele>
        <time>2026-03-26T14:33:17.044Z</time>
      </trkpt>
      <trkpt lat="45.215774" lon="14.221914">
        <ele>484.402410</ele>
        <time>2026-03-26T14:33:58.310Z</time>
      </trkpt>
      <trkpt lat="45.215795" lon="14.221425">
        <ele>488.164785</ele>
        <time>2026-03-26T14:34:28.615Z</time>
      </trkpt>
      <trkpt lat="45.215811" lon="14.220952">
        <ele>491.801496</ele>
        <time>2026-03-26T14:34:56.979Z</time>
      </trkpt>
      <trkpt lat="45.215771" lon="14.220803">
        <ele>493.026057</ele>
        <time>2026-03-26T14:35:06.199Z</time>
      </trkpt>
      <trkpt lat="45.215657" lon="14.220704">
        <ele>494.482992</ele>
        <time>2026-03-26T14:35:16.901Z</time>
      </trkpt>
      <trkpt lat="45.215565" lon="14.220548">
        <ele>496.045453</ele>
        <time>2026-03-26T14:35:28.184Z</time>
      </trkpt>
      <trkpt lat="45.215502" lon="14.220381">
        <ele>497.500306</ele>
        <time>2026-03-26T14:35:38.478Z</time>
      </trkpt>
      <trkpt lat="45.215396" lon="14.220286">
        <ele>498.866951</ele>
        <time>2026-03-26T14:35:47.958Z</time>
      </trkpt>
      <trkpt lat="45.215074" lon="14.220578">
        <ele>503.032522</ele>
        <time>2026-03-26T14:36:16.880Z</time>
      </trkpt>
      <trkpt lat="45.214936" lon="14.220565">
        <ele>504.373761</ele>
        <time>2026-03-26T14:36:27.191Z</time>
      </trkpt>
      <trkpt lat="45.214651" lon="14.220225">
        <ele>507.960813</ele>
        <time>2026-03-26T14:36:54.521Z</time>
      </trkpt>
      <trkpt lat="45.214571" lon="14.219977">
        <ele>509.812253</ele>
        <time>2026-03-26T14:37:08.756Z</time>
      </trkpt>
      <trkpt lat="45.214553" lon="14.219785">
        <ele>511.126979</ele>
        <time>2026-03-26T14:37:19.345Z</time>
      </trkpt>
      <trkpt lat="45.214492" lon="14.219596">
        <ele>512.538087</ele>
        <time>2026-03-26T14:37:30.778Z</time>
      </trkpt>
      <trkpt lat="45.214403" lon="14.219496">
        <ele>513.631759</ele>
        <time>2026-03-26T14:37:39.632Z</time>
      </trkpt>
      <trkpt lat="45.214033" lon="14.219264">
        <ele>517.529161</ele>
        <time>2026-03-26T14:38:11.450Z</time>
      </trkpt>
      <trkpt lat="45.213635" lon="14.219153">
        <ele>521.280823</ele>
        <time>2026-03-26T14:38:43.059Z</time>
      </trkpt>
      <trkpt lat="45.213377" lon="14.218950">
        <ele>523.678142</ele>
        <time>2026-03-26T14:39:04.436Z</time>
      </trkpt>
      <trkpt lat="45.213023" lon="14.218977">
        <ele>526.559241</ele>
        <time>2026-03-26T14:39:29.176Z</time>
      </trkpt>
      <trkpt lat="45.212803" lon="14.219106">
        <ele>528.493712</ele>
        <time>2026-03-26T14:39:45.356Z</time>
      </trkpt>
      <trkpt lat="45.212564" lon="14.219039">
        <ele>530.473575</ele>
        <time>2026-03-26T14:40:01.357Z</time>
      </trkpt>
      <trkpt lat="45.212518" lon="14.219026">
        <ele>530.854753</ele>
        <time>2026-03-26T14:40:04.350Z</time>
      </trkpt>
      <trkpt lat="45.212381" lon="14.218927">
        <ele>532.104119</ele>
        <time>2026-03-26T14:40:14.174Z</time>
      </trkpt>
      <trkpt lat="45.212242" lon="14.218902">
        <ele>533.242801</ele>
        <time>2026-03-26T14:40:23.042Z</time>
      </trkpt>
      <trkpt lat="45.212029" lon="14.219053">
        <ele>535.153814</ele>
        <time>2026-03-26T14:40:37.402Z</time>
      </trkpt>
      <trkpt lat="45.211844" lon="14.219132">
        <ele>536.418064</ele>
        <time>2026-03-26T14:40:48.543Z</time>
      </trkpt>
      <trkpt lat="45.211647" lon="14.219026">
        <ele>537.796759</ele>
        <time>2026-03-26T14:41:01.044Z</time>
      </trkpt>
      <trkpt lat="45.211283" lon="14.219055">
        <ele>540.182550</ele>
        <time>2026-03-26T14:41:23.550Z</time>
      </trkpt>
      <trkpt lat="45.211017" lon="14.219280">
        <ele>542.208909</ele>
        <time>2026-03-26T14:41:41.556Z</time>
      </trkpt>
      <trkpt lat="45.210807" lon="14.219303">
        <ele>543.587249</ele>
        <time>2026-03-26T14:41:52.945Z</time>
      </trkpt>
      <trkpt lat="45.210471" lon="14.219197">
        <ele>545.839709</ele>
        <time>2026-03-26T14:42:12.056Z</time>
      </trkpt>
      <trkpt lat="45.210371" lon="14.219221">
        <ele>546.503404</ele>
        <time>2026-03-26T14:42:17.690Z</time>
      </trkpt>
      <trkpt lat="45.209952" lon="14.219471">
        <ele>550.113511</ele>
        <time>2026-03-26T14:42:45.420Z</time>
      </trkpt>
      <trkpt lat="45.209793" lon="14.219496">
        <ele>551.411308</ele>
        <time>2026-03-26T14:42:56.180Z</time>
      </trkpt>
      <trkpt lat="45.208352" lon="14.219511">
        <ele>562.998697</ele>
        <time>2026-03-26T14:44:39.696Z</time>
      </trkpt>
      <trkpt lat="45.207551" lon="14.219362">
        <ele>569.150961</ele>
        <time>2026-03-26T14:45:35.958Z</time>
      </trkpt>
      <trkpt lat="45.207158" lon="14.219123">
        <ele>572.407048</ele>
        <time>2026-03-26T14:46:01.862Z</time>
      </trkpt>
      <trkpt lat="45.206979" lon="14.218972">
        <ele>573.992834</ele>
        <time>2026-03-26T14:46:13.743Z</time>
      </trkpt>
      <trkpt lat="45.206974" lon="14.218726">
        <ele>575.316758</ele>
        <time>2026-03-26T14:46:23.501Z</time>
      </trkpt>
      <trkpt lat="45.207407" lon="14.217756">
        <ele>581.585099</ele>
        <time>2026-03-26T14:47:09.297Z</time>
      </trkpt>
      <trkpt lat="45.207402" lon="14.217626">
        <ele>582.295793</ele>
        <time>2026-03-26T14:47:14.797Z</time>
      </trkpt>
      <trkpt lat="45.207346" lon="14.217472">
        <ele>583.241807</ele>
        <time>2026-03-26T14:47:22.329Z</time>
      </trkpt>
      <trkpt lat="45.207322" lon="14.217278">
        <ele>584.317006</ele>
        <time>2026-03-26T14:47:31.373Z</time>
      </trkpt>
      <trkpt lat="45.207386" lon="14.217208">
        <ele>584.943021</ele>
        <time>2026-03-26T14:47:36.835Z</time>
      </trkpt>
      <trkpt lat="45.207551" lon="14.217130">
        <ele>586.290470</ele>
        <time>2026-03-26T14:47:48.884Z</time>
      </trkpt>
      <trkpt lat="45.207840" lon="14.217073">
        <ele>588.551136</ele>
        <time>2026-03-26T14:48:10.404Z</time>
      </trkpt>
      <trkpt lat="45.207963" lon="14.216955">
        <ele>590.154291</ele>
        <time>2026-03-26T14:48:22.296Z</time>
      </trkpt>
      <trkpt lat="45.207989" lon="14.216773">
        <ele>591.873494</ele>
        <time>2026-03-26T14:48:33.665Z</time>
      </trkpt>
      <trkpt lat="45.207968" lon="14.216105">
        <ele>598.063836</ele>
        <time>2026-03-26T14:49:19.577Z</time>
      </trkpt>
      <trkpt lat="45.207950" lon="14.215989">
        <ele>599.163476</ele>
        <time>2026-03-26T14:49:28.205Z</time>
      </trkpt>
      <trkpt lat="45.207907" lon="14.215896">
        <ele>600.193299</ele>
        <time>2026-03-26T14:49:36.369Z</time>
      </trkpt>
      <trkpt lat="45.207947" lon="14.215777">
        <ele>601.413936</ele>
        <time>2026-03-26T14:49:45.855Z</time>
      </trkpt>
      <trkpt lat="45.208161" lon="14.215669">
        <ele>604.398411</ele>
        <time>2026-03-26T14:50:09.270Z</time>
      </trkpt>
      <trkpt lat="45.208572" lon="14.215384">
        <ele>610.409094</ele>
        <time>2026-03-26T14:50:55.350Z</time>
      </trkpt>
      <trkpt lat="45.208839" lon="14.215339">
        <ele>613.926364</ele>
        <time>2026-03-26T14:51:21.997Z</time>
      </trkpt>
      <trkpt lat="45.209140" lon="14.215428">
        <ele>617.915627</ele>
        <time>2026-03-26T14:51:52.182Z</time>
      </trkpt>
      <trkpt lat="45.209668" lon="14.215683">
        <ele>625.152035</ele>
        <time>2026-03-26T14:52:42.331Z</time>
      </trkpt>
      <trkpt lat="45.209970" lon="14.215753">
        <ele>629.122335</ele>
        <time>2026-03-26T14:53:07.869Z</time>
      </trkpt>
      <trkpt lat="45.210735" lon="14.215808">
        <ele>639.311867</ele>
        <time>2026-03-26T14:54:20.230Z</time>
      </trkpt>
      <trkpt lat="45.211820" lon="14.215463">
        <ele>654.930489</ele>
        <time>2026-03-26T14:56:20.264Z</time>
      </trkpt>
      <trkpt lat="45.213479" lon="14.214876">
        <ele>672.588452</ele>
        <time>2026-03-26T14:58:52.526Z</time>
      </trkpt>
      <trkpt lat="45.214938" lon="14.214881">
        <ele>679.421386</ele>
        <time>2026-03-26T14:59:42.283Z</time>
      </trkpt>
      <trkpt lat="45.215614" lon="14.214995">
        <ele>680.879915</ele>
        <time>2026-03-26T15:00:00.345Z</time>
      </trkpt>
      <trkpt lat="45.216518" lon="14.214918">
        <ele>683.991877</ele>
        <time>2026-03-26T15:00:38.787Z</time>
      </trkpt>
      <trkpt lat="45.216743" lon="14.214828">
        <ele>684.881046</ele>
        <time>2026-03-26T15:00:51.258Z</time>
      </trkpt>
      <trkpt lat="45.217041" lon="14.214705">
        <ele>686.061503</ele>
        <time>2026-03-26T15:01:07.464Z</time>
      </trkpt>
      <trkpt lat="45.217413" lon="14.214460">
        <ele>687.621360</ele>
        <time>2026-03-26T15:01:26.556Z</time>
      </trkpt>
      <trkpt lat="45.217782" lon="14.214324">
        <ele>688.151924</ele>
        <time>2026-03-26T15:01:41.905Z</time>
      </trkpt>
      <trkpt lat="45.218094" lon="14.214160">
        <ele>688.153559</ele>
        <time>2026-03-26T15:01:52.350Z</time>
      </trkpt>
      <trkpt lat="45.218657" lon="14.213746">
        <ele>688.156674</ele>
        <time>2026-03-26T15:02:06.276Z</time>
      </trkpt>
      <trkpt lat="45.218959" lon="14.213600">
        <ele>688.158242</ele>
        <time>2026-03-26T15:02:12.256Z</time>
      </trkpt>
      <trkpt lat="45.219205" lon="14.213255">
        <ele>687.917817</ele>
        <time>2026-03-26T15:02:18.415Z</time>
      </trkpt>
      <trkpt lat="45.219576" lon="14.212991">
        <ele>686.579913</ele>
        <time>2026-03-26T15:02:25.565Z</time>
      </trkpt>
      <trkpt lat="45.219965" lon="14.212824">
        <ele>685.269733</ele>
        <time>2026-03-26T15:02:32.505Z</time>
      </trkpt>
      <trkpt lat="45.220234" lon="14.212561">
        <ele>684.216750</ele>
        <time>2026-03-26T15:02:38.020Z</time>
      </trkpt>
      <trkpt lat="45.220538" lon="14.212373">
        <ele>683.147739</ele>
        <time>2026-03-26T15:02:43.677Z</time>
      </trkpt>
      <trkpt lat="45.220796" lon="14.212371">
        <ele>682.311551</ele>
        <time>2026-03-26T15:02:48.081Z</time>
      </trkpt>
      <trkpt lat="45.221296" lon="14.212101">
        <ele>680.417785</ele>
        <time>2026-03-26T15:02:57.238Z</time>
      </trkpt>
      <trkpt lat="45.221575" lon="14.212010">
        <ele>679.404367</ele>
        <time>2026-03-26T15:03:02.134Z</time>
      </trkpt>
      <trkpt lat="45.222898" lon="14.212102">
        <ele>675.563889</ele>
        <time>2026-03-26T15:03:24.380Z</time>
      </trkpt>
      <trkpt lat="45.223513" lon="14.211866">
        <ele>674.805849</ele>
        <time>2026-03-26T15:03:35.581Z</time>
      </trkpt>
      <trkpt lat="45.223853" lon="14.211808">
        <ele>674.398378</ele>
        <time>2026-03-26T15:03:42.911Z</time>
      </trkpt>
      <trkpt lat="45.224351" lon="14.211671">
        <ele>674.037858</ele>
        <time>2026-03-26T15:03:59.605Z</time>
      </trkpt>
      <trkpt lat="45.224517" lon="14.211566">
        <ele>674.718638</ele>
        <time>2026-03-26T15:04:06.661Z</time>
      </trkpt>
      <trkpt lat="45.224746" lon="14.211477">
        <ele>675.608061</ele>
        <time>2026-03-26T15:04:16.517Z</time>
      </trkpt>
      <trkpt lat="45.224926" lon="14.211308">
        <ele>676.416465</ele>
        <time>2026-03-26T15:04:26.337Z</time>
      </trkpt>
      <trkpt lat="45.225914" lon="14.210865">
        <ele>680.297818</ele>
        <time>2026-03-26T15:05:16.500Z</time>
      </trkpt>
      <trkpt lat="45.226295" lon="14.210754">
        <ele>681.571451</ele>
        <time>2026-03-26T15:05:32.427Z</time>
      </trkpt>
      <trkpt lat="45.226323" lon="14.210749">
        <ele>681.660506</ele>
        <time>2026-03-26T15:05:33.566Z</time>
      </trkpt>
      <trkpt lat="45.226819" lon="14.210661">
        <ele>683.237905</ele>
        <time>2026-03-26T15:05:53.700Z</time>
      </trkpt>
      <trkpt lat="45.227082" lon="14.210660">
        <ele>684.067856</ele>
        <time>2026-03-26T15:06:04.199Z</time>
      </trkpt>
      <trkpt lat="45.227330" lon="14.210523">
        <ele>684.907616</ele>
        <time>2026-03-26T15:06:14.785Z</time>
      </trkpt>
      <trkpt lat="45.228223" lon="14.210233">
        <ele>687.847024</ele>
        <time>2026-03-26T15:06:48.585Z</time>
      </trkpt>
      <trkpt lat="45.229096" lon="14.210265">
        <ele>690.690344</ele>
        <time>2026-03-26T15:07:17.312Z</time>
      </trkpt>
      <trkpt lat="45.229479" lon="14.210347">
        <ele>691.951438</ele>
        <time>2026-03-26T15:07:34.298Z</time>
      </trkpt>
      <trkpt lat="45.229611" lon="14.210435">
        <ele>693.263084</ele>
        <time>2026-03-26T15:07:42.280Z</time>
      </trkpt>
      <trkpt lat="45.229861" lon="14.210204">
        <ele>696.918463</ele>
        <time>2026-03-26T15:08:02.356Z</time>
      </trkpt>
      <trkpt lat="45.230224" lon="14.209949">
        <ele>701.881734</ele>
        <time>2026-03-26T15:08:36.568Z</time>
      </trkpt>
      <trkpt lat="45.230613" lon="14.209748">
        <ele>706.954824</ele>
        <time>2026-03-26T15:09:18.713Z</time>
      </trkpt>
      <trkpt lat="45.231015" lon="14.209365">
        <ele>712.887609</ele>
        <time>2026-03-26T15:10:14.756Z</time>
      </trkpt>
      <trkpt lat="45.231880" lon="14.208932">
        <ele>726.688686</ele>
        <time>2026-03-26T15:11:58.481Z</time>
      </trkpt>
      <trkpt lat="45.232535" lon="14.208692">
        <ele>737.109962</ele>
        <time>2026-03-26T15:13:08.170Z</time>
      </trkpt>
      <trkpt lat="45.233478" lon="14.208463">
        <ele>751.488900</ele>
        <time>2026-03-26T15:14:48.309Z</time>
      </trkpt>
      <trkpt lat="45.234210" lon="14.208243">
        <ele>762.600113</ele>
        <time>2026-03-26T15:16:07.882Z</time>
      </trkpt>
      <trkpt lat="45.235708" lon="14.208326">
        <ele>785.651425</ele>
        <time>2026-03-26T15:18:43.625Z</time>
      </trkpt>
      <trkpt lat="45.236517" lon="14.208292">
        <ele>798.523897</ele>
        <time>2026-03-26T15:20:15.796Z</time>
      </trkpt>
      <trkpt lat="45.237591" lon="14.208005">
        <ele>818.312736</ele>
        <time>2026-03-26T15:22:31.361Z</time>
      </trkpt>
      <trkpt lat="45.238180" lon="14.207766">
        <ele>829.376856</ele>
        <time>2026-03-26T15:23:49.378Z</time>
      </trkpt>
      <trkpt lat="45.238473" lon="14.207495">
        <ele>834.984437</ele>
        <time>2026-03-26T15:24:33.173Z</time>
      </trkpt>
      <trkpt lat="45.238703" lon="14.207161">
        <ele>840.259977</ele>
        <time>2026-03-26T15:25:13.839Z</time>
      </trkpt>
      <trkpt lat="45.238957" lon="14.206753">
        <ele>846.409831</ele>
        <time>2026-03-26T15:25:59.606Z</time>
      </trkpt>
      <trkpt lat="45.239113" lon="14.206240">
        <ele>852.720035</ele>
        <time>2026-03-26T15:26:43.460Z</time>
      </trkpt>
      <trkpt lat="45.239097" lon="14.206070">
        <ele>854.656837</ele>
        <time>2026-03-26T15:26:56.008Z</time>
      </trkpt>
      <trkpt lat="45.238990" lon="14.205709">
        <ele>858.342265</ele>
        <time>2026-03-26T15:27:21.278Z</time>
      </trkpt>
      <trkpt lat="45.239000" lon="14.205538">
        <ele>858.950849</ele>
        <time>2026-03-26T15:27:30.926Z</time>
      </trkpt>
      <trkpt lat="45.239314" lon="14.204741">
        <ele>862.189984</ele>
        <time>2026-03-26T15:28:11.418Z</time>
      </trkpt>
      <trkpt lat="45.239804" lon="14.205010">
        <ele>864.836062</ele>
        <time>2026-03-26T15:28:32.250Z</time>
      </trkpt>
      <trkpt lat="45.240120" lon="14.205022">
        <ele>866.428299</ele>
        <time>2026-03-26T15:28:40.308Z</time>
      </trkpt>
      <trkpt lat="45.240236" lon="14.204980">
        <ele>867.031272</ele>
        <time>2026-03-26T15:28:42.884Z</time>
      </trkpt>
      <trkpt lat="45.240273" lon="14.204885">
        <ele>867.006876</ele>
        <time>2026-03-26T15:28:44.458Z</time>
      </trkpt>
      <trkpt lat="45.240253" lon="14.204705">
        <ele>866.901770</ele>
        <time>2026-03-26T15:28:46.978Z</time>
      </trkpt>
      <trkpt lat="45.240164" lon="14.204541">
        <ele>866.782343</ele>
        <time>2026-03-26T15:28:49.803Z</time>
      </trkpt>
      <trkpt lat="45.239394" lon="14.203758">
        <ele>866.006586</ele>
        <time>2026-03-26T15:29:09.545Z</time>
      </trkpt>
      <trkpt lat="45.239192" lon="14.203472">
        <ele>865.772936</ele>
        <time>2026-03-26T15:29:16.136Z</time>
      </trkpt>
      <trkpt lat="45.239068" lon="14.203383">
        <ele>865.659127</ele>
        <time>2026-03-26T15:29:19.445Z</time>
      </trkpt>
      <trkpt lat="45.238890" lon="14.203357">
        <ele>865.217091</ele>
        <time>2026-03-26T15:29:23.573Z</time>
      </trkpt>
      <trkpt lat="45.238493" lon="14.203192">
        <ele>863.598909</ele>
        <time>2026-03-26T15:29:32.066Z</time>
      </trkpt>
      <trkpt lat="45.238236" lon="14.203187">
        <ele>862.593446</ele>
        <time>2026-03-26T15:29:36.843Z</time>
      </trkpt>
      <trkpt lat="45.238162" lon="14.203104">
        <ele>862.224564</ele>
        <time>2026-03-26T15:29:38.502Z</time>
      </trkpt>
      <trkpt lat="45.238128" lon="14.202950">
        <ele>861.779987</ele>
        <time>2026-03-26T15:29:40.488Z</time>
      </trkpt>
      <trkpt lat="45.238159" lon="14.202795">
        <ele>861.336130</ele>
        <time>2026-03-26T15:29:42.423Z</time>
      </trkpt>
      <trkpt lat="45.238454" lon="14.202011">
        <ele>858.887505</ele>
        <time>2026-03-26T15:29:52.415Z</time>
      </trkpt>
      <trkpt lat="45.238561" lon="14.201804">
        <ele>858.152168</ele>
        <time>2026-03-26T15:29:55.197Z</time>
      </trkpt>
      <trkpt lat="45.239039" lon="14.201285">
        <ele>855.622430</ele>
        <time>2026-03-26T15:30:04.770Z</time>
      </trkpt>
      <trkpt lat="45.239158" lon="14.201114">
        <ele>854.910676</ele>
        <time>2026-03-26T15:30:07.749Z</time>
      </trkpt>
      <trkpt lat="45.239154" lon="14.201010">
        <ele>854.602328</ele>
        <time>2026-03-26T15:30:09.088Z</time>
      </trkpt>
      <trkpt lat="45.239104" lon="14.200921">
        <ele>854.265262</ele>
        <time>2026-03-26T15:30:10.534Z</time>
      </trkpt>
      <trkpt lat="45.238727" lon="14.200808">
        <ele>852.645314</ele>
        <time>2026-03-26T15:30:17.994Z</time>
      </trkpt>
      <trkpt lat="45.238398" lon="14.200876">
        <ele>851.247519</ele>
        <time>2026-03-26T15:30:24.560Z</time>
      </trkpt>
      <trkpt lat="45.238276" lon="14.200768">
        <ele>850.488756</ele>
        <time>2026-03-26T15:30:27.321Z</time>
      </trkpt>
      <trkpt lat="45.238175" lon="14.200534">
        <ele>849.317329</ele>
        <time>2026-03-26T15:30:30.974Z</time>
      </trkpt>
      <trkpt lat="45.238173" lon="14.200327">
        <ele>848.433749</ele>
        <time>2026-03-26T15:30:33.658Z</time>
      </trkpt>
      <trkpt lat="45.238200" lon="14.200131">
        <ele>847.581345</ele>
        <time>2026-03-26T15:30:36.124Z</time>
      </trkpt>
      <trkpt lat="45.238273" lon="14.199913">
        <ele>846.551049</ele>
        <time>2026-03-26T15:30:39.010Z</time>
      </trkpt>
      <trkpt lat="45.238586" lon="14.199578">
        <ele>844.175422</ele>
        <time>2026-03-26T15:30:45.223Z</time>
      </trkpt>
      <trkpt lat="45.238925" lon="14.199355">
        <ele>841.910927</ele>
        <time>2026-03-26T15:30:50.853Z</time>
      </trkpt>
      <trkpt lat="45.239131" lon="14.199261">
        <ele>840.599438</ele>
        <time>2026-03-26T15:30:54.098Z</time>
      </trkpt>
      <trkpt lat="45.239747" lon="14.199231">
        <ele>835.910657</ele>
        <time>2026-03-26T15:31:03.505Z</time>
      </trkpt>
      <trkpt lat="45.239836" lon="14.199172">
        <ele>835.139542</ele>
        <time>2026-03-26T15:31:05.027Z</time>
      </trkpt>
      <trkpt lat="45.239934" lon="14.199005">
        <ele>833.937758</ele>
        <time>2026-03-26T15:31:07.421Z</time>
      </trkpt>
      <trkpt lat="45.240144" lon="14.198755">
        <ele>831.786412</ele>
        <time>2026-03-26T15:31:11.727Z</time>
      </trkpt>
      <trkpt lat="45.240293" lon="14.198384">
        <ele>829.425307</ele>
        <time>2026-03-26T15:31:16.462Z</time>
      </trkpt>
      <trkpt lat="45.240467" lon="14.198062">
        <ele>827.181475</ele>
        <time>2026-03-26T15:31:20.957Z</time>
      </trkpt>
      <trkpt lat="45.240702" lon="14.197867">
        <ele>825.077673</ele>
        <time>2026-03-26T15:31:25.210Z</time>
      </trkpt>
      <trkpt lat="45.240992" lon="14.197728">
        <ele>822.760523</ele>
        <time>2026-03-26T15:31:29.905Z</time>
      </trkpt>
      <trkpt lat="45.241266" lon="14.197537">
        <ele>820.449767</ele>
        <time>2026-03-26T15:31:34.558Z</time>
      </trkpt>
      <trkpt lat="45.242005" lon="14.197465">
        <ele>814.841918</ele>
        <time>2026-03-26T15:31:45.933Z</time>
      </trkpt>
      <trkpt lat="45.242696" lon="14.197295">
        <ele>811.289344</ele>
        <time>2026-03-26T15:31:57.166Z</time>
      </trkpt>
      <trkpt lat="45.243713" lon="14.197246">
        <ele>808.384752</ele>
        <time>2026-03-26T15:32:16.182Z</time>
      </trkpt>
      <trkpt lat="45.244332" lon="14.197138">
        <ele>807.360437</ele>
        <time>2026-03-26T15:32:40.226Z</time>
      </trkpt>
      <trkpt lat="45.244628" lon="14.197035">
        <ele>807.561610</ele>
        <time>2026-03-26T15:32:52.984Z</time>
      </trkpt>
      <trkpt lat="45.245963" lon="14.196897">
        <ele>808.528084</ele>
        <time>2026-03-26T15:33:49.762Z</time>
      </trkpt>
      <trkpt lat="45.246153" lon="14.196834">
        <ele>808.927757</ele>
        <time>2026-03-26T15:33:58.476Z</time>
      </trkpt>
      <trkpt lat="45.246756" lon="14.196516">
        <ele>810.245373</ele>
        <time>2026-03-26T15:34:30.260Z</time>
      </trkpt>
      <trkpt lat="45.247758" lon="14.196178">
        <ele>812.322635</ele>
        <time>2026-03-26T15:35:24.517Z</time>
      </trkpt>
      <trkpt lat="45.248343" lon="14.195902">
        <ele>813.430923</ele>
        <time>2026-03-26T15:35:53.986Z</time>
      </trkpt>
      <trkpt lat="45.248868" lon="14.195776">
        <ele>814.388210</ele>
        <time>2026-03-26T15:36:17.562Z</time>
      </trkpt>
      <trkpt lat="45.249194" lon="14.195790">
        <ele>814.974599</ele>
        <time>2026-03-26T15:36:31.890Z</time>
      </trkpt>
      <trkpt lat="45.250168" lon="14.195669">
        <ele>817.919438</ele>
        <time>2026-03-26T15:37:21.967Z</time>
      </trkpt>
      <trkpt lat="45.251492" lon="14.195677">
        <ele>822.220545</ele>
        <time>2026-03-26T15:38:43.294Z</time>
      </trkpt>
      <trkpt lat="45.252608" lon="14.195601">
        <ele>825.612613</ele>
        <time>2026-03-26T15:39:46.411Z</time>
      </trkpt>
      <trkpt lat="45.252909" lon="14.195547">
        <ele>826.533709</ele>
        <time>2026-03-26T15:40:00.855Z</time>
      </trkpt>
      <trkpt lat="45.253122" lon="14.195405">
        <ele>826.569991</ele>
        <time>2026-03-26T15:40:11.234Z</time>
      </trkpt>
      <trkpt lat="45.253283" lon="14.195225">
        <ele>826.355360</ele>
        <time>2026-03-26T15:40:19.766Z</time>
      </trkpt>
      <trkpt lat="45.253747" lon="14.194997">
        <ele>825.841028</ele>
        <time>2026-03-26T15:40:37.838Z</time>
      </trkpt>
      <trkpt lat="45.254317" lon="14.194828">
        <ele>825.231045</ele>
        <time>2026-03-26T15:40:56.951Z</time>
      </trkpt>
      <trkpt lat="45.254436" lon="14.194661">
        <ele>825.055810</ele>
        <time>2026-03-26T15:41:02.173Z</time>
      </trkpt>
      <trkpt lat="45.254684" lon="14.193965">
        <ele>824.275086</ele>
        <time>2026-03-26T15:41:19.055Z</time>
      </trkpt>
      <trkpt lat="45.254780" lon="14.193849">
        <ele>824.071521</ele>
        <time>2026-03-26T15:41:22.962Z</time>
      </trkpt>
      <trkpt lat="45.255064" lon="14.193709">
        <ele>823.585976</ele>
        <time>2026-03-26T15:41:32.467Z</time>
      </trkpt>
      <trkpt lat="45.255293" lon="14.193225">
        <ele>822.922915</ele>
        <time>2026-03-26T15:41:46.230Z</time>
      </trkpt>
      <trkpt lat="45.255462" lon="14.193137">
        <ele>822.632190</ele>
        <time>2026-03-26T15:41:52.594Z</time>
      </trkpt>
      <trkpt lat="45.255633" lon="14.193097">
        <ele>822.352276</ele>
        <time>2026-03-26T15:41:58.829Z</time>
      </trkpt>
      <trkpt lat="45.255837" lon="14.192952">
        <ele>821.983836</ele>
        <time>2026-03-26T15:42:07.359Z</time>
      </trkpt>
      <trkpt lat="45.255962" lon="14.192771">
        <ele>822.190032</ele>
        <time>2026-03-26T15:42:14.633Z</time>
      </trkpt>
      <trkpt lat="45.256116" lon="14.192451">
        <ele>822.590557</ele>
        <time>2026-03-26T15:42:27.532Z</time>
      </trkpt>
      <trkpt lat="45.256225" lon="14.192290">
        <ele>822.821363</ele>
        <time>2026-03-26T15:42:35.405Z</time>
      </trkpt>
      <trkpt lat="45.256517" lon="14.192024">
        <ele>823.330520</ele>
        <time>2026-03-26T15:42:53.065Z</time>
      </trkpt>
      <trkpt lat="45.256712" lon="14.191833">
        <ele>823.678186</ele>
        <time>2026-03-26T15:43:05.091Z</time>
      </trkpt>
      <trkpt lat="45.256956" lon="14.191699">
        <ele>824.062165</ele>
        <time>2026-03-26T15:43:18.014Z</time>
      </trkpt>
      <trkpt lat="45.257220" lon="14.191327">
        <ele>824.597300</ele>
        <time>2026-03-26T15:43:34.661Z</time>
      </trkpt>
      <trkpt lat="45.257798" lon="14.191012">
        <ele>824.775967</ele>
        <time>2026-03-26T15:44:01.018Z</time>
      </trkpt>
      <trkpt lat="45.258084" lon="14.190620">
        <ele>824.890663</ele>
        <time>2026-03-26T15:44:16.114Z</time>
      </trkpt>
      <trkpt lat="45.258193" lon="14.190323">
        <ele>824.958707</ele>
        <time>2026-03-26T15:44:25.282Z</time>
      </trkpt>
      <trkpt lat="45.258180" lon="14.190098">
        <ele>825.004571</ele>
        <time>2026-03-26T15:44:31.492Z</time>
      </trkpt>
      <trkpt lat="45.258232" lon="14.189928">
        <ele>825.042226</ele>
        <time>2026-03-26T15:44:36.594Z</time>
      </trkpt>
      <trkpt lat="45.258432" lon="14.189767">
        <ele>825.108570</ele>
        <time>2026-03-26T15:44:45.399Z</time>
      </trkpt>
      <trkpt lat="45.258899" lon="14.189559">
        <ele>824.985820</ele>
        <time>2026-03-26T15:45:02.854Z</time>
      </trkpt>
      <trkpt lat="45.259296" lon="14.189720">
        <ele>824.873729</ele>
        <time>2026-03-26T15:45:16.902Z</time>
      </trkpt>
      <trkpt lat="45.259416" lon="14.189684">
        <ele>824.840431</ele>
        <time>2026-03-26T15:45:21.206Z</time>
      </trkpt>
      <trkpt lat="45.259632" lon="14.189352">
        <ele>824.754032</ele>
        <time>2026-03-26T15:45:32.729Z</time>
      </trkpt>
      <trkpt lat="45.259652" lon="14.188963">
        <ele>824.679493</ele>
        <time>2026-03-26T15:45:43.001Z</time>
      </trkpt>
      <trkpt lat="45.259670" lon="14.188926">
        <ele>824.670897</ele>
        <time>2026-03-26T15:45:44.283Z</time>
      </trkpt>
      <trkpt lat="45.259742" lon="14.188771">
        <ele>824.635407</ele>
        <time>2026-03-26T15:45:49.589Z</time>
      </trkpt>
      <trkpt lat="45.259915" lon="14.188516">
        <ele>825.926577</ele>
        <time>2026-03-26T15:46:00.607Z</time>
      </trkpt>
      <trkpt lat="45.260358" lon="14.188267">
        <ele>828.841691</ele>
        <time>2026-03-26T15:46:25.655Z</time>
      </trkpt>
      <trkpt lat="45.261420" lon="14.187940">
        <ele>835.490828</ele>
        <time>2026-03-26T15:47:56.824Z</time>
      </trkpt>
      <trkpt lat="45.261741" lon="14.187736">
        <ele>838.608363</ele>
        <time>2026-03-26T15:48:32.058Z</time>
      </trkpt>
      <trkpt lat="45.262405" lon="14.187805">
        <ele>844.638301</ele>
        <time>2026-03-26T15:49:36.649Z</time>
      </trkpt>
      <trkpt lat="45.262905" lon="14.187971">
        <ele>849.288820</ele>
        <time>2026-03-26T15:50:20.470Z</time>
      </trkpt>
      <trkpt lat="45.263091" lon="14.187893">
        <ele>851.045280</ele>
        <time>2026-03-26T15:50:35.227Z</time>
      </trkpt>
      <trkpt lat="45.263745" lon="14.187349">
        <ele>855.182963</ele>
        <time>2026-03-26T15:51:27.193Z</time>
      </trkpt>
      <trkpt lat="45.263992" lon="14.187004">
        <ele>856.891747</ele>
        <time>2026-03-26T15:51:48.204Z</time>
      </trkpt>
      <trkpt lat="45.264324" lon="14.186676">
        <ele>858.886688</ele>
        <time>2026-03-26T15:52:12.726Z</time>
      </trkpt>
      <trkpt lat="45.264491" lon="14.186625">
        <ele>859.729380</ele>
        <time>2026-03-26T15:52:23.158Z</time>
      </trkpt>
      <trkpt lat="45.265129" lon="14.186724">
        <ele>861.966381</ele>
        <time>2026-03-26T15:53:02.563Z</time>
      </trkpt>
      <trkpt lat="45.265858" lon="14.186430">
        <ele>864.051183</ele>
        <time>2026-03-26T15:53:44.342Z</time>
      </trkpt>
      <trkpt lat="45.266077" lon="14.186311">
        <ele>864.696237</ele>
        <time>2026-03-26T15:53:55.710Z</time>
      </trkpt>
      <trkpt lat="45.266637" lon="14.185767">
        <ele>865.734829</ele>
        <time>2026-03-26T15:54:25.441Z</time>
      </trkpt>
      <trkpt lat="45.267115" lon="14.185562">
        <ele>865.720728</ele>
        <time>2026-03-26T15:54:45.072Z</time>
      </trkpt>
      <trkpt lat="45.268112" lon="14.184822">
        <ele>865.497845</ele>
        <time>2026-03-26T15:55:26.141Z</time>
      </trkpt>
      <trkpt lat="45.268625" lon="14.184732">
        <ele>864.682019</ele>
        <time>2026-03-26T15:55:43.620Z</time>
      </trkpt>
      <trkpt lat="45.268784" lon="14.184629">
        <ele>864.406216</ele>
        <time>2026-03-26T15:55:49.390Z</time>
      </trkpt>
      <trkpt lat="45.269079" lon="14.184470">
        <ele>863.908240</ele>
        <time>2026-03-26T15:55:59.916Z</time>
      </trkpt>
      <trkpt lat="45.269324" lon="14.184412">
        <ele>863.516221</ele>
        <time>2026-03-26T15:56:08.248Z</time>
      </trkpt>
      <trkpt lat="45.269784" lon="14.184446">
        <ele>862.809899</ele>
        <time>2026-03-26T15:56:23.223Z</time>
      </trkpt>
      <trkpt lat="45.269949" lon="14.184523">
        <ele>862.623841</ele>
        <time>2026-03-26T15:56:28.905Z</time>
      </trkpt>
      <trkpt lat="45.270096" lon="14.184696">
        <ele>862.419355</ele>
        <time>2026-03-26T15:56:35.325Z</time>
      </trkpt>
      <trkpt lat="45.270317" lon="14.185062">
        <ele>862.055756</ele>
        <time>2026-03-26T15:56:47.081Z</time>
      </trkpt>
      <trkpt lat="45.270476" lon="14.185263">
        <ele>861.827761</ele>
        <time>2026-03-26T15:56:54.542Z</time>
      </trkpt>
      <trkpt lat="45.270738" lon="14.185450">
        <ele>861.513655</ele>
        <time>2026-03-26T15:57:05.091Z</time>
      </trkpt>
      <trkpt lat="45.270856" lon="14.185569">
        <ele>861.358637</ele>
        <time>2026-03-26T15:57:10.388Z</time>
      </trkpt>
      <trkpt lat="45.271336" lon="14.185659">
        <ele>860.857039</ele>
        <time>2026-03-26T15:57:28.131Z</time>
      </trkpt>
      <trkpt lat="45.272034" lon="14.185990">
        <ele>860.224074</ele>
        <time>2026-03-26T15:57:54.785Z</time>
      </trkpt>
      <trkpt lat="45.272265" lon="14.186014">
        <ele>860.024839</ele>
        <time>2026-03-26T15:58:02.940Z</time>
      </trkpt>
      <trkpt lat="45.272593" lon="14.185941">
        <ele>859.739257</ele>
        <time>2026-03-26T15:58:14.656Z</time>
      </trkpt>
      <trkpt lat="45.272837" lon="14.185745">
        <ele>859.498157</ele>
        <time>2026-03-26T15:58:24.446Z</time>
      </trkpt>
      <trkpt lat="45.273262" lon="14.185595">
        <ele>859.038160</ele>
        <time>2026-03-26T15:58:39.569Z</time>
      </trkpt>
      <trkpt lat="45.273415" lon="14.185631">
        <ele>858.861690</ele>
        <time>2026-03-26T15:58:44.784Z</time>
      </trkpt>
      <trkpt lat="45.273796" lon="14.185951">
        <ele>858.358084</ele>
        <time>2026-03-26T15:58:59.656Z</time>
      </trkpt>
      <trkpt lat="45.273933" lon="14.185997">
        <ele>858.197898</ele>
        <time>2026-03-26T15:59:04.450Z</time>
      </trkpt>
      <trkpt lat="45.274066" lon="14.185971">
        <ele>858.045132</ele>
        <time>2026-03-26T15:59:09.070Z</time>
      </trkpt>
      <trkpt lat="45.274586" lon="14.185756">
        <ele>857.428885</ele>
        <time>2026-03-26T15:59:27.984Z</time>
      </trkpt>
      <trkpt lat="45.274892" lon="14.185685">
        <ele>857.557241</ele>
        <time>2026-03-26T15:59:39.186Z</time>
      </trkpt>
      <trkpt lat="45.275248" lon="14.185681">
        <ele>857.911326</ele>
        <time>2026-03-26T15:59:53.059Z</time>
      </trkpt>
      <trkpt lat="45.275678" lon="14.185469">
        <ele>858.364007</ele>
        <time>2026-03-26T16:00:13.998Z</time>
      </trkpt>
      <trkpt lat="45.275970" lon="14.185401">
        <ele>858.658300</ele>
        <time>2026-03-26T16:00:28.671Z</time>
      </trkpt>
      <trkpt lat="45.276413" lon="14.185244">
        <ele>859.112398</ele>
        <time>2026-03-26T16:00:51.261Z</time>
      </trkpt>
      <trkpt lat="45.276571" lon="14.185222">
        <ele>859.645537</ele>
        <time>2026-03-26T16:00:58.743Z</time>
      </trkpt>
      <trkpt lat="45.276909" lon="14.185315">
        <ele>860.852851</ele>
        <time>2026-03-26T16:01:13.863Z</time>
      </trkpt>
      <trkpt lat="45.276992" lon="14.185246">
        <ele>861.190061</ele>
        <time>2026-03-26T16:01:17.840Z</time>
      </trkpt>
      <trkpt lat="45.277231" lon="14.184777">
        <ele>862.619006</ele>
        <time>2026-03-26T16:01:37.981Z</time>
      </trkpt>
      <trkpt lat="45.277765" lon="14.184246">
        <ele>864.904549</ele>
        <time>2026-03-26T16:02:18.649Z</time>
      </trkpt>
      <trkpt lat="45.277878" lon="14.184254">
        <ele>865.301310</ele>
        <time>2026-03-26T16:02:26.774Z</time>
      </trkpt>
      <trkpt lat="45.277971" lon="14.184304">
        <ele>866.091156</ele>
        <time>2026-03-26T16:02:34.197Z</time>
      </trkpt>
      <trkpt lat="45.278363" lon="14.184639">
        <ele>870.900621</ele>
        <time>2026-03-26T16:03:11.450Z</time>
      </trkpt>
      <trkpt lat="45.278618" lon="14.184711">
        <ele>873.634191</ele>
        <time>2026-03-26T16:03:35.888Z</time>
      </trkpt>
      <trkpt lat="45.278929" lon="14.184843">
        <ele>877.046880</ele>
        <time>2026-03-26T16:04:10.404Z</time>
      </trkpt>
      <trkpt lat="45.279020" lon="14.184976">
        <ele>878.419373</ele>
        <time>2026-03-26T16:04:24.594Z</time>
      </trkpt>
      <trkpt lat="45.279037" lon="14.185111">
        <ele>879.434036</ele>
        <time>2026-03-26T16:04:35.072Z</time>
      </trkpt>
      <trkpt lat="45.278963" lon="14.185240">
        <ele>880.665406</ele>
        <time>2026-03-26T16:04:47.657Z</time>
      </trkpt>
      <trkpt lat="45.278579" lon="14.185474">
        <ele>885.223248</ele>
        <time>2026-03-26T16:05:32.249Z</time>
      </trkpt>
      <trkpt lat="45.278438" lon="14.185618">
        <ele>887.468151</ele>
        <time>2026-03-26T16:05:50.900Z</time>
      </trkpt>
      <trkpt lat="45.278380" lon="14.185908">
        <ele>890.210980</ele>
        <time>2026-03-26T16:06:13.804Z</time>
      </trkpt>
      <trkpt lat="45.278384" lon="14.186165">
        <ele>892.549659</ele>
        <time>2026-03-26T16:06:33.328Z</time>
      </trkpt>
      <trkpt lat="45.278470" lon="14.186355">
        <ele>894.604955</ele>
        <time>2026-03-26T16:06:50.514Z</time>
      </trkpt>
      <trkpt lat="45.278798" lon="14.186573">
        <ele>899.286538</ele>
        <time>2026-03-26T16:07:29.852Z</time>
      </trkpt>
      <trkpt lat="45.279114" lon="14.186703">
        <ele>903.539857</ele>
        <time>2026-03-26T16:08:06.242Z</time>
      </trkpt>
      <trkpt lat="45.279596" lon="14.186756">
        <ele>909.690013</ele>
        <time>2026-03-26T16:08:59.368Z</time>
      </trkpt>
      <trkpt lat="45.279642" lon="14.186853">
        <ele>910.705555</ele>
        <time>2026-03-26T16:09:08.417Z</time>
      </trkpt>
      <trkpt lat="45.279626" lon="14.186925">
        <ele>911.361080</ele>
        <time>2026-03-26T16:09:14.229Z</time>
      </trkpt>
      <trkpt lat="45.279302" lon="14.187215">
        <ele>916.085486</ele>
        <time>2026-03-26T16:09:55.766Z</time>
      </trkpt>
      <trkpt lat="45.279256" lon="14.187427">
        <ele>918.011570</ele>
        <time>2026-03-26T16:10:12.531Z</time>
      </trkpt>
      <trkpt lat="45.279283" lon="14.187628">
        <ele>919.788145</ele>
        <time>2026-03-26T16:10:27.959Z</time>
      </trkpt>
      <trkpt lat="45.279400" lon="14.187722">
        <ele>921.446444</ele>
        <time>2026-03-26T16:10:42.332Z</time>
      </trkpt>
      <trkpt lat="45.279587" lon="14.187732">
        <ele>923.755347</ele>
        <time>2026-03-26T16:11:02.274Z</time>
      </trkpt>
      <trkpt lat="45.279827" lon="14.187555">
        <ele>927.091530</ele>
        <time>2026-03-26T16:11:30.393Z</time>
      </trkpt>
      <trkpt lat="45.279911" lon="14.187599">
        <ele>928.196107</ele>
        <time>2026-03-26T16:11:39.398Z</time>
      </trkpt>
      <trkpt lat="45.279914" lon="14.187720">
        <ele>929.247257</ele>
        <time>2026-03-26T16:11:47.953Z</time>
      </trkpt>
      <trkpt lat="45.279810" lon="14.188341">
        <ele>934.011238</ele>
        <time>2026-03-26T16:12:30.528Z</time>
      </trkpt>
      <trkpt lat="45.279726" lon="14.188510">
        <ele>935.528158</ele>
        <time>2026-03-26T16:12:43.805Z</time>
      </trkpt>
      <trkpt lat="45.279564" lon="14.188618">
        <ele>937.392518</ele>
        <time>2026-03-26T16:12:59.917Z</time>
      </trkpt>
      <trkpt lat="45.279372" lon="14.188655">
        <ele>939.411270</ele>
        <time>2026-03-26T16:13:17.156Z</time>
      </trkpt>
      <trkpt lat="45.279243" lon="14.188679">
        <ele>940.766787</ele>
        <time>2026-03-26T16:13:28.819Z</time>
      </trkpt>
      <trkpt lat="45.279161" lon="14.188824">
        <ele>942.130601</ele>
        <time>2026-03-26T16:13:40.693Z</time>
      </trkpt>
      <trkpt lat="45.279117" lon="14.189083">
        <ele>944.083978</ele>
        <time>2026-03-26T16:13:57.929Z</time>
      </trkpt>
      <trkpt lat="45.279164" lon="14.189324">
        <ele>945.917438</ele>
        <time>2026-03-26T16:14:14.429Z</time>
      </trkpt>
      <trkpt lat="45.279384" lon="14.189795">
        <ele>950.222437</ele>
        <time>2026-03-26T16:14:53.352Z</time>
      </trkpt>
      <trkpt lat="45.280363" lon="14.190797">
        <ele>964.106741</ele>
        <time>2026-03-26T16:16:59.956Z</time>
      </trkpt>
      <trkpt lat="45.280657" lon="14.190905">
        <ele>967.601388</ele>
        <time>2026-03-26T16:17:30.191Z</time>
      </trkpt>
      <trkpt lat="45.280809" lon="14.190887">
        <ele>969.332041</ele>
        <time>2026-03-26T16:17:44.815Z</time>
      </trkpt>
      <trkpt lat="45.280935" lon="14.190829">
        <ele>970.565724</ele>
        <time>2026-03-26T16:17:57.297Z</time>
      </trkpt>
      <trkpt lat="45.281008" lon="14.190935">
        <ele>971.537848</ele>
        <time>2026-03-26T16:18:06.927Z</time>
      </trkpt>
      <trkpt lat="45.281023" lon="14.191008">
        <ele>972.036283</ele>
        <time>2026-03-26T16:18:11.917Z</time>
      </trkpt>
      <trkpt lat="45.280915" lon="14.191301">
        <ele>974.204184</ele>
        <time>2026-03-26T16:18:33.063Z</time>
      </trkpt>
      <trkpt lat="45.280820" lon="14.191778">
        <ele>977.453330</ele>
        <time>2026-03-26T16:19:04.006Z</time>
      </trkpt>
      <trkpt lat="45.280736" lon="14.191953">
        <ele>978.841768</ele>
        <time>2026-03-26T16:19:16.548Z</time>
      </trkpt>
      <trkpt lat="45.280618" lon="14.192012">
        <ele>980.006944</ele>
        <time>2026-03-26T16:19:27.099Z</time>
      </trkpt>
      <trkpt lat="45.280475" lon="14.192175">
        <ele>981.714448</ele>
        <time>2026-03-26T16:19:42.671Z</time>
      </trkpt>
      <trkpt lat="45.280273" lon="14.192507">
        <ele>984.591124</ele>
        <time>2026-03-26T16:20:08.947Z</time>
      </trkpt>
      <trkpt lat="45.280270" lon="14.192645">
        <ele>985.496036</ele>
        <time>2026-03-26T16:20:17.224Z</time>
      </trkpt>
      <trkpt lat="45.280312" lon="14.192758">
        <ele>986.292938</ele>
        <time>2026-03-26T16:20:24.867Z</time>
      </trkpt>
      <trkpt lat="45.280606" lon="14.192584">
        <ele>988.916926</ele>
        <time>2026-03-26T16:20:51.805Z</time>
      </trkpt>
      <trkpt lat="45.280774" lon="14.192557">
        <ele>990.309943</ele>
        <time>2026-03-26T16:21:05.945Z</time>
      </trkpt>
      <trkpt lat="45.281096" lon="14.192571">
        <ele>992.964222</ele>
        <time>2026-03-26T16:21:32.951Z</time>
      </trkpt>
      <trkpt lat="45.281312" lon="14.192521">
        <ele>994.767352</ele>
        <time>2026-03-26T16:21:51.784Z</time>
      </trkpt>
      <trkpt lat="45.281784" lon="14.192284">
        <ele>998.891855</ele>
        <time>2026-03-26T16:22:33.652Z</time>
      </trkpt>
      <trkpt lat="45.281898" lon="14.192257">
        <ele>999.844083</ele>
        <time>2026-03-26T16:22:43.080Z</time>
      </trkpt>
      <trkpt lat="45.282033" lon="14.192288">
        <ele>1000.910071</ele>
        <time>2026-03-26T16:22:54.061Z</time>
      </trkpt>
      <trkpt lat="45.282299" lon="14.192434">
        <ele>1002.421128</ele>
        <time>2026-03-26T16:23:15.987Z</time>
      </trkpt>
      <trkpt lat="45.282553" lon="14.192531">
        <ele>1003.814872</ele>
        <time>2026-03-26T16:23:35.083Z</time>
      </trkpt>
      <trkpt lat="45.282870" lon="14.192585">
        <ele>1005.506746</ele>
        <time>2026-03-26T16:23:57.068Z</time>
      </trkpt>
      <trkpt lat="45.283200" lon="14.192612">
        <ele>1007.258381</ele>
        <time>2026-03-26T16:24:18.521Z</time>
      </trkpt>
      <trkpt lat="45.283486" lon="14.192579">
        <ele>1008.778942</ele>
        <time>2026-03-26T16:24:35.201Z</time>
      </trkpt>
      <trkpt lat="45.284199" lon="14.192389">
        <ele>1011.215960</ele>
        <time>2026-03-26T16:25:15.294Z</time>
      </trkpt>
      <trkpt lat="45.284465" lon="14.192380">
        <ele>1011.759965</ele>
        <time>2026-03-26T16:25:29.502Z</time>
      </trkpt>
      <trkpt lat="45.284859" lon="14.192414">
        <ele>1012.567002</ele>
        <time>2026-03-26T16:25:49.594Z</time>
      </trkpt>
      <trkpt lat="45.285326" lon="14.192454">
        <ele>1013.523540</ele>
        <time>2026-03-26T16:26:11.118Z</time>
      </trkpt>
      <trkpt lat="45.285934" lon="14.192798">
        <ele>1014.132109</ele>
        <time>2026-03-26T16:26:36.704Z</time>
      </trkpt>
      <trkpt lat="45.286493" lon="14.192966">
        <ele>1014.300319</ele>
        <time>2026-03-26T16:26:57.145Z</time>
      </trkpt>
      <trkpt lat="45.286923" lon="14.192899">
        <ele>1014.427670</ele>
        <time>2026-03-26T16:27:13.533Z</time>
      </trkpt>
      <trkpt lat="45.287127" lon="14.192949">
        <ele>1014.488615</ele>
        <time>2026-03-26T16:27:22.197Z</time>
      </trkpt>
      <trkpt lat="45.287506" lon="14.193073">
        <ele>1014.849871</ele>
        <time>2026-03-26T16:27:39.904Z</time>
      </trkpt>
      <trkpt lat="45.288671" lon="14.193574">
        <ele>1016.586098</ele>
        <time>2026-03-26T16:28:42.727Z</time>
      </trkpt>
      <trkpt lat="45.288902" lon="14.193777">
        <ele>1016.973502</ele>
        <time>2026-03-26T16:28:50.399Z</time>
      </trkpt>
      <trkpt lat="45.289751" lon="14.194045">
        <ele>1015.414155</ele>
        <time>2026-03-26T16:29:07.867Z</time>
      </trkpt>
      <trkpt lat="45.290047" lon="14.194054">
        <ele>1014.770636</ele>
        <time>2026-03-26T16:29:13.086Z</time>
      </trkpt>
      <trkpt lat="45.290825" lon="14.194356">
        <ele>1012.921557</ele>
        <time>2026-03-26T16:29:27.431Z</time>
      </trkpt>
      <trkpt lat="45.291563" lon="14.194364">
        <ele>1010.448644</ele>
        <time>2026-03-26T16:29:41.540Z</time>
      </trkpt>
      <trkpt lat="45.291954" lon="14.194255">
        <ele>1009.113550</ele>
        <time>2026-03-26T16:29:49.093Z</time>
      </trkpt>
      <trkpt lat="45.292364" lon="14.194323">
        <ele>1007.730430</ele>
        <time>2026-03-26T16:29:56.372Z</time>
      </trkpt>
      <trkpt lat="45.292512" lon="14.194303">
        <ele>1007.232286</ele>
        <time>2026-03-26T16:29:58.864Z</time>
      </trkpt>
      <trkpt lat="45.292814" lon="14.194131">
        <ele>1004.598680</ele>
        <time>2026-03-26T16:30:04.125Z</time>
      </trkpt>
      <trkpt lat="45.293206" lon="14.193859">
        <ele>1000.938800</ele>
        <time>2026-03-26T16:30:10.886Z</time>
      </trkpt>
      <trkpt lat="45.293489" lon="14.193543">
        <ele>997.919421</ele>
        <time>2026-03-26T16:30:16.341Z</time>
      </trkpt>
      <trkpt lat="45.294228" lon="14.192868">
        <ele>990.027690</ele>
        <time>2026-03-26T16:30:29.432Z</time>
      </trkpt>
      <trkpt lat="45.294406" lon="14.192633">
        <ele>987.293577</ele>
        <time>2026-03-26T16:30:33.008Z</time>
      </trkpt>
      <trkpt lat="45.294621" lon="14.192465">
        <ele>984.532286</ele>
        <time>2026-03-26T16:30:36.601Z</time>
      </trkpt>
      <trkpt lat="45.294815" lon="14.192373">
        <ele>982.230534</ele>
        <time>2026-03-26T16:30:39.602Z</time>
      </trkpt>
      <trkpt lat="45.295510" lon="14.191886">
        <ele>973.509679</ele>
        <time>2026-03-26T16:30:50.946Z</time>
      </trkpt>
      <trkpt lat="45.296146" lon="14.191763">
        <ele>965.944593</ele>
        <time>2026-03-26T16:31:00.326Z</time>
      </trkpt>
      <trkpt lat="45.296394" lon="14.191781">
        <ele>962.977953</ele>
        <time>2026-03-26T16:31:03.963Z</time>
      </trkpt>
      <trkpt lat="45.296829" lon="14.191728">
        <ele>957.762087</ele>
        <time>2026-03-26T16:31:10.338Z</time>
      </trkpt>
      <trkpt lat="45.297061" lon="14.191667">
        <ele>954.943446</ele>
        <time>2026-03-26T16:31:13.790Z</time>
      </trkpt>
      <trkpt lat="45.297161" lon="14.191565">
        <ele>953.473077</ele>
        <time>2026-03-26T16:31:15.577Z</time>
      </trkpt>
      <trkpt lat="45.297546" lon="14.191193">
        <ele>948.049100</ele>
        <time>2026-03-26T16:31:22.328Z</time>
      </trkpt>
      <trkpt lat="45.297891" lon="14.191050">
        <ele>943.998071</ele>
        <time>2026-03-26T16:31:27.510Z</time>
      </trkpt>
      <trkpt lat="45.298954" lon="14.190350">
        <ele>930.792031</ele>
        <time>2026-03-26T16:31:44.675Z</time>
      </trkpt>
      <trkpt lat="45.299037" lon="14.190445">
        <ele>929.815510</ele>
        <time>2026-03-26T16:31:46.304Z</time>
      </trkpt>
      <trkpt lat="45.299187" lon="14.190835">
        <ele>927.942485</ele>
        <time>2026-03-26T16:31:51.160Z</time>
      </trkpt>
      <trkpt lat="45.299191" lon="14.190987">
        <ele>927.301534</ele>
        <time>2026-03-26T16:31:52.858Z</time>
      </trkpt>
      <trkpt lat="45.299143" lon="14.191096">
        <ele>926.759640</ele>
        <time>2026-03-26T16:31:54.317Z</time>
      </trkpt>
      <trkpt lat="45.298104" lon="14.192469">
        <ele>918.291933</ele>
        <time>2026-03-26T16:32:18.299Z</time>
      </trkpt>
      <trkpt lat="45.298098" lon="14.192566">
        <ele>917.893611</ele>
        <time>2026-03-26T16:32:19.461Z</time>
      </trkpt>
      <trkpt lat="45.298126" lon="14.192595">
        <ele>917.692151</ele>
        <time>2026-03-26T16:32:20.034Z</time>
      </trkpt>
      <trkpt lat="45.298160" lon="14.192629">
        <ele>917.450412</ele>
        <time>2026-03-26T16:32:20.722Z</time>
      </trkpt>
      <trkpt lat="45.298278" lon="14.192618">
        <ele>916.762727</ele>
        <time>2026-03-26T16:32:22.683Z</time>
      </trkpt>
      <trkpt lat="45.298425" lon="14.192548">
        <ele>915.861189</ele>
        <time>2026-03-26T16:32:25.246Z</time>
      </trkpt>
      <trkpt lat="45.298571" lon="14.192541">
        <ele>915.011665</ele>
        <time>2026-03-26T16:32:27.667Z</time>
      </trkpt>
      <trkpt lat="45.298879" lon="14.192697">
        <ele>913.110258</ele>
        <time>2026-03-26T16:32:33.024Z</time>
      </trkpt>
      <trkpt lat="45.299331" lon="14.192923">
        <ele>910.323890</ele>
        <time>2026-03-26T16:32:40.683Z</time>
      </trkpt>
      <trkpt lat="45.299526" lon="14.192963">
        <ele>909.178153</ele>
        <time>2026-03-26T16:32:43.809Z</time>
      </trkpt>
      <trkpt lat="45.299935" lon="14.192803">
        <ele>905.887180</ele>
        <time>2026-03-26T16:32:50.448Z</time>
      </trkpt>
      <trkpt lat="45.300365" lon="14.192750">
        <ele>902.403492</ele>
        <time>2026-03-26T16:32:57.204Z</time>
      </trkpt>
      <trkpt lat="45.300615" lon="14.192644">
        <ele>900.297834</ele>
        <time>2026-03-26T16:33:01.223Z</time>
      </trkpt>
      <trkpt lat="45.300765" lon="14.192523">
        <ele>898.905825</ele>
        <time>2026-03-26T16:33:03.856Z</time>
      </trkpt>
      <trkpt lat="45.301008" lon="14.192502">
        <ele>896.940873</ele>
        <time>2026-03-26T16:33:07.534Z</time>
      </trkpt>
      <trkpt lat="45.301137" lon="14.192550">
        <ele>895.864603</ele>
        <time>2026-03-26T16:33:09.542Z</time>
      </trkpt>
      <trkpt lat="45.301350" lon="14.192512">
        <ele>894.121929</ele>
        <time>2026-03-26T16:33:12.771Z</time>
      </trkpt>
      <trkpt lat="45.303350" lon="14.192580">
        <ele>878.857922</ele>
        <time>2026-03-26T16:33:43.202Z</time>
      </trkpt>
      <trkpt lat="45.303886" lon="14.192900">
        <ele>878.435955</ele>
        <time>2026-03-26T16:33:53.350Z</time>
      </trkpt>
      <trkpt lat="45.304084" lon="14.193113">
        <ele>878.255733</ele>
        <time>2026-03-26T16:33:58.955Z</time>
      </trkpt>
      <trkpt lat="45.304133" lon="14.193343">
        <ele>878.133044</ele>
        <time>2026-03-26T16:34:03.218Z</time>
      </trkpt>
      <trkpt lat="45.304199" lon="14.193499">
        <ele>878.040104</ele>
        <time>2026-03-26T16:34:06.431Z</time>
      </trkpt>
      <trkpt lat="45.304047" lon="14.193978">
        <ele>877.771825</ele>
        <time>2026-03-26T16:34:20.648Z</time>
      </trkpt>
      <trkpt lat="45.303996" lon="14.194138">
        <ele>878.260923</ele>
        <time>2026-03-26T16:34:27.917Z</time>
      </trkpt>
      <trkpt lat="45.303985" lon="14.194254">
        <ele>879.232305</ele>
        <time>2026-03-26T16:34:33.856Z</time>
      </trkpt>
      <trkpt lat="45.304019" lon="14.194460">
        <ele>880.988315</ele>
        <time>2026-03-26T16:34:45.359Z</time>
      </trkpt>
      <trkpt lat="45.304172" lon="14.194921">
        <ele>885.218637</ele>
        <time>2026-03-26T16:35:17.294Z</time>
      </trkpt>
      <trkpt lat="45.304194" lon="14.195194">
        <ele>887.499049</ele>
        <time>2026-03-26T16:35:36.562Z</time>
      </trkpt>
      <trkpt lat="45.304014" lon="14.195773">
        <ele>892.752547</ele>
        <time>2026-03-26T16:36:19.007Z</time>
      </trkpt>
      <trkpt lat="45.303804" lon="14.196369">
        <ele>898.284634</ele>
        <time>2026-03-26T16:37:02.763Z</time>
      </trkpt>
      <trkpt lat="45.303584" lon="14.197017">
        <ele>903.621384</ele>
        <time>2026-03-26T16:37:51.180Z</time>
      </trkpt>
      <trkpt lat="45.303568" lon="14.197138">
        <ele>904.521202</ele>
        <time>2026-03-26T16:37:58.381Z</time>
      </trkpt>
      <trkpt lat="45.303605" lon="14.197400">
        <ele>906.474239</ele>
        <time>2026-03-26T16:38:13.014Z</time>
      </trkpt>
      <trkpt lat="45.303727" lon="14.197713">
        <ele>909.089567</ele>
        <time>2026-03-26T16:38:33.053Z</time>
      </trkpt>
      <trkpt lat="45.303879" lon="14.197976">
        <ele>911.577365</ele>
        <time>2026-03-26T16:38:50.846Z</time>
      </trkpt>
      <trkpt lat="45.303892" lon="14.198132">
        <ele>912.725456</ele>
        <time>2026-03-26T16:38:58.277Z</time>
      </trkpt>
      <trkpt lat="45.303813" lon="14.198308">
        <ele>914.251360</ele>
        <time>2026-03-26T16:39:07.662Z</time>
      </trkpt>
      <trkpt lat="45.303720" lon="14.198414">
        <ele>915.489909</ele>
        <time>2026-03-26T16:39:14.975Z</time>
      </trkpt>
      <trkpt lat="45.303405" lon="14.198580">
        <ele>918.509928</ele>
        <time>2026-03-26T16:39:34.920Z</time>
      </trkpt>
      <trkpt lat="45.303317" lon="14.198646">
        <ele>919.184031</ele>
        <time>2026-03-26T16:39:40.825Z</time>
      </trkpt>
      <trkpt lat="45.303287" lon="14.198734">
        <ele>919.650055</ele>
        <time>2026-03-26T16:39:44.851Z</time>
      </trkpt>
      <trkpt lat="45.303303" lon="14.198954">
        <ele>920.704049</ele>
        <time>2026-03-26T16:39:53.763Z</time>
      </trkpt>
      <trkpt lat="45.303366" lon="14.199221">
        <ele>922.046117</ele>
        <time>2026-03-26T16:40:04.854Z</time>
      </trkpt>
      <trkpt lat="45.303588" lon="14.199754">
        <ele>924.998056</ele>
        <time>2026-03-26T16:40:28.903Z</time>
      </trkpt>
      <trkpt lat="45.303904" lon="14.200126">
        <ele>927.777721</ele>
        <time>2026-03-26T16:40:48.414Z</time>
      </trkpt>
      <trkpt lat="45.304133" lon="14.200461">
        <ele>930.016531</ele>
        <time>2026-03-26T16:41:07.881Z</time>
      </trkpt>
      <trkpt lat="45.304347" lon="14.201000">
        <ele>933.162552</ele>
        <time>2026-03-26T16:41:37.059Z</time>
      </trkpt>
      <trkpt lat="45.304396" lon="14.201205">
        <ele>934.263061</ele>
        <time>2026-03-26T16:41:47.372Z</time>
      </trkpt>
      <trkpt lat="45.304427" lon="14.201506">
        <ele>935.809311</ele>
        <time>2026-03-26T16:42:01.915Z</time>
      </trkpt>
      <trkpt lat="45.304429" lon="14.201709">
        <ele>936.841228</ele>
        <time>2026-03-26T16:42:11.379Z</time>
      </trkpt>
      <trkpt lat="45.304469" lon="14.201894">
        <ele>937.824982</ele>
        <time>2026-03-26T16:42:20.130Z</time>
      </trkpt>
      <trkpt lat="45.304573" lon="14.202136">
        <ele>939.266467</ele>
        <time>2026-03-26T16:42:32.648Z</time>
      </trkpt>
      <trkpt lat="45.305260" lon="14.203121">
        <ele>944.784447</ele>
        <time>2026-03-26T16:43:22.603Z</time>
      </trkpt>
      <trkpt lat="45.305524" lon="14.203427">
        <ele>946.169371</ele>
        <time>2026-03-26T16:43:34.527Z</time>
      </trkpt>
      <trkpt lat="45.306637" lon="14.204304">
        <ele>951.830480</ele>
        <time>2026-03-26T16:44:24.209Z</time>
      </trkpt>
      <trkpt lat="45.306817" lon="14.204563">
        <ele>953.288381</ele>
        <time>2026-03-26T16:44:34.629Z</time>
      </trkpt>
      <trkpt lat="45.306909" lon="14.204792">
        <ele>954.344323</ele>
        <time>2026-03-26T16:44:43.095Z</time>
      </trkpt>
      <trkpt lat="45.307115" lon="14.205426">
        <ele>957.140604</ele>
        <time>2026-03-26T16:45:10.368Z</time>
      </trkpt>
      <trkpt lat="45.307126" lon="14.205618">
        <ele>957.911897</ele>
        <time>2026-03-26T16:45:19.184Z</time>
      </trkpt>
      <trkpt lat="45.307081" lon="14.205764">
        <ele>958.550137</ele>
        <time>2026-03-26T16:45:26.511Z</time>
      </trkpt>
      <trkpt lat="45.307040" lon="14.205895">
        <ele>959.124238</ele>
        <time>2026-03-26T16:45:32.847Z</time>
      </trkpt>
      <trkpt lat="45.306613" lon="14.206850">
        <ele>963.073779</ele>
        <time>2026-03-26T16:46:19.949Z</time>
      </trkpt>
      <trkpt lat="45.306582" lon="14.206971">
        <ele>963.498260</ele>
        <time>2026-03-26T16:46:24.967Z</time>
      </trkpt>
      <trkpt lat="45.306345" lon="14.206737">
        <ele>964.850553</ele>
        <time>2026-03-26T16:46:44.969Z</time>
      </trkpt>
      <trkpt lat="45.306344" lon="14.206916">
        <ele>965.440599</ele>
        <time>2026-03-26T16:46:50.862Z</time>
      </trkpt>
      <trkpt lat="45.306389" lon="14.207099">
        <ele>966.079616</ele>
        <time>2026-03-26T16:46:56.447Z</time>
      </trkpt>
      <trkpt lat="45.307105" lon="14.208906">
        <ele>972.460863</ele>
        <time>2026-03-26T16:47:38.406Z</time>
      </trkpt>
      <trkpt lat="45.307194" lon="14.209199">
        <ele>973.396656</ele>
        <time>2026-03-26T16:47:49.832Z</time>
      </trkpt>
      <trkpt lat="45.307212" lon="14.209447">
        <ele>974.127667</ele>
        <time>2026-03-26T16:47:59.592Z</time>
      </trkpt>
      <trkpt lat="45.307151" lon="14.209847">
        <ele>975.327743</ele>
        <time>2026-03-26T16:48:15.236Z</time>
      </trkpt>
      <trkpt lat="45.306946" lon="14.210462">
        <ele>977.934153</ele>
        <time>2026-03-26T16:48:43.906Z</time>
      </trkpt>
      <trkpt lat="45.306885" lon="14.210740">
        <ele>979.294658</ele>
        <time>2026-03-26T16:48:57.154Z</time>
      </trkpt>
      <trkpt lat="45.306872" lon="14.210937">
        <ele>980.219047</ele>
        <time>2026-03-26T16:49:06.230Z</time>
      </trkpt>
      <trkpt lat="45.306936" lon="14.211166">
        <ele>981.370265</ele>
        <time>2026-03-26T16:49:17.201Z</time>
      </trkpt>
      <trkpt lat="45.307004" lon="14.211592">
        <ele>983.411070</ele>
        <time>2026-03-26T16:49:35.536Z</time>
      </trkpt>
      <trkpt lat="45.306985" lon="14.211832">
        <ele>984.539384</ele>
        <time>2026-03-26T16:49:44.593Z</time>
      </trkpt>
      <trkpt lat="45.306948" lon="14.211997">
        <ele>985.348466</ele>
        <time>2026-03-26T16:49:50.575Z</time>
      </trkpt>
      <trkpt lat="45.306822" lon="14.212266">
        <ele>986.858386</ele>
        <time>2026-03-26T16:50:00.848Z</time>
      </trkpt>
      <trkpt lat="45.306610" lon="14.212609">
        <ele>989.018510</ele>
        <time>2026-03-26T16:50:16.136Z</time>
      </trkpt>
      <trkpt lat="45.306367" lon="14.212913">
        <ele>991.245418</ele>
        <time>2026-03-26T16:50:33.842Z</time>
      </trkpt>
      <trkpt lat="45.306173" lon="14.213084">
        <ele>992.815849</ele>
        <time>2026-03-26T16:50:46.678Z</time>
      </trkpt>
      <trkpt lat="45.305982" lon="14.213178">
        <ele>994.206457</ele>
        <time>2026-03-26T16:50:58.240Z</time>
      </trkpt>
      <trkpt lat="45.304263" lon="14.213448">
        <ele>1008.139686</ele>
        <time>2026-03-26T16:52:45.427Z</time>
      </trkpt>
      <trkpt lat="45.303971" lon="14.213441">
        <ele>1010.893627</ele>
        <time>2026-03-26T16:53:06.475Z</time>
      </trkpt>
      <trkpt lat="45.303764" lon="14.213387">
        <ele>1012.878215</ele>
        <time>2026-03-26T16:53:22.275Z</time>
      </trkpt>
      <trkpt lat="45.301595" lon="14.212260">
        <ele>1038.777812</ele>
        <time>2026-03-26T16:56:37.977Z</time>
      </trkpt>
      <trkpt lat="45.300417" lon="14.211501">
        <ele>1053.478251</ele>
        <time>2026-03-26T16:58:23.856Z</time>
      </trkpt>
      <trkpt lat="45.300188" lon="14.211411">
        <ele>1056.178774</ele>
        <time>2026-03-26T16:58:43.048Z</time>
      </trkpt>
      <trkpt lat="45.299925" lon="14.211451">
        <ele>1059.179064</ele>
        <time>2026-03-26T16:59:04.583Z</time>
      </trkpt>
      <trkpt lat="45.299098" lon="14.211398">
        <ele>1068.032463</ele>
        <time>2026-03-26T17:00:13.816Z</time>
      </trkpt>
      <trkpt lat="45.298330" lon="14.211199">
        <ele>1076.381212</ele>
        <time>2026-03-26T17:01:14.557Z</time>
      </trkpt>
      <trkpt lat="45.298172" lon="14.211205">
        <ele>1078.071559</ele>
        <time>2026-03-26T17:01:27.001Z</time>
      </trkpt>
      <trkpt lat="45.297873" lon="14.211372">
        <ele>1080.127174</ele>
        <time>2026-03-26T17:01:50.082Z</time>
      </trkpt>
      <trkpt lat="45.297768" lon="14.211460">
        <ele>1080.866773</ele>
        <time>2026-03-26T17:01:57.779Z</time>
      </trkpt>
      <trkpt lat="45.297638" lon="14.211471">
        <ele>1081.656989</ele>
        <time>2026-03-26T17:02:05.502Z</time>
      </trkpt>
      <trkpt lat="45.297554" lon="14.211432">
        <ele>1082.193182</ele>
        <time>2026-03-26T17:02:10.372Z</time>
      </trkpt>
      <trkpt lat="45.297493" lon="14.211361">
        <ele>1082.671555</ele>
        <time>2026-03-26T17:02:14.457Z</time>
      </trkpt>
      <trkpt lat="45.297455" lon="14.211211">
        <ele>1083.352052</ele>
        <time>2026-03-26T17:02:19.932Z</time>
      </trkpt>
      <trkpt lat="45.297458" lon="14.211070">
        <ele>1083.954155</ele>
        <time>2026-03-26T17:02:24.334Z</time>
      </trkpt>
      <trkpt lat="45.297495" lon="14.210938">
        <ele>1084.560653</ele>
        <time>2026-03-26T17:02:28.349Z</time>
      </trkpt>
      <trkpt lat="45.297627" lon="14.210856">
        <ele>1085.434741</ele>
        <time>2026-03-26T17:02:33.768Z</time>
      </trkpt>
      <trkpt lat="45.298578" lon="14.210796">
        <ele>1090.740319</ele>
        <time>2026-03-26T17:03:17.338Z</time>
      </trkpt>
      <trkpt lat="45.298774" lon="14.210723">
        <ele>1091.677489</ele>
        <time>2026-03-26T17:03:25.347Z</time>
      </trkpt>
      <trkpt lat="45.298955" lon="14.210592">
        <ele>1092.616931</ele>
        <time>2026-03-26T17:03:33.772Z</time>
      </trkpt>
      <trkpt lat="45.299113" lon="14.210436">
        <ele>1093.506700</ele>
        <time>2026-03-26T17:03:41.864Z</time>
      </trkpt>
      <trkpt lat="45.299489" lon="14.210186">
        <ele>1095.426648</ele>
        <time>2026-03-26T17:03:59.686Z</time>
      </trkpt>
      <trkpt lat="45.299937" lon="14.210024">
        <ele>1097.581401</ele>
        <time>2026-03-26T17:04:22.580Z</time>
      </trkpt>
      <trkpt lat="45.300384" lon="14.209947">
        <ele>1102.105850</ele>
        <time>2026-03-26T17:04:45.545Z</time>
      </trkpt>
      <trkpt lat="45.300784" lon="14.209927">
        <ele>1106.127662</ele>
        <time>2026-03-26T17:05:11.836Z</time>
      </trkpt>
      <trkpt lat="45.301215" lon="14.209980">
        <ele>1110.474656</ele>
        <time>2026-03-26T17:05:47.688Z</time>
      </trkpt>
      <trkpt lat="45.301337" lon="14.209924">
        <ele>1111.762861</ele>
        <time>2026-03-26T17:05:59.640Z</time>
      </trkpt>
      <trkpt lat="45.301420" lon="14.209788">
        <ele>1113.035460</ele>
        <time>2026-03-26T17:06:11.979Z</time>
      </trkpt>
      <trkpt lat="45.301449" lon="14.209672">
        <ele>1113.905566</ele>
        <time>2026-03-26T17:06:20.659Z</time>
      </trkpt>
      <trkpt lat="45.301495" lon="14.209113">
        <ele>1117.584624</ele>
        <time>2026-03-26T17:07:01.570Z</time>
      </trkpt>
      <trkpt lat="45.301548" lon="14.208789">
        <ele>1119.624805</ele>
        <time>2026-03-26T17:07:25.416Z</time>
      </trkpt>
      <trkpt lat="45.301649" lon="14.208402">
        <ele>1122.156461</ele>
        <time>2026-03-26T17:07:52.660Z</time>
      </trkpt>
      <trkpt lat="45.301667" lon="14.207898">
        <ele>1125.251559</ele>
        <time>2026-03-26T17:08:18.308Z</time>
      </trkpt>
      <trkpt lat="45.301702" lon="14.207636">
        <ele>1126.887172</ele>
        <time>2026-03-26T17:08:28.060Z</time>
      </trkpt>
      <trkpt lat="45.301757" lon="14.207374">
        <ele>1128.564099</ele>
        <time>2026-03-26T17:08:35.633Z</time>
      </trkpt>
      <trkpt lat="45.301852" lon="14.207081">
        <ele>1130.542847</ele>
        <time>2026-03-26T17:08:42.421Z</time>
      </trkpt>
      <trkpt lat="45.302057" lon="14.206788">
        <ele>1132.309862</ele>
        <time>2026-03-26T17:08:48.754Z</time>
      </trkpt>
      <trkpt lat="45.302269" lon="14.206601">
        <ele>1133.541834</ele>
        <time>2026-03-26T17:08:53.833Z</time>
      </trkpt>
      <trkpt lat="45.302662" lon="14.206463">
        <ele>1135.540785</ele>
        <time>2026-03-26T17:09:05.708Z</time>
      </trkpt>
      <trkpt lat="45.302751" lon="14.206326">
        <ele>1136.188518</ele>
        <time>2026-03-26T17:09:11.409Z</time>
      </trkpt>
      <trkpt lat="45.302763" lon="14.206219">
        <ele>1136.564845</ele>
        <time>2026-03-26T17:09:15.012Z</time>
      </trkpt>
      <trkpt lat="45.302709" lon="14.206048">
        <ele>1137.215876</ele>
        <time>2026-03-26T17:09:22.439Z</time>
      </trkpt>
      <trkpt lat="45.302612" lon="14.206013">
        <ele>1137.710048</ele>
        <time>2026-03-26T17:09:28.905Z</time>
      </trkpt>
      <trkpt lat="45.302537" lon="14.206031">
        <ele>1138.085638</ele>
        <time>2026-03-26T17:09:33.584Z</time>
      </trkpt>
      <trkpt lat="45.302281" lon="14.206254">
        <ele>1139.568176</ele>
        <time>2026-03-26T17:09:54.756Z</time>
      </trkpt>
      <trkpt lat="45.301652" lon="14.206711">
        <ele>1144.115253</ele>
        <time>2026-03-26T17:10:50.884Z</time>
      </trkpt>
      <trkpt lat="45.301382" lon="14.207190">
        <ele>1147.034760</ele>
        <time>2026-03-26T17:11:21.044Z</time>
      </trkpt>
      <trkpt lat="45.301004" lon="14.207435">
        <ele>1149.843864</ele>
        <time>2026-03-26T17:11:41.199Z</time>
      </trkpt>
      <trkpt lat="45.300477" lon="14.208352">
        <ele>1153.961107</ele>
        <time>2026-03-26T17:12:03.955Z</time>
      </trkpt>
      <trkpt lat="45.300271" lon="14.208491">
        <ele>1154.755408</ele>
        <time>2026-03-26T17:12:09.606Z</time>
      </trkpt>
      <trkpt lat="45.300083" lon="14.208567">
        <ele>1155.436249</ele>
        <time>2026-03-26T17:12:14.773Z</time>
      </trkpt>
      <trkpt lat="45.298879" lon="14.208685">
        <ele>1161.682030</ele>
        <time>2026-03-26T17:13:11.741Z</time>
      </trkpt>
      <trkpt lat="45.298584" lon="14.208628">
        <ele>1164.788323</ele>
        <time>2026-03-26T17:13:32.129Z</time>
      </trkpt>
      <trkpt lat="45.298183" lon="14.208470">
        <ele>1169.130032</ele>
        <time>2026-03-26T17:14:05.279Z</time>
      </trkpt>
      <trkpt lat="45.296938" lon="14.207667">
        <ele>1182.114193</ele>
        <time>2026-03-26T17:16:14.258Z</time>
      </trkpt>
      <trkpt lat="45.296745" lon="14.207570">
        <ele>1183.795089</ele>
        <time>2026-03-26T17:16:29.002Z</time>
      </trkpt>
      <trkpt lat="45.296594" lon="14.207558">
        <ele>1185.036924</ele>
        <time>2026-03-26T17:16:38.685Z</time>
      </trkpt>
      <trkpt lat="45.296489" lon="14.207605">
        <ele>1185.940835</ele>
        <time>2026-03-26T17:16:45.123Z</time>
      </trkpt>
      <trkpt lat="45.295750" lon="14.208282">
        <ele>1192.553255</ele>
        <time>2026-03-26T17:17:26.025Z</time>
      </trkpt>
      <trkpt lat="45.295441" lon="14.208454">
        <ele>1193.636766</ele>
        <time>2026-03-26T17:17:34.620Z</time>
      </trkpt>
      <trkpt lat="45.295210" lon="14.208458">
        <ele>1194.391066</ele>
        <time>2026-03-26T17:17:39.882Z</time>
      </trkpt>
      <trkpt lat="45.294980" lon="14.208543">
        <ele>1195.167008</ele>
        <time>2026-03-26T17:17:45.014Z</time>
      </trkpt>
      <trkpt lat="45.294635" lon="14.208799">
        <ele>1196.437707</ele>
        <time>2026-03-26T17:17:55.967Z</time>
      </trkpt>
      <trkpt lat="45.294469" lon="14.208810">
        <ele>1196.980307</ele>
        <time>2026-03-26T17:18:02.198Z</time>
      </trkpt>
      <trkpt lat="45.294289" lon="14.208752">
        <ele>1197.582939</ele>
        <time>2026-03-26T17:18:10.376Z</time>
      </trkpt>
      <trkpt lat="45.294068" lon="14.208735">
        <ele>1199.075831</ele>
        <time>2026-03-26T17:18:22.669Z</time>
      </trkpt>
      <trkpt lat="45.293875" lon="14.208794">
        <ele>1201.493881</ele>
        <time>2026-03-26T17:18:36.615Z</time>
      </trkpt>
      <trkpt lat="45.293654" lon="14.208805">
        <ele>1204.202508</ele>
        <time>2026-03-26T17:18:54.955Z</time>
      </trkpt>
      <trkpt lat="45.293327" lon="14.208654">
        <ele>1208.413875</ele>
        <time>2026-03-26T17:19:26.692Z</time>
      </trkpt>
      <trkpt lat="45.293081" lon="14.208333">
        <ele>1212.504091</ele>
        <time>2026-03-26T17:20:01.578Z</time>
      </trkpt>
      <trkpt lat="45.292938" lon="14.207987">
        <ele>1215.961939</ele>
        <time>2026-03-26T17:20:33.597Z</time>
      </trkpt>
      <trkpt lat="45.292806" lon="14.207871">
        <ele>1217.862790</ele>
        <time>2026-03-26T17:20:50.787Z</time>
      </trkpt>
      <trkpt lat="45.292404" lon="14.207701">
        <ele>1222.194625</ele>
        <time>2026-03-26T17:21:31.306Z</time>
      </trkpt>
      <trkpt lat="45.291950" lon="14.207715">
        <ele>1226.234777</ele>
        <time>2026-03-26T17:22:02.934Z</time>
      </trkpt>
      <trkpt lat="45.291839" lon="14.207691">
        <ele>1227.233694</ele>
        <time>2026-03-26T17:22:08.724Z</time>
      </trkpt>
      <trkpt lat="45.291683" lon="14.207524">
        <ele>1228.971180</ele>
        <time>2026-03-26T17:22:17.989Z</time>
      </trkpt>
      <trkpt lat="45.291578" lon="14.207515">
        <ele>1229.907054</ele>
        <time>2026-03-26T17:22:22.841Z</time>
      </trkpt>
      <trkpt lat="45.291179" lon="14.207619">
        <ele>1233.516112</ele>
        <time>2026-03-26T17:22:42.450Z</time>
      </trkpt>
      <trkpt lat="45.291023" lon="14.207580">
        <ele>1234.925334</ele>
        <time>2026-03-26T17:22:50.917Z</time>
      </trkpt>
      <trkpt lat="45.290916" lon="14.207488">
        <ele>1236.037912</ele>
        <time>2026-03-26T17:22:57.914Z</time>
      </trkpt>
      <trkpt lat="45.290055" lon="14.206492">
        <ele>1250.224621</ele>
        <time>2026-03-26T17:24:36.294Z</time>
      </trkpt>
      <trkpt lat="45.289880" lon="14.206319">
        <ele>1252.950566</ele>
        <time>2026-03-26T17:25:00.360Z</time>
      </trkpt>
      <trkpt lat="45.289620" lon="14.206183">
        <ele>1256.493467</ele>
        <time>2026-03-26T17:25:30.431Z</time>
      </trkpt>
      <trkpt lat="45.289208" lon="14.206027">
        <ele>1261.659675</ele>
        <time>2026-03-26T17:26:13.826Z</time>
      </trkpt>
      <trkpt lat="45.288749" lon="14.205996">
        <ele>1266.953131</ele>
        <time>2026-03-26T17:26:56.309Z</time>
      </trkpt>
      <trkpt lat="45.288236" lon="14.206056">
        <ele>1272.882651</ele>
        <time>2026-03-26T17:27:35.674Z</time>
      </trkpt>
      <trkpt lat="45.287989" lon="14.206140">
        <ele>1275.808297</ele>
        <time>2026-03-26T17:27:53.775Z</time>
      </trkpt>
      <trkpt lat="45.287517" lon="14.206732">
        <ele>1281.882405</ele>
        <time>2026-03-26T17:28:39.455Z</time>
      </trkpt>
      <trkpt lat="45.287241" lon="14.206853">
        <ele>1284.015223</ele>
        <time>2026-03-26T17:28:59.516Z</time>
      </trkpt>
      <trkpt lat="45.287159" lon="14.206820">
        <ele>1284.644541</ele>
        <time>2026-03-26T17:29:04.949Z</time>
      </trkpt>
      <trkpt lat="45.287094" lon="14.206724">
        <ele>1285.336734</ele>
        <time>2026-03-26T17:29:10.785Z</time>
      </trkpt>
      <trkpt lat="45.287047" lon="14.206583">
        <ele>1286.147326</ele>
        <time>2026-03-26T17:29:17.445Z</time>
      </trkpt>
      <trkpt lat="45.287046" lon="14.206406">
        <ele>1287.066920</ele>
        <time>2026-03-26T17:29:24.620Z</time>
      </trkpt>
      <trkpt lat="45.287117" lon="14.206254">
        <ele>1288.014800</ele>
        <time>2026-03-26T17:29:31.960Z</time>
      </trkpt>
      <trkpt lat="45.287295" lon="14.206116">
        <ele>1289.512026</ele>
        <time>2026-03-26T17:29:43.120Z</time>
      </trkpt>
      <trkpt lat="45.287627" lon="14.206014">
        <ele>1292.020239</ele>
        <time>2026-03-26T17:30:01.024Z</time>
      </trkpt>
      <trkpt lat="45.288486" lon="14.205407">
        <ele>1297.369586</ele>
        <time>2026-03-26T17:30:48.751Z</time>
      </trkpt>
      <trkpt lat="45.288876" lon="14.204994">
        <ele>1299.929986</ele>
        <time>2026-03-26T17:31:08.675Z</time>
      </trkpt>
      <trkpt lat="45.289033" lon="14.204904">
        <ele>1300.821224</ele>
        <time>2026-03-26T17:31:16.278Z</time>
      </trkpt>
      <trkpt lat="45.289347" lon="14.204867">
        <ele>1302.479993</ele>
        <time>2026-03-26T17:31:32.474Z</time>
      </trkpt>
      <trkpt lat="45.289810" lon="14.204887">
        <ele>1305.909647</ele>
        <time>2026-03-26T17:32:01.334Z</time>
      </trkpt>
      <trkpt lat="45.290054" lon="14.204867">
        <ele>1307.730408</ele>
        <time>2026-03-26T17:32:13.144Z</time>
      </trkpt>
      <trkpt lat="45.290152" lon="14.204799">
        <ele>1308.542828</ele>
        <time>2026-03-26T17:32:18.351Z</time>
      </trkpt>
      <trkpt lat="45.290270" lon="14.204573">
        <ele>1310.017867</ele>
        <time>2026-03-26T17:32:27.983Z</time>
      </trkpt>
      <trkpt lat="45.290311" lon="14.204031">
        <ele>1312.874874</ele>
        <time>2026-03-26T17:32:51.192Z</time>
      </trkpt>
      <trkpt lat="45.290318" lon="14.203200">
        <ele>1317.834116</ele>
        <time>2026-03-26T17:33:36.908Z</time>
      </trkpt>
      <trkpt lat="45.290284" lon="14.203095">
        <ele>1318.721218</ele>
        <time>2026-03-26T17:33:43.431Z</time>
      </trkpt>
      <trkpt lat="45.290110" lon="14.202940">
        <ele>1320.961337</ele>
        <time>2026-03-26T17:34:00.638Z</time>
      </trkpt>
      <trkpt lat="45.289976" lon="14.202948">
        <ele>1322.424435</ele>
        <time>2026-03-26T17:34:11.395Z</time>
      </trkpt>
      <trkpt lat="45.289825" lon="14.203015">
        <ele>1324.150089</ele>
        <time>2026-03-26T17:34:23.769Z</time>
      </trkpt>
      <trkpt lat="45.289594" lon="14.203187">
        <ele>1326.994885</ele>
        <time>2026-03-26T17:34:44.390Z</time>
      </trkpt>
      <trkpt lat="45.288988" lon="14.203938">
        <ele>1335.754620</ele>
        <time>2026-03-26T17:35:52.828Z</time>
      </trkpt>
      <trkpt lat="45.288845" lon="14.204037">
        <ele>1337.400994</ele>
        <time>2026-03-26T17:36:04.572Z</time>
      </trkpt>
      <trkpt lat="45.287888" lon="14.204416">
        <ele>1347.683862</ele>
        <time>2026-03-26T17:37:17.351Z</time>
      </trkpt>
      <trkpt lat="45.287624" lon="14.204385">
        <ele>1350.425741</ele>
        <time>2026-03-26T17:37:38.858Z</time>
      </trkpt>
      <trkpt lat="45.287496" lon="14.204285">
        <ele>1351.937567</ele>
        <time>2026-03-26T17:37:50.612Z</time>
      </trkpt>
      <trkpt lat="45.287189" lon="14.203760">
        <ele>1355.897968</ele>
        <time>2026-03-26T17:38:28.590Z</time>
      </trkpt>
      <trkpt lat="45.287043" lon="14.203437">
        <ele>1357.662192</ele>
        <time>2026-03-26T17:38:48.534Z</time>
      </trkpt>
      <trkpt lat="45.286893" lon="14.203249">
        <ele>1358.968427</ele>
        <time>2026-03-26T17:39:01.298Z</time>
      </trkpt>
      <trkpt lat="45.286533" lon="14.202897">
        <ele>1361.822451</ele>
        <time>2026-03-26T17:39:27.305Z</time>
      </trkpt>
      <trkpt lat="45.286436" lon="14.202790">
        <ele>1362.624434</ele>
        <time>2026-03-26T17:39:33.398Z</time>
      </trkpt>
      <trkpt lat="45.286370" lon="14.202674">
        <ele>1363.309993</ele>
        <time>2026-03-26T17:39:37.953Z</time>
      </trkpt>
      <trkpt lat="45.286364" lon="14.202566">
        <ele>1363.807839</ele>
        <time>2026-03-26T17:39:41.251Z</time>
      </trkpt>
      <trkpt lat="45.286357" lon="14.202495">
        <ele>1364.137299</ele>
        <time>2026-03-26T17:39:43.039Z</time>
      </trkpt>
      <trkpt lat="45.286252" lon="14.202332">
        <ele>1365.152886</ele>
        <time>2026-03-26T17:39:48.356Z</time>
      </trkpt>
      <trkpt lat="45.286118" lon="14.202236">
        <ele>1365.928089</ele>
        <time>2026-03-26T17:39:52.346Z</time>
      </trkpt>
      <trkpt lat="45.285447" lon="14.202002">
        <ele>1366.159350</ele>
        <time>2026-03-26T17:40:10.221Z</time>
      </trkpt>
      <trkpt lat="45.285140" lon="14.202002">
        <ele>1366.262109</ele>
        <time>2026-03-26T17:40:16.929Z</time>
      </trkpt>
      <trkpt lat="45.285048" lon="14.202039">
        <ele>1366.294113</ele>
        <time>2026-03-26T17:40:19.030Z</time>
      </trkpt>
      <trkpt lat="45.285140" lon="14.202002">
        <ele>1366.326116</ele>
        <time>2026-03-26T17:40:21.614Z</time>
      </trkpt>
      <trkpt lat="45.285447" lon="14.202002">
        <ele>1366.428876</ele>
        <time>2026-03-26T17:40:30.065Z</time>
      </trkpt>
      <trkpt lat="45.286118" lon="14.202236">
        <ele>1364.639121</ele>
        <time>2026-03-26T17:40:45.682Z</time>
      </trkpt>
      <trkpt lat="45.286252" lon="14.202332">
        <ele>1363.969762</ele>
        <time>2026-03-26T17:40:49.018Z</time>
      </trkpt>
      <trkpt lat="45.286357" lon="14.202495">
        <ele>1363.276188</ele>
        <time>2026-03-26T17:40:52.041Z</time>
      </trkpt>
      <trkpt lat="45.286364" lon="14.202566">
        <ele>1363.051190</ele>
        <time>2026-03-26T17:40:53.001Z</time>
      </trkpt>
      <trkpt lat="45.286370" lon="14.202674">
        <ele>1362.711196</ele>
        <time>2026-03-26T17:40:54.098Z</time>
      </trkpt>
      <trkpt lat="45.286436" lon="14.202790">
        <ele>1362.243008</ele>
        <time>2026-03-26T17:40:55.605Z</time>
      </trkpt>
      <trkpt lat="45.286533" lon="14.202897">
        <ele>1361.695310</ele>
        <time>2026-03-26T17:40:57.305Z</time>
      </trkpt>
      <trkpt lat="45.286893" lon="14.203249">
        <ele>1359.746213</ele>
        <time>2026-03-26T17:41:03.077Z</time>
      </trkpt>
      <trkpt lat="45.287043" lon="14.203437">
        <ele>1358.854147</ele>
        <time>2026-03-26T17:41:05.680Z</time>
      </trkpt>
      <trkpt lat="45.287189" lon="14.203760">
        <ele>1356.582801</ele>
        <time>2026-03-26T17:41:09.082Z</time>
      </trkpt>
      <trkpt lat="45.287496" lon="14.204285">
        <ele>1351.741904</ele>
        <time>2026-03-26T17:41:15.077Z</time>
      </trkpt>
      <trkpt lat="45.287624" lon="14.204385">
        <ele>1350.269741</ele>
        <time>2026-03-26T17:41:16.894Z</time>
      </trkpt>
      <trkpt lat="45.287888" lon="14.204416">
        <ele>1347.599795</ele>
        <time>2026-03-26T17:41:20.181Z</time>
      </trkpt>
      <trkpt lat="45.288845" lon="14.204037">
        <ele>1337.343674</ele>
        <time>2026-03-26T17:41:32.733Z</time>
      </trkpt>
      <trkpt lat="45.288988" lon="14.203938">
        <ele>1335.600377</ele>
        <time>2026-03-26T17:41:34.747Z</time>
      </trkpt>
      <trkpt lat="45.289594" lon="14.203187">
        <ele>1326.788723</ele>
        <time>2026-03-26T17:41:44.650Z</time>
      </trkpt>
      <trkpt lat="45.289825" lon="14.203015">
        <ele>1323.930633</ele>
        <time>2026-03-26T17:41:47.900Z</time>
      </trkpt>
      <trkpt lat="45.289976" lon="14.202948">
        <ele>1322.196915</ele>
        <time>2026-03-26T17:41:49.883Z</time>
      </trkpt>
      <trkpt lat="45.290110" lon="14.202940">
        <ele>1320.726980</ele>
        <time>2026-03-26T17:41:51.548Z</time>
      </trkpt>
      <trkpt lat="45.290284" lon="14.203095">
        <ele>1318.946437</ele>
        <time>2026-03-26T17:41:54.090Z</time>
      </trkpt>
      <trkpt lat="45.290318" lon="14.203200">
        <ele>1318.247551</ele>
        <time>2026-03-26T17:41:55.100Z</time>
      </trkpt>
      <trkpt lat="45.290311" lon="14.204031">
        <ele>1313.222692</ele>
        <time>2026-03-26T17:42:02.410Z</time>
      </trkpt>
      <trkpt lat="45.290270" lon="14.204573">
        <ele>1309.926690</ele>
        <time>2026-03-26T17:42:07.455Z</time>
      </trkpt>
      <trkpt lat="45.290152" lon="14.204799">
        <ele>1308.225003</ele>
        <time>2026-03-26T17:42:10.213Z</time>
      </trkpt>
      <trkpt lat="45.290054" lon="14.204867">
        <ele>1307.287750</ele>
        <time>2026-03-26T17:42:11.731Z</time>
      </trkpt>
      <trkpt lat="45.289810" lon="14.204887">
        <ele>1305.190427</ele>
        <time>2026-03-26T17:42:15.134Z</time>
      </trkpt>
      <trkpt lat="45.289347" lon="14.204867">
        <ele>1302.692335</ele>
        <time>2026-03-26T17:42:21.199Z</time>
      </trkpt>
      <trkpt lat="45.289033" lon="14.204904">
        <ele>1300.993137</ele>
        <time>2026-03-26T17:42:25.510Z</time>
      </trkpt>
      <trkpt lat="45.288876" lon="14.204994">
        <ele>1300.080178</ele>
        <time>2026-03-26T17:42:27.923Z</time>
      </trkpt>
      <trkpt lat="45.288486" lon="14.205407">
        <ele>1297.457375</ele>
        <time>2026-03-26T17:42:35.071Z</time>
      </trkpt>
      <trkpt lat="45.287627" lon="14.206014">
        <ele>1291.609863</ele>
        <time>2026-03-26T17:42:48.327Z</time>
      </trkpt>
      <trkpt lat="45.287295" lon="14.206116">
        <ele>1289.393624</ele>
        <time>2026-03-26T17:42:52.955Z</time>
      </trkpt>
      <trkpt lat="45.287117" lon="14.206254">
        <ele>1288.070686</ele>
        <time>2026-03-26T17:42:55.675Z</time>
      </trkpt>
      <trkpt lat="45.287046" lon="14.206406">
        <ele>1287.233147</ele>
        <time>2026-03-26T17:42:57.396Z</time>
      </trkpt>
      <trkpt lat="45.287047" lon="14.206583">
        <ele>1286.420600</ele>
        <time>2026-03-26T17:42:59.044Z</time>
      </trkpt>
      <trkpt lat="45.287094" lon="14.206724">
        <ele>1285.704366</ele>
        <time>2026-03-26T17:43:00.487Z</time>
      </trkpt>
      <trkpt lat="45.287159" lon="14.206820">
        <ele>1285.092750</ele>
        <time>2026-03-26T17:43:01.717Z</time>
      </trkpt>
      <trkpt lat="45.287241" lon="14.206853">
        <ele>1284.536690</ele>
        <time>2026-03-26T17:43:02.817Z</time>
      </trkpt>
      <trkpt lat="45.287517" lon="14.206732">
        <ele>1282.012616</ele>
        <time>2026-03-26T17:43:06.504Z</time>
      </trkpt>
      <trkpt lat="45.287989" lon="14.206140">
        <ele>1275.534703</ele>
        <time>2026-03-26T17:43:14.477Z</time>
      </trkpt>
      <trkpt lat="45.288236" lon="14.206056">
        <ele>1272.921145</ele>
        <time>2026-03-26T17:43:17.713Z</time>
      </trkpt>
      <trkpt lat="45.288749" lon="14.205996">
        <ele>1267.624146</ele>
        <time>2026-03-26T17:43:24.164Z</time>
      </trkpt>
      <trkpt lat="45.289208" lon="14.206027">
        <ele>1262.118912</ele>
        <time>2026-03-26T17:43:29.750Z</time>
      </trkpt>
      <trkpt lat="45.289620" lon="14.206183">
        <ele>1256.284900</ele>
        <time>2026-03-26T17:43:34.885Z</time>
      </trkpt>
      <trkpt lat="45.289880" lon="14.206319">
        <ele>1252.494061</ele>
        <time>2026-03-26T17:43:38.186Z</time>
      </trkpt>
      <trkpt lat="45.290055" lon="14.206492">
        <ele>1249.577352</ele>
        <time>2026-03-26T17:43:40.718Z</time>
      </trkpt>
      <trkpt lat="45.290916" lon="14.207488">
        <ele>1236.720070</ele>
        <time>2026-03-26T17:43:54.321Z</time>
      </trkpt>
      <trkpt lat="45.291023" lon="14.207580">
        <ele>1235.647268</ele>
        <time>2026-03-26T17:43:55.988Z</time>
      </trkpt>
      <trkpt lat="45.291179" lon="14.207619">
        <ele>1234.288428</ele>
        <time>2026-03-26T17:43:58.131Z</time>
      </trkpt>
      <trkpt lat="45.291578" lon="14.207515">
        <ele>1230.808398</ele>
        <time>2026-03-26T17:44:03.793Z</time>
      </trkpt>
      <trkpt lat="45.291683" lon="14.207524">
        <ele>1229.905983</ele>
        <time>2026-03-26T17:44:05.288Z</time>
      </trkpt>
      <trkpt lat="45.291839" lon="14.207691">
        <ele>1228.230614</ele>
        <time>2026-03-26T17:44:08.019Z</time>
      </trkpt>
      <trkpt lat="45.291950" lon="14.207715">
        <ele>1227.267409</ele>
        <time>2026-03-26T17:44:09.563Z</time>
      </trkpt>
      <trkpt lat="45.292404" lon="14.207701">
        <ele>1222.459132</ele>
        <time>2026-03-26T17:44:15.364Z</time>
      </trkpt>
      <trkpt lat="45.292806" lon="14.207871">
        <ele>1217.074451</ele>
        <time>2026-03-26T17:44:20.425Z</time>
      </trkpt>
      <trkpt lat="45.292938" lon="14.207987">
        <ele>1215.082051</ele>
        <time>2026-03-26T17:44:22.279Z</time>
      </trkpt>
      <trkpt lat="45.293081" lon="14.208333">
        <ele>1211.457668</ele>
        <time>2026-03-26T17:44:25.631Z</time>
      </trkpt>
      <trkpt lat="45.293327" lon="14.208654">
        <ele>1207.170461</ele>
        <time>2026-03-26T17:44:29.630Z</time>
      </trkpt>
      <trkpt lat="45.293654" lon="14.208805">
        <ele>1202.756269</ele>
        <time>2026-03-26T17:44:33.819Z</time>
      </trkpt>
      <trkpt lat="45.293875" lon="14.208794">
        <ele>1201.280989</ele>
        <time>2026-03-26T17:44:36.558Z</time>
      </trkpt>
      <trkpt lat="45.294068" lon="14.208735">
        <ele>1200.317507</ele>
        <time>2026-03-26T17:44:39.067Z</time>
      </trkpt>
      <trkpt lat="45.294289" lon="14.208752">
        <ele>1199.237326</ele>
        <time>2026-03-26T17:44:42.034Z</time>
      </trkpt>
      <trkpt lat="45.294469" lon="14.208810">
        <ele>1198.336540</ele>
        <time>2026-03-26T17:44:44.689Z</time>
      </trkpt>
      <trkpt lat="45.294635" lon="14.208799">
        <ele>1197.525489</ele>
        <time>2026-03-26T17:44:47.199Z</time>
      </trkpt>
      <trkpt lat="45.294980" lon="14.208543">
        <ele>1195.626107</ele>
        <time>2026-03-26T17:44:53.854Z</time>
      </trkpt>
      <trkpt lat="45.295210" lon="14.208458">
        <ele>1194.466267</ele>
        <time>2026-03-26T17:44:58.597Z</time>
      </trkpt>
      <trkpt lat="45.295441" lon="14.208454">
        <ele>1193.338726</ele>
        <time>2026-03-26T17:45:03.031Z</time>
      </trkpt>
      <trkpt lat="45.295722" lon="14.208297">
        <ele>1191.555696</ele>
        <time>2026-03-26T17:45:08.506Z</time>
      </trkpt>
      <trkpt lat="45.295750" lon="14.208282">
        <ele>1191.378989</ele>
        <time>2026-03-26T17:45:08.989Z</time>
      </trkpt>
      <trkpt lat="45.296489" lon="14.207605">
        <ele>1186.187082</ele>
        <time>2026-03-26T17:45:21.385Z</time>
      </trkpt>
      <trkpt lat="45.296594" lon="14.207558">
        <ele>1185.536986</ele>
        <time>2026-03-26T17:45:22.841Z</time>
      </trkpt>
      <trkpt lat="45.296745" lon="14.207570">
        <ele>1184.643856</ele>
        <time>2026-03-26T17:45:24.798Z</time>
      </trkpt>
      <trkpt lat="45.296938" lon="14.207667">
        <ele>1183.434951</ele>
        <time>2026-03-26T17:45:27.404Z</time>
      </trkpt>
      <trkpt lat="45.298183" lon="14.208470">
        <ele>1168.401164</ele>
        <time>2026-03-26T17:45:43.991Z</time>
      </trkpt>
      <trkpt lat="45.298584" lon="14.208628">
        <ele>1163.618581</ele>
        <time>2026-03-26T17:45:49.175Z</time>
      </trkpt>
      <trkpt lat="45.298879" lon="14.208685">
        <ele>1161.274417</ele>
        <time>2026-03-26T17:45:52.984Z</time>
      </trkpt>
      <trkpt lat="45.300083" lon="14.208567">
        <ele>1155.492919</ele>
        <time>2026-03-26T17:46:09.936Z</time>
      </trkpt>
      <trkpt lat="45.300271" lon="14.208491">
        <ele>1154.556596</ele>
        <time>2026-03-26T17:46:13.380Z</time>
      </trkpt>
      <trkpt lat="45.300477" lon="14.208352">
        <ele>1153.464235</ele>
        <time>2026-03-26T17:46:17.563Z</time>
      </trkpt>
      <trkpt lat="45.301004" lon="14.207435">
        <ele>1149.284861</ele>
        <time>2026-03-26T17:46:32.058Z</time>
      </trkpt>
      <trkpt lat="45.301382" lon="14.207190">
        <ele>1147.199492</ele>
        <time>2026-03-26T17:46:37.840Z</time>
      </trkpt>
      <trkpt lat="45.301652" lon="14.206711">
        <ele>1145.032164</ele>
        <time>2026-03-26T17:46:43.351Z</time>
      </trkpt>
      <trkpt lat="45.302281" lon="14.206254">
        <ele>1140.529473</ele>
        <time>2026-03-26T17:46:52.148Z</time>
      </trkpt>
      <trkpt lat="45.302537" lon="14.206031">
        <ele>1138.527334</ele>
        <time>2026-03-26T17:46:55.979Z</time>
      </trkpt>
      <trkpt lat="45.302612" lon="14.206013">
        <ele>1138.020107</ele>
        <time>2026-03-26T17:46:56.968Z</time>
      </trkpt>
      <trkpt lat="45.302709" lon="14.206048">
        <ele>1137.352737</ele>
        <time>2026-03-26T17:46:58.259Z</time>
      </trkpt>
      <trkpt lat="45.302763" lon="14.206219">
        <ele>1136.473533</ele>
        <time>2026-03-26T17:47:00.028Z</time>
      </trkpt>
      <trkpt lat="45.302751" lon="14.206326">
        <ele>1135.965310</ele>
        <time>2026-03-26T17:47:01.102Z</time>
      </trkpt>
      <trkpt lat="45.302662" lon="14.206463">
        <ele>1135.090559</ele>
        <time>2026-03-26T17:47:02.992Z</time>
      </trkpt>
      <trkpt lat="45.302269" lon="14.206601">
        <ele>1132.392273</ele>
        <time>2026-03-26T17:47:09.802Z</time>
      </trkpt>
      <trkpt lat="45.302057" lon="14.206788">
        <ele>1130.881876</ele>
        <time>2026-03-26T17:47:14.992Z</time>
      </trkpt>
      <trkpt lat="45.301852" lon="14.207081">
        <ele>1129.122078</ele>
        <time>2026-03-26T17:47:20.720Z</time>
      </trkpt>
      <trkpt lat="45.301757" lon="14.207374">
        <ele>1127.748245</ele>
        <time>2026-03-26T17:47:24.502Z</time>
      </trkpt>
      <trkpt lat="45.301702" lon="14.207636">
        <ele>1126.583964</ele>
        <time>2026-03-26T17:47:27.366Z</time>
      </trkpt>
      <trkpt lat="45.301667" lon="14.207898">
        <ele>1125.448367</ele>
        <time>2026-03-26T17:47:29.929Z</time>
      </trkpt>
      <trkpt lat="45.301649" lon="14.208402">
        <ele>1123.299458</ele>
        <time>2026-03-26T17:47:34.427Z</time>
      </trkpt>
      <trkpt lat="45.301548" lon="14.208789">
        <ele>1121.541743</ele>
        <time>2026-03-26T17:47:37.955Z</time>
      </trkpt>
      <trkpt lat="45.301495" lon="14.209113">
        <ele>1118.854820</ele>
        <time>2026-03-26T17:47:40.769Z</time>
      </trkpt>
      <trkpt lat="45.301449" lon="14.209672">
        <ele>1114.268472</ele>
        <time>2026-03-26T17:47:45.517Z</time>
      </trkpt>
      <trkpt lat="45.301420" lon="14.209788">
        <ele>1113.265257</ele>
        <time>2026-03-26T17:47:46.556Z</time>
      </trkpt>
      <trkpt lat="45.301337" lon="14.209924">
        <ele>1111.797974</ele>
        <time>2026-03-26T17:47:48.091Z</time>
      </trkpt>
      <trkpt lat="45.301215" lon="14.209980">
        <ele>1110.312699</ele>
        <time>2026-03-26T17:47:49.643Z</time>
      </trkpt>
      <trkpt lat="45.300784" lon="14.209927">
        <ele>1105.300698</ele>
        <time>2026-03-26T17:47:55.009Z</time>
      </trkpt>
      <trkpt lat="45.300384" lon="14.209947">
        <ele>1100.671154</ele>
        <time>2026-03-26T17:48:00.166Z</time>
      </trkpt>
      <trkpt lat="45.299937" lon="14.210024">
        <ele>1098.289126</ele>
        <time>2026-03-26T17:48:06.355Z</time>
      </trkpt>
      <trkpt lat="45.299489" lon="14.210186">
        <ele>1095.843639</ele>
        <time>2026-03-26T17:48:12.759Z</time>
      </trkpt>
      <trkpt lat="45.299113" lon="14.210436">
        <ele>1093.647719</ele>
        <time>2026-03-26T17:48:18.751Z</time>
      </trkpt>
      <trkpt lat="45.298955" lon="14.210592">
        <ele>1092.630055</ele>
        <time>2026-03-26T17:48:21.556Z</time>
      </trkpt>
      <trkpt lat="45.298774" lon="14.210723">
        <ele>1091.555578</ele>
        <time>2026-03-26T17:48:24.529Z</time>
      </trkpt>
      <trkpt lat="45.298578" lon="14.210796">
        <ele>1090.508365</ele>
        <time>2026-03-26T17:48:27.533Z</time>
      </trkpt>
      <trkpt lat="45.297627" lon="14.210856">
        <ele>1085.655465</ele>
        <time>2026-03-26T17:48:41.038Z</time>
      </trkpt>
      <trkpt lat="45.297495" lon="14.210938">
        <ele>1084.921097</ele>
        <time>2026-03-26T17:48:43.202Z</time>
      </trkpt>
      <trkpt lat="45.297458" lon="14.211070">
        <ele>1084.411546</ele>
        <time>2026-03-26T17:48:44.679Z</time>
      </trkpt>
      <trkpt lat="45.297455" lon="14.211211">
        <ele>1083.905686</ele>
        <time>2026-03-26T17:48:46.106Z</time>
      </trkpt>
      <trkpt lat="45.297493" lon="14.211361">
        <ele>1083.333964</ele>
        <time>2026-03-26T17:48:47.670Z</time>
      </trkpt>
      <trkpt lat="45.297554" lon="14.211432">
        <ele>1082.932057</ele>
        <time>2026-03-26T17:48:48.747Z</time>
      </trkpt>
      <trkpt lat="45.297638" lon="14.211471">
        <ele>1082.481572</ele>
        <time>2026-03-26T17:48:49.929Z</time>
      </trkpt>
      <trkpt lat="45.297768" lon="14.211460">
        <ele>1081.652924</ele>
        <time>2026-03-26T17:48:51.656Z</time>
      </trkpt>
      <trkpt lat="45.297873" lon="14.211372">
        <ele>1080.447335</ele>
        <time>2026-03-26T17:48:53.239Z</time>
      </trkpt>
      <trkpt lat="45.298172" lon="14.211205">
        <ele>1077.269888</ele>
        <time>2026-03-26T17:48:57.312Z</time>
      </trkpt>
      <trkpt lat="45.298330" lon="14.211199">
        <ele>1075.706562</ele>
        <time>2026-03-26T17:48:59.289Z</time>
      </trkpt>
      <trkpt lat="45.299098" lon="14.211398">
        <ele>1067.985177</ele>
        <time>2026-03-26T17:49:09.055Z</time>
      </trkpt>
      <trkpt lat="45.299925" lon="14.211451">
        <ele>1059.165138</ele>
        <time>2026-03-26T17:49:19.273Z</time>
      </trkpt>
      <trkpt lat="45.300188" lon="14.211411">
        <ele>1056.173721</ele>
        <time>2026-03-26T17:49:22.565Z</time>
      </trkpt>
      <trkpt lat="45.300417" lon="14.211501">
        <ele>1053.486665</ele>
        <time>2026-03-26T17:49:25.522Z</time>
      </trkpt>
      <trkpt lat="45.301595" lon="14.212260">
        <ele>1038.698735</ele>
        <time>2026-03-26T17:49:41.548Z</time>
      </trkpt>
      <trkpt lat="45.303764" lon="14.213387">
        <ele>1013.006833</ele>
        <time>2026-03-26T17:50:10.029Z</time>
      </trkpt>
      <trkpt lat="45.303971" lon="14.213441">
        <ele>1010.829613</ele>
        <time>2026-03-26T17:50:12.668Z</time>
      </trkpt>
      <trkpt lat="45.304263" lon="14.213448">
        <ele>1007.808365</ele>
        <time>2026-03-26T17:50:16.374Z</time>
      </trkpt>
      <trkpt lat="45.305982" lon="14.213178">
        <ele>994.041295</ele>
        <time>2026-03-26T17:50:38.998Z</time>
      </trkpt>
      <trkpt lat="45.306173" lon="14.213084">
        <ele>992.551744</ele>
        <time>2026-03-26T17:50:41.699Z</time>
      </trkpt>
      <trkpt lat="45.306367" lon="14.212913">
        <ele>990.887654</ele>
        <time>2026-03-26T17:50:44.746Z</time>
      </trkpt>
      <trkpt lat="45.306610" lon="14.212609">
        <ele>988.829269</ele>
        <time>2026-03-26T17:50:49.107Z</time>
      </trkpt>
      <trkpt lat="45.306822" lon="14.212266">
        <ele>986.786900</ele>
        <time>2026-03-26T17:50:53.613Z</time>
      </trkpt>
      <trkpt lat="45.306948" lon="14.211997">
        <ele>985.341333</ele>
        <time>2026-03-26T17:50:56.845Z</time>
      </trkpt>
      <trkpt lat="45.306985" lon="14.211832">
        <ele>984.566734</ele>
        <time>2026-03-26T17:50:58.536Z</time>
      </trkpt>
      <trkpt lat="45.307004" lon="14.211592">
        <ele>983.486509</ele>
        <time>2026-03-26T17:51:00.845Z</time>
      </trkpt>
      <trkpt lat="45.306936" lon="14.211166">
        <ele>981.532684</ele>
        <time>2026-03-26T17:51:04.892Z</time>
      </trkpt>
      <trkpt lat="45.306872" lon="14.210937">
        <ele>980.430531</ele>
        <time>2026-03-26T17:51:07.151Z</time>
      </trkpt>
      <trkpt lat="45.306885" lon="14.210740">
        <ele>979.548438</ele>
        <time>2026-03-26T17:51:08.945Z</time>
      </trkpt>
      <trkpt lat="45.306946" lon="14.210462">
        <ele>978.462359</ele>
        <time>2026-03-26T17:51:11.595Z</time>
      </trkpt>
      <trkpt lat="45.307151" lon="14.209847">
        <ele>975.924173</ele>
        <time>2026-03-26T17:51:17.914Z</time>
      </trkpt>
      <trkpt lat="45.307212" lon="14.209447">
        <ele>974.397727</ele>
        <time>2026-03-26T17:51:21.798Z</time>
      </trkpt>
      <trkpt lat="45.307194" lon="14.209199">
        <ele>973.467911</ele>
        <time>2026-03-26T17:51:24.151Z</time>
      </trkpt>
      <trkpt lat="45.307105" lon="14.208906">
        <ele>972.277622</ele>
        <time>2026-03-26T17:51:27.241Z</time>
      </trkpt>
      <trkpt lat="45.306389" lon="14.207099">
        <ele>967.250270</ele>
        <time>2026-03-26T17:51:53.134Z</time>
      </trkpt>
      <trkpt lat="45.306344" lon="14.206916">
        <ele>966.884332</ele>
        <time>2026-03-26T17:51:55.323Z</time>
      </trkpt>
      <trkpt lat="45.306345" lon="14.206737">
        <ele>966.546438</ele>
        <time>2026-03-26T17:51:57.224Z</time>
      </trkpt>
      <trkpt lat="45.306582" lon="14.206971">
        <ele>965.772038</ele>
        <time>2026-03-26T17:52:05.728Z</time>
      </trkpt>
      <trkpt lat="45.306606" lon="14.207228">
        <ele>965.282665</ele>
        <time>2026-03-26T17:52:08.257Z</time>
      </trkpt>
      <trkpt lat="45.306828" lon="14.207782">
        <ele>963.477417</ele>
        <time>2026-03-26T17:52:14.312Z</time>
      </trkpt>
      <trkpt lat="45.307011" lon="14.208160">
        <ele>962.145354</ele>
        <time>2026-03-26T17:52:18.847Z</time>
      </trkpt>
      <trkpt lat="45.307394" lon="14.208681">
        <ele>959.957692</ele>
        <time>2026-03-26T17:52:26.806Z</time>
      </trkpt>
      <trkpt lat="45.307446" lon="14.208833">
        <ele>959.467050</ele>
        <time>2026-03-26T17:52:28.606Z</time>
      </trkpt>
      <trkpt lat="45.307556" lon="14.209469">
        <ele>957.433263</ele>
        <time>2026-03-26T17:52:35.703Z</time>
      </trkpt>
      <trkpt lat="45.307632" lon="14.209745">
        <ele>956.025497</ele>
        <time>2026-03-26T17:52:38.834Z</time>
      </trkpt>
      <trkpt lat="45.307759" lon="14.210463">
        <ele>952.509138</ele>
        <time>2026-03-26T17:52:46.150Z</time>
      </trkpt>
      <trkpt lat="45.307846" lon="14.210686">
        <ele>951.297950</ele>
        <time>2026-03-26T17:52:48.562Z</time>
      </trkpt>
      <trkpt lat="45.307940" lon="14.210814">
        <ele>950.418995</ele>
        <time>2026-03-26T17:52:50.283Z</time>
      </trkpt>
      <trkpt lat="45.308000" lon="14.210856">
        <ele>949.967362</ele>
        <time>2026-03-26T17:52:51.160Z</time>
      </trkpt>
      <trkpt lat="45.308556" lon="14.211055">
        <ele>946.095447</ele>
        <time>2026-03-26T17:52:58.421Z</time>
      </trkpt>
      <trkpt lat="45.308633" lon="14.211160">
        <ele>945.345471</ele>
        <time>2026-03-26T17:52:59.758Z</time>
      </trkpt>
      <trkpt lat="45.308678" lon="14.211273">
        <ele>944.656764</ele>
        <time>2026-03-26T17:53:00.893Z</time>
      </trkpt>
      <trkpt lat="45.308725" lon="14.211518">
        <ele>943.309926</ele>
        <time>2026-03-26T17:53:03.120Z</time>
      </trkpt>
      <trkpt lat="45.308741" lon="14.211871">
        <ele>941.433896</ele>
        <time>2026-03-26T17:53:06.223Z</time>
      </trkpt>
      <trkpt lat="45.308819" lon="14.212156">
        <ele>939.811974</ele>
        <time>2026-03-26T17:53:08.959Z</time>
      </trkpt>
      <trkpt lat="45.309271" lon="14.212909">
        <ele>934.561581</ele>
        <time>2026-03-26T17:53:18.277Z</time>
      </trkpt>
      <trkpt lat="45.309429" lon="14.213290">
        <ele>932.215827</ele>
        <time>2026-03-26T17:53:22.637Z</time>
      </trkpt>
      <trkpt lat="45.309470" lon="14.213578">
        <ele>931.671257</ele>
        <time>2026-03-26T17:53:25.573Z</time>
      </trkpt>
      <trkpt lat="45.309447" lon="14.213769">
        <ele>931.384240</ele>
        <time>2026-03-26T17:53:27.560Z</time>
      </trkpt>
      <trkpt lat="45.309355" lon="14.213968">
        <ele>931.031509</ele>
        <time>2026-03-26T17:53:30.099Z</time>
      </trkpt>
      <trkpt lat="45.309233" lon="14.214102">
        <ele>930.706839</ele>
        <time>2026-03-26T17:53:32.551Z</time>
      </trkpt>
      <trkpt lat="45.309249" lon="14.214173">
        <ele>930.596410</ele>
        <time>2026-03-26T17:53:33.975Z</time>
      </trkpt>
      <trkpt lat="45.309260" lon="14.214225">
        <ele>930.515981</ele>
        <time>2026-03-26T17:53:34.613Z</time>
      </trkpt>
      <trkpt lat="45.309298" lon="14.214406">
        <ele>930.236201</ele>
        <time>2026-03-26T17:53:37.031Z</time>
      </trkpt>
      <trkpt lat="45.309260" lon="14.214225">
        <ele>929.956421</ele>
        <time>2026-03-26T17:53:39.522Z</time>
      </trkpt>
      <trkpt lat="45.309249" lon="14.214173">
        <ele>929.875992</ele>
        <time>2026-03-26T17:53:40.261Z</time>
      </trkpt>
      <trkpt lat="45.309233" lon="14.214102">
        <ele>929.765563</ele>
        <time>2026-03-26T17:53:41.956Z</time>
      </trkpt>
      <trkpt lat="45.309355" lon="14.213968">
        <ele>929.440893</ele>
        <time>2026-03-26T17:53:45.457Z</time>
      </trkpt>
      <trkpt lat="45.309447" lon="14.213769">
        <ele>929.088161</ele>
        <time>2026-03-26T17:53:48.875Z</time>
      </trkpt>
      <trkpt lat="45.309470" lon="14.213578">
        <ele>928.801144</ele>
        <time>2026-03-26T17:53:51.477Z</time>
      </trkpt>
      <trkpt lat="45.309429" lon="14.213290">
        <ele>928.365921</ele>
        <time>2026-03-26T17:53:55.218Z</time>
      </trkpt>
      <trkpt lat="45.309736" lon="14.213029">
        <ele>927.130161</ele>
        <time>2026-03-26T17:54:02.101Z</time>
      </trkpt>
      <trkpt lat="45.309829" lon="14.212782">
        <ele>926.413424</ele>
        <time>2026-03-26T17:54:05.733Z</time>
      </trkpt>
      <trkpt lat="45.309878" lon="14.212713">
        <ele>926.162570</ele>
        <time>2026-03-26T17:54:06.946Z</time>
      </trkpt>
      <trkpt lat="45.309929" lon="14.212693">
        <ele>925.970127</ele>
        <time>2026-03-26T17:54:07.866Z</time>
      </trkpt>
      <trkpt lat="45.310108" lon="14.212719">
        <ele>925.315613</ele>
        <time>2026-03-26T17:54:10.997Z</time>
      </trkpt>
      <trkpt lat="45.310159" lon="14.212697">
        <ele>925.121748</ele>
        <time>2026-03-26T17:54:11.918Z</time>
      </trkpt>
      <trkpt lat="45.310200" lon="14.212645">
        <ele>924.921901</ele>
        <time>2026-03-26T17:54:12.856Z</time>
      </trkpt>
      <trkpt lat="45.310205" lon="14.212543">
        <ele>924.660333</ele>
        <time>2026-03-26T17:54:14.091Z</time>
      </trkpt>
      <trkpt lat="45.310092" lon="14.211875">
        <ele>922.902721</ele>
        <time>2026-03-26T17:54:22.388Z</time>
      </trkpt>
      <trkpt lat="45.310081" lon="14.211475">
        <ele>921.878661</ele>
        <time>2026-03-26T17:54:27.172Z</time>
      </trkpt>
      <trkpt lat="45.310054" lon="14.211333">
        <ele>921.271531</ele>
        <time>2026-03-26T17:54:28.885Z</time>
      </trkpt>
      <trkpt lat="45.309984" lon="14.211205">
        <ele>920.442229</ele>
        <time>2026-03-26T17:54:30.744Z</time>
      </trkpt>
      <trkpt lat="45.309925" lon="14.211170">
        <ele>919.977307</ele>
        <time>2026-03-26T17:54:31.772Z</time>
      </trkpt>
      <trkpt lat="45.309793" lon="14.211160">
        <ele>919.015974</ele>
        <time>2026-03-26T17:54:33.891Z</time>
      </trkpt>
      <trkpt lat="45.309553" lon="14.211009">
        <ele>917.107340</ele>
        <time>2026-03-26T17:54:38.085Z</time>
      </trkpt>
      <trkpt lat="45.309439" lon="14.210857">
        <ele>915.970797</ele>
        <time>2026-03-26T17:54:40.571Z</time>
      </trkpt>
      <trkpt lat="45.309427" lon="14.210778">
        <ele>915.557426</ele>
        <time>2026-03-26T17:54:41.471Z</time>
      </trkpt>
      <trkpt lat="45.309442" lon="14.210611">
        <ele>914.696350</ele>
        <time>2026-03-26T17:54:43.354Z</time>
      </trkpt>
      <trkpt lat="45.309702" lon="14.210086">
        <ele>911.412237</ele>
        <time>2026-03-26T17:54:50.464Z</time>
      </trkpt>
      <trkpt lat="45.309795" lon="14.209974">
        <ele>910.525909</ele>
        <time>2026-03-26T17:54:52.362Z</time>
      </trkpt>
      <trkpt lat="45.310429" lon="14.209643">
        <ele>905.059087</ele>
        <time>2026-03-26T17:55:02.363Z</time>
      </trkpt>
      <trkpt lat="45.310653" lon="14.209574">
        <ele>903.087758</ele>
        <time>2026-03-26T17:55:05.700Z</time>
      </trkpt>
      <trkpt lat="45.311055" lon="14.209393">
        <ele>899.460933</ele>
        <time>2026-03-26T17:55:11.916Z</time>
      </trkpt>
      <trkpt lat="45.311546" lon="14.209244">
        <ele>895.142708</ele>
        <time>2026-03-26T17:55:19.755Z</time>
      </trkpt>
      <trkpt lat="45.311793" lon="14.209096">
        <ele>893.102890</ele>
        <time>2026-03-26T17:55:24.224Z</time>
      </trkpt>
      <trkpt lat="45.311883" lon="14.208947">
        <ele>892.829069</ele>
        <time>2026-03-26T17:55:26.621Z</time>
      </trkpt>
      <trkpt lat="45.311996" lon="14.208769">
        <ele>892.494771</ele>
        <time>2026-03-26T17:55:29.697Z</time>
      </trkpt>
      <trkpt lat="45.312266" lon="14.208605">
        <ele>891.912751</ele>
        <time>2026-03-26T17:55:35.532Z</time>
      </trkpt>
      <trkpt lat="45.312283" lon="14.208593">
        <ele>891.875127</ele>
        <time>2026-03-26T17:55:35.971Z</time>
      </trkpt>
      <trkpt lat="45.312485" lon="14.208497">
        <ele>891.452920</ele>
        <time>2026-03-26T17:55:40.945Z</time>
      </trkpt>
      <trkpt lat="45.312594" lon="14.208488">
        <ele>891.236480</ele>
        <time>2026-03-26T17:55:43.735Z</time>
      </trkpt>
      <trkpt lat="45.312756" lon="14.208553">
        <ele>890.902800</ele>
        <time>2026-03-26T17:55:48.370Z</time>
      </trkpt>
      <trkpt lat="45.313012" lon="14.208715">
        <ele>890.347336</ele>
        <time>2026-03-26T17:55:55.823Z</time>
      </trkpt>
      <trkpt lat="45.313514" lon="14.208828">
        <ele>888.974871</ele>
        <time>2026-03-26T17:56:05.816Z</time>
      </trkpt>
      <trkpt lat="45.313658" lon="14.208913">
        <ele>888.258721</ele>
        <time>2026-03-26T17:56:08.490Z</time>
      </trkpt>
      <trkpt lat="45.313755" lon="14.209015">
        <ele>887.704591</ele>
        <time>2026-03-26T17:56:10.514Z</time>
      </trkpt>
      <trkpt lat="45.313854" lon="14.209042">
        <ele>887.241571</ele>
        <time>2026-03-26T17:56:12.219Z</time>
      </trkpt>
      <trkpt lat="45.314136" lon="14.208977">
        <ele>885.929367</ele>
        <time>2026-03-26T17:56:17.008Z</time>
      </trkpt>
      <trkpt lat="45.314347" lon="14.208877">
        <ele>884.907782</ele>
        <time>2026-03-26T17:56:20.691Z</time>
      </trkpt>
      <trkpt lat="45.314762" lon="14.208949">
        <ele>882.987446</ele>
        <time>2026-03-26T17:56:27.567Z</time>
      </trkpt>
      <trkpt lat="45.314879" lon="14.208941">
        <ele>882.449414</ele>
        <time>2026-03-26T17:56:29.490Z</time>
      </trkpt>
      <trkpt lat="45.314934" lon="14.208887">
        <ele>882.142422</ele>
        <time>2026-03-26T17:56:30.586Z</time>
      </trkpt>
      <trkpt lat="45.314969" lon="14.208616">
        <ele>881.213780</ele>
        <time>2026-03-26T17:56:33.710Z</time>
      </trkpt>
      <trkpt lat="45.314858" lon="14.207817">
        <ele>877.593703</ele>
        <time>2026-03-26T17:56:42.929Z</time>
      </trkpt>
      <trkpt lat="45.314885" lon="14.207702">
        <ele>877.054808</ele>
        <time>2026-03-26T17:56:44.317Z</time>
      </trkpt>
      <trkpt lat="45.315066" lon="14.207484">
        <ele>875.555541</ele>
        <time>2026-03-26T17:56:48.146Z</time>
      </trkpt>
      <trkpt lat="45.315119" lon="14.207353">
        <ele>874.883775</ele>
        <time>2026-03-26T17:56:49.851Z</time>
      </trkpt>
      <trkpt lat="45.315129" lon="14.207216">
        <ele>874.271561</ele>
        <time>2026-03-26T17:56:51.371Z</time>
      </trkpt>
      <trkpt lat="45.315091" lon="14.206727">
        <ele>872.084805</ele>
        <time>2026-03-26T17:56:56.816Z</time>
      </trkpt>
      <trkpt lat="45.315119" lon="14.206615">
        <ele>871.556459</ele>
        <time>2026-03-26T17:56:58.137Z</time>
      </trkpt>
      <trkpt lat="45.315344" lon="14.206527">
        <ele>870.081470</ele>
        <time>2026-03-26T17:57:01.875Z</time>
      </trkpt>
      <trkpt lat="45.315452" lon="14.206446">
        <ele>869.482258</ele>
        <time>2026-03-26T17:57:03.803Z</time>
      </trkpt>
      <trkpt lat="45.315601" lon="14.206174">
        <ele>868.340536</ele>
        <time>2026-03-26T17:57:07.677Z</time>
      </trkpt>
      <trkpt lat="45.315722" lon="14.205767">
        <ele>866.877323</ele>
        <time>2026-03-26T17:57:12.757Z</time>
      </trkpt>
      <trkpt lat="45.315958" lon="14.205656">
        <ele>865.706802</ele>
        <time>2026-03-26T17:57:16.949Z</time>
      </trkpt>
      <trkpt lat="45.316047" lon="14.205579">
        <ele>865.216237</ele>
        <time>2026-03-26T17:57:18.681Z</time>
      </trkpt>
      <trkpt lat="45.316163" lon="14.205318">
        <ele>864.193832</ele>
        <time>2026-03-26T17:57:22.331Z</time>
      </trkpt>
      <trkpt lat="45.316416" lon="14.205084">
        <ele>862.772656</ele>
        <time>2026-03-26T17:57:27.589Z</time>
      </trkpt>
      <trkpt lat="45.316481" lon="14.204836">
        <ele>861.896267</ele>
        <time>2026-03-26T17:57:30.952Z</time>
      </trkpt>
      <trkpt lat="45.316546" lon="14.204758">
        <ele>861.517708</ele>
        <time>2026-03-26T17:57:32.558Z</time>
      </trkpt>
      <trkpt lat="45.317169" lon="14.204546">
        <ele>861.671770</ele>
        <time>2026-03-26T17:57:45.063Z</time>
      </trkpt>
      <trkpt lat="45.317318" lon="14.204454">
        <ele>861.710836</ele>
        <time>2026-03-26T17:57:48.796Z</time>
      </trkpt>
      <trkpt lat="45.317394" lon="14.204359">
        <ele>861.735171</ele>
        <time>2026-03-26T17:57:51.472Z</time>
      </trkpt>
      <trkpt lat="45.317657" lon="14.204201">
        <ele>861.803835</ele>
        <time>2026-03-26T17:58:00.491Z</time>
      </trkpt>
      <trkpt lat="45.317687" lon="14.204159">
        <ele>861.813960</ele>
        <time>2026-03-26T17:58:01.952Z</time>
      </trkpt>
      <trkpt lat="45.317806" lon="14.203778">
        <ele>861.884463</ele>
        <time>2026-03-26T17:58:12.900Z</time>
      </trkpt>
      <trkpt lat="45.317971" lon="14.203591">
        <ele>861.935205</ele>
        <time>2026-03-26T17:58:21.156Z</time>
      </trkpt>
      <trkpt lat="45.318309" lon="14.203328">
        <ele>862.487853</ele>
        <time>2026-03-26T17:58:36.053Z</time>
      </trkpt>
      <trkpt lat="45.318756" lon="14.202948">
        <ele>863.345615</ele>
        <time>2026-03-26T17:58:55.161Z</time>
      </trkpt>
      <trkpt lat="45.319095" lon="14.202728">
        <ele>863.959366</ele>
        <time>2026-03-26T17:59:07.464Z</time>
      </trkpt>
      <trkpt lat="45.319370" lon="14.202619">
        <ele>864.429578</ele>
        <time>2026-03-26T17:59:15.345Z</time>
      </trkpt>
      <trkpt lat="45.319641" lon="14.202443">
        <ele>864.921677</ele>
        <time>2026-03-26T17:59:22.697Z</time>
      </trkpt>
      <trkpt lat="45.319865" lon="14.202241">
        <ele>865.430097</ele>
        <time>2026-03-26T17:59:28.993Z</time>
      </trkpt>
      <trkpt lat="45.320271" lon="14.202070">
        <ele>866.241754</ele>
        <time>2026-03-26T17:59:40.800Z</time>
      </trkpt>
      <trkpt lat="45.320459" lon="14.201934">
        <ele>866.646064</ele>
        <time>2026-03-26T17:59:47.778Z</time>
      </trkpt>
      <trkpt lat="45.320649" lon="14.201657">
        <ele>867.167631</ele>
        <time>2026-03-26T17:59:57.395Z</time>
      </trkpt>
      <trkpt lat="45.320695" lon="14.201216">
        <ele>867.768523</ele>
        <time>2026-03-26T18:00:09.460Z</time>
      </trkpt>
      <trkpt lat="45.320736" lon="14.201128">
        <ele>867.910806</ele>
        <time>2026-03-26T18:00:12.502Z</time>
      </trkpt>
      <trkpt lat="45.320863" lon="14.201070">
        <ele>868.166490</ele>
        <time>2026-03-26T18:00:18.078Z</time>
      </trkpt>
      <trkpt lat="45.320984" lon="14.201059">
        <ele>868.436675</ele>
        <time>2026-03-26T18:00:23.332Z</time>
      </trkpt>
      <trkpt lat="45.321209" lon="14.201038">
        <ele>869.283090</ele>
        <time>2026-03-26T18:00:33.523Z</time>
      </trkpt>
      <trkpt lat="45.321668" lon="14.200757">
        <ele>871.158920</ele>
        <time>2026-03-26T18:00:57.472Z</time>
      </trkpt>
      <trkpt lat="45.322083" lon="14.200651">
        <ele>872.741659</ele>
        <time>2026-03-26T18:01:17.745Z</time>
      </trkpt>
      <trkpt lat="45.322243" lon="14.200570">
        <ele>873.379177</ele>
        <time>2026-03-26T18:01:25.535Z</time>
      </trkpt>
      <trkpt lat="45.322306" lon="14.200523">
        <ele>873.646225</ele>
        <time>2026-03-26T18:01:28.771Z</time>
      </trkpt>
      <trkpt lat="45.322419" lon="14.200336">
        <ele>874.297012</ele>
        <time>2026-03-26T18:01:36.355Z</time>
      </trkpt>
      <trkpt lat="45.322537" lon="14.200210">
        <ele>874.850902</ele>
        <time>2026-03-26T18:01:42.550Z</time>
      </trkpt>
      <trkpt lat="45.322832" lon="14.200068">
        <ele>875.147404</ele>
        <time>2026-03-26T18:01:54.578Z</time>
      </trkpt>
      <trkpt lat="45.323321" lon="14.199735">
        <ele>875.228512</ele>
        <time>2026-03-26T18:02:11.454Z</time>
      </trkpt>
      <trkpt lat="45.323395" lon="14.199629">
        <ele>875.244224</ele>
        <time>2026-03-26T18:02:14.069Z</time>
      </trkpt>
      <trkpt lat="45.323562" lon="14.199206">
        <ele>875.295251</ele>
        <time>2026-03-26T18:02:21.626Z</time>
      </trkpt>
      <trkpt lat="45.323825" lon="14.198758">
        <ele>875.356639</ele>
        <time>2026-03-26T18:02:29.906Z</time>
      </trkpt>
      <trkpt lat="45.324059" lon="14.198434">
        <ele>874.719061</ele>
        <time>2026-03-26T18:02:35.970Z</time>
      </trkpt>
      <trkpt lat="45.324098" lon="14.198177">
        <ele>873.994361</ele>
        <time>2026-03-26T18:02:39.290Z</time>
      </trkpt>
      <trkpt lat="45.324079" lon="14.197805">
        <ele>872.966289</ele>
        <time>2026-03-26T18:02:43.962Z</time>
      </trkpt>
      <trkpt lat="45.324051" lon="14.197660">
        <ele>872.551815</ele>
        <time>2026-03-26T18:02:45.823Z</time>
      </trkpt>
      <trkpt lat="45.323748" lon="14.197035">
        <ele>870.459246</ele>
        <time>2026-03-26T18:02:55.192Z</time>
      </trkpt>
      <trkpt lat="45.323251" lon="14.196415">
        <ele>867.520259</ele>
        <time>2026-03-26T18:03:06.186Z</time>
      </trkpt>
      <trkpt lat="45.322989" lon="14.195713">
        <ele>863.680662</ele>
        <time>2026-03-26T18:03:15.035Z</time>
      </trkpt>
      <trkpt lat="45.322990" lon="14.195599">
        <ele>863.129875</ele>
        <time>2026-03-26T18:03:16.295Z</time>
      </trkpt>
      <trkpt lat="45.323217" lon="14.194659">
        <ele>858.328268</ele>
        <time>2026-03-26T18:03:27.271Z</time>
      </trkpt>
      <trkpt lat="45.323266" lon="14.194612">
        <ele>857.922176</ele>
        <time>2026-03-26T18:03:28.191Z</time>
      </trkpt>
      <trkpt lat="45.323391" lon="14.194578">
        <ele>857.047731</ele>
        <time>2026-03-26T18:03:30.170Z</time>
      </trkpt>
      <trkpt lat="45.323756" lon="14.194725">
        <ele>854.610912</ele>
        <time>2026-03-26T18:03:35.985Z</time>
      </trkpt>
      <trkpt lat="45.323938" lon="14.194718">
        <ele>853.498766</ele>
        <time>2026-03-26T18:03:38.814Z</time>
      </trkpt>
      <trkpt lat="45.324038" lon="14.194670">
        <ele>852.854070</ele>
        <time>2026-03-26T18:03:40.483Z</time>
      </trkpt>
      <trkpt lat="45.324218" lon="14.194507">
        <ele>851.550601</ele>
        <time>2026-03-26T18:03:43.920Z</time>
      </trkpt>
      <trkpt lat="45.324387" lon="14.194439">
        <ele>850.477755</ele>
        <time>2026-03-26T18:03:46.835Z</time>
      </trkpt>
      <trkpt lat="45.324530" lon="14.194452">
        <ele>849.602462</ele>
        <time>2026-03-26T18:03:49.223Z</time>
      </trkpt>
      <trkpt lat="45.324848" lon="14.194644">
        <ele>847.492193</ele>
        <time>2026-03-26T18:03:54.974Z</time>
      </trkpt>
      <trkpt lat="45.325009" lon="14.194678">
        <ele>846.497949</ele>
        <time>2026-03-26T18:03:57.637Z</time>
      </trkpt>
      <trkpt lat="45.325624" lon="14.194462">
        <ele>843.170624</ele>
        <time>2026-03-26T18:04:08.004Z</time>
      </trkpt>
      <trkpt lat="45.325886" lon="14.194458">
        <ele>841.938609</ele>
        <time>2026-03-26T18:04:12.440Z</time>
      </trkpt>
      <trkpt lat="45.326046" lon="14.194403">
        <ele>841.164617</ele>
        <time>2026-03-26T18:04:15.282Z</time>
      </trkpt>
      <trkpt lat="45.326220" lon="14.194251">
        <ele>840.204466</ele>
        <time>2026-03-26T18:04:18.780Z</time>
      </trkpt>
      <trkpt lat="45.326636" lon="14.193717">
        <ele>837.569585</ele>
        <time>2026-03-26T18:04:28.175Z</time>
      </trkpt>
      <trkpt lat="45.326705" lon="14.193587">
        <ele>837.031107</ele>
        <time>2026-03-26T18:04:30.109Z</time>
      </trkpt>
      <trkpt lat="45.326765" lon="14.193307">
        <ele>836.165519</ele>
        <time>2026-03-26T18:04:33.616Z</time>
      </trkpt>
      <trkpt lat="45.326811" lon="14.192866">
        <ele>835.016877</ele>
        <time>2026-03-26T18:04:39.055Z</time>
      </trkpt>
      <trkpt lat="45.326768" lon="14.192643">
        <ele>834.421116</ele>
        <time>2026-03-26T18:04:41.902Z</time>
      </trkpt>
      <trkpt lat="45.326577" lon="14.192291">
        <ele>833.275522</ele>
        <time>2026-03-26T18:04:47.394Z</time>
      </trkpt>
      <trkpt lat="45.326569" lon="14.192115">
        <ele>832.821122</ele>
        <time>2026-03-26T18:04:49.595Z</time>
      </trkpt>
      <trkpt lat="45.326634" lon="14.191989">
        <ele>832.418476</ele>
        <time>2026-03-26T18:04:51.538Z</time>
      </trkpt>
      <trkpt lat="45.326922" lon="14.191821">
        <ele>831.277767</ele>
        <time>2026-03-26T18:04:57.017Z</time>
      </trkpt>
      <trkpt lat="45.327179" lon="14.191497">
        <ele>830.019273</ele>
        <time>2026-03-26T18:05:03.136Z</time>
      </trkpt>
      <trkpt lat="45.327311" lon="14.191368">
        <ele>829.632199</ele>
        <time>2026-03-26T18:05:06.047Z</time>
      </trkpt>
      <trkpt lat="45.327354" lon="14.191285">
        <ele>829.472207</ele>
        <time>2026-03-26T18:05:07.375Z</time>
      </trkpt>
      <trkpt lat="45.327367" lon="14.191200">
        <ele>829.337218</ele>
        <time>2026-03-26T18:05:08.500Z</time>
      </trkpt>
      <trkpt lat="45.327182" lon="14.190622">
        <ele>828.351698</ele>
        <time>2026-03-26T18:05:16.953Z</time>
      </trkpt>
      <trkpt lat="45.327098" lon="14.190494">
        <ele>828.079980</ele>
        <time>2026-03-26T18:05:19.370Z</time>
      </trkpt>
      <trkpt lat="45.326911" lon="14.190357">
        <ele>827.615692</ele>
        <time>2026-03-26T18:05:23.568Z</time>
      </trkpt>
      <trkpt lat="45.325616" lon="14.189221">
        <ele>823.753499</ele>
        <time>2026-03-26T18:05:53.246Z</time>
      </trkpt>
      <trkpt lat="45.325362" lon="14.189008">
        <ele>822.910591</ele>
        <time>2026-03-26T18:05:58.537Z</time>
      </trkpt>
      <trkpt lat="45.325170" lon="14.188792">
        <ele>822.210788</ele>
        <time>2026-03-26T18:06:02.878Z</time>
      </trkpt>
      <trkpt lat="45.324947" lon="14.188492">
        <ele>821.333320</ele>
        <time>2026-03-26T18:06:08.293Z</time>
      </trkpt>
      <trkpt lat="45.324816" lon="14.188236">
        <ele>820.638610</ele>
        <time>2026-03-26T18:06:12.171Z</time>
      </trkpt>
      <trkpt lat="45.324717" lon="14.187942">
        <ele>819.680512</ele>
        <time>2026-03-26T18:06:16.105Z</time>
      </trkpt>
      <trkpt lat="45.324707" lon="14.187777">
        <ele>819.193756</ele>
        <time>2026-03-26T18:06:18.128Z</time>
      </trkpt>
      <trkpt lat="45.324738" lon="14.187129">
        <ele>817.284793</ele>
        <time>2026-03-26T18:06:26.140Z</time>
      </trkpt>
      <trkpt lat="45.324796" lon="14.186938">
        <ele>816.673296</ele>
        <time>2026-03-26T18:06:28.715Z</time>
      </trkpt>
      <trkpt lat="45.324917" lon="14.186695">
        <ele>815.798113</ele>
        <time>2026-03-26T18:06:32.402Z</time>
      </trkpt>
      <trkpt lat="45.325749" lon="14.185804">
        <ele>809.894060</ele>
        <time>2026-03-26T18:06:49.873Z</time>
      </trkpt>
      <trkpt lat="45.325810" lon="14.185711">
        <ele>809.208617</ele>
        <time>2026-03-26T18:06:51.306Z</time>
      </trkpt>
      <trkpt lat="45.325915" lon="14.185281">
        <ele>806.755460</ele>
        <time>2026-03-26T18:06:56.379Z</time>
      </trkpt>
      <trkpt lat="45.326999" lon="14.184170">
        <ele>795.226307</ele>
        <time>2026-03-26T18:07:16.498Z</time>
      </trkpt>
      <trkpt lat="45.327091" lon="14.184047">
        <ele>793.843548</ele>
        <time>2026-03-26T18:07:18.344Z</time>
      </trkpt>
      <trkpt lat="45.327211" lon="14.183819">
        <ele>791.650647</ele>
        <time>2026-03-26T18:07:21.277Z</time>
      </trkpt>
      <trkpt lat="45.327338" lon="14.183450">
        <ele>788.487360</ele>
        <time>2026-03-26T18:07:25.484Z</time>
      </trkpt>
      <trkpt lat="45.327366" lon="14.182872">
        <ele>784.026498</ele>
        <time>2026-03-26T18:07:31.435Z</time>
      </trkpt>
      <trkpt lat="45.327418" lon="14.182680">
        <ele>782.442300</ele>
        <time>2026-03-26T18:07:33.547Z</time>
      </trkpt>
      <trkpt lat="45.327554" lon="14.182506">
        <ele>780.439018</ele>
        <time>2026-03-26T18:07:36.222Z</time>
      </trkpt>
      <trkpt lat="45.327652" lon="14.182450">
        <ele>779.411506</ele>
        <time>2026-03-26T18:07:37.784Z</time>
      </trkpt>
      <trkpt lat="45.328209" lon="14.182284">
        <ele>774.677624</ele>
        <time>2026-03-26T18:07:46.285Z</time>
      </trkpt>
      <trkpt lat="45.328344" lon="14.182182">
        <ele>773.406061</ele>
        <time>2026-03-26T18:07:48.601Z</time>
      </trkpt>
      <trkpt lat="45.328430" lon="14.182045">
        <ele>772.331977</ele>
        <time>2026-03-26T18:07:50.580Z</time>
      </trkpt>
      <trkpt lat="45.328592" lon="14.181647">
        <ele>769.642491</ele>
        <time>2026-03-26T18:07:55.573Z</time>
      </trkpt>
      <trkpt lat="45.328684" lon="14.181482">
        <ele>768.410929</ele>
        <time>2026-03-26T18:07:57.884Z</time>
      </trkpt>
      <trkpt lat="45.328787" lon="14.181388">
        <ele>767.392959</ele>
        <time>2026-03-26T18:07:59.800Z</time>
      </trkpt>
      <trkpt lat="45.329007" lon="14.181344">
        <ele>765.544940</ele>
        <time>2026-03-26T18:08:03.340Z</time>
      </trkpt>
      <trkpt lat="45.329026" lon="14.181096">
        <ele>764.553721</ele>
        <time>2026-03-26T18:08:06.196Z</time>
      </trkpt>
      <trkpt lat="45.328942" lon="14.180131">
        <ele>762.313391</ele>
        <time>2026-03-26T18:08:18.163Z</time>
      </trkpt>
      <trkpt lat="45.328958" lon="14.179787">
        <ele>761.519084</ele>
        <time>2026-03-26T18:08:22.873Z</time>
      </trkpt>
      <trkpt lat="45.329014" lon="14.179453">
        <ele>760.727969</ele>
        <time>2026-03-26T18:08:27.670Z</time>
      </trkpt>
      <trkpt lat="45.328925" lon="14.179158">
        <ele>759.988352</ele>
        <time>2026-03-26T18:08:32.393Z</time>
      </trkpt>
      <trkpt lat="45.328924" lon="14.179068">
        <ele>759.780966</ele>
        <time>2026-03-26T18:08:33.745Z</time>
      </trkpt>
      <trkpt lat="45.328943" lon="14.178907">
        <ele>759.404833</ele>
        <time>2026-03-26T18:08:36.194Z</time>
      </trkpt>
      <trkpt lat="45.328985" lon="14.178781">
        <ele>759.083552</ele>
        <time>2026-03-26T18:08:38.169Z</time>
      </trkpt>
      <trkpt lat="45.329178" lon="14.178462">
        <ele>756.517568</ele>
        <time>2026-03-26T18:08:43.629Z</time>
      </trkpt>
      <trkpt lat="45.329281" lon="14.178193">
        <ele>754.485421</ele>
        <time>2026-03-26T18:08:47.251Z</time>
      </trkpt>
      <trkpt lat="45.329342" lon="14.178049">
        <ele>753.370063</ele>
        <time>2026-03-26T18:08:49.143Z</time>
      </trkpt>
      <trkpt lat="45.329426" lon="14.177955">
        <ele>752.361476</ele>
        <time>2026-03-26T18:08:50.822Z</time>
      </trkpt>
      <trkpt lat="45.329521" lon="14.177859">
        <ele>751.261789</ele>
        <time>2026-03-26T18:08:52.603Z</time>
      </trkpt>
      <trkpt lat="45.329661" lon="14.177833">
        <ele>749.929441</ele>
        <time>2026-03-26T18:08:54.716Z</time>
      </trkpt>
      <trkpt lat="45.329773" lon="14.177708">
        <ele>748.586029</ele>
        <time>2026-03-26T18:08:56.820Z</time>
      </trkpt>
      <trkpt lat="45.330289" lon="14.176895">
        <ele>740.961348</ele>
        <time>2026-03-26T18:09:07.799Z</time>
      </trkpt>
      <trkpt lat="45.330474" lon="14.176706">
        <ele>737.663452</ele>
        <time>2026-03-26T18:09:11.011Z</time>
      </trkpt>
      <trkpt lat="45.330695" lon="14.176216">
        <ele>731.737560</ele>
        <time>2026-03-26T18:09:16.762Z</time>
      </trkpt>
      <trkpt lat="45.330808" lon="14.175870">
        <ele>727.854163</ele>
        <time>2026-03-26T18:09:20.579Z</time>
      </trkpt>
      <trkpt lat="45.330848" lon="14.175578">
        <ele>724.826017</ele>
        <time>2026-03-26T18:09:23.592Z</time>
      </trkpt>
      <trkpt lat="45.330831" lon="14.175290">
        <ele>721.884172</ele>
        <time>2026-03-26T18:09:26.534Z</time>
      </trkpt>
      <trkpt lat="45.330768" lon="14.175095">
        <ele>719.699714</ele>
        <time>2026-03-26T18:09:28.716Z</time>
      </trkpt>
      <trkpt lat="45.330725" lon="14.175058">
        <ele>718.972066</ele>
        <time>2026-03-26T18:09:29.426Z</time>
      </trkpt>
      <trkpt lat="45.330536" lon="14.174819">
        <ele>715.316012</ele>
        <time>2026-03-26T18:09:33.053Z</time>
      </trkpt>
      <trkpt lat="45.330491" lon="14.174641">
        <ele>713.407194</ele>
        <time>2026-03-26T18:09:34.949Z</time>
      </trkpt>
      <trkpt lat="45.330400" lon="14.174482">
        <ele>711.338247</ele>
        <time>2026-03-26T18:09:37.010Z</time>
      </trkpt>
      <trkpt lat="45.330213" lon="14.174248">
        <ele>707.763238</ele>
        <time>2026-03-26T18:09:40.551Z</time>
      </trkpt>
      <trkpt lat="45.330135" lon="14.174057">
        <ele>705.534245</ele>
        <time>2026-03-26T18:09:42.765Z</time>
      </trkpt>
      <trkpt lat="45.330026" lon="14.173887">
        <ele>703.212428</ele>
        <time>2026-03-26T18:09:45.064Z</time>
      </trkpt>
      <trkpt lat="45.329835" lon="14.173672">
        <ele>699.716207</ele>
        <time>2026-03-26T18:09:48.560Z</time>
      </trkpt>
      <trkpt lat="45.329712" lon="14.173683">
        <ele>697.947185</ele>
        <time>2026-03-26T18:09:50.334Z</time>
      </trkpt>
      <trkpt lat="45.329684" lon="14.173749">
        <ele>697.169294</ele>
        <time>2026-03-26T18:09:51.110Z</time>
      </trkpt>
      <trkpt lat="45.329683" lon="14.173868">
        <ele>695.968354</ele>
        <time>2026-03-26T18:09:52.303Z</time>
      </trkpt>
      <trkpt lat="45.329615" lon="14.174021">
        <ele>694.141743</ele>
        <time>2026-03-26T18:09:54.107Z</time>
      </trkpt>
      <trkpt lat="45.329579" lon="14.174031">
        <ele>693.615239</ele>
        <time>2026-03-26T18:09:54.625Z</time>
      </trkpt>
      <trkpt lat="45.329538" lon="14.174012">
        <ele>692.996282</ele>
        <time>2026-03-26T18:09:55.234Z</time>
      </trkpt>
      <trkpt lat="45.329414" lon="14.173854">
        <ele>690.606685</ele>
        <time>2026-03-26T18:09:57.594Z</time>
      </trkpt>
      <trkpt lat="45.329376" lon="14.173770">
        <ele>689.583952</ele>
        <time>2026-03-26T18:09:58.587Z</time>
      </trkpt>
      <trkpt lat="45.329360" lon="14.173664">
        <ele>688.459540</ele>
        <time>2026-03-26T18:09:59.656Z</time>
      </trkpt>
      <trkpt lat="45.329374" lon="14.173372">
        <ele>685.424084</ele>
        <time>2026-03-26T18:10:02.572Z</time>
      </trkpt>
      <trkpt lat="45.329388" lon="14.173096">
        <ele>682.554162</ele>
        <time>2026-03-26T18:10:05.340Z</time>
      </trkpt>
      <trkpt lat="45.329357" lon="14.172882">
        <ele>680.288077</ele>
        <time>2026-03-26T18:10:07.540Z</time>
      </trkpt>
      <trkpt lat="45.328979" lon="14.171691">
        <ele>666.735423</ele>
        <time>2026-03-26T18:10:20.611Z</time>
      </trkpt>
      <trkpt lat="45.328968" lon="14.171571">
        <ele>665.480323</ele>
        <time>2026-03-26T18:10:21.806Z</time>
      </trkpt>
      <trkpt lat="45.328895" lon="14.171475">
        <ele>664.013668</ele>
        <time>2026-03-26T18:10:23.214Z</time>
      </trkpt>
      <trkpt lat="45.328716" lon="14.171333">
        <ele>661.410616</ele>
        <time>2026-03-26T18:10:26.113Z</time>
      </trkpt>
      <trkpt lat="45.328429" lon="14.170276">
        <ele>651.555481</ele>
        <time>2026-03-26T18:10:37.596Z</time>
      </trkpt>
      <trkpt lat="45.328540" lon="14.169078">
        <ele>641.147478</ele>
        <time>2026-03-26T18:10:50.113Z</time>
      </trkpt>
      <trkpt lat="45.328546" lon="14.168559">
        <ele>638.173055</ele>
        <time>2026-03-26T18:10:55.572Z</time>
      </trkpt>
      <trkpt lat="45.328590" lon="14.167884">
        <ele>634.288521</ele>
        <time>2026-03-26T18:11:02.790Z</time>
      </trkpt>
      <trkpt lat="45.328667" lon="14.167199">
        <ele>630.313421</ele>
        <time>2026-03-26T18:11:10.314Z</time>
      </trkpt>
      <trkpt lat="45.328770" lon="14.166861">
        <ele>628.202469</ele>
        <time>2026-03-26T18:11:14.414Z</time>
      </trkpt>
      <trkpt lat="45.328836" lon="14.165846">
        <ele>624.955515</ele>
        <time>2026-03-26T18:11:26.418Z</time>
      </trkpt>
      <trkpt lat="45.328805" lon="14.165566">
        <ele>624.306066</ele>
        <time>2026-03-26T18:11:30.030Z</time>
      </trkpt>
      <trkpt lat="45.328676" lon="14.165228">
        <ele>623.424876</ele>
        <time>2026-03-26T18:11:35.156Z</time>
      </trkpt>
      <trkpt lat="45.328646" lon="14.165044">
        <ele>622.992101</ele>
        <time>2026-03-26T18:11:37.750Z</time>
      </trkpt>
      <trkpt lat="45.328670" lon="14.164932">
        <ele>622.723828</ele>
        <time>2026-03-26T18:11:39.397Z</time>
      </trkpt>
      <trkpt lat="45.328787" lon="14.164699">
        <ele>622.067782</ele>
        <time>2026-03-26T18:11:43.566Z</time>
      </trkpt>
      <trkpt lat="45.329182" lon="14.163201">
        <ele>616.979029</ele>
        <time>2026-03-26T18:12:04.846Z</time>
      </trkpt>
      <trkpt lat="45.329566" lon="14.161129">
        <ele>607.707522</ele>
        <time>2026-03-26T18:12:28.487Z</time>
      </trkpt>
      <trkpt lat="45.329696" lon="14.160639">
        <ele>604.596007</ele>
        <time>2026-03-26T18:12:34.066Z</time>
      </trkpt>
      <trkpt lat="45.329966" lon="14.159936">
        <ele>599.836839</ele>
        <time>2026-03-26T18:12:42.609Z</time>
      </trkpt>
      <trkpt lat="45.330169" lon="14.159587">
        <ele>597.145751</ele>
        <time>2026-03-26T18:12:47.424Z</time>
      </trkpt>
      <trkpt lat="45.330201" lon="14.159387">
        <ele>595.998806</ele>
        <time>2026-03-26T18:12:49.619Z</time>
      </trkpt>
      <trkpt lat="45.330324" lon="14.159035">
        <ele>594.096848</ele>
        <time>2026-03-26T18:12:53.835Z</time>
      </trkpt>
      <trkpt lat="45.330520" lon="14.158645">
        <ele>591.777229</ele>
        <time>2026-03-26T18:12:59.041Z</time>
      </trkpt>
      <trkpt lat="45.330650" lon="14.158458">
        <ele>590.504746</ele>
        <time>2026-03-26T18:13:01.911Z</time>
      </trkpt>
      <trkpt lat="45.330977" lon="14.158003">
        <ele>587.356436</ele>
        <time>2026-03-26T18:13:09.146Z</time>
      </trkpt>
      <trkpt lat="45.331112" lon="14.157920">
        <ele>586.344218</ele>
        <time>2026-03-26T18:13:11.503Z</time>
      </trkpt>
      <trkpt lat="45.331222" lon="14.157732">
        <ele>585.160747</ele>
        <time>2026-03-26T18:13:14.287Z</time>
      </trkpt>
      <trkpt lat="45.331641" lon="14.157224">
        <ele>582.715352</ele>
        <time>2026-03-26T18:13:23.884Z</time>
      </trkpt>
      <trkpt lat="45.331705" lon="14.157083">
        <ele>582.329144</ele>
        <time>2026-03-26T18:13:26.044Z</time>
      </trkpt>
      <trkpt lat="45.331883" lon="14.157037">
        <ele>581.736969</ele>
        <time>2026-03-26T18:13:28.833Z</time>
      </trkpt>
      <trkpt lat="45.332073" lon="14.156923">
        <ele>581.061990</ele>
        <time>2026-03-26T18:13:31.984Z</time>
      </trkpt>
      <trkpt lat="45.332309" lon="14.156711">
        <ele>580.148364</ele>
        <time>2026-03-26T18:13:36.289Z</time>
      </trkpt>
      <trkpt lat="45.332611" lon="14.156537">
        <ele>579.081834</ele>
        <time>2026-03-26T18:13:41.302Z</time>
      </trkpt>
      <trkpt lat="45.332667" lon="14.156472">
        <ele>578.845253</ele>
        <time>2026-03-26T18:13:42.422Z</time>
      </trkpt>
      <trkpt lat="45.332705" lon="14.156364">
        <ele>578.567349</ele>
        <time>2026-03-26T18:13:43.746Z</time>
      </trkpt>
      <trkpt lat="45.332735" lon="14.156040">
        <ele>577.845353</ele>
        <time>2026-03-26T18:13:47.398Z</time>
      </trkpt>
      <trkpt lat="45.332790" lon="14.155860">
        <ele>577.452299</ele>
        <time>2026-03-26T18:13:49.587Z</time>
      </trkpt>
      <trkpt lat="45.333080" lon="14.155214">
        <ele>575.917317</ele>
        <time>2026-03-26T18:13:57.794Z</time>
      </trkpt>
      <trkpt lat="45.333170" lon="14.154883">
        <ele>575.206591</ele>
        <time>2026-03-26T18:14:01.486Z</time>
      </trkpt>
      <trkpt lat="45.333249" lon="14.154468">
        <ele>574.345570</ele>
        <time>2026-03-26T18:14:06.100Z</time>
      </trkpt>
      <trkpt lat="45.333520" lon="14.152747">
        <ele>571.416917</ele>
        <time>2026-03-26T18:14:25.704Z</time>
      </trkpt>
      <trkpt lat="45.333808" lon="14.149823">
        <ele>568.076098</ele>
        <time>2026-03-26T18:15:00.274Z</time>
      </trkpt>
      <trkpt lat="45.334268" lon="14.147304">
        <ele>566.841502</ele>
        <time>2026-03-26T18:15:35.248Z</time>
      </trkpt>
      <trkpt lat="45.334373" lon="14.146432">
        <ele>566.650539</ele>
        <time>2026-03-26T18:15:48.002Z</time>
      </trkpt>
      <trkpt lat="45.334674" lon="14.144659">
        <ele>565.909690</ele>
        <time>2026-03-26T18:16:13.100Z</time>
      </trkpt>
      <trkpt lat="45.334890" lon="14.143272">
        <ele>564.742924</ele>
        <time>2026-03-26T18:16:30.809Z</time>
      </trkpt>
      <trkpt lat="45.335078" lon="14.142362">
        <ele>563.282528</ele>
        <time>2026-03-26T18:16:41.719Z</time>
      </trkpt>
      <trkpt lat="45.335713" lon="14.140010">
        <ele>558.822145</ele>
        <time>2026-03-26T18:17:08.694Z</time>
      </trkpt>
      <trkpt lat="45.335957" lon="14.139108">
        <ele>556.936436</ele>
        <time>2026-03-26T18:17:19.061Z</time>
      </trkpt>
      <trkpt lat="45.336346" lon="14.138316">
        <ele>556.681440</ele>
        <time>2026-03-26T18:17:30.422Z</time>
      </trkpt>
      <trkpt lat="45.336884" lon="14.137404">
        <ele>556.826487</ele>
        <time>2026-03-26T18:17:49.842Z</time>
      </trkpt>
      <trkpt lat="45.337872" lon="14.136099">
        <ele>557.966299</ele>
        <time>2026-03-26T18:18:34.840Z</time>
      </trkpt>
      <trkpt lat="45.338440" lon="14.135601">
        <ele>558.725628</ele>
        <time>2026-03-26T18:18:51.832Z</time>
      </trkpt>
      <trkpt lat="45.338967" lon="14.135099">
        <ele>556.926214</ele>
        <time>2026-03-26T18:19:02.939Z</time>
      </trkpt>
      <trkpt lat="45.339090" lon="14.134901">
        <ele>556.078217</ele>
        <time>2026-03-26T18:19:05.804Z</time>
      </trkpt>
      <trkpt lat="45.339174" lon="14.134708">
        <ele>555.349733</ele>
        <time>2026-03-26T18:19:08.112Z</time>
      </trkpt>
      <trkpt lat="45.339353" lon="14.134099">
        <ele>553.231381</ele>
        <time>2026-03-26T18:19:14.462Z</time>
      </trkpt>
      <trkpt lat="45.339369" lon="14.134046">
        <ele>553.046274</ele>
        <time>2026-03-26T18:19:14.994Z</time>
      </trkpt>
      <trkpt lat="45.339460" lon="14.134183">
        <ele>552.441375</ele>
        <time>2026-03-26T18:19:17.109Z</time>
      </trkpt>
      <trkpt lat="45.339369" lon="14.134046">
        <ele>551.836476</ele>
        <time>2026-03-26T18:19:19.193Z</time>
      </trkpt>
      <trkpt lat="45.339675" lon="14.133002">
        <ele>546.330605</ele>
        <time>2026-03-26T18:19:29.541Z</time>
      </trkpt>
      <trkpt lat="45.339904" lon="14.132307">
        <ele>542.038115</ele>
        <time>2026-03-26T18:19:36.470Z</time>
      </trkpt>
      <trkpt lat="45.340331" lon="14.131373">
        <ele>535.836622</ele>
        <time>2026-03-26T18:19:46.654Z</time>
      </trkpt>
      <trkpt lat="45.340635" lon="14.130860">
        <ele>532.262983</ele>
        <time>2026-03-26T18:19:52.889Z</time>
      </trkpt>
      <trkpt lat="45.340860" lon="14.130551">
        <ele>529.893400</ele>
        <time>2026-03-26T18:19:57.040Z</time>
      </trkpt>
      <trkpt lat="45.341097" lon="14.130283">
        <ele>527.599459</ele>
        <time>2026-03-26T18:20:01.057Z</time>
      </trkpt>
      <trkpt lat="45.343355" lon="14.128071">
        <ele>505.074320</ele>
        <time>2026-03-26T18:20:36.575Z</time>
      </trkpt>
      <trkpt lat="45.344045" lon="14.126911">
        <ele>495.305135</ele>
        <time>2026-03-26T18:20:49.941Z</time>
      </trkpt>
      <trkpt lat="45.344304" lon="14.126361">
        <ele>491.301949</ele>
        <time>2026-03-26T18:20:55.913Z</time>
      </trkpt>
      <trkpt lat="45.344420" lon="14.126010">
        <ele>490.395809</ele>
        <time>2026-03-26T18:20:59.523Z</time>
      </trkpt>
      <trkpt lat="45.344611" lon="14.125159">
        <ele>488.308786</ele>
        <time>2026-03-26T18:21:08.673Z</time>
      </trkpt>
      <trkpt lat="45.344725" lon="14.124883">
        <ele>487.560892</ele>
        <time>2026-03-26T18:21:12.676Z</time>
      </trkpt>
      <trkpt lat="45.344870" lon="14.124227">
        <ele>485.954345</ele>
        <time>2026-03-26T18:21:23.336Z</time>
      </trkpt>
      <trkpt lat="45.345086" lon="14.123767">
        <ele>483.853471</ele>
        <time>2026-03-26T18:21:30.927Z</time>
      </trkpt>
      <trkpt lat="45.345302" lon="14.123405">
        <ele>481.630952</ele>
        <time>2026-03-26T18:21:36.410Z</time>
      </trkpt>
      <trkpt lat="45.345338" lon="14.123251">
        <ele>480.871358</ele>
        <time>2026-03-26T18:21:38.135Z</time>
      </trkpt>
      <trkpt lat="45.345326" lon="14.123115">
        <ele>480.229836</ele>
        <time>2026-03-26T18:21:39.532Z</time>
      </trkpt>
      <trkpt lat="45.345184" lon="14.122918">
        <ele>478.909110</ele>
        <time>2026-03-26T18:21:42.293Z</time>
      </trkpt>
      <trkpt lat="45.344733" lon="14.122502">
        <ele>475.329883</ele>
        <time>2026-03-26T18:21:49.115Z</time>
      </trkpt>
      <trkpt lat="45.344225" lon="14.121914">
        <ele>469.208414</ele>
        <time>2026-03-26T18:21:56.976Z</time>
      </trkpt>
      <trkpt lat="45.344114" lon="14.121768">
        <ele>467.498809</ele>
        <time>2026-03-26T18:21:58.789Z</time>
      </trkpt>
      <trkpt lat="45.343967" lon="14.121377">
        <ele>463.974097</ele>
        <time>2026-03-26T18:22:02.560Z</time>
      </trkpt>
      <trkpt lat="45.343853" lon="14.121029">
        <ele>460.922183</ele>
        <time>2026-03-26T18:22:05.874Z</time>
      </trkpt>
      <trkpt lat="45.343895" lon="14.120786">
        <ele>458.933057</ele>
        <time>2026-03-26T18:22:08.075Z</time>
      </trkpt>
      <trkpt lat="45.343978" lon="14.120544">
        <ele>456.792616</ele>
        <time>2026-03-26T18:22:10.490Z</time>
      </trkpt>
      <trkpt lat="45.344064" lon="14.120368">
        <ele>455.088742</ele>
        <time>2026-03-26T18:22:12.443Z</time>
      </trkpt>
      <trkpt lat="45.344653" lon="14.119442">
        <ele>448.668492</ele>
        <time>2026-03-26T18:22:24.476Z</time>
      </trkpt>
      <trkpt lat="45.345068" lon="14.118908">
        <ele>445.119076</ele>
        <time>2026-03-26T18:22:32.233Z</time>
      </trkpt>
      <trkpt lat="45.345178" lon="14.118805">
        <ele>444.283749</ele>
        <time>2026-03-26T18:22:34.021Z</time>
      </trkpt>
      <trkpt lat="45.345320" lon="14.118730">
        <ele>443.322920</ele>
        <time>2026-03-26T18:22:36.051Z</time>
      </trkpt>
      <trkpt lat="45.345779" lon="14.118627">
        <ele>440.349531</ele>
        <time>2026-03-26T18:22:42.119Z</time>
      </trkpt>
      <trkpt lat="45.346219" lon="14.118266">
        <ele>437.066752</ele>
        <time>2026-03-26T18:22:48.758Z</time>
      </trkpt>
      <trkpt lat="45.346570" lon="14.117897">
        <ele>434.246070</ele>
        <time>2026-03-26T18:22:54.638Z</time>
      </trkpt>
      <trkpt lat="45.346716" lon="14.117560">
        <ele>432.447769</ele>
        <time>2026-03-26T18:22:58.445Z</time>
      </trkpt>
      <trkpt lat="45.346880" lon="14.117274">
        <ele>430.771059</ele>
        <time>2026-03-26T18:23:01.992Z</time>
      </trkpt>
      <trkpt lat="45.347476" lon="14.116807">
        <ele>426.859436</ele>
        <time>2026-03-26T18:23:11.490Z</time>
      </trkpt>
      <trkpt lat="45.347706" lon="14.116580">
        <ele>425.285350</ele>
        <time>2026-03-26T18:23:15.460Z</time>
      </trkpt>
      <trkpt lat="45.348127" lon="14.116090">
        <ele>422.226720</ele>
        <time>2026-03-26T18:23:23.017Z</time>
      </trkpt>
      <trkpt lat="45.348390" lon="14.115544">
        <ele>419.519278</ele>
        <time>2026-03-26T18:23:29.231Z</time>
      </trkpt>
      <trkpt lat="45.348579" lon="14.115057">
        <ele>416.803122</ele>
        <time>2026-03-26T18:23:34.384Z</time>
      </trkpt>
      <trkpt lat="45.348718" lon="14.114873">
        <ele>415.484216</ele>
        <time>2026-03-26T18:23:36.872Z</time>
      </trkpt>
      <trkpt lat="45.348823" lon="14.114680">
        <ele>414.292576</ele>
        <time>2026-03-26T18:23:39.105Z</time>
      </trkpt>
      <trkpt lat="45.349025" lon="14.113766">
        <ele>409.614673</ele>
        <time>2026-03-26T18:23:47.951Z</time>
      </trkpt>
      <trkpt lat="45.349031" lon="14.112928">
        <ele>406.205296</ele>
        <time>2026-03-26T18:23:55.958Z</time>
      </trkpt>
      <trkpt lat="45.348798" lon="14.112795">
        <ele>405.062015</ele>
        <time>2026-03-26T18:23:59.417Z</time>
      </trkpt>
      <trkpt lat="45.348684" lon="14.112643">
        <ele>404.350548</ele>
        <time>2026-03-26T18:24:01.588Z</time>
      </trkpt>
      <trkpt lat="45.348628" lon="14.112546">
        <ele>403.948781</ele>
        <time>2026-03-26T18:24:02.834Z</time>
      </trkpt>
      <trkpt lat="45.348497" lon="14.112266">
        <ele>402.872221</ele>
        <time>2026-03-26T18:24:06.259Z</time>
      </trkpt>
      <trkpt lat="45.348177" lon="14.111429">
        <ele>399.822647</ele>
        <time>2026-03-26T18:24:16.312Z</time>
      </trkpt>
      <trkpt lat="45.347946" lon="14.111940">
        <ele>397.790857</ele>
        <time>2026-03-26T18:24:23.884Z</time>
      </trkpt>
      <trkpt lat="45.347749" lon="14.112261">
        <ele>396.343995</ele>
        <time>2026-03-26T18:24:29.048Z</time>
      </trkpt>
      <trkpt lat="45.347483" lon="14.112487">
        <ele>394.847342</ele>
        <time>2026-03-26T18:24:34.337Z</time>
      </trkpt>
      <trkpt lat="45.346907" lon="14.112682">
        <ele>391.987109</ele>
        <time>2026-03-26T18:24:44.136Z</time>
      </trkpt>
      <trkpt lat="45.346632" lon="14.112860">
        <ele>390.510538</ele>
        <time>2026-03-26T18:24:48.975Z</time>
      </trkpt>
      <trkpt lat="45.346500" lon="14.113063">
        <ele>389.404324</ele>
        <time>2026-03-26T18:24:52.059Z</time>
      </trkpt>
      <trkpt lat="45.346422" lon="14.113266">
        <ele>388.478907</ele>
        <time>2026-03-26T18:24:54.630Z</time>
      </trkpt>
      <trkpt lat="45.346328" lon="14.113718">
        <ele>386.593432</ele>
        <time>2026-03-26T18:24:59.904Z</time>
      </trkpt>
      <trkpt lat="45.346284" lon="14.113864">
        <ele>385.958011</ele>
        <time>2026-03-26T18:25:01.679Z</time>
      </trkpt>
      <trkpt lat="45.346199" lon="14.114010">
        <ele>385.199673</ele>
        <time>2026-03-26T18:25:03.794Z</time>
      </trkpt>
      <trkpt lat="45.346019" lon="14.114118">
        <ele>384.087875</ele>
        <time>2026-03-26T18:25:06.929Z</time>
      </trkpt>
      <trkpt lat="45.345049" lon="14.114254">
        <ele>379.710241</ele>
        <time>2026-03-26T18:25:23.326Z</time>
      </trkpt>
      <trkpt lat="45.344839" lon="14.114185">
        <ele>379.260680</ele>
        <time>2026-03-26T18:25:27.353Z</time>
      </trkpt>
      <trkpt lat="45.344691" lon="14.114023">
        <ele>378.871186</ele>
        <time>2026-03-26T18:25:31.026Z</time>
      </trkpt>
      <trkpt lat="45.344621" lon="14.113820">
        <ele>378.539693</ele>
        <time>2026-03-26T18:25:34.308Z</time>
      </trkpt>
      <trkpt lat="45.344611" lon="14.113563">
        <ele>378.162345</ele>
        <time>2026-03-26T18:25:38.282Z</time>
      </trkpt>
      <trkpt lat="45.344708" lon="14.113239">
        <ele>377.646053</ele>
        <time>2026-03-26T18:25:44.244Z</time>
      </trkpt>
      <trkpt lat="45.344904" lon="14.113004">
        <ele>377.111418</ele>
        <time>2026-03-26T18:25:50.061Z</time>
      </trkpt>
      <trkpt lat="45.345419" lon="14.112732">
        <ele>374.667235</ele>
        <time>2026-03-26T18:26:01.099Z</time>
      </trkpt>
      <trkpt lat="45.345507" lon="14.112613">
        <ele>373.923008</ele>
        <time>2026-03-26T18:26:03.363Z</time>
      </trkpt>
      <trkpt lat="45.345500" lon="14.112409">
        <ele>373.043041</ele>
        <time>2026-03-26T18:26:05.937Z</time>
      </trkpt>
      <trkpt lat="45.345405" lon="14.112083">
        <ele>371.522545</ele>
        <time>2026-03-26T18:26:10.164Z</time>
      </trkpt>
      <trkpt lat="45.344437" lon="14.112470">
        <ele>365.255522</ele>
        <time>2026-03-26T18:26:22.987Z</time>
      </trkpt>
      <trkpt lat="45.344142" lon="14.112511">
        <ele>362.689628</ele>
        <time>2026-03-26T18:26:26.692Z</time>
      </trkpt>
      <trkpt lat="45.343905" lon="14.112671">
        <ele>360.418734</ele>
        <time>2026-03-26T18:26:29.996Z</time>
      </trkpt>
      <trkpt lat="45.343863" lon="14.112599">
        <ele>359.849433</ele>
        <time>2026-03-26T18:26:30.818Z</time>
      </trkpt>
      <trkpt lat="45.343463" lon="14.113077">
        <ele>355.327401</ele>
        <time>2026-03-26T18:26:37.452Z</time>
      </trkpt>
      <trkpt lat="45.343421" lon="14.112932">
        <ele>354.373175</ele>
        <time>2026-03-26T18:26:38.863Z</time>
      </trkpt>
      <trkpt lat="45.343367" lon="14.111747">
        <ele>347.464756</ele>
        <time>2026-03-26T18:26:50.062Z</time>
      </trkpt>
      <trkpt lat="45.343293" lon="14.110682">
        <ele>341.666751</ele>
        <time>2026-03-26T18:27:00.085Z</time>
      </trkpt>
      <trkpt lat="45.343198" lon="14.109920">
        <ele>337.473995</ele>
        <time>2026-03-26T18:27:07.117Z</time>
      </trkpt>
      <trkpt lat="45.343151" lon="14.109544">
        <ele>335.091844</ele>
        <time>2026-03-26T18:27:10.529Z</time>
      </trkpt>
      <trkpt lat="45.343084" lon="14.109010">
        <ele>330.957580</ele>
        <time>2026-03-26T18:27:15.314Z</time>
      </trkpt>
      <trkpt lat="45.343076" lon="14.108722">
        <ele>328.760849</ele>
        <time>2026-03-26T18:27:17.826Z</time>
      </trkpt>
      <trkpt lat="45.343117" lon="14.108232">
        <ele>324.999901</ele>
        <time>2026-03-26T18:27:22.104Z</time>
      </trkpt>
      <trkpt lat="45.343407" lon="14.106424">
        <ele>311.657951</ele>
        <time>2026-03-26T18:27:38.240Z</time>
      </trkpt>
      <trkpt lat="45.343532" lon="14.106043">
        <ele>308.890644</ele>
        <time>2026-03-26T18:27:41.952Z</time>
      </trkpt>
      <trkpt lat="45.343958" lon="14.105007">
        <ele>300.991024</ele>
        <time>2026-03-26T18:27:52.842Z</time>
      </trkpt>
      <trkpt lat="45.344104" lon="14.104481">
        <ele>298.282236</ele>
        <time>2026-03-26T18:27:58.127Z</time>
      </trkpt>
      <trkpt lat="45.344434" lon="14.103865">
        <ele>295.202861</ele>
        <time>2026-03-26T18:28:05.366Z</time>
      </trkpt>
      <trkpt lat="45.344560" lon="14.103373">
        <ele>293.120983</ele>
        <time>2026-03-26T18:28:10.362Z</time>
      </trkpt>
      <trkpt lat="45.344716" lon="14.102975">
        <ele>291.309209</ele>
        <time>2026-03-26T18:28:14.822Z</time>
      </trkpt>
      <trkpt lat="45.344773" lon="14.102633">
        <ele>289.911801</ele>
        <time>2026-03-26T18:28:18.409Z</time>
      </trkpt>
      <trkpt lat="45.344842" lon="14.102405">
        <ele>289.750750</ele>
        <time>2026-03-26T18:28:21.076Z</time>
      </trkpt>
      <trkpt lat="45.345068" lon="14.101868">
        <ele>290.081294</ele>
        <time>2026-03-26T18:28:28.564Z</time>
      </trkpt>
      <trkpt lat="45.345881" lon="14.100310">
        <ele>291.098122</ele>
        <time>2026-03-26T18:29:15.509Z</time>
      </trkpt>
      <trkpt lat="45.346027" lon="14.100061">
        <ele>291.255887</ele>
        <time>2026-03-26T18:29:23.490Z</time>
      </trkpt>
      <trkpt lat="45.346198" lon="14.099563">
        <ele>291.525542</ele>
        <time>2026-03-26T18:29:35.568Z</time>
      </trkpt>
      <trkpt lat="45.346656" lon="14.098048">
        <ele>292.247112</ele>
        <time>2026-03-26T18:29:57.942Z</time>
      </trkpt>
      <trkpt lat="45.346809" lon="14.097266">
        <ele>292.230057</ele>
        <time>2026-03-26T18:30:07.995Z</time>
      </trkpt>
      <trkpt lat="45.346908" lon="14.096890">
        <ele>292.221620</ele>
        <time>2026-03-26T18:30:13.461Z</time>
      </trkpt>
      <trkpt lat="45.346904" lon="14.096453">
        <ele>292.212437</ele>
        <time>2026-03-26T18:30:20.244Z</time>
      </trkpt>
      <trkpt lat="45.346913" lon="14.096259">
        <ele>292.208352</ele>
        <time>2026-03-26T18:30:23.526Z</time>
      </trkpt>
      <trkpt lat="45.346994" lon="14.095927">
        <ele>292.200968</ele>
        <time>2026-03-26T18:30:29.915Z</time>
      </trkpt>
      <trkpt lat="45.347179" lon="14.095631">
        <ele>292.167153</ele>
        <time>2026-03-26T18:30:37.435Z</time>
      </trkpt>
      <trkpt lat="45.347324" lon="14.095481">
        <ele>292.127970</ele>
        <time>2026-03-26T18:30:42.135Z</time>
      </trkpt>
      <trkpt lat="45.347453" lon="14.095323">
        <ele>292.090767</ele>
        <time>2026-03-26T18:30:46.446Z</time>
      </trkpt>
      <trkpt lat="45.347613" lon="14.094748">
        <ele>291.995770</ele>
        <time>2026-03-26T18:30:56.556Z</time>
      </trkpt>
      <trkpt lat="45.347748" lon="14.094197">
        <ele>291.906135</ele>
        <time>2026-03-26T18:31:04.423Z</time>
      </trkpt>
      <trkpt lat="45.347753" lon="14.094059">
        <ele>291.884909</ele>
        <time>2026-03-26T18:31:06.157Z</time>
      </trkpt>
      <trkpt lat="45.347511" lon="14.093553">
        <ele>291.703932</ele>
        <time>2026-03-26T18:31:13.306Z</time>
      </trkpt>
      <trkpt lat="45.347458" lon="14.093395">
        <ele>291.492410</ele>
        <time>2026-03-26T18:31:15.299Z</time>
      </trkpt>
      <trkpt lat="45.347423" lon="14.092744">
        <ele>290.703582</ele>
        <time>2026-03-26T18:31:22.723Z</time>
      </trkpt>
      <trkpt lat="45.347403" lon="14.092526">
        <ele>290.437963</ele>
        <time>2026-03-26T18:31:25.252Z</time>
      </trkpt>
      <trkpt lat="45.347422" lon="14.092338">
        <ele>290.208487</ele>
        <time>2026-03-26T18:31:27.449Z</time>
      </trkpt>
      <trkpt lat="45.347502" lon="14.092074">
        <ele>289.861140</ele>
        <time>2026-03-26T18:31:30.798Z</time>
      </trkpt>
      <trkpt lat="45.347552" lon="14.091716">
        <ele>289.420152</ele>
        <time>2026-03-26T18:31:35.137Z</time>
      </trkpt>
      <trkpt lat="45.347680" lon="14.091367">
        <ele>288.944533</ele>
        <time>2026-03-26T18:31:39.805Z</time>
      </trkpt>
      <trkpt lat="45.347732" lon="14.091104">
        <ele>288.615095</ele>
        <time>2026-03-26T18:31:43.059Z</time>
      </trkpt>
      <trkpt lat="45.347686" lon="14.090630">
        <ele>288.040848</ele>
        <time>2026-03-26T18:31:48.750Z</time>
      </trkpt>
      <trkpt lat="45.347711" lon="14.090428">
        <ele>287.794697</ele>
        <time>2026-03-26T18:31:51.268Z</time>
      </trkpt>
      <trkpt lat="45.347680" lon="14.090258">
        <ele>287.583923</ele>
        <time>2026-03-26T18:31:53.440Z</time>
      </trkpt>
      <trkpt lat="45.347412" lon="14.089525">
        <ele>286.592325</ele>
        <time>2026-03-26T18:32:03.143Z</time>
      </trkpt>
      <trkpt lat="45.347397" lon="14.089398">
        <ele>286.437773</ele>
        <time>2026-03-26T18:32:04.594Z</time>
      </trkpt>
      <trkpt lat="45.347420" lon="14.088992">
        <ele>285.948948</ele>
        <time>2026-03-26T18:32:09.186Z</time>
      </trkpt>
      <trkpt lat="45.347430" lon="14.088809">
        <ele>285.728664</ele>
        <time>2026-03-26T18:32:11.247Z</time>
      </trkpt>
      <trkpt lat="45.347384" lon="14.088674">
        <ele>285.631898</ele>
        <time>2026-03-26T18:32:12.938Z</time>
      </trkpt>
      <trkpt lat="45.347247" lon="14.088358">
        <ele>285.591655</ele>
        <time>2026-03-26T18:32:17.190Z</time>
      </trkpt>
      <trkpt lat="45.347056" lon="14.087589">
        <ele>285.503254</ele>
        <time>2026-03-26T18:32:26.932Z</time>
      </trkpt>
      <trkpt lat="45.346645" lon="14.086583">
        <ele>285.377133</ele>
        <time>2026-03-26T18:32:43.511Z</time>
      </trkpt>
      <trkpt lat="45.346407" lon="14.086190">
        <ele>287.433081</ele>
        <time>2026-03-26T18:32:57.527Z</time>
      </trkpt>
      <trkpt lat="45.346000" lon="14.085636">
        <ele>291.727383</ele>
        <time>2026-03-26T18:33:31.041Z</time>
      </trkpt>
      <trkpt lat="45.345747" lon="14.085406">
        <ele>294.016394</ele>
        <time>2026-03-26T18:33:53.300Z</time>
      </trkpt>
      <trkpt lat="45.345584" lon="14.085212">
        <ele>295.636587</ele>
        <time>2026-03-26T18:34:10.276Z</time>
      </trkpt>
      <trkpt lat="45.345529" lon="14.085066">
        <ele>296.524215</ele>
        <time>2026-03-26T18:34:19.755Z</time>
      </trkpt>
      <trkpt lat="45.345395" lon="14.084529">
        <ele>299.469091</ele>
        <time>2026-03-26T18:34:51.372Z</time>
      </trkpt>
      <trkpt lat="45.345252" lon="14.084298">
        <ele>300.761615</ele>
        <time>2026-03-26T18:35:07.286Z</time>
      </trkpt>
      <trkpt lat="45.345245" lon="14.084064">
        <ele>301.745038</ele>
        <time>2026-03-26T18:35:18.824Z</time>
      </trkpt>
      <trkpt lat="45.345191" lon="14.083901">
        <ele>302.501673</ele>
        <time>2026-03-26T18:35:27.197Z</time>
      </trkpt>
      <trkpt lat="45.345135" lon="14.083844">
        <ele>302.913023</ele>
        <time>2026-03-26T18:35:31.492Z</time>
      </trkpt>
      <trkpt lat="45.344989" lon="14.083821">
        <ele>303.790585</ele>
        <time>2026-03-26T18:35:39.769Z</time>
      </trkpt>
      <trkpt lat="45.344837" lon="14.083726">
        <ele>304.782411</ele>
        <time>2026-03-26T18:35:47.943Z</time>
      </trkpt>
      <trkpt lat="45.344735" lon="14.083617">
        <ele>305.544513</ele>
        <time>2026-03-26T18:35:53.670Z</time>
      </trkpt>
      <trkpt lat="45.344685" lon="14.083508">
        <ele>306.091046</ele>
        <time>2026-03-26T18:35:57.435Z</time>
      </trkpt>
      <trkpt lat="45.344625" lon="14.083303">
        <ele>307.023474</ele>
        <time>2026-03-26T18:36:03.390Z</time>
      </trkpt>
      <trkpt lat="45.344414" lon="14.082354">
        <ele>310.704821</ele>
        <time>2026-03-26T18:36:25.507Z</time>
      </trkpt>
      <trkpt lat="45.344005" lon="14.081112">
        <ele>314.387801</ele>
        <time>2026-03-26T18:37:08.758Z</time>
      </trkpt>
      <trkpt lat="45.343770" lon="14.080725">
        <ele>315.761120</ele>
        <time>2026-03-26T18:37:26.232Z</time>
      </trkpt>
      <trkpt lat="45.343292" lon="14.080035">
        <ele>316.854778</ele>
        <time>2026-03-26T18:37:51.632Z</time>
      </trkpt>
      <trkpt lat="45.343615" lon="14.079602">
        <ele>317.019014</ele>
        <time>2026-03-26T18:38:03.598Z</time>
      </trkpt>
      <trkpt lat="45.343752" lon="14.079353">
        <ele>317.101266</ele>
        <time>2026-03-26T18:38:07.936Z</time>
      </trkpt>
      <trkpt lat="45.343994" lon="14.079025">
        <ele>317.224958</ele>
        <time>2026-03-26T18:38:13.469Z</time>
      </trkpt>
      <trkpt lat="45.344197" lon="14.078896">
        <ele>317.307236</ele>
        <time>2026-03-26T18:38:16.832Z</time>
      </trkpt>
      <trkpt lat="45.344260" lon="14.078775">
        <ele>317.346404</ele>
        <time>2026-03-26T18:38:18.437Z</time>
      </trkpt>
      <trkpt lat="45.344535" lon="14.077417">
        <ele>316.404792</ele>
        <time>2026-03-26T18:38:35.085Z</time>
      </trkpt>
      <trkpt lat="45.344540" lon="14.077064">
        <ele>316.158242</ele>
        <time>2026-03-26T18:38:39.499Z</time>
      </trkpt>
      <trkpt lat="45.344773" lon="14.076128">
        <ele>315.757829</ele>
        <time>2026-03-26T18:38:53.465Z</time>
      </trkpt>
      <trkpt lat="45.344784" lon="14.075803">
        <ele>316.153808</ele>
        <time>2026-03-26T18:38:59.891Z</time>
      </trkpt>
      <trkpt lat="45.344688" lon="14.075656">
        <ele>316.398012</ele>
        <time>2026-03-26T18:39:04.172Z</time>
      </trkpt>
      <trkpt lat="45.344507" lon="14.075514">
        <ele>316.755906</ele>
        <time>2026-03-26T18:39:10.823Z</time>
      </trkpt>
      <trkpt lat="45.344372" lon="14.075490">
        <ele>316.991480</ele>
        <time>2026-03-26T18:39:15.402Z</time>
      </trkpt>
      <trkpt lat="45.343910" lon="14.075505">
        <ele>317.791655</ele>
        <time>2026-03-26T18:39:30.680Z</time>
      </trkpt>
      <trkpt lat="45.343812" lon="14.075434">
        <ele>317.982078</ele>
        <time>2026-03-26T18:39:34.264Z</time>
      </trkpt>
      <trkpt lat="45.343774" lon="14.075341">
        <ele>318.112996</ele>
        <time>2026-03-26T18:39:36.700Z</time>
      </trkpt>
      <trkpt lat="45.343759" lon="14.075140">
        <ele>318.358990</ele>
        <time>2026-03-26T18:39:41.380Z</time>
      </trkpt>
      <trkpt lat="45.343784" lon="14.074732">
        <ele>318.903347</ele>
        <time>2026-03-26T18:39:50.936Z</time>
      </trkpt>
      <trkpt lat="45.343739" lon="14.073973">
        <ele>320.078850</ele>
        <time>2026-03-26T18:40:06.455Z</time>
      </trkpt>
      <trkpt lat="45.343740" lon="14.073081">
        <ele>321.455450</ele>
        <time>2026-03-26T18:40:25.646Z</time>
      </trkpt>
      <trkpt lat="45.343782" lon="14.072781">
        <ele>321.927527</ele>
        <time>2026-03-26T18:40:33.403Z</time>
      </trkpt>
      <trkpt lat="45.343740" lon="14.072665">
        <ele>322.128904</ele>
        <time>2026-03-26T18:40:36.650Z</time>
      </trkpt>
      <trkpt lat="45.343565" lon="14.072419">
        <ele>322.665648</ele>
        <time>2026-03-26T18:40:45.843Z</time>
      </trkpt>
      <trkpt lat="45.343538" lon="14.072319">
        <ele>322.814160</ele>
        <time>2026-03-26T18:40:48.563Z</time>
      </trkpt>
      <trkpt lat="45.343524" lon="14.072185">
        <ele>323.001971</ele>
        <time>2026-03-26T18:40:52.171Z</time>
      </trkpt>
      <trkpt lat="45.343566" lon="14.071592">
        <ele>323.828238</ele>
        <time>2026-03-26T18:41:06.796Z</time>
      </trkpt>
      <trkpt lat="45.343615" lon="14.071359">
        <ele>324.165406</ele>
        <time>2026-03-26T18:41:12.405Z</time>
      </trkpt>
      <trkpt lat="45.343830" lon="14.070767">
        <ele>325.089210</ele>
        <time>2026-03-26T18:41:26.061Z</time>
      </trkpt>
      <trkpt lat="45.343873" lon="14.070537">
        <ele>325.419156</ele>
        <time>2026-03-26T18:41:29.761Z</time>
      </trkpt>
      <trkpt lat="45.343874" lon="14.070360">
        <ele>325.664545</ele>
        <time>2026-03-26T18:41:32.402Z</time>
      </trkpt>
      <trkpt lat="45.343911" lon="14.070206">
        <ele>325.890171</ele>
        <time>2026-03-26T18:41:34.896Z</time>
      </trkpt>
      <trkpt lat="45.344064" lon="14.069820">
        <ele>327.205734</ele>
        <time>2026-03-26T18:41:43.357Z</time>
      </trkpt>
      <trkpt lat="45.344112" lon="14.069599">
        <ele>328.226069</ele>
        <time>2026-03-26T18:41:48.998Z</time>
      </trkpt>
      <trkpt lat="45.344135" lon="14.069322">
        <ele>329.456437</ele>
        <time>2026-03-26T18:41:56.644Z</time>
      </trkpt>
      <trkpt lat="45.344141" lon="14.069064">
        <ele>330.595119</ele>
        <time>2026-03-26T18:42:04.558Z</time>
      </trkpt>
      <trkpt lat="45.344169" lon="14.068933">
        <ele>331.199101</ele>
        <time>2026-03-26T18:42:09.392Z</time>
      </trkpt>
      <trkpt lat="45.344275" lon="14.068694">
        <ele>332.445699</ele>
        <time>2026-03-26T18:42:20.701Z</time>
      </trkpt>
      <trkpt lat="45.344364" lon="14.068562">
        <ele>333.252559</ele>
        <time>2026-03-26T18:42:29.049Z</time>
      </trkpt>
      <trkpt lat="45.344583" lon="14.068417">
        <ele>334.768542</ele>
        <time>2026-03-26T18:42:45.539Z</time>
      </trkpt>
      <trkpt lat="45.344920" lon="14.068067">
        <ele>337.387095</ele>
        <time>2026-03-26T18:43:17.236Z</time>
      </trkpt>
      <trkpt lat="45.345103" lon="14.067847">
        <ele>339.316553</ele>
        <time>2026-03-26T18:43:36.935Z</time>
      </trkpt>
      <trkpt lat="45.345183" lon="14.067752">
        <ele>340.166766</ele>
        <time>2026-03-26T18:43:45.329Z</time>
      </trkpt>
      <trkpt lat="45.345252" lon="14.067717">
        <ele>340.764462</ele>
        <time>2026-03-26T18:43:51.178Z</time>
      </trkpt>
      <trkpt lat="45.345370" lon="14.067708">
        <ele>341.728636</ele>
        <time>2026-03-26T18:44:00.213Z</time>
      </trkpt>
      <trkpt lat="45.345889" lon="14.067242">
        <ele>346.735977</ele>
        <time>2026-03-26T18:44:42.616Z</time>
      </trkpt>
      <trkpt lat="45.346075" lon="14.067084">
        <ele>348.503491</ele>
        <time>2026-03-26T18:44:55.941Z</time>
      </trkpt>
      <trkpt lat="45.346418" lon="14.066917">
        <ele>351.461430</ele>
        <time>2026-03-26T18:45:15.078Z</time>
      </trkpt>
      <trkpt lat="45.347009" lon="14.066353">
        <ele>354.216254</ele>
        <time>2026-03-26T18:45:45.401Z</time>
      </trkpt>
      <trkpt lat="45.347224" lon="14.065998">
        <ele>355.302153</ele>
        <time>2026-03-26T18:45:56.993Z</time>
      </trkpt>
      <trkpt lat="45.347415" lon="14.065567">
        <ele>356.482829</ele>
        <time>2026-03-26T18:46:08.388Z</time>
      </trkpt>
      <trkpt lat="45.347506" lon="14.065209">
        <ele>357.364974</ele>
        <time>2026-03-26T18:46:16.754Z</time>
      </trkpt>
      <trkpt lat="45.347614" lon="14.065062">
        <ele>357.857743</ele>
        <time>2026-03-26T18:46:21.858Z</time>
      </trkpt>
      <trkpt lat="45.348050" lon="14.064641">
        <ele>358.584277</ele>
        <time>2026-03-26T18:46:40.975Z</time>
      </trkpt>
      <trkpt lat="45.348134" lon="14.064520">
        <ele>358.715925</ele>
        <time>2026-03-26T18:46:45.206Z</time>
      </trkpt>
      <trkpt lat="45.348219" lon="14.064285">
        <ele>358.920502</ele>
        <time>2026-03-26T18:46:51.452Z</time>
      </trkpt>
      <trkpt lat="45.348301" lon="14.064147">
        <ele>359.060382</ele>
        <time>2026-03-26T18:46:55.747Z</time>
      </trkpt>
      <trkpt lat="45.348408" lon="14.064153">
        <ele>359.178321</ele>
        <time>2026-03-26T18:46:59.125Z</time>
      </trkpt>
      <trkpt lat="45.348576" lon="14.064158">
        <ele>359.363392</ele>
        <time>2026-03-26T18:47:03.934Z</time>
      </trkpt>
      <trkpt lat="45.348721" lon="14.064085">
        <ele>359.532793</ele>
        <time>2026-03-26T18:47:07.774Z</time>
      </trkpt>
      <trkpt lat="45.348885" lon="14.063927">
        <ele>359.750927</ele>
        <time>2026-03-26T18:47:11.861Z</time>
      </trkpt>
      <trkpt lat="45.349131" lon="14.063401">
        <ele>359.355529</ele>
        <time>2026-03-26T18:47:19.736Z</time>
      </trkpt>
      <trkpt lat="45.349591" lon="14.062970">
        <ele>357.009659</ele>
        <time>2026-03-26T18:47:27.738Z</time>
      </trkpt>
      <trkpt lat="45.349865" lon="14.062436">
        <ele>355.030534</ele>
        <time>2026-03-26T18:47:34.160Z</time>
      </trkpt>
      <trkpt lat="45.350329" lon="14.061782">
        <ele>352.169057</ele>
        <time>2026-03-26T18:47:43.176Z</time>
      </trkpt>
      <trkpt lat="45.350431" lon="14.061541">
        <ele>350.874914</ele>
        <time>2026-03-26T18:47:45.928Z</time>
      </trkpt>
      <trkpt lat="45.350559" lon="14.061089">
        <ele>348.633217</ele>
        <time>2026-03-26T18:47:50.637Z</time>
      </trkpt>
      <trkpt lat="45.350623" lon="14.060963">
        <ele>347.918065</ele>
        <time>2026-03-26T18:47:52.126Z</time>
      </trkpt>
      <trkpt lat="45.350905" lon="14.060586">
        <ele>345.385323</ele>
        <time>2026-03-26T18:47:57.302Z</time>
      </trkpt>
      <trkpt lat="45.350992" lon="14.060410">
        <ele>344.395494</ele>
        <time>2026-03-26T18:47:59.313Z</time>
      </trkpt>
      <trkpt lat="45.350990" lon="14.060284">
        <ele>343.815741</ele>
        <time>2026-03-26T18:48:00.487Z</time>
      </trkpt>
      <trkpt lat="45.350908" lon="14.060181">
        <ele>343.099791</ele>
        <time>2026-03-26T18:48:01.937Z</time>
      </trkpt>
      <trkpt lat="45.350393" lon="14.060168">
        <ele>339.452088</ele>
        <time>2026-03-26T18:48:08.691Z</time>
      </trkpt>
      <trkpt lat="45.350301" lon="14.060082">
        <ele>338.509452</ele>
        <time>2026-03-26T18:48:10.113Z</time>
      </trkpt>
      <trkpt lat="45.350270" lon="14.059917">
        <ele>337.481581</ele>
        <time>2026-03-26T18:48:11.679Z</time>
      </trkpt>
      <trkpt lat="45.350306" lon="14.059634">
        <ele>335.750764</ele>
        <time>2026-03-26T18:48:14.297Z</time>
      </trkpt>
      <trkpt lat="45.350387" lon="14.059463">
        <ele>334.509717</ele>
        <time>2026-03-26T18:48:16.158Z</time>
      </trkpt>
      <trkpt lat="45.350482" lon="14.059409">
        <ele>333.633677</ele>
        <time>2026-03-26T18:48:17.470Z</time>
      </trkpt>
      <trkpt lat="45.350916" lon="14.059433">
        <ele>329.914319</ele>
        <time>2026-03-26T18:48:23.011Z</time>
      </trkpt>
      <trkpt lat="45.351059" lon="14.059366">
        <ele>328.625066</ele>
        <time>2026-03-26T18:48:24.927Z</time>
      </trkpt>
      <trkpt lat="45.351106" lon="14.059236">
        <ele>327.745256</ele>
        <time>2026-03-26T18:48:26.229Z</time>
      </trkpt>
      <trkpt lat="45.351130" lon="14.058653">
        <ele>324.451956</ele>
        <time>2026-03-26T18:48:31.456Z</time>
      </trkpt>
      <trkpt lat="45.351264" lon="14.058183">
        <ele>322.081236</ele>
        <time>2026-03-26T18:48:36.047Z</time>
      </trkpt>
      <trkpt lat="45.351482" lon="14.057900">
        <ele>320.118589</ele>
        <time>2026-03-26T18:48:39.891Z</time>
      </trkpt>
      <trkpt lat="45.351890" lon="14.057502">
        <ele>316.828551</ele>
        <time>2026-03-26T18:48:46.514Z</time>
      </trkpt>
      <trkpt lat="45.352207" lon="14.057316">
        <ele>314.547967</ele>
        <time>2026-03-26T18:48:51.379Z</time>
      </trkpt>
      <trkpt lat="45.352158" lon="14.057120">
        <ele>313.575621</ele>
        <time>2026-03-26T18:48:53.519Z</time>
      </trkpt>
      <trkpt lat="45.352131" lon="14.056638">
        <ele>312.472201</ele>
        <time>2026-03-26T18:48:58.536Z</time>
      </trkpt>
      <trkpt lat="45.352085" lon="14.056368">
        <ele>311.946646</ele>
        <time>2026-03-26T18:49:01.396Z</time>
      </trkpt>
      <trkpt lat="45.351985" lon="14.056069">
        <ele>311.320237</ele>
        <time>2026-03-26T18:49:04.832Z</time>
      </trkpt>
      <trkpt lat="45.351901" lon="14.055895">
        <ele>310.920895</ele>
        <time>2026-03-26T18:49:07.005Z</time>
      </trkpt>
      <trkpt lat="45.351685" lon="14.055805">
        <ele>310.315038</ele>
        <time>2026-03-26T18:49:10.316Z</time>
      </trkpt>
      <trkpt lat="45.351548" lon="14.055879">
        <ele>309.920577</ele>
        <time>2026-03-26T18:49:12.565Z</time>
      </trkpt>
      <trkpt lat="45.351362" lon="14.056097">
        <ele>309.271918</ele>
        <time>2026-03-26T18:49:16.484Z</time>
      </trkpt>
      <trkpt lat="45.351147" lon="14.056285">
        <ele>308.592626</ele>
        <time>2026-03-26T18:49:21.176Z</time>
      </trkpt>
      <trkpt lat="45.350923" lon="14.056272">
        <ele>308.722064</ele>
        <time>2026-03-26T18:49:25.925Z</time>
      </trkpt>
      <trkpt lat="45.350867" lon="14.056164">
        <ele>308.903232</ele>
        <time>2026-03-26T18:49:28.206Z</time>
      </trkpt>
      <trkpt lat="45.350879" lon="14.055838">
        <ele>309.343880</ele>
        <time>2026-03-26T18:49:34.337Z</time>
      </trkpt>
      <trkpt lat="45.350827" lon="14.055676">
        <ele>309.584282</ele>
        <time>2026-03-26T18:49:38.371Z</time>
      </trkpt>
      <trkpt lat="45.350554" lon="14.055244">
        <ele>310.368499</ele>
        <time>2026-03-26T18:49:54.291Z</time>
      </trkpt>
      <trkpt lat="45.350472" lon="14.054944">
        <ele>310.803001</ele>
        <time>2026-03-26T18:50:03.711Z</time>
      </trkpt>
      <trkpt lat="45.350342" lon="14.054604">
        <ele>311.325476</ele>
        <time>2026-03-26T18:50:14.651Z</time>
      </trkpt>
      <trkpt lat="45.350300" lon="14.054281">
        <ele>311.768876</ele>
        <time>2026-03-26T18:50:23.014Z</time>
      </trkpt>
      <trkpt lat="45.350278" lon="14.053556">
        <ele>312.022028</ele>
        <time>2026-03-26T18:50:35.588Z</time>
      </trkpt>
      <trkpt lat="45.350183" lon="14.053062">
        <ele>312.140630</ele>
        <time>2026-03-26T18:50:42.132Z</time>
      </trkpt>
      <trkpt lat="45.350163" lon="14.052911">
        <ele>312.176213</ele>
        <time>2026-03-26T18:50:44.039Z</time>
      </trkpt>
      <trkpt lat="45.350129" lon="14.052636">
        <ele>312.240874</ele>
        <time>2026-03-26T18:50:47.382Z</time>
      </trkpt>
      <trkpt lat="45.350146" lon="14.051767">
        <ele>312.442188</ele>
        <time>2026-03-26T18:50:58.464Z</time>
      </trkpt>
      <trkpt lat="45.350080" lon="14.051245">
        <ele>313.654691</ele>
        <time>2026-03-26T18:51:09.380Z</time>
      </trkpt>
      <trkpt lat="45.350184" lon="14.050880">
        <ele>314.732576</ele>
        <time>2026-03-26T18:51:20.978Z</time>
      </trkpt>
      <trkpt lat="45.350188" lon="14.050718">
        <ele>315.176199</ele>
        <time>2026-03-26T18:51:26.779Z</time>
      </trkpt>
      <trkpt lat="45.350115" lon="14.050418">
        <ele>316.045040</ele>
        <time>2026-03-26T18:51:38.548Z</time>
      </trkpt>
      <trkpt lat="45.349797" lon="14.049688">
        <ele>318.395528</ele>
        <time>2026-03-26T18:52:07.325Z</time>
      </trkpt>
      <trkpt lat="45.349740" lon="14.049293">
        <ele>319.505761</ele>
        <time>2026-03-26T18:52:18.970Z</time>
      </trkpt>
      <trkpt lat="45.349770" lon="14.048979">
        <ele>320.562154</ele>
        <time>2026-03-26T18:52:29.098Z</time>
      </trkpt>
      <trkpt lat="45.349919" lon="14.048567">
        <ele>322.106800</ele>
        <time>2026-03-26T18:52:44.807Z</time>
      </trkpt>
      <trkpt lat="45.350076" lon="14.048134">
        <ele>323.731056</ele>
        <time>2026-03-26T18:53:01.073Z</time>
      </trkpt>
      <trkpt lat="45.350090" lon="14.048047">
        <ele>324.028587</ele>
        <time>2026-03-26T18:53:03.896Z</time>
      </trkpt>
      <trkpt lat="45.350058" lon="14.047986">
        <ele>324.282344</ele>
        <time>2026-03-26T18:53:06.250Z</time>
      </trkpt>
      <trkpt lat="45.349820" lon="14.048414">
        <ele>326.101764</ele>
        <time>2026-03-26T18:53:22.270Z</time>
      </trkpt>
      <trkpt lat="45.349647" lon="14.048804">
        <ele>327.639212</ele>
        <time>2026-03-26T18:53:38.030Z</time>
      </trkpt>
      <trkpt lat="45.349636" lon="14.048825">
        <ele>327.726525</ele>
        <time>2026-03-26T18:53:38.991Z</time>
      </trkpt>
      <trkpt lat="45.349426" lon="14.049212">
        <ele>328.158028</ele>
        <time>2026-03-26T18:53:57.680Z</time>
      </trkpt>
      <trkpt lat="45.348951" lon="14.049755">
        <ele>328.493893</ele>
        <time>2026-03-26T18:54:23.777Z</time>
      </trkpt>
      <trkpt lat="45.348884" lon="14.049829">
        <ele>328.540646</ele>
        <time>2026-03-26T18:54:25.471Z</time>
      </trkpt>
      <trkpt lat="45.348668" lon="14.050694">
        <ele>328.896268</ele>
        <time>2026-03-26T18:54:35.991Z</time>
      </trkpt>
      <trkpt lat="45.348520" lon="14.050982">
        <ele>329.018053</ele>
        <time>2026-03-26T18:54:40.190Z</time>
      </trkpt>
      <trkpt lat="45.348239" lon="14.051357">
        <ele>329.148450</ele>
        <time>2026-03-26T18:54:47.070Z</time>
      </trkpt>
      <trkpt lat="45.348095" lon="14.051504">
        <ele>329.208436</ele>
        <time>2026-03-26T18:54:50.159Z</time>
      </trkpt>
      <trkpt lat="45.348071" lon="14.051543">
        <ele>329.220767</ele>
        <time>2026-03-26T18:54:50.789Z</time>
      </trkpt>
      <trkpt lat="45.348071" lon="14.051543">
        <ele>329.220767</ele>
        <time>2026-03-26T18:54:50.797Z</time>
      </trkpt>
      <trkpt lat="45.348098" lon="14.051117">
        <ele>329.322514</ele>
        <time>2026-03-26T18:54:57.225Z</time>
      </trkpt>
      <trkpt lat="45.348098" lon="14.051117">
        <ele>329.322514</ele>
        <time>2026-03-26T18:54:57.228Z</time>
      </trkpt>
      <trkpt lat="45.348052" lon="14.051073">
        <ele>329.341275</ele>
        <time>2026-03-26T18:55:01.082Z</time>
      </trkpt>
      <trkpt lat="45.348302" lon="14.050592">
        <ele>329.483584</ele>
        <time>2026-03-26T18:55:30.278Z</time>
      </trkpt>
      <trkpt lat="45.348210" lon="14.050499">
        <ele>329.521782</ele>
        <time>2026-03-26T18:55:38.106Z</time>
      </trkpt>
      <trkpt lat="45.348232" lon="14.050444">
        <ele>329.536836</ele>
        <time>2026-03-26T18:55:41.180Z</time>
      </trkpt>
      <trkpt lat="45.348467" lon="14.049920">
        <ele>329.054940</ele>
        <time>2026-03-26T18:56:04.983Z</time>
      </trkpt>
      <trkpt lat="45.348667" lon="14.049860">
        <ele>328.605431</ele>
        <time>2026-03-26T18:56:13.467Z</time>
      </trkpt>
      <trkpt lat="45.348764" lon="14.049718">
        <ele>328.299369</ele>
        <time>2026-03-26T18:56:17.199Z</time>
      </trkpt>
      <trkpt lat="45.348811" lon="14.049787">
        <ele>328.150854</ele>
        <time>2026-03-26T18:56:18.612Z</time>
      </trkpt>
      <trkpt lat="45.348884" lon="14.049829">
        <ele>327.977686</ele>
        <time>2026-03-26T18:56:20.093Z</time>
      </trkpt>
      <trkpt lat="45.348951" lon="14.049755">
        <ele>327.791161</ele>
        <time>2026-03-26T18:56:21.518Z</time>
      </trkpt>
      <trkpt lat="45.349426" lon="14.049212">
        <ele>326.451181</ele>
        <time>2026-03-26T18:56:30.579Z</time>
      </trkpt>
      <trkpt lat="45.349636" lon="14.048825">
        <ele>325.695506</ele>
        <time>2026-03-26T18:56:34.995Z</time>
      </trkpt>
      <trkpt lat="45.349647" lon="14.048804">
        <ele>325.655026</ele>
        <time>2026-03-26T18:56:35.229Z</time>
      </trkpt>
      <trkpt lat="45.349820" lon="14.048414">
        <ele>321.868461</ele>
        <time>2026-03-26T18:56:39.267Z</time>
      </trkpt>
      <trkpt lat="45.350058" lon="14.047986">
        <ele>317.336261</ele>
        <time>2026-03-26T18:56:43.987Z</time>
      </trkpt>
      <trkpt lat="45.350132" lon="14.047733">
        <ele>315.060628</ele>
        <time>2026-03-26T18:56:46.341Z</time>
      </trkpt>
      <trkpt lat="45.350234" lon="14.047510">
        <ele>312.851141</ele>
        <time>2026-03-26T18:56:48.629Z</time>
      </trkpt>
      <trkpt lat="45.351122" lon="14.046238">
        <ele>298.566627</ele>
        <time>2026-03-26T18:57:03.975Z</time>
      </trkpt>
      <trkpt lat="45.351520" lon="14.045561">
        <ele>291.925770</ele>
        <time>2026-03-26T18:57:11.676Z</time>
      </trkpt>
      <trkpt lat="45.351624" lon="14.045214">
        <ele>289.087516</ele>
        <time>2026-03-26T18:57:15.004Z</time>
      </trkpt>
      <trkpt lat="45.351649" lon="14.044995">
        <ele>287.418221</ele>
        <time>2026-03-26T18:57:16.994Z</time>
      </trkpt>
      <trkpt lat="45.351577" lon="14.044856">
        <ele>286.119034</ele>
        <time>2026-03-26T18:57:18.553Z</time>
      </trkpt>
      <trkpt lat="45.351479" lon="14.044773">
        <ele>285.062293</ele>
        <time>2026-03-26T18:57:20.049Z</time>
      </trkpt>
      <trkpt lat="45.351338" lon="14.044759">
        <ele>284.595159</ele>
        <time>2026-03-26T18:57:21.891Z</time>
      </trkpt>
      <trkpt lat="45.351185" lon="14.044850">
        <ele>284.047104</ele>
        <time>2026-03-26T18:57:24.131Z</time>
      </trkpt>
      <trkpt lat="45.351125" lon="14.044807">
        <ele>283.825076</ele>
        <time>2026-03-26T18:57:25.065Z</time>
      </trkpt>
      <trkpt lat="45.351107" lon="14.044717">
        <ele>283.607741</ele>
        <time>2026-03-26T18:57:25.973Z</time>
      </trkpt>
      <trkpt lat="45.351191" lon="14.044639">
        <ele>283.276242</ele>
        <time>2026-03-26T18:57:27.433Z</time>
      </trkpt>
      <trkpt lat="45.351408" lon="14.044554">
        <ele>282.532387</ele>
        <time>2026-03-26T18:57:30.825Z</time>
      </trkpt>
      <trkpt lat="45.351745" lon="14.044553">
        <ele>281.418610</ele>
        <time>2026-03-26T18:57:36.342Z</time>
      </trkpt>
      <trkpt lat="45.351829" lon="14.044478">
        <ele>281.090868</ele>
        <time>2026-03-26T18:57:37.946Z</time>
      </trkpt>
      <trkpt lat="45.351900" lon="14.044365">
        <ele>280.738813</ele>
        <time>2026-03-26T18:57:39.898Z</time>
      </trkpt>
      <trkpt lat="45.352460" lon="14.044388">
        <ele>279.064650</ele>
        <time>2026-03-26T18:57:50.837Z</time>
      </trkpt>
      <trkpt lat="45.353244" lon="14.043954">
        <ele>277.907233</ele>
        <time>2026-03-26T18:58:07.155Z</time>
      </trkpt>
      <trkpt lat="45.353738" lon="14.043765">
        <ele>277.203423</ele>
        <time>2026-03-26T18:58:15.320Z</time>
      </trkpt>
      <trkpt lat="45.354208" lon="14.043518">
        <ele>276.363040</ele>
        <time>2026-03-26T18:58:23.175Z</time>
      </trkpt>
      <trkpt lat="45.354285" lon="14.043548">
        <ele>276.171236</ele>
        <time>2026-03-26T18:58:24.403Z</time>
      </trkpt>
      <trkpt lat="45.354266" lon="14.043628">
        <ele>276.028665</ele>
        <time>2026-03-26T18:58:25.318Z</time>
      </trkpt>
      <trkpt lat="45.354197" lon="14.043658">
        <ele>275.855324</ele>
        <time>2026-03-26T18:58:26.439Z</time>
      </trkpt>
      <trkpt lat="45.353966" lon="14.043758">
        <ele>275.275223</ele>
        <time>2026-03-26T18:58:30.208Z</time>
      </trkpt>
      <trkpt lat="45.352510" lon="14.044914">
        <ele>270.224385</ele>
        <time>2026-03-26T18:58:56.995Z</time>
      </trkpt>
      <trkpt lat="45.352432" lon="14.045023">
        <ele>269.717887</ele>
        <time>2026-03-26T18:58:58.593Z</time>
      </trkpt>
      <trkpt lat="45.352389" lon="14.045143">
        <ele>269.279323</ele>
        <time>2026-03-26T18:58:59.951Z</time>
      </trkpt>
      <trkpt lat="45.352358" lon="14.045312">
        <ele>268.710647</ele>
        <time>2026-03-26T18:59:01.693Z</time>
      </trkpt>
      <trkpt lat="45.352359" lon="14.045495">
        <ele>268.114806</ele>
        <time>2026-03-26T18:59:03.490Z</time>
      </trkpt>
      <trkpt lat="45.352421" lon="14.045925">
        <ele>266.685622</ele>
        <time>2026-03-26T18:59:07.752Z</time>
      </trkpt>
      <trkpt lat="45.352331" lon="14.046405">
        <ele>265.068139</ele>
        <time>2026-03-26T18:59:12.551Z</time>
      </trkpt>
      <trkpt lat="45.352349" lon="14.046593">
        <ele>264.450382</ele>
        <time>2026-03-26T18:59:14.350Z</time>
      </trkpt>
      <trkpt lat="45.352421" lon="14.046683">
        <ele>263.993336</ele>
        <time>2026-03-26T18:59:15.613Z</time>
      </trkpt>
      <trkpt lat="45.352553" lon="14.046691">
        <ele>263.237547</ele>
        <time>2026-03-26T18:59:17.334Z</time>
      </trkpt>
      <trkpt lat="45.352626" lon="14.046611">
        <ele>262.710466</ele>
        <time>2026-03-26T18:59:18.546Z</time>
      </trkpt>
      <trkpt lat="45.352678" lon="14.046369">
        <ele>261.693159</ele>
        <time>2026-03-26T18:59:20.882Z</time>
      </trkpt>
      <trkpt lat="45.352782" lon="14.046064">
        <ele>260.330340</ele>
        <time>2026-03-26T18:59:24.048Z</time>
      </trkpt>
      <trkpt lat="45.352822" lon="14.045991">
        <ele>259.958215</ele>
        <time>2026-03-26T18:59:24.924Z</time>
      </trkpt>
      <trkpt lat="45.353011" lon="14.045815">
        <ele>258.666116</ele>
        <time>2026-03-26T18:59:27.993Z</time>
      </trkpt>
      <trkpt lat="45.353331" lon="14.045659">
        <ele>256.731120</ele>
        <time>2026-03-26T18:59:32.669Z</time>
      </trkpt>
      <trkpt lat="45.356249" lon="14.044892">
        <ele>243.750324</ele>
        <time>2026-03-26T19:00:15.170Z</time>
      </trkpt>
      <trkpt lat="45.357046" lon="14.044891">
        <ele>241.155723</ele>
        <time>2026-03-26T19:00:27.114Z</time>
      </trkpt>
      <trkpt lat="45.357495" lon="14.045000">
        <ele>240.024019</ele>
        <time>2026-03-26T19:00:34.388Z</time>
      </trkpt>
      <trkpt lat="45.358944" lon="14.045708">
        <ele>240.139177</ele>
        <time>2026-03-26T19:01:06.136Z</time>
      </trkpt>
      <trkpt lat="45.359734" lon="14.045978">
        <ele>242.788165</ele>
        <time>2026-03-26T19:01:34.333Z</time>
      </trkpt>
      <trkpt lat="45.359938" lon="14.045985">
        <ele>243.614375</ele>
        <time>2026-03-26T19:01:42.240Z</time>
      </trkpt>
      <trkpt lat="45.360057" lon="14.045877">
        <ele>244.185821</ele>
        <time>2026-03-26T19:01:48.367Z</time>
      </trkpt>
      <trkpt lat="45.360355" lon="14.045405">
        <ele>245.991069</ele>
        <time>2026-03-26T19:02:11.307Z</time>
      </trkpt>
      <trkpt lat="45.360492" lon="14.044960">
        <ele>247.373246</ele>
        <time>2026-03-26T19:02:29.515Z</time>
      </trkpt>
      <trkpt lat="45.360550" lon="14.044845">
        <ele>247.879134</ele>
        <time>2026-03-26T19:02:34.767Z</time>
      </trkpt>
      <trkpt lat="45.360672" lon="14.044789">
        <ele>248.554626</ele>
        <time>2026-03-26T19:02:41.512Z</time>
      </trkpt>
      <trkpt lat="45.360743" lon="14.044824">
        <ele>248.950571</ele>
        <time>2026-03-26T19:02:45.415Z</time>
      </trkpt>
      <trkpt lat="45.360934" lon="14.044918">
        <ele>250.015529</ele>
        <time>2026-03-26T19:02:55.970Z</time>
      </trkpt>
      <trkpt lat="45.361111" lon="14.044909">
        <ele>250.948830</ele>
        <time>2026-03-26T19:03:05.141Z</time>
      </trkpt>
      <trkpt lat="45.361669" lon="14.044489">
        <ele>254.275115</ele>
        <time>2026-03-26T19:03:37.975Z</time>
      </trkpt>
      <trkpt lat="45.362289" lon="14.044365">
        <ele>257.233320</ele>
        <time>2026-03-26T19:04:05.181Z</time>
      </trkpt>
      <trkpt lat="45.362367" lon="14.044281">
        <ele>257.483469</ele>
        <time>2026-03-26T19:04:09.063Z</time>
      </trkpt>
      <trkpt lat="45.363078" lon="14.043511">
        <ele>259.768349</ele>
        <time>2026-03-26T19:04:43.217Z</time>
      </trkpt>
      <trkpt lat="45.363213" lon="14.043419">
        <ele>260.151138</ele>
        <time>2026-03-26T19:04:48.318Z</time>
      </trkpt>
      <trkpt lat="45.363602" lon="14.043081">
        <ele>261.316713</ele>
        <time>2026-03-26T19:05:01.742Z</time>
      </trkpt>
      <trkpt lat="45.363784" lon="14.043059">
        <ele>261.292437</ele>
        <time>2026-03-26T19:05:05.889Z</time>
      </trkpt>
      <trkpt lat="45.363902" lon="14.043006">
        <ele>261.037564</ele>
        <time>2026-03-26T19:05:08.219Z</time>
      </trkpt>
      <trkpt lat="45.364175" lon="14.042516">
        <ele>260.132524</ele>
        <time>2026-03-26T19:05:15.711Z</time>
      </trkpt>
      <trkpt lat="45.364312" lon="14.041881">
        <ele>259.171187</ele>
        <time>2026-03-26T19:05:22.891Z</time>
      </trkpt>
      <trkpt lat="45.364348" lon="14.041579">
        <ele>258.727881</ele>
        <time>2026-03-26T19:05:26.089Z</time>
      </trkpt>
      <trkpt lat="45.364528" lon="14.041432">
        <ele>258.300416</ele>
        <time>2026-03-26T19:05:29.170Z</time>
      </trkpt>
      <trkpt lat="45.364738" lon="14.041313">
        <ele>257.834832</ele>
        <time>2026-03-26T19:05:32.509Z</time>
      </trkpt>
      <trkpt lat="45.365221" lon="14.041094">
        <ele>256.743837</ele>
        <time>2026-03-26T19:05:40.020Z</time>
      </trkpt>
      <trkpt lat="45.366137" lon="14.041040">
        <ele>254.768376</ele>
        <time>2026-03-26T19:05:55.121Z</time>
      </trkpt>
      <trkpt lat="45.366327" lon="14.040932">
        <ele>254.327529</ele>
        <time>2026-03-26T19:05:58.720Z</time>
      </trkpt>
      <trkpt lat="45.366517" lon="14.040836">
        <ele>253.916214</ele>
        <time>2026-03-26T19:06:02.321Z</time>
      </trkpt>
      <trkpt lat="45.366675" lon="14.040874">
        <ele>253.780858</ele>
        <time>2026-03-26T19:06:05.185Z</time>
      </trkpt>
      <trkpt lat="45.367230" lon="14.041460">
        <ele>253.197137</ele>
        <time>2026-03-26T19:06:17.756Z</time>
      </trkpt>
      <trkpt lat="45.368067" lon="14.042023">
        <ele>252.415143</ele>
        <time>2026-03-26T19:06:34.658Z</time>
      </trkpt>
      <trkpt lat="45.368283" lon="14.042096">
        <ele>252.415229</ele>
        <time>2026-03-26T19:06:38.616Z</time>
      </trkpt>
      <trkpt lat="45.370044" lon="14.042268">
        <ele>252.704229</ele>
        <time>2026-03-26T19:07:15.520Z</time>
      </trkpt>
      <trkpt lat="45.370599" lon="14.042195">
        <ele>253.501809</ele>
        <time>2026-03-26T19:07:32.331Z</time>
      </trkpt>
      <trkpt lat="45.371270" lon="14.042035">
        <ele>254.475379</ele>
        <time>2026-03-26T19:07:54.627Z</time>
      </trkpt>
      <trkpt lat="45.371421" lon="14.042063">
        <ele>254.693284</ele>
        <time>2026-03-26T19:07:59.212Z</time>
      </trkpt>
      <trkpt lat="45.371836" lon="14.042440">
        <ele>255.039706</ele>
        <time>2026-03-26T19:08:12.208Z</time>
      </trkpt>
      <trkpt lat="45.371974" lon="14.042483">
        <ele>255.053247</ele>
        <time>2026-03-26T19:08:15.413Z</time>
      </trkpt>
      <trkpt lat="45.373130" lon="14.042009">
        <ele>255.168565</ele>
        <time>2026-03-26T19:08:38.240Z</time>
      </trkpt>
      <trkpt lat="45.373819" lon="14.042118">
        <ele>255.434756</ele>
        <time>2026-03-26T19:08:53.271Z</time>
      </trkpt>
      <trkpt lat="45.374197" lon="14.042058">
        <ele>255.621039</ele>
        <time>2026-03-26T19:09:03.015Z</time>
      </trkpt>
      <trkpt lat="45.374868" lon="14.041711">
        <ele>255.970692</ele>
        <time>2026-03-26T19:09:21.010Z</time>
      </trkpt>
      <trkpt lat="45.375457" lon="14.041335">
        <ele>255.812657</ele>
        <time>2026-03-26T19:09:35.533Z</time>
      </trkpt>
      <trkpt lat="45.375612" lon="14.041305">
        <ele>255.723762</ele>
        <time>2026-03-26T19:09:38.533Z</time>
      </trkpt>
      <trkpt lat="45.375791" lon="14.041367">
        <ele>255.619070</ele>
        <time>2026-03-26T19:09:41.852Z</time>
      </trkpt>
      <trkpt lat="45.376071" lon="14.041538">
        <ele>255.445925</ele>
        <time>2026-03-26T19:09:47.235Z</time>
      </trkpt>
      <trkpt lat="45.376214" lon="14.041560">
        <ele>255.364187</ele>
        <time>2026-03-26T19:09:49.832Z</time>
      </trkpt>
      <trkpt lat="45.376357" lon="14.041525">
        <ele>255.281729</ele>
        <time>2026-03-26T19:09:52.469Z</time>
      </trkpt>
      <trkpt lat="45.376716" lon="14.041299">
        <ele>255.058656</ele>
        <time>2026-03-26T19:09:59.595Z</time>
      </trkpt>
      <trkpt lat="45.376889" lon="14.041284">
        <ele>254.678563</ele>
        <time>2026-03-26T19:10:02.661Z</time>
      </trkpt>
      <trkpt lat="45.377166" lon="14.041374">
        <ele>253.982418</ele>
        <time>2026-03-26T19:10:07.596Z</time>
      </trkpt>
      <trkpt lat="45.378020" lon="14.041648">
        <ele>251.837503</ele>
        <time>2026-03-26T19:10:21.565Z</time>
      </trkpt>
      <trkpt lat="45.378393" lon="14.041673">
        <ele>250.922582</ele>
        <time>2026-03-26T19:10:27.116Z</time>
      </trkpt>
      <trkpt lat="45.378657" lon="14.041648">
        <ele>250.117954</ele>
        <time>2026-03-26T19:10:30.947Z</time>
      </trkpt>
      <trkpt lat="45.379204" lon="14.041434">
        <ele>248.130871</ele>
        <time>2026-03-26T19:10:39.111Z</time>
      </trkpt>
      <trkpt lat="45.379384" lon="14.041447">
        <ele>247.499549</ele>
        <time>2026-03-26T19:10:41.697Z</time>
      </trkpt>
      <trkpt lat="45.379668" lon="14.041560">
        <ele>246.466621</ele>
        <time>2026-03-26T19:10:45.942Z</time>
      </trkpt>
      <trkpt lat="45.380050" lon="14.041501">
        <ele>245.120685</ele>
        <time>2026-03-26T19:10:51.648Z</time>
      </trkpt>
      <trkpt lat="45.380608" lon="14.041603">
        <ele>244.151908</ele>
        <time>2026-03-26T19:11:00.866Z</time>
      </trkpt>
      <trkpt lat="45.381002" lon="14.041577">
        <ele>243.935598</ele>
        <time>2026-03-26T19:11:08.460Z</time>
      </trkpt>
      <trkpt lat="45.381111" lon="14.041570">
        <ele>243.875759</ele>
        <time>2026-03-26T19:11:10.716Z</time>
      </trkpt>
      <trkpt lat="45.381276" lon="14.041628">
        <ele>243.782552</ele>
        <time>2026-03-26T19:11:14.460Z</time>
      </trkpt>
      <trkpt lat="45.381412" lon="14.041770">
        <ele>243.690059</ele>
        <time>2026-03-26T19:11:18.301Z</time>
      </trkpt>
      <trkpt lat="45.381467" lon="14.041892">
        <ele>243.634217</ele>
        <time>2026-03-26T19:11:20.707Z</time>
      </trkpt>
      <trkpt lat="45.381500" lon="14.041997">
        <ele>243.589906</ele>
        <time>2026-03-26T19:11:22.549Z</time>
      </trkpt>
      <trkpt lat="45.381680" lon="14.042692">
        <ele>243.176540</ele>
        <time>2026-03-26T19:11:34.046Z</time>
      </trkpt>
      <trkpt lat="45.381761" lon="14.042900">
        <ele>242.834800</ele>
        <time>2026-03-26T19:11:37.531Z</time>
      </trkpt>
      <trkpt lat="45.381955" lon="14.043171">
        <ele>242.278791</ele>
        <time>2026-03-26T19:11:42.551Z</time>
      </trkpt>
      <trkpt lat="45.382164" lon="14.043364">
        <ele>241.769164</ele>
        <time>2026-03-26T19:11:46.636Z</time>
      </trkpt>
      <trkpt lat="45.382303" lon="14.043429">
        <ele>241.469857</ele>
        <time>2026-03-26T19:11:48.947Z</time>
      </trkpt>
      <trkpt lat="45.382604" lon="14.043330">
        <ele>240.837863</ele>
        <time>2026-03-26T19:11:53.658Z</time>
      </trkpt>
      <trkpt lat="45.382726" lon="14.043395">
        <ele>240.571377</ele>
        <time>2026-03-26T19:11:55.600Z</time>
      </trkpt>
      <trkpt lat="45.382922" lon="14.043622">
        <ele>240.054496</ele>
        <time>2026-03-26T19:11:59.320Z</time>
      </trkpt>
      <trkpt lat="45.383048" lon="14.043675">
        <ele>239.785715</ele>
        <time>2026-03-26T19:12:01.247Z</time>
      </trkpt>
      <trkpt lat="45.383240" lon="14.043635">
        <ele>239.543354</ele>
        <time>2026-03-26T19:12:04.119Z</time>
      </trkpt>
      <trkpt lat="45.383867" lon="14.043350">
        <ele>238.932192</ele>
        <time>2026-03-26T19:12:14.457Z</time>
      </trkpt>
      <trkpt lat="45.384103" lon="14.043298">
        <ele>238.710442</ele>
        <time>2026-03-26T19:12:18.629Z</time>
      </trkpt>
      <trkpt lat="45.384284" lon="14.043327">
        <ele>238.541310</ele>
        <time>2026-03-26T19:12:22.045Z</time>
      </trkpt>
      <trkpt lat="45.385768" lon="14.043792">
        <ele>240.418524</ele>
        <time>2026-03-26T19:13:07.368Z</time>
      </trkpt>
      <trkpt lat="45.386104" lon="14.044008">
        <ele>241.368012</ele>
        <time>2026-03-26T19:13:22.032Z</time>
      </trkpt>
      <trkpt lat="45.386752" lon="14.044757">
        <ele>243.584489</ele>
        <time>2026-03-26T19:13:55.594Z</time>
      </trkpt>
      <trkpt lat="45.387043" lon="14.044988">
        <ele>244.507499</ele>
        <time>2026-03-26T19:14:08.420Z</time>
      </trkpt>
      <trkpt lat="45.387980" lon="14.045539">
        <ele>247.316033</ele>
        <time>2026-03-26T19:14:42.518Z</time>
      </trkpt>
      <trkpt lat="45.388225" lon="14.045640">
        <ele>247.921322</ele>
        <time>2026-03-26T19:14:50.518Z</time>
      </trkpt>
      <trkpt lat="45.388340" lon="14.045659">
        <ele>248.161917</ele>
        <time>2026-03-26T19:14:54.240Z</time>
      </trkpt>
      <trkpt lat="45.388478" lon="14.045637">
        <ele>248.450500</ele>
        <time>2026-03-26T19:14:58.756Z</time>
      </trkpt>
      <trkpt lat="45.389528" lon="14.045337">
        <ele>250.676094</ele>
        <time>2026-03-26T19:15:31.282Z</time>
      </trkpt>
      <trkpt lat="45.390461" lon="14.045095">
        <ele>253.361365</ele>
        <time>2026-03-26T19:16:03.139Z</time>
      </trkpt>
      <trkpt lat="45.391446" lon="14.044797">
        <ele>256.611301</ele>
        <time>2026-03-26T19:16:40.111Z</time>
      </trkpt>
      <trkpt lat="45.391726" lon="14.044614">
        <ele>257.758510</ele>
        <time>2026-03-26T19:16:56.069Z</time>
      </trkpt>
      <trkpt lat="45.392099" lon="14.044312">
        <ele>259.618412</ele>
        <time>2026-03-26T19:17:18.389Z</time>
      </trkpt>
      <trkpt lat="45.392607" lon="14.043883">
        <ele>262.178519</ele>
        <time>2026-03-26T19:17:43.739Z</time>
      </trkpt>
      <trkpt lat="45.392728" lon="14.043803">
        <ele>262.756788</ele>
        <time>2026-03-26T19:17:49.341Z</time>
      </trkpt>
      <trkpt lat="45.392824" lon="14.043790">
        <ele>263.174792</ele>
        <time>2026-03-26T19:17:53.490Z</time>
      </trkpt>
      <trkpt lat="45.392938" lon="14.043390">
        <ele>264.488836</ele>
        <time>2026-03-26T19:18:06.881Z</time>
      </trkpt>
      <trkpt lat="45.393085" lon="14.043301">
        <ele>265.134777</ele>
        <time>2026-03-26T19:18:13.978Z</time>
      </trkpt>
      <trkpt lat="45.393302" lon="14.042917">
        <ele>266.325076</ele>
        <time>2026-03-26T19:18:26.644Z</time>
      </trkpt>
      <trkpt lat="45.393702" lon="14.041455">
        <ele>270.114167</ele>
        <time>2026-03-26T19:19:03.164Z</time>
      </trkpt>
      <trkpt lat="45.394002" lon="14.040851">
        <ele>272.720493</ele>
        <time>2026-03-26T19:19:27.180Z</time>
      </trkpt>
      <trkpt lat="45.395026" lon="14.039345">
        <ele>283.250522</ele>
        <time>2026-03-26T19:20:58.111Z</time>
      </trkpt>
      <trkpt lat="45.395100" lon="14.039337">
        <ele>283.781385</ele>
        <time>2026-03-26T19:21:03.296Z</time>
      </trkpt>
      <trkpt lat="45.395102" lon="14.039470">
        <ele>284.485483</ele>
        <time>2026-03-26T19:21:09.913Z</time>
      </trkpt>
      <trkpt lat="45.394997" lon="14.039656">
        <ele>285.781606</ele>
        <time>2026-03-26T19:21:21.720Z</time>
      </trkpt>
      <trkpt lat="45.394865" lon="14.040017">
        <ele>287.992091</ele>
        <time>2026-03-26T19:21:41.830Z</time>
      </trkpt>
      <trkpt lat="45.394744" lon="14.040350">
        <ele>290.028415</ele>
        <time>2026-03-26T19:21:59.671Z</time>
      </trkpt>
      <trkpt lat="45.394704" lon="14.040603">
        <ele>291.436872</ele>
        <time>2026-03-26T19:22:11.425Z</time>
      </trkpt>
      <trkpt lat="45.394750" lon="14.041175">
        <ele>294.563749</ele>
        <time>2026-03-26T19:22:36.077Z</time>
      </trkpt>
      <trkpt lat="45.394716" lon="14.041576">
        <ele>296.757426</ele>
        <time>2026-03-26T19:22:52.293Z</time>
      </trkpt>
      <trkpt lat="45.394398" lon="14.042602">
        <ele>303.372233</ele>
        <time>2026-03-26T19:23:33.013Z</time>
      </trkpt>
      <trkpt lat="45.394232" lon="14.043865">
        <ele>311.092488</ele>
        <time>2026-03-26T19:24:38.280Z</time>
      </trkpt>
      <trkpt lat="45.394460" lon="14.044536">
        <ele>315.601983</ele>
        <time>2026-03-26T19:25:20.900Z</time>
      </trkpt>
      <trkpt lat="45.394711" lon="14.044989">
        <ele>319.116091</ele>
        <time>2026-03-26T19:25:52.792Z</time>
      </trkpt>
      <trkpt lat="45.395324" lon="14.043613">
        <ele>328.952020</ele>
        <time>2026-03-26T19:27:06.966Z</time>
      </trkpt>
      <trkpt lat="45.395350" lon="14.043541">
        <ele>329.119653</ele>
        <time>2026-03-26T19:27:09.632Z</time>
      </trkpt>
      <trkpt lat="45.395378" lon="14.043454">
        <ele>329.317805</ele>
        <time>2026-03-26T19:27:12.759Z</time>
      </trkpt>
      <trkpt lat="45.395490" lon="14.043176">
        <ele>329.981411</ele>
        <time>2026-03-26T19:27:23.053Z</time>
      </trkpt>
      <trkpt lat="45.395732" lon="14.042496">
        <ele>331.559841</ele>
        <time>2026-03-26T19:27:44.310Z</time>
      </trkpt>
      <trkpt lat="45.395800" lon="14.042256">
        <ele>332.095684</ele>
        <time>2026-03-26T19:27:50.346Z</time>
      </trkpt>
      <trkpt lat="45.395827" lon="14.042023">
        <ele>332.584633</ele>
        <time>2026-03-26T19:27:55.597Z</time>
      </trkpt>
      <trkpt lat="45.395803" lon="14.041703">
        <ele>333.250958</ele>
        <time>2026-03-26T19:28:01.903Z</time>
      </trkpt>
      <trkpt lat="45.395800" lon="14.041673">
        <ele>333.313699</ele>
        <time>2026-03-26T19:28:02.438Z</time>
      </trkpt>
      <trkpt lat="45.395760" lon="14.040976">
        <ele>334.586979</ele>
        <time>2026-03-26T19:28:12.315Z</time>
      </trkpt>
      <trkpt lat="45.395763" lon="14.040775">
        <ele>334.871401</ele>
        <time>2026-03-26T19:28:14.836Z</time>
      </trkpt>
      <trkpt lat="45.395821" lon="14.040517">
        <ele>335.254645</ele>
        <time>2026-03-26T19:28:18.115Z</time>
      </trkpt>
      <trkpt lat="45.396110" lon="14.039711">
        <ele>336.534950</ele>
        <time>2026-03-26T19:28:30.213Z</time>
      </trkpt>
      <trkpt lat="45.396267" lon="14.039438">
        <ele>337.034158</ele>
        <time>2026-03-26T19:28:39.466Z</time>
      </trkpt>
      <trkpt lat="45.396421" lon="14.039170">
        <ele>337.524063</ele>
        <time>2026-03-26T19:28:51.892Z</time>
      </trkpt>
      <trkpt lat="45.396610" lon="14.038660">
        <ele>339.661144</ele>
        <time>2026-03-26T19:29:17.487Z</time>
      </trkpt>
      <trkpt lat="45.396656" lon="14.038550">
        <ele>340.315193</ele>
        <time>2026-03-26T19:29:23.474Z</time>
      </trkpt>
      <trkpt lat="45.396867" lon="14.038216">
        <ele>342.610360</ele>
        <time>2026-03-26T19:29:45.149Z</time>
      </trkpt>
      <trkpt lat="45.397258" lon="14.037843">
        <ele>346.034199</ele>
        <time>2026-03-26T19:30:19.087Z</time>
      </trkpt>
      <trkpt lat="45.397501" lon="14.037338">
        <ele>349.161626</ele>
        <time>2026-03-26T19:30:47.513Z</time>
      </trkpt>
      <trkpt lat="45.397661" lon="14.037132">
        <ele>350.730837</ele>
        <time>2026-03-26T19:30:58.840Z</time>
      </trkpt>
      <trkpt lat="45.397933" lon="14.036910">
        <ele>351.892708</ele>
        <time>2026-03-26T19:31:10.708Z</time>
      </trkpt>
      <trkpt lat="45.398112" lon="14.036686">
        <ele>352.699201</ele>
        <time>2026-03-26T19:31:16.270Z</time>
      </trkpt>
      <trkpt lat="45.398326" lon="14.036303">
        <ele>353.862430</ele>
        <time>2026-03-26T19:31:24.181Z</time>
      </trkpt>
      <trkpt lat="45.398567" lon="14.035657">
        <ele>355.600908</ele>
        <time>2026-03-26T19:31:40.883Z</time>
      </trkpt>
      <trkpt lat="45.398753" lon="14.035333">
        <ele>356.595493</ele>
        <time>2026-03-26T19:31:52.936Z</time>
      </trkpt>
      <trkpt lat="45.398921" lon="14.035144">
        <ele>357.740681</ele>
        <time>2026-03-26T19:32:03.730Z</time>
      </trkpt>
      <trkpt lat="45.399108" lon="14.035027">
        <ele>359.360386</ele>
        <time>2026-03-26T19:32:15.233Z</time>
      </trkpt>
      <trkpt lat="45.399630" lon="14.034881">
        <ele>363.578922</ele>
        <time>2026-03-26T19:32:50.124Z</time>
      </trkpt>
      <trkpt lat="45.400039" lon="14.034811">
        <ele>366.845630</ele>
        <time>2026-03-26T19:33:21.138Z</time>
      </trkpt>
      <trkpt lat="45.400313" lon="14.034743">
        <ele>369.051194</ele>
        <time>2026-03-26T19:33:41.109Z</time>
      </trkpt>
      <trkpt lat="45.400729" lon="14.034334">
        <ele>372.586969</ele>
        <time>2026-03-26T19:34:14.018Z</time>
      </trkpt>
      <trkpt lat="45.401107" lon="14.033871">
        <ele>375.496036</ele>
        <time>2026-03-26T19:34:42.612Z</time>
      </trkpt>
      <trkpt lat="45.401355" lon="14.033452">
        <ele>377.741171</ele>
        <time>2026-03-26T19:35:03.218Z</time>
      </trkpt>
      <trkpt lat="45.401831" lon="14.032648">
        <ele>381.807545</ele>
        <time>2026-03-26T19:35:36.345Z</time>
      </trkpt>
      <trkpt lat="45.402299" lon="14.032177">
        <ele>382.306906</ele>
        <time>2026-03-26T19:35:54.825Z</time>
      </trkpt>
      <trkpt lat="45.402968" lon="14.031102">
        <ele>383.185798</ele>
        <time>2026-03-26T19:36:14.852Z</time>
      </trkpt>
      <trkpt lat="45.403241" lon="14.030816">
        <ele>383.308152</ele>
        <time>2026-03-26T19:36:20.823Z</time>
      </trkpt>
      <trkpt lat="45.403580" lon="14.030609">
        <ele>383.255797</ele>
        <time>2026-03-26T19:36:27.650Z</time>
      </trkpt>
      <trkpt lat="45.404025" lon="14.030158">
        <ele>383.178272</ele>
        <time>2026-03-26T19:36:38.450Z</time>
      </trkpt>
      <trkpt lat="45.404217" lon="14.030042">
        <ele>383.148668</ele>
        <time>2026-03-26T19:36:42.829Z</time>
      </trkpt>
      <trkpt lat="45.404360" lon="14.030022">
        <ele>383.128272</ele>
        <time>2026-03-26T19:36:45.905Z</time>
      </trkpt>
      <trkpt lat="45.404671" lon="14.030088">
        <ele>383.083640</ele>
        <time>2026-03-26T19:36:52.826Z</time>
      </trkpt>
      <trkpt lat="45.404745" lon="14.030049">
        <ele>383.137114</ele>
        <time>2026-03-26T19:36:54.639Z</time>
      </trkpt>
      <trkpt lat="45.404985" lon="14.029738">
        <ele>383.734210</ele>
        <time>2026-03-26T19:37:02.501Z</time>
      </trkpt>
      <trkpt lat="45.405242" lon="14.029474">
        <ele>384.317324</ele>
        <time>2026-03-26T19:37:10.874Z</time>
      </trkpt>
      <trkpt lat="45.405549" lon="14.029294">
        <ele>384.928276</ele>
        <time>2026-03-26T19:37:20.354Z</time>
      </trkpt>
      <trkpt lat="45.405881" lon="14.029091">
        <ele>385.593156</ele>
        <time>2026-03-26T19:37:31.976Z</time>
      </trkpt>
      <trkpt lat="45.406125" lon="14.028984">
        <ele>386.062977</ele>
        <time>2026-03-26T19:37:41.009Z</time>
      </trkpt>
      <trkpt lat="45.406220" lon="14.028897">
        <ele>386.270818</ele>
        <time>2026-03-26T19:37:45.323Z</time>
      </trkpt>
      <trkpt lat="45.406414" lon="14.028609">
        <ele>387.195315</ele>
        <time>2026-03-26T19:37:56.835Z</time>
      </trkpt>
      <trkpt lat="45.406546" lon="14.028465">
        <ele>387.814445</ele>
        <time>2026-03-26T19:38:04.072Z</time>
      </trkpt>
      <trkpt lat="45.406846" lon="14.028263">
        <ele>389.050088</ele>
        <time>2026-03-26T19:38:18.956Z</time>
      </trkpt>
      <trkpt lat="45.407444" lon="14.028193">
        <ele>391.284368</ele>
        <time>2026-03-26T19:38:45.786Z</time>
      </trkpt>
      <trkpt lat="45.407705" lon="14.028138">
        <ele>392.266832</ele>
        <time>2026-03-26T19:38:56.486Z</time>
      </trkpt>
      <trkpt lat="45.407967" lon="14.028084">
        <ele>393.130118</ele>
        <time>2026-03-26T19:39:06.231Z</time>
      </trkpt>
      <trkpt lat="45.408463" lon="14.028092">
        <ele>393.630262</ele>
        <time>2026-03-26T19:39:21.810Z</time>
      </trkpt>
      <trkpt lat="45.408687" lon="14.028003">
        <ele>393.864741</ele>
        <time>2026-03-26T19:39:27.856Z</time>
      </trkpt>
      <trkpt lat="45.409000" lon="14.027944">
        <ele>394.183087</ele>
        <time>2026-03-26T19:39:35.207Z</time>
      </trkpt>
      <trkpt lat="45.409278" lon="14.027809">
        <ele>394.479233</ele>
        <time>2026-03-26T19:39:41.223Z</time>
      </trkpt>
      <trkpt lat="45.409491" lon="14.027622">
        <ele>394.731515</ele>
        <time>2026-03-26T19:39:46.091Z</time>
      </trkpt>
      <trkpt lat="45.409924" lon="14.027064">
        <ele>395.146733</ele>
        <time>2026-03-26T19:39:57.353Z</time>
      </trkpt>
      <trkpt lat="45.410925" lon="14.026303">
        <ele>395.820424</ele>
        <time>2026-03-26T19:40:26.110Z</time>
      </trkpt>
      <trkpt lat="45.411105" lon="14.026297">
        <ele>395.927328</ele>
        <time>2026-03-26T19:40:31.466Z</time>
      </trkpt>
      <trkpt lat="45.411419" lon="14.026497">
        <ele>395.869613</ele>
        <time>2026-03-26T19:40:40.804Z</time>
      </trkpt>
      <trkpt lat="45.411910" lon="14.026573">
        <ele>395.698514</ele>
        <time>2026-03-26T19:40:51.595Z</time>
      </trkpt>
      <trkpt lat="45.412124" lon="14.026560">
        <ele>395.624311</ele>
        <time>2026-03-26T19:40:55.733Z</time>
      </trkpt>
      <trkpt lat="45.412388" lon="14.026454">
        <ele>395.529290</ele>
        <time>2026-03-26T19:41:00.727Z</time>
      </trkpt>
      <trkpt lat="45.412518" lon="14.026363">
        <ele>395.479110</ele>
        <time>2026-03-26T19:41:03.254Z</time>
      </trkpt>
      <trkpt lat="45.412577" lon="14.026211">
        <ele>395.436870</ele>
        <time>2026-03-26T19:41:05.328Z</time>
      </trkpt>
      <trkpt lat="45.412599" lon="14.025740">
        <ele>395.406822</ele>
        <time>2026-03-26T19:41:10.771Z</time>
      </trkpt>
      <trkpt lat="45.412807" lon="14.025449">
        <ele>395.714319</ele>
        <time>2026-03-26T19:41:15.546Z</time>
      </trkpt>
      <trkpt lat="45.412871" lon="14.025200">
        <ele>395.910653</ele>
        <time>2026-03-26T19:41:18.787Z</time>
      </trkpt>
      <trkpt lat="45.413036" lon="14.025117">
        <ele>396.095217</ele>
        <time>2026-03-26T19:41:22.719Z</time>
      </trkpt>
      <trkpt lat="45.413243" lon="14.024759">
        <ele>396.438627</ele>
        <time>2026-03-26T19:41:32.227Z</time>
      </trkpt>
      <trkpt lat="45.413325" lon="14.024693">
        <ele>396.537966</ele>
        <time>2026-03-26T19:41:35.429Z</time>
      </trkpt>
      <trkpt lat="45.413317" lon="14.024474">
        <ele>396.700337</ele>
        <time>2026-03-26T19:41:41.138Z</time>
      </trkpt>
      <trkpt lat="45.413516" lon="14.024031">
        <ele>397.089748</ele>
        <time>2026-03-26T19:41:55.973Z</time>
      </trkpt>
      <trkpt lat="45.413667" lon="14.023703">
        <ele>398.052465</ele>
        <time>2026-03-26T19:42:07.290Z</time>
      </trkpt>
      <trkpt lat="45.413723" lon="14.023474">
        <ele>399.093973</ele>
        <time>2026-03-26T19:42:14.811Z</time>
      </trkpt>
      <trkpt lat="45.413860" lon="14.023252">
        <ele>400.363498</ele>
        <time>2026-03-26T19:42:24.736Z</time>
      </trkpt>
      <trkpt lat="45.413988" lon="14.022933">
        <ele>401.941604</ele>
        <time>2026-03-26T19:42:38.437Z</time>
      </trkpt>
      <trkpt lat="45.414409" lon="14.022204">
        <ele>405.995949</ele>
        <time>2026-03-26T19:43:16.833Z</time>
      </trkpt>
      <trkpt lat="45.414649" lon="14.021280">
        <ele>411.135435</ele>
        <time>2026-03-26T19:43:58.945Z</time>
      </trkpt>
      <trkpt lat="45.415205" lon="14.019854">
        <ele>421.349970</ele>
        <time>2026-03-26T19:45:18.723Z</time>
      </trkpt>
      <trkpt lat="45.415549" lon="14.019500">
        <ele>425.357428</ele>
        <time>2026-03-26T19:45:49.880Z</time>
      </trkpt>
      <trkpt lat="45.415726" lon="14.019062">
        <ele>429.352267</ele>
        <time>2026-03-26T19:46:17.341Z</time>
      </trkpt>
      <trkpt lat="45.415981" lon="14.018534">
        <ele>434.418147</ele>
        <time>2026-03-26T19:46:54.442Z</time>
      </trkpt>
      <trkpt lat="45.416417" lon="14.017891">
        <ele>441.484639</ele>
        <time>2026-03-26T19:47:47.502Z</time>
      </trkpt>
      <trkpt lat="45.416729" lon="14.017575">
        <ele>445.930456</ele>
        <time>2026-03-26T19:48:20.418Z</time>
      </trkpt>
      <trkpt lat="45.417005" lon="14.017378">
        <ele>449.781853</ele>
        <time>2026-03-26T19:48:47.276Z</time>
      </trkpt>
      <trkpt lat="45.417187" lon="14.017097">
        <ele>453.130211</ele>
        <time>2026-03-26T19:49:11.075Z</time>
      </trkpt>
      <trkpt lat="45.417385" lon="14.016875">
        <ele>456.273749</ele>
        <time>2026-03-26T19:49:33.628Z</time>
      </trkpt>
      <trkpt lat="45.417839" lon="14.016551">
        <ele>462.608802</ele>
        <time>2026-03-26T19:50:18.845Z</time>
      </trkpt>
      <trkpt lat="45.418003" lon="14.016377">
        <ele>465.159932</ele>
        <time>2026-03-26T19:50:37.188Z</time>
      </trkpt>
      <trkpt lat="45.418338" lon="14.015883">
        <ele>471.264856</ele>
        <time>2026-03-26T19:51:20.268Z</time>
      </trkpt>
      <trkpt lat="45.419003" lon="14.015257">
        <ele>481.421729</ele>
        <time>2026-03-26T19:52:33.435Z</time>
      </trkpt>
      <trkpt lat="45.419671" lon="14.014732">
        <ele>491.069497</ele>
        <time>2026-03-26T19:53:41.150Z</time>
      </trkpt>
      <trkpt lat="45.419925" lon="14.014608">
        <ele>494.287166</ele>
        <time>2026-03-26T19:54:04.525Z</time>
      </trkpt>
      <trkpt lat="45.420489" lon="14.014056">
        <ele>502.487316</ele>
        <time>2026-03-26T19:55:03.702Z</time>
      </trkpt>
      <trkpt lat="45.420637" lon="14.013979">
        <ele>504.375500</ele>
        <time>2026-03-26T19:55:16.758Z</time>
      </trkpt>
      <trkpt lat="45.421011" lon="14.013870">
        <ele>508.950311</ele>
        <time>2026-03-26T19:55:47.883Z</time>
      </trkpt>
      <trkpt lat="45.421102" lon="14.013799">
        <ele>510.193668</ele>
        <time>2026-03-26T19:55:56.382Z</time>
      </trkpt>
      <trkpt lat="45.421361" lon="14.013369">
        <ele>514.401863</ele>
        <time>2026-03-26T19:56:30.556Z</time>
      </trkpt>
      <trkpt lat="45.421798" lon="14.012747">
        <ele>520.625035</ele>
        <time>2026-03-26T19:57:24.544Z</time>
      </trkpt>
      <trkpt lat="45.421987" lon="14.012597">
        <ele>522.804629</ele>
        <time>2026-03-26T19:57:41.513Z</time>
      </trkpt>
      <trkpt lat="45.422393" lon="14.012414">
        <ele>527.094727</ele>
        <time>2026-03-26T19:58:10.487Z</time>
      </trkpt>
      <trkpt lat="45.422439" lon="14.012358">
        <ele>527.704292</ele>
        <time>2026-03-26T19:58:14.315Z</time>
      </trkpt>
      <trkpt lat="45.422533" lon="14.012003">
        <ele>529.877152</ele>
        <time>2026-03-26T19:58:29.479Z</time>
      </trkpt>
      <trkpt lat="45.422663" lon="14.011789">
        <ele>530.615972</ele>
        <time>2026-03-26T19:58:40.289Z</time>
      </trkpt>
      <trkpt lat="45.422771" lon="14.011517">
        <ele>531.431760</ele>
        <time>2026-03-26T19:58:50.801Z</time>
      </trkpt>
      <trkpt lat="45.422901" lon="14.011051">
        <ele>532.740795</ele>
        <time>2026-03-26T19:59:04.704Z</time>
      </trkpt>
      <trkpt lat="45.422999" lon="14.010574">
        <ele>534.038226</ele>
        <time>2026-03-26T19:59:16.127Z</time>
      </trkpt>
      <trkpt lat="45.423163" lon="14.010197">
        <ele>535.196057</ele>
        <time>2026-03-26T19:59:26.265Z</time>
      </trkpt>
      <trkpt lat="45.423564" lon="14.009582">
        <ele>536.651551</ele>
        <time>2026-03-26T19:59:44.214Z</time>
      </trkpt>
      <trkpt lat="45.423753" lon="14.009403">
        <ele>536.940633</ele>
        <time>2026-03-26T19:59:51.088Z</time>
      </trkpt>
      <trkpt lat="45.424408" lon="14.008783">
        <ele>537.942304</ele>
        <time>2026-03-26T20:00:13.014Z</time>
      </trkpt>
      <trkpt lat="45.424779" lon="14.008432">
        <ele>538.509574</ele>
        <time>2026-03-26T20:00:23.211Z</time>
      </trkpt>
      <trkpt lat="45.425281" lon="14.008063">
        <ele>538.675985</ele>
        <time>2026-03-26T20:00:36.940Z</time>
      </trkpt>
      <trkpt lat="45.425361" lon="14.007901">
        <ele>538.706815</ele>
        <time>2026-03-26T20:00:40.963Z</time>
      </trkpt>
      <trkpt lat="45.425587" lon="14.007697">
        <ele>538.766145</ele>
        <time>2026-03-26T20:00:48.524Z</time>
      </trkpt>
      <trkpt lat="45.425750" lon="14.007491">
        <ele>538.814462</ele>
        <time>2026-03-26T20:00:54.401Z</time>
      </trkpt>
      <trkpt lat="45.425871" lon="14.007260">
        <ele>538.859325</ele>
        <time>2026-03-26T20:00:59.503Z</time>
      </trkpt>
      <trkpt lat="45.426009" lon="14.006782">
        <ele>538.939769</ele>
        <time>2026-03-26T20:01:07.885Z</time>
      </trkpt>
      <trkpt lat="45.426040" lon="14.006464">
        <ele>538.635792</ele>
        <time>2026-03-26T20:01:12.548Z</time>
      </trkpt>
      <trkpt lat="45.425934" lon="14.005184">
        <ele>536.580476</ele>
        <time>2026-03-26T20:01:29.059Z</time>
      </trkpt>
      <trkpt lat="45.425988" lon="14.004350">
        <ele>535.244887</ele>
        <time>2026-03-26T20:01:39.164Z</time>
      </trkpt>
      <trkpt lat="45.426235" lon="14.003474">
        <ele>534.141199</ele>
        <time>2026-03-26T20:01:50.850Z</time>
      </trkpt>
      <trkpt lat="45.426305" lon="14.002972">
        <ele>533.614682</ele>
        <time>2026-03-26T20:01:57.434Z</time>
      </trkpt>
      <trkpt lat="45.426265" lon="14.002729">
        <ele>533.357916</ele>
        <time>2026-03-26T20:02:00.772Z</time>
      </trkpt>
      <trkpt lat="45.426052" lon="14.002116">
        <ele>532.654247</ele>
        <time>2026-03-26T20:02:10.490Z</time>
      </trkpt>
      <trkpt lat="45.425904" lon="14.001606">
        <ele>532.419501</ele>
        <time>2026-03-26T20:02:19.797Z</time>
      </trkpt>
      <trkpt lat="45.425755" lon="14.001353">
        <ele>532.841323</ele>
        <time>2026-03-26T20:02:26.512Z</time>
      </trkpt>
      <trkpt lat="45.425373" lon="14.001107">
        <ele>533.604188</ele>
        <time>2026-03-26T20:02:40.715Z</time>
      </trkpt>
      <trkpt lat="45.425269" lon="14.000986">
        <ele>533.848527</ele>
        <time>2026-03-26T20:02:45.624Z</time>
      </trkpt>
      <trkpt lat="45.425068" lon="14.000667">
        <ele>534.396058</ele>
        <time>2026-03-26T20:02:56.874Z</time>
      </trkpt>
      <trkpt lat="45.424839" lon="14.000391">
        <ele>534.941886</ele>
        <time>2026-03-26T20:03:08.153Z</time>
      </trkpt>
      <trkpt lat="45.424741" lon="14.000144">
        <ele>535.304277</ele>
        <time>2026-03-26T20:03:15.535Z</time>
      </trkpt>
      <trkpt lat="45.424681" lon="13.999621">
        <ele>535.660132</ele>
        <time>2026-03-26T20:03:28.797Z</time>
      </trkpt>
      <trkpt lat="45.424682" lon="13.999565">
        <ele>535.683116</ele>
        <time>2026-03-26T20:03:30.076Z</time>
      </trkpt>
      <trkpt lat="45.424715" lon="13.998484">
        <ele>536.127049</ele>
        <time>2026-03-26T20:03:51.550Z</time>
      </trkpt>
      <trkpt lat="45.424635" lon="13.998076">
        <ele>536.300854</ele>
        <time>2026-03-26T20:03:57.886Z</time>
      </trkpt>
      <trkpt lat="45.424745" lon="13.997778">
        <ele>536.438996</ele>
        <time>2026-03-26T20:04:02.762Z</time>
      </trkpt>
      <trkpt lat="45.424924" lon="13.997513">
        <ele>536.508145</ele>
        <time>2026-03-26T20:04:08.090Z</time>
      </trkpt>
      <trkpt lat="45.425226" lon="13.997172">
        <ele>536.124302</ele>
        <time>2026-03-26T20:04:15.998Z</time>
      </trkpt>
      <trkpt lat="45.425683" lon="13.996443">
        <ele>535.440937</ele>
        <time>2026-03-26T20:04:29.883Z</time>
      </trkpt>
      <trkpt lat="45.426251" lon="13.995960">
        <ele>534.782033</ele>
        <time>2026-03-26T20:04:43.266Z</time>
      </trkpt>
      <trkpt lat="45.426379" lon="13.995794">
        <ele>534.483039</ele>
        <time>2026-03-26T20:04:46.756Z</time>
      </trkpt>
      <trkpt lat="45.426475" lon="13.995437">
        <ele>534.002118</ele>
        <time>2026-03-26T20:04:52.068Z</time>
      </trkpt>
      <trkpt lat="45.426635" lon="13.994276">
        <ele>532.513760</ele>
        <time>2026-03-26T20:05:07.748Z</time>
      </trkpt>
      <trkpt lat="45.426725" lon="13.994058">
        <ele>532.195601</ele>
        <time>2026-03-26T20:05:11.014Z</time>
      </trkpt>
      <trkpt lat="45.426835" lon="13.993984">
        <ele>531.977568</ele>
        <time>2026-03-26T20:05:13.243Z</time>
      </trkpt>
      <trkpt lat="45.427187" lon="13.993782">
        <ele>531.038523</ele>
        <time>2026-03-26T20:05:20.117Z</time>
      </trkpt>
      <trkpt lat="45.427422" lon="13.993532">
        <ele>529.961283</ele>
        <time>2026-03-26T20:05:25.349Z</time>
      </trkpt>
      <trkpt lat="45.427772" lon="13.992985">
        <ele>528.053103</ele>
        <time>2026-03-26T20:05:34.308Z</time>
      </trkpt>
      <trkpt lat="45.427928" lon="13.992921">
        <ele>527.456811</ele>
        <time>2026-03-26T20:05:37.050Z</time>
      </trkpt>
      <trkpt lat="45.428294" lon="13.993069">
        <ele>526.059344</ele>
        <time>2026-03-26T20:05:43.330Z</time>
      </trkpt>
      <trkpt lat="45.428581" lon="13.993085">
        <ele>525.004338</ele>
        <time>2026-03-26T20:05:47.967Z</time>
      </trkpt>
      <trkpt lat="45.429152" lon="13.992650">
        <ele>521.161674</ele>
        <time>2026-03-26T20:05:58.090Z</time>
      </trkpt>
      <trkpt lat="45.429167" lon="13.992616">
        <ele>520.992562</ele>
        <time>2026-03-26T20:05:58.526Z</time>
      </trkpt>
      <trkpt lat="45.429218" lon="13.992505">
        <ele>520.433887</ele>
        <time>2026-03-26T20:05:59.962Z</time>
      </trkpt>
      <trkpt lat="45.429240" lon="13.992361">
        <ele>519.813312</ele>
        <time>2026-03-26T20:06:01.562Z</time>
      </trkpt>
      <trkpt lat="45.429344" lon="13.992215">
        <ele>518.937310</ele>
        <time>2026-03-26T20:06:03.804Z</time>
      </trkpt>
      <trkpt lat="45.429871" lon="13.991834">
        <ele>515.391463</ele>
        <time>2026-03-26T20:06:12.917Z</time>
      </trkpt>
      <trkpt lat="45.430002" lon="13.991672">
        <ele>514.350699</ele>
        <time>2026-03-26T20:06:15.587Z</time>
      </trkpt>
      <trkpt lat="45.430239" lon="13.991414">
        <ele>512.316701</ele>
        <time>2026-03-26T20:06:20.143Z</time>
      </trkpt>
      <trkpt lat="45.430343" lon="13.991373">
        <ele>511.569312</ele>
        <time>2026-03-26T20:06:21.781Z</time>
      </trkpt>
      <trkpt lat="45.430727" lon="13.991526">
        <ele>508.807621</ele>
        <time>2026-03-26T20:06:27.760Z</time>
      </trkpt>
      <trkpt lat="45.430942" lon="13.991462">
        <ele>507.286334</ele>
        <time>2026-03-26T20:06:31.041Z</time>
      </trkpt>
      <trkpt lat="45.431086" lon="13.991336">
        <ele>506.115931</ele>
        <time>2026-03-26T20:06:33.575Z</time>
      </trkpt>
      <trkpt lat="45.431463" lon="13.990697">
        <ele>502.058218</ele>
        <time>2026-03-26T20:06:42.389Z</time>
      </trkpt>
      <trkpt lat="45.431580" lon="13.990636">
        <ele>501.449936</ele>
        <time>2026-03-26T20:06:44.292Z</time>
      </trkpt>
      <trkpt lat="45.431694" lon="13.990624">
        <ele>501.068004</ele>
        <time>2026-03-26T20:06:46.063Z</time>
      </trkpt>
      <trkpt lat="45.432009" lon="13.990935">
        <ele>499.787601</ele>
        <time>2026-03-26T20:06:52.119Z</time>
      </trkpt>
      <trkpt lat="45.432300" lon="13.991141">
        <ele>498.701954</ele>
        <time>2026-03-26T20:06:57.564Z</time>
      </trkpt>
      <trkpt lat="45.432555" lon="13.991540">
        <ele>497.436603</ele>
        <time>2026-03-26T20:07:04.465Z</time>
      </trkpt>
      <trkpt lat="45.433497" lon="13.992682">
        <ele>495.757499</ele>
        <time>2026-03-26T20:07:30.475Z</time>
      </trkpt>
      <trkpt lat="45.433554" lon="13.992842">
        <ele>495.771654</ele>
        <time>2026-03-26T20:07:33.235Z</time>
      </trkpt>
      <trkpt lat="45.433560" lon="13.993232">
        <ele>495.802427</ele>
        <time>2026-03-26T20:07:39.421Z</time>
      </trkpt>
      <trkpt lat="45.433607" lon="13.993406">
        <ele>495.817135</ele>
        <time>2026-03-26T20:07:42.484Z</time>
      </trkpt>
      <trkpt lat="45.433746" lon="13.993659">
        <ele>495.842482</ele>
        <time>2026-03-26T20:07:48.049Z</time>
      </trkpt>
      <trkpt lat="45.433820" lon="13.993982">
        <ele>495.869286</ele>
        <time>2026-03-26T20:07:54.486Z</time>
      </trkpt>
      <trkpt lat="45.433966" lon="13.995075">
        <ele>497.735584</ele>
        <time>2026-03-26T20:08:22.090Z</time>
      </trkpt>
      <trkpt lat="45.434043" lon="13.995416">
        <ele>498.414748</ele>
        <time>2026-03-26T20:08:32.365Z</time>
      </trkpt>
      <trkpt lat="45.434146" lon="13.995492">
        <ele>498.728127</ele>
        <time>2026-03-26T20:08:37.150Z</time>
      </trkpt>
      <trkpt lat="45.434273" lon="13.995514">
        <ele>499.073783</ele>
        <time>2026-03-26T20:08:42.384Z</time>
      </trkpt>
      <trkpt lat="45.434358" lon="13.995602">
        <ele>499.357644</ele>
        <time>2026-03-26T20:08:46.735Z</time>
      </trkpt>
      <trkpt lat="45.434580" lon="13.996078">
        <ele>500.441250</ele>
        <time>2026-03-26T20:09:03.194Z</time>
      </trkpt>
      <trkpt lat="45.434688" lon="13.996114">
        <ele>500.741273</ele>
        <time>2026-03-26T20:09:07.644Z</time>
      </trkpt>
      <trkpt lat="45.434806" lon="13.996067">
        <ele>501.150832</ele>
        <time>2026-03-26T20:09:12.730Z</time>
      </trkpt>
      <trkpt lat="45.434920" lon="13.995853">
        <ele>501.781060</ele>
        <time>2026-03-26T20:09:20.454Z</time>
      </trkpt>
      <trkpt lat="45.435037" lon="13.995206">
        <ele>503.348279</ele>
        <time>2026-03-26T20:09:38.670Z</time>
      </trkpt>
      <trkpt lat="45.435158" lon="13.994868">
        <ele>504.238319</ele>
        <time>2026-03-26T20:09:48.377Z</time>
      </trkpt>
      <trkpt lat="45.435166" lon="13.994514">
        <ele>505.069107</ele>
        <time>2026-03-26T20:09:57.944Z</time>
      </trkpt>
      <trkpt lat="45.435120" lon="13.994131">
        <ele>505.980552</ele>
        <time>2026-03-26T20:10:09.789Z</time>
      </trkpt>
      <trkpt lat="45.435077" lon="13.993401">
        <ele>508.271591</ele>
        <time>2026-03-26T20:10:35.252Z</time>
      </trkpt>
      <trkpt lat="45.435011" lon="13.993082">
        <ele>509.523424</ele>
        <time>2026-03-26T20:10:47.854Z</time>
      </trkpt>
      <trkpt lat="45.435009" lon="13.992822">
        <ele>510.502133</ele>
        <time>2026-03-26T20:10:57.891Z</time>
      </trkpt>
      <trkpt lat="45.435032" lon="13.992597">
        <ele>511.357982</ele>
        <time>2026-03-26T20:11:06.762Z</time>
      </trkpt>
      <trkpt lat="45.435045" lon="13.992460">
        <ele>511.878349</ele>
        <time>2026-03-26T20:11:12.241Z</time>
      </trkpt>
      <trkpt lat="45.435162" lon="13.991945">
        <ele>513.915890</ele>
        <time>2026-03-26T20:11:33.158Z</time>
      </trkpt>
      <trkpt lat="45.435148" lon="13.991795">
        <ele>514.485467</ele>
        <time>2026-03-26T20:11:38.972Z</time>
      </trkpt>
      <trkpt lat="45.434945" lon="13.991011">
        <ele>517.589592</ele>
        <time>2026-03-26T20:12:10.164Z</time>
      </trkpt>
      <trkpt lat="45.434803" lon="13.990515">
        <ele>519.538205</ele>
        <time>2026-03-26T20:12:29.774Z</time>
      </trkpt>
      <trkpt lat="45.434676" lon="13.990258">
        <ele>520.681608</ele>
        <time>2026-03-26T20:12:41.268Z</time>
      </trkpt>
      <trkpt lat="45.434658" lon="13.990083">
        <ele>521.324986</ele>
        <time>2026-03-26T20:12:47.719Z</time>
      </trkpt>
      <trkpt lat="45.434734" lon="13.989826">
        <ele>522.339466</ele>
        <time>2026-03-26T20:12:58.036Z</time>
      </trkpt>
      <trkpt lat="45.434895" lon="13.989482">
        <ele>523.843577</ele>
        <time>2026-03-26T20:13:13.384Z</time>
      </trkpt>
      <trkpt lat="45.435117" lon="13.988908">
        <ele>525.885627</ele>
        <time>2026-03-26T20:13:37.633Z</time>
      </trkpt>
      <trkpt lat="45.435318" lon="13.987996">
        <ele>527.003392</ele>
        <time>2026-03-26T20:14:07.575Z</time>
      </trkpt>
      <trkpt lat="45.435523" lon="13.987597">
        <ele>527.581631</ele>
        <time>2026-03-26T20:14:18.432Z</time>
      </trkpt>
      <trkpt lat="45.435702" lon="13.987122">
        <ele>528.212071</ele>
        <time>2026-03-26T20:14:26.989Z</time>
      </trkpt>
      <trkpt lat="45.435798" lon="13.987015">
        <ele>528.415157</ele>
        <time>2026-03-26T20:14:29.537Z</time>
      </trkpt>
      <trkpt lat="45.435946" lon="13.986969">
        <ele>528.667574</ele>
        <time>2026-03-26T20:14:32.583Z</time>
      </trkpt>
      <trkpt lat="45.436028" lon="13.986862">
        <ele>528.582612</ele>
        <time>2026-03-26T20:14:34.753Z</time>
      </trkpt>
      <trkpt lat="45.436161" lon="13.986580">
        <ele>528.167107</ele>
        <time>2026-03-26T20:14:39.292Z</time>
      </trkpt>
      <trkpt lat="45.436250" lon="13.986135">
        <ele>527.601257</ele>
        <time>2026-03-26T20:14:45.429Z</time>
      </trkpt>
      <trkpt lat="45.436562" lon="13.985212">
        <ele>526.348414</ele>
        <time>2026-03-26T20:14:59.397Z</time>
      </trkpt>
      <trkpt lat="45.436615" lon="13.984877">
        <ele>525.928471</ele>
        <time>2026-03-26T20:15:04.276Z</time>
      </trkpt>
      <trkpt lat="45.436754" lon="13.984394">
        <ele>525.086776</ele>
        <time>2026-03-26T20:15:11.756Z</time>
      </trkpt>
      <trkpt lat="45.436920" lon="13.984123">
        <ele>524.344871</ele>
        <time>2026-03-26T20:15:16.836Z</time>
      </trkpt>
      <trkpt lat="45.437004" lon="13.983915">
        <ele>523.849922</ele>
        <time>2026-03-26T20:15:20.154Z</time>
      </trkpt>
      <trkpt lat="45.437104" lon="13.983670">
        <ele>523.265373</ele>
        <time>2026-03-26T20:15:23.963Z</time>
      </trkpt>
      <trkpt lat="45.437148" lon="13.983383">
        <ele>522.659508</ele>
        <time>2026-03-26T20:15:27.805Z</time>
      </trkpt>
      <trkpt lat="45.437130" lon="13.982919">
        <ele>521.701104</ele>
        <time>2026-03-26T20:15:33.679Z</time>
      </trkpt>
      <trkpt lat="45.437055" lon="13.982552">
        <ele>520.912764</ele>
        <time>2026-03-26T20:15:38.337Z</time>
      </trkpt>
      <trkpt lat="45.437249" lon="13.981616">
        <ele>517.670736</ele>
        <time>2026-03-26T20:15:49.705Z</time>
      </trkpt>
      <trkpt lat="45.437638" lon="13.980693">
        <ele>513.500327</ele>
        <time>2026-03-26T20:16:01.880Z</time>
      </trkpt>
      <trkpt lat="45.437795" lon="13.980034">
        <ele>510.804685</ele>
        <time>2026-03-26T20:16:09.793Z</time>
      </trkpt>
      <trkpt lat="45.438034" lon="13.979475">
        <ele>508.909121</ele>
        <time>2026-03-26T20:16:17.379Z</time>
      </trkpt>
      <trkpt lat="45.438171" lon="13.979213">
        <ele>508.028818</ele>
        <time>2026-03-26T20:16:21.254Z</time>
      </trkpt>
      <trkpt lat="45.438361" lon="13.979027">
        <ele>507.143777</ele>
        <time>2026-03-26T20:16:25.222Z</time>
      </trkpt>
      <trkpt lat="45.438443" lon="13.978823">
        <ele>506.510386</ele>
        <time>2026-03-26T20:16:28.099Z</time>
      </trkpt>
      <trkpt lat="45.438500" lon="13.978411">
        <ele>505.379043</ele>
        <time>2026-03-26T20:16:33.359Z</time>
      </trkpt>
      <trkpt lat="45.438623" lon="13.978196">
        <ele>504.631686</ele>
        <time>2026-03-26T20:16:36.843Z</time>
      </trkpt>
      <trkpt lat="45.438695" lon="13.977906">
        <ele>503.802931</ele>
        <time>2026-03-26T20:16:40.738Z</time>
      </trkpt>
      <trkpt lat="45.438791" lon="13.977643">
        <ele>503.411063</ele>
        <time>2026-03-26T20:16:44.652Z</time>
      </trkpt>
      <trkpt lat="45.439039" lon="13.977233">
        <ele>503.239901</ele>
        <time>2026-03-26T20:16:52.910Z</time>
      </trkpt>
      <trkpt lat="45.439285" lon="13.976562">
        <ele>503.000518</ele>
        <time>2026-03-26T20:17:06.280Z</time>
      </trkpt>
      <trkpt lat="45.439302" lon="13.976515">
        <ele>502.983799</ele>
        <time>2026-03-26T20:17:07.254Z</time>
      </trkpt>
      <trkpt lat="45.439468" lon="13.976361">
        <ele>502.894541</ele>
        <time>2026-03-26T20:17:12.476Z</time>
      </trkpt>
      <trkpt lat="45.439682" lon="13.976273">
        <ele>502.794171</ele>
        <time>2026-03-26T20:17:18.052Z</time>
      </trkpt>
      <trkpt lat="45.439867" lon="13.976058">
        <ele>502.686600</ele>
        <time>2026-03-26T20:17:23.924Z</time>
      </trkpt>
      <trkpt lat="45.440089" lon="13.975863">
        <ele>502.352241</ele>
        <time>2026-03-26T20:17:30.227Z</time>
      </trkpt>
      <trkpt lat="45.440554" lon="13.975233">
        <ele>501.330234</ele>
        <time>2026-03-26T20:17:44.355Z</time>
      </trkpt>
      <trkpt lat="45.440762" lon="13.975096">
        <ele>500.965229</ele>
        <time>2026-03-26T20:17:48.733Z</time>
      </trkpt>
      <trkpt lat="45.441638" lon="13.973909">
        <ele>498.295965</ele>
        <time>2026-03-26T20:18:10.875Z</time>
      </trkpt>
      <trkpt lat="45.441956" lon="13.973535">
        <ele>496.987579</ele>
        <time>2026-03-26T20:18:18.245Z</time>
      </trkpt>
      <trkpt lat="45.442409" lon="13.973202">
        <ele>495.370057</ele>
        <time>2026-03-26T20:18:27.235Z</time>
      </trkpt>
      <trkpt lat="45.442743" lon="13.972834">
        <ele>494.064363</ele>
        <time>2026-03-26T20:18:34.724Z</time>
      </trkpt>
      <trkpt lat="45.443091" lon="13.972501">
        <ele>493.617807</ele>
        <time>2026-03-26T20:18:42.451Z</time>
      </trkpt>
      <trkpt lat="45.443282" lon="13.972172">
        <ele>493.298615</ele>
        <time>2026-03-26T20:18:48.305Z</time>
      </trkpt>
      <trkpt lat="45.443395" lon="13.971804">
        <ele>492.998352</ele>
        <time>2026-03-26T20:18:54.148Z</time>
      </trkpt>
      <trkpt lat="45.443495" lon="13.971756">
        <ele>492.885936</ele>
        <time>2026-03-26T20:18:56.453Z</time>
      </trkpt>
      <trkpt lat="45.443901" lon="13.971737">
        <ele>492.453162</ele>
        <time>2026-03-26T20:19:06.040Z</time>
      </trkpt>
      <trkpt lat="45.444263" lon="13.971629">
        <ele>492.419872</ele>
        <time>2026-03-26T20:19:16.469Z</time>
      </trkpt>
      <trkpt lat="45.444474" lon="13.971567">
        <ele>492.969998</ele>
        <time>2026-03-26T20:19:23.260Z</time>
      </trkpt>
      <trkpt lat="45.444781" lon="13.971534">
        <ele>493.756158</ele>
        <time>2026-03-26T20:19:33.680Z</time>
      </trkpt>
      <trkpt lat="45.444921" lon="13.971478">
        <ele>494.127464</ele>
        <time>2026-03-26T20:19:38.861Z</time>
      </trkpt>
      <trkpt lat="45.444989" lon="13.971419">
        <ele>494.330746</ele>
        <time>2026-03-26T20:19:41.726Z</time>
      </trkpt>
      <trkpt lat="45.445443" lon="13.971707">
        <ele>495.599683</ele>
        <time>2026-03-26T20:20:00.087Z</time>
      </trkpt>
      <trkpt lat="45.445782" lon="13.971839">
        <ele>496.497050</ele>
        <time>2026-03-26T20:20:14.709Z</time>
      </trkpt>
      <trkpt lat="45.445986" lon="13.971806">
        <ele>497.035458</ele>
        <time>2026-03-26T20:20:23.573Z</time>
      </trkpt>
      <trkpt lat="45.446185" lon="13.971688">
        <ele>497.615418</ele>
        <time>2026-03-26T20:20:33.269Z</time>
      </trkpt>
      <trkpt lat="45.446374" lon="13.971679">
        <ele>498.124265</ele>
        <time>2026-03-26T20:20:41.678Z</time>
      </trkpt>
      <trkpt lat="45.446571" lon="13.971804">
        <ele>498.704506</ele>
        <time>2026-03-26T20:20:50.871Z</time>
      </trkpt>
      <trkpt lat="45.446795" lon="13.972016">
        <ele>499.428018</ele>
        <time>2026-03-26T20:21:01.436Z</time>
      </trkpt>
      <trkpt lat="45.446918" lon="13.972074">
        <ele>499.776629</ele>
        <time>2026-03-26T20:21:06.171Z</time>
      </trkpt>
      <trkpt lat="45.447177" lon="13.972117">
        <ele>500.478260</ele>
        <time>2026-03-26T20:21:14.872Z</time>
      </trkpt>
      <trkpt lat="45.447308" lon="13.972102">
        <ele>500.831892</ele>
        <time>2026-03-26T20:21:18.743Z</time>
      </trkpt>
      <trkpt lat="45.447308" lon="13.972102">
        <ele>500.831892</ele>
        <time>2026-03-26T20:21:18.758Z</time>
      </trkpt>
      <trkpt lat="45.447422" lon="13.972050">
        <ele>501.153969</ele>
        <time>2026-03-26T20:21:21.955Z</time>
      </trkpt>
      <trkpt lat="45.448130" lon="13.971584">
        <ele>500.594217</ele>
        <time>2026-03-26T20:21:36.726Z</time>
      </trkpt>
      <trkpt lat="45.448472" lon="13.971394">
        <ele>499.994904</ele>
        <time>2026-03-26T20:21:42.541Z</time>
      </trkpt>
      <trkpt lat="45.448859" lon="13.971229">
        <ele>499.335370</ele>
        <time>2026-03-26T20:21:48.795Z</time>
      </trkpt>
      <trkpt lat="45.449121" lon="13.971155">
        <ele>498.899273</ele>
        <time>2026-03-26T20:21:52.942Z</time>
      </trkpt>
      <trkpt lat="45.449333" lon="13.971148">
        <ele>498.535518</ele>
        <time>2026-03-26T20:21:56.270Z</time>
      </trkpt>
      <trkpt lat="45.449497" lon="13.971214">
        <ele>498.212257</ele>
        <time>2026-03-26T20:21:58.968Z</time>
      </trkpt>
      <trkpt lat="45.449636" lon="13.971332">
        <ele>497.905362</ele>
        <time>2026-03-26T20:22:01.550Z</time>
      </trkpt>
      <trkpt lat="45.449868" lon="13.971609">
        <ele>497.331284</ele>
        <time>2026-03-26T20:22:06.480Z</time>
      </trkpt>
      <trkpt lat="45.450076" lon="13.971713">
        <ele>496.913149</ele>
        <time>2026-03-26T20:22:10.137Z</time>
      </trkpt>
      <trkpt lat="45.450300" lon="13.971674">
        <ele>496.485074</ele>
        <time>2026-03-26T20:22:13.960Z</time>
      </trkpt>
      <trkpt lat="45.450733" lon="13.971466">
        <ele>495.618309</ele>
        <time>2026-03-26T20:22:21.936Z</time>
      </trkpt>
      <trkpt lat="45.450711" lon="13.971296">
        <ele>495.388264</ele>
        <time>2026-03-26T20:22:23.998Z</time>
      </trkpt>
      <trkpt lat="45.450821" lon="13.971073">
        <ele>494.973073</ele>
        <time>2026-03-26T20:22:27.169Z</time>
      </trkpt>
      <trkpt lat="45.450915" lon="13.970874">
        <ele>494.579072</ele>
        <time>2026-03-26T20:22:29.927Z</time>
      </trkpt>
      <trkpt lat="45.451153" lon="13.970390">
        <ele>493.608369</ele>
        <time>2026-03-26T20:22:36.547Z</time>
      </trkpt>
      <trkpt lat="45.451373" lon="13.970029">
        <ele>492.823033</ele>
        <time>2026-03-26T20:22:41.778Z</time>
      </trkpt>
      <trkpt lat="45.451541" lon="13.969696">
        <ele>492.149414</ele>
        <time>2026-03-26T20:22:46.223Z</time>
      </trkpt>
      <trkpt lat="45.451677" lon="13.969252">
        <ele>491.353761</ele>
        <time>2026-03-26T20:22:51.393Z</time>
      </trkpt>
      <trkpt lat="45.451791" lon="13.968971">
        <ele>490.970305</ele>
        <time>2026-03-26T20:22:54.887Z</time>
      </trkpt>
      <trkpt lat="45.452090" lon="13.968605">
        <ele>490.681086</ele>
        <time>2026-03-26T20:23:01.374Z</time>
      </trkpt>
      <trkpt lat="45.452378" lon="13.968222">
        <ele>490.392046</ele>
        <time>2026-03-26T20:23:08.573Z</time>
      </trkpt>
      <trkpt lat="45.452817" lon="13.967524">
        <ele>489.909443</ele>
        <time>2026-03-26T20:23:22.439Z</time>
      </trkpt>
      <trkpt lat="45.453026" lon="13.967046">
        <ele>489.755278</ele>
        <time>2026-03-26T20:23:31.630Z</time>
      </trkpt>
      <trkpt lat="45.453172" lon="13.966510">
        <ele>489.864454</ele>
        <time>2026-03-26T20:23:41.603Z</time>
      </trkpt>
      <trkpt lat="45.453242" lon="13.966341">
        <ele>489.901719</ele>
        <time>2026-03-26T20:23:44.790Z</time>
      </trkpt>
      <trkpt lat="45.453692" lon="13.965379">
        <ele>490.121264</ele>
        <time>2026-03-26T20:24:01.788Z</time>
      </trkpt>
      <trkpt lat="45.454168" lon="13.964467">
        <ele>490.224507</ele>
        <time>2026-03-26T20:24:18.508Z</time>
      </trkpt>
      <trkpt lat="45.454327" lon="13.964282">
        <ele>490.232520</ele>
        <time>2026-03-26T20:24:22.941Z</time>
      </trkpt>
      <trkpt lat="45.454479" lon="13.964182">
        <ele>490.239055</ele>
        <time>2026-03-26T20:24:26.570Z</time>
      </trkpt>
      <trkpt lat="45.454881" lon="13.964043">
        <ele>490.255204</ele>
        <time>2026-03-26T20:24:35.324Z</time>
      </trkpt>
      <trkpt lat="45.455021" lon="13.963929">
        <ele>490.261498</ele>
        <time>2026-03-26T20:24:38.634Z</time>
      </trkpt>
      <trkpt lat="45.455391" lon="13.963474">
        <ele>490.156977</ele>
        <time>2026-03-26T20:24:48.549Z</time>
      </trkpt>
      <trkpt lat="45.455956" lon="13.963119">
        <ele>489.563677</ele>
        <time>2026-03-26T20:25:00.482Z</time>
      </trkpt>
      <trkpt lat="45.456211" lon="13.962812">
        <ele>489.242962</ele>
        <time>2026-03-26T20:25:06.567Z</time>
      </trkpt>
      <trkpt lat="45.456449" lon="13.962270">
        <ele>488.811962</ele>
        <time>2026-03-26T20:25:14.296Z</time>
      </trkpt>
      <trkpt lat="45.456725" lon="13.961816">
        <ele>488.209073</ele>
        <time>2026-03-26T20:25:21.215Z</time>
      </trkpt>
      <trkpt lat="45.456901" lon="13.961282">
        <ele>487.250747</ele>
        <time>2026-03-26T20:25:27.810Z</time>
      </trkpt>
      <trkpt lat="45.457023" lon="13.960762">
        <ele>486.360144</ele>
        <time>2026-03-26T20:25:33.780Z</time>
      </trkpt>
      <trkpt lat="45.457141" lon="13.960494">
        <ele>485.846195</ele>
        <time>2026-03-26T20:25:37.192Z</time>
      </trkpt>
      <trkpt lat="45.457892" lon="13.959634">
        <ele>484.031855</ele>
        <time>2026-03-26T20:25:52.448Z</time>
      </trkpt>
      <trkpt lat="45.458002" lon="13.959472">
        <ele>483.864390</ele>
        <time>2026-03-26T20:25:55.107Z</time>
      </trkpt>
      <trkpt lat="45.458415" lon="13.958510">
        <ele>483.026674</ele>
        <time>2026-03-26T20:26:09.253Z</time>
      </trkpt>
      <trkpt lat="45.459298" lon="13.956775">
        <ele>483.097500</ele>
        <time>2026-03-26T20:26:40.620Z</time>
      </trkpt>
      <trkpt lat="45.459315" lon="13.956733">
        <ele>483.118884</ele>
        <time>2026-03-26T20:26:41.431Z</time>
      </trkpt>
      <trkpt lat="45.459491" lon="13.956302">
        <ele>483.338811</ele>
        <time>2026-03-26T20:26:50.189Z</time>
      </trkpt>
      <trkpt lat="45.459715" lon="13.955584">
        <ele>483.909468</ele>
        <time>2026-03-26T20:27:05.547Z</time>
      </trkpt>
      <trkpt lat="45.460022" lon="13.954830">
        <ele>485.419678</ele>
        <time>2026-03-26T20:27:25.677Z</time>
      </trkpt>
      <trkpt lat="45.460125" lon="13.954636">
        <ele>485.841147</ele>
        <time>2026-03-26T20:27:31.877Z</time>
      </trkpt>
      <trkpt lat="45.460228" lon="13.954509">
        <ele>486.177454</ele>
        <time>2026-03-26T20:27:36.857Z</time>
      </trkpt>
      <trkpt lat="45.460611" lon="13.954221">
        <ele>487.246824</ele>
        <time>2026-03-26T20:27:52.838Z</time>
      </trkpt>
      <trkpt lat="45.460854" lon="13.954096">
        <ele>487.884814</ele>
        <time>2026-03-26T20:28:02.352Z</time>
      </trkpt>
      <trkpt lat="45.460964" lon="13.954082">
        <ele>488.157506</ele>
        <time>2026-03-26T20:28:06.385Z</time>
      </trkpt>
      <trkpt lat="45.462340" lon="13.954291">
        <ele>491.573396</ele>
        <time>2026-03-26T20:28:52.916Z</time>
      </trkpt>
      <trkpt lat="45.462772" lon="13.954306">
        <ele>492.589383</ele>
        <time>2026-03-26T20:29:07.265Z</time>
      </trkpt>
      <trkpt lat="45.462880" lon="13.954335">
        <ele>492.768519</ele>
        <time>2026-03-26T20:29:11.006Z</time>
      </trkpt>
      <trkpt lat="45.462991" lon="13.954406">
        <ele>492.966824</ele>
        <time>2026-03-26T20:29:15.133Z</time>
      </trkpt>
      <trkpt lat="45.463266" lon="13.954713">
        <ele>493.536134</ele>
        <time>2026-03-26T20:29:26.602Z</time>
      </trkpt>
      <trkpt lat="45.463547" lon="13.954763">
        <ele>493.997721</ele>
        <time>2026-03-26T20:29:35.472Z</time>
      </trkpt>
      <trkpt lat="45.463934" lon="13.954966">
        <ele>494.669872</ele>
        <time>2026-03-26T20:29:47.801Z</time>
      </trkpt>
      <trkpt lat="45.464999" lon="13.955286">
        <ele>495.250889</ele>
        <time>2026-03-26T20:30:12.986Z</time>
      </trkpt>
      <trkpt lat="45.465277" lon="13.955420">
        <ele>495.170479</ele>
        <time>2026-03-26T20:30:18.317Z</time>
      </trkpt>
      <trkpt lat="45.465773" lon="13.955742">
        <ele>495.021145</ele>
        <time>2026-03-26T20:30:27.905Z</time>
      </trkpt>
      <trkpt lat="45.465893" lon="13.955819">
        <ele>494.985088</ele>
        <time>2026-03-26T20:30:30.217Z</time>
      </trkpt>
      <trkpt lat="45.466606" lon="13.956130">
        <ele>495.279684</ele>
        <time>2026-03-26T20:30:44.824Z</time>
      </trkpt>
      <trkpt lat="45.466753" lon="13.956231">
        <ele>495.384726</ele>
        <time>2026-03-26T20:30:49.042Z</time>
      </trkpt>
      <trkpt lat="45.466892" lon="13.956372">
        <ele>495.494538</ele>
        <time>2026-03-26T20:30:53.888Z</time>
      </trkpt>
      <trkpt lat="45.467016" lon="13.956567">
        <ele>495.613374</ele>
        <time>2026-03-26T20:30:59.364Z</time>
      </trkpt>
      <trkpt lat="45.467184" lon="13.956935">
        <ele>495.811610</ele>
        <time>2026-03-26T20:31:08.316Z</time>
      </trkpt>
      <trkpt lat="45.467507" lon="13.957736">
        <ele>495.942865</ele>
        <time>2026-03-26T20:31:25.399Z</time>
      </trkpt>
      <trkpt lat="45.467611" lon="13.957359">
        <ele>495.755358</ele>
        <time>2026-03-26T20:31:32.715Z</time>
      </trkpt>
      <trkpt lat="45.467979" lon="13.956822">
        <ele>495.407849</ele>
        <time>2026-03-26T20:31:44.176Z</time>
      </trkpt>
      <trkpt lat="45.468094" lon="13.956714">
        <ele>495.316970</ele>
        <time>2026-03-26T20:31:46.947Z</time>
      </trkpt>
      <trkpt lat="45.468215" lon="13.956650">
        <ele>495.231796</ele>
        <time>2026-03-26T20:31:49.453Z</time>
      </trkpt>
      <trkpt lat="45.468484" lon="13.956649">
        <ele>495.054263</ele>
        <time>2026-03-26T20:31:54.569Z</time>
      </trkpt>
      <trkpt lat="45.468715" lon="13.956677">
        <ele>494.901259</ele>
        <time>2026-03-26T20:31:59.035Z</time>
      </trkpt>
      <trkpt lat="45.468896" lon="13.956567">
        <ele>494.802787</ele>
        <time>2026-03-26T20:32:02.923Z</time>
      </trkpt>
      <trkpt lat="45.469063" lon="13.956403">
        <ele>494.701485</ele>
        <time>2026-03-26T20:32:07.133Z</time>
      </trkpt>
      <trkpt lat="45.469212" lon="13.956267">
        <ele>494.613103</ele>
        <time>2026-03-26T20:32:10.982Z</time>
      </trkpt>
      <trkpt lat="45.469758" lon="13.955517">
        <ele>494.234354</ele>
        <time>2026-03-26T20:32:28.814Z</time>
      </trkpt>
      <trkpt lat="45.469880" lon="13.955336">
        <ele>494.146400</ele>
        <time>2026-03-26T20:32:33.092Z</time>
      </trkpt>
      <trkpt lat="45.470047" lon="13.954992">
        <ele>494.003183</ele>
        <time>2026-03-26T20:32:40.035Z</time>
      </trkpt>
      <trkpt lat="45.470423" lon="13.954071">
        <ele>494.217435</ele>
        <time>2026-03-26T20:32:58.303Z</time>
      </trkpt>
      <trkpt lat="45.470840" lon="13.953417">
        <ele>494.395138</ele>
        <time>2026-03-26T20:33:13.949Z</time>
      </trkpt>
      <trkpt lat="45.471359" lon="13.952360">
        <ele>494.767334</ele>
        <time>2026-03-26T20:33:38.890Z</time>
      </trkpt>
      <trkpt lat="45.471423" lon="13.952210">
        <ele>494.831702</ele>
        <time>2026-03-26T20:33:42.455Z</time>
      </trkpt>
      <trkpt lat="45.471609" lon="13.951901">
        <ele>494.980989</ele>
        <time>2026-03-26T20:33:50.691Z</time>
      </trkpt>
      <trkpt lat="45.471661" lon="13.951772">
        <ele>495.035537</ele>
        <time>2026-03-26T20:33:53.643Z</time>
      </trkpt>
      <trkpt lat="45.471705" lon="13.951564">
        <ele>495.115183</ele>
        <time>2026-03-26T20:33:57.854Z</time>
      </trkpt>
      <trkpt lat="45.472354" lon="13.950313">
        <ele>495.148701</ele>
        <time>2026-03-26T20:34:24.805Z</time>
      </trkpt>
      <trkpt lat="45.472835" lon="13.949592">
        <ele>494.653550</ele>
        <time>2026-03-26T20:34:40.106Z</time>
      </trkpt>
      <trkpt lat="45.473338" lon="13.949099">
        <ele>494.220484</ele>
        <time>2026-03-26T20:34:52.738Z</time>
      </trkpt>
      <trkpt lat="45.473456" lon="13.948911">
        <ele>493.905935</ele>
        <time>2026-03-26T20:34:56.307Z</time>
      </trkpt>
      <trkpt lat="45.473538" lon="13.948614">
        <ele>493.400946</ele>
        <time>2026-03-26T20:35:00.719Z</time>
      </trkpt>
      <trkpt lat="45.473607" lon="13.948186">
        <ele>492.706148</ele>
        <time>2026-03-26T20:35:06.638Z</time>
      </trkpt>
      <trkpt lat="45.473619" lon="13.947885">
        <ele>492.229171</ele>
        <time>2026-03-26T20:35:10.648Z</time>
      </trkpt>
      <trkpt lat="45.473579" lon="13.947497">
        <ele>491.608723</ele>
        <time>2026-03-26T20:35:15.781Z</time>
      </trkpt>
      <trkpt lat="45.473651" lon="13.947245">
        <ele>491.178215</ele>
        <time>2026-03-26T20:35:19.305Z</time>
      </trkpt>
      <trkpt lat="45.473692" lon="13.946718">
        <ele>490.339340</ele>
        <time>2026-03-26T20:35:26.138Z</time>
      </trkpt>
      <trkpt lat="45.473773" lon="13.946525">
        <ele>490.016931</ele>
        <time>2026-03-26T20:35:29.022Z</time>
      </trkpt>
      <trkpt lat="45.473953" lon="13.946244">
        <ele>489.558439</ele>
        <time>2026-03-26T20:35:33.911Z</time>
      </trkpt>
      <trkpt lat="45.474037" lon="13.946060">
        <ele>489.293944</ele>
        <time>2026-03-26T20:35:36.773Z</time>
      </trkpt>
      <trkpt lat="45.474156" lon="13.945699">
        <ele>488.813403</ele>
        <time>2026-03-26T20:35:42.060Z</time>
      </trkpt>
      <trkpt lat="45.474592" lon="13.945111">
        <ele>487.782490</ele>
        <time>2026-03-26T20:35:53.948Z</time>
      </trkpt>
      <trkpt lat="45.474814" lon="13.944949">
        <ele>487.354077</ele>
        <time>2026-03-26T20:35:59.255Z</time>
      </trkpt>
      <trkpt lat="45.474937" lon="13.944803">
        <ele>487.079152</ele>
        <time>2026-03-26T20:36:02.774Z</time>
      </trkpt>
      <trkpt lat="45.475145" lon="13.944476">
        <ele>487.121509</ele>
        <time>2026-03-26T20:36:09.990Z</time>
      </trkpt>
      <trkpt lat="45.475658" lon="13.943968">
        <ele>487.315148</ele>
        <time>2026-03-26T20:36:26.868Z</time>
      </trkpt>
      <trkpt lat="45.475868" lon="13.943665">
        <ele>487.407771</ele>
        <time>2026-03-26T20:36:35.234Z</time>
      </trkpt>
      <trkpt lat="45.475986" lon="13.943427">
        <ele>487.471142</ele>
        <time>2026-03-26T20:36:40.992Z</time>
      </trkpt>
      <trkpt lat="45.476326" lon="13.943044">
        <ele>487.582601</ele>
        <time>2026-03-26T20:36:52.681Z</time>
      </trkpt>
      <trkpt lat="45.476450" lon="13.942879">
        <ele>487.549806</ele>
        <time>2026-03-26T20:36:57.030Z</time>
      </trkpt>
      <trkpt lat="45.476732" lon="13.942503">
        <ele>487.475155</ele>
        <time>2026-03-26T20:37:06.272Z</time>
      </trkpt>
      <trkpt lat="45.477006" lon="13.942224">
        <ele>487.410052</ele>
        <time>2026-03-26T20:37:13.872Z</time>
      </trkpt>
      <trkpt lat="45.477319" lon="13.941664">
        <ele>487.312950</ele>
        <time>2026-03-26T20:37:24.853Z</time>
      </trkpt>
      <trkpt lat="45.477444" lon="13.941519">
        <ele>487.281793</ele>
        <time>2026-03-26T20:37:28.403Z</time>
      </trkpt>
      <trkpt lat="45.477911" lon="13.941184">
        <ele>487.231787</ele>
        <time>2026-03-26T20:37:40.069Z</time>
      </trkpt>
      <trkpt lat="45.478743" lon="13.940492">
        <ele>487.196846</ele>
        <time>2026-03-26T20:38:02.938Z</time>
      </trkpt>
      <trkpt lat="45.479695" lon="13.939564">
        <ele>487.186760</ele>
        <time>2026-03-26T20:38:32.491Z</time>
      </trkpt>
      <trkpt lat="45.479886" lon="13.939305">
        <ele>487.190216</ele>
        <time>2026-03-26T20:38:38.607Z</time>
      </trkpt>
      <trkpt lat="45.480267" lon="13.938893">
        <ele>487.196485</ele>
        <time>2026-03-26T20:38:49.731Z</time>
      </trkpt>
      <trkpt lat="45.480435" lon="13.938622">
        <ele>487.199811</ele>
        <time>2026-03-26T20:38:55.707Z</time>
      </trkpt>
      <trkpt lat="45.480683" lon="13.938270">
        <ele>487.196109</ele>
        <time>2026-03-26T20:39:04.142Z</time>
      </trkpt>
      <trkpt lat="45.480750" lon="13.938127">
        <ele>487.192410</ele>
        <time>2026-03-26T20:39:06.989Z</time>
      </trkpt>
      <trkpt lat="45.481122" lon="13.937084">
        <ele>487.167245</ele>
        <time>2026-03-26T20:39:26.204Z</time>
      </trkpt>
      <trkpt lat="45.481882" lon="13.935258">
        <ele>487.110971</ele>
        <time>2026-03-26T20:40:01.751Z</time>
      </trkpt>
      <trkpt lat="45.482050" lon="13.934713">
        <ele>487.092773</ele>
        <time>2026-03-26T20:40:11.359Z</time>
      </trkpt>
      <trkpt lat="45.482353" lon="13.934013">
        <ele>487.075222</ele>
        <time>2026-03-26T20:40:24.998Z</time>
      </trkpt>
      <trkpt lat="45.482436" lon="13.933741">
        <ele>487.163789</ele>
        <time>2026-03-26T20:40:30.100Z</time>
      </trkpt>
      <trkpt lat="45.482726" lon="13.933163">
        <ele>487.375991</ele>
        <time>2026-03-26T20:40:42.855Z</time>
      </trkpt>
      <trkpt lat="45.482922" lon="13.932828">
        <ele>487.506257</ele>
        <time>2026-03-26T20:40:50.951Z</time>
      </trkpt>
      <trkpt lat="45.483143" lon="13.932264">
        <ele>487.699158</ele>
        <time>2026-03-26T20:41:03.173Z</time>
      </trkpt>
      <trkpt lat="45.483778" lon="13.931089">
        <ele>488.348379</ele>
        <time>2026-03-26T20:41:31.528Z</time>
      </trkpt>
      <trkpt lat="45.484354" lon="13.929832">
        <ele>489.097161</ele>
        <time>2026-03-26T20:42:00.644Z</time>
      </trkpt>
      <trkpt lat="45.484607" lon="13.929133">
        <ele>489.566415</ele>
        <time>2026-03-26T20:42:16.849Z</time>
      </trkpt>
      <trkpt lat="45.484909" lon="13.928125">
        <ele>490.224958</ele>
        <time>2026-03-26T20:42:39.398Z</time>
      </trkpt>
      <trkpt lat="45.485138" lon="13.926933">
        <ele>490.433835</ele>
        <time>2026-03-26T20:43:03.167Z</time>
      </trkpt>
      <trkpt lat="45.485187" lon="13.926372">
        <ele>490.194017</ele>
        <time>2026-03-26T20:43:12.564Z</time>
      </trkpt>
      <trkpt lat="45.485286" lon="13.925758">
        <ele>489.926757</ele>
        <time>2026-03-26T20:43:22.165Z</time>
      </trkpt>
      <trkpt lat="45.485419" lon="13.925142">
        <ele>489.653337</ele>
        <time>2026-03-26T20:43:38.621Z</time>
      </trkpt>
      <trkpt lat="45.485555" lon="13.923974">
        <ele>487.453812</ele>
        <time>2026-03-26T20:44:07.758Z</time>
      </trkpt>
      <trkpt lat="45.485526" lon="13.923713">
        <ele>486.883604</ele>
        <time>2026-03-26T20:44:13.977Z</time>
      </trkpt>
      <trkpt lat="45.485526" lon="13.923355">
        <ele>486.111120</ele>
        <time>2026-03-26T20:44:22.179Z</time>
      </trkpt>
      <trkpt lat="45.485235" lon="13.922709">
        <ele>484.454264</ele>
        <time>2026-03-26T20:44:39.350Z</time>
      </trkpt>
      <trkpt lat="45.484907" lon="13.921812">
        <ele>482.521217</ele>
        <time>2026-03-26T20:45:01.618Z</time>
      </trkpt>
      <trkpt lat="45.484979" lon="13.921067">
        <ele>481.128985</ele>
        <time>2026-03-26T20:45:18.769Z</time>
      </trkpt>
      <trkpt lat="45.485115" lon="13.920334">
        <ele>479.725300</ele>
        <time>2026-03-26T20:45:37.884Z</time>
      </trkpt>
      <trkpt lat="45.485160" lon="13.919645">
        <ele>479.366435</ele>
        <time>2026-03-26T20:45:58.946Z</time>
      </trkpt>
      <trkpt lat="45.485267" lon="13.919220">
        <ele>479.451485</ele>
        <time>2026-03-26T20:46:14.914Z</time>
      </trkpt>
      <trkpt lat="45.485265" lon="13.919057">
        <ele>479.482189</ele>
        <time>2026-03-26T20:46:20.874Z</time>
      </trkpt>
      <trkpt lat="45.485134" lon="13.918062">
        <ele>479.672864</ele>
        <time>2026-03-26T20:46:53.402Z</time>
      </trkpt>
      <trkpt lat="45.484987" lon="13.917491">
        <ele>479.228226</ele>
        <time>2026-03-26T20:47:10.132Z</time>
      </trkpt>
      <trkpt lat="45.484809" lon="13.917118">
        <ele>477.243713</ele>
        <time>2026-03-26T20:47:21.090Z</time>
      </trkpt>
      <trkpt lat="45.484838" lon="13.916785">
        <ele>475.767844</ele>
        <time>2026-03-26T20:47:28.621Z</time>
      </trkpt>
      <trkpt lat="45.484906" lon="13.916501">
        <ele>474.447911</ele>
        <time>2026-03-26T20:47:34.982Z</time>
      </trkpt>
      <trkpt lat="45.485189" lon="13.915941">
        <ele>471.411748</ele>
        <time>2026-03-26T20:47:48.671Z</time>
      </trkpt>
      <trkpt lat="45.485251" lon="13.915762">
        <ele>470.533632</ele>
        <time>2026-03-26T20:47:52.569Z</time>
      </trkpt>
      <trkpt lat="45.485305" lon="13.915451">
        <ele>469.124467</ele>
        <time>2026-03-26T20:47:58.831Z</time>
      </trkpt>
      <trkpt lat="45.485290" lon="13.915338">
        <ele>468.618640</ele>
        <time>2026-03-26T20:48:01.060Z</time>
      </trkpt>
      <trkpt lat="45.485312" lon="13.915173">
        <ele>467.476153</ele>
        <time>2026-03-26T20:48:04.290Z</time>
      </trkpt>
      <trkpt lat="45.485421" lon="13.914993">
        <ele>465.727251</ele>
        <time>2026-03-26T20:48:08.829Z</time>
      </trkpt>
      <trkpt lat="45.485647" lon="13.914737">
        <ele>462.700444</ele>
        <time>2026-03-26T20:48:16.645Z</time>
      </trkpt>
      <trkpt lat="45.485843" lon="13.914490">
        <ele>459.957415</ele>
        <time>2026-03-26T20:48:23.736Z</time>
      </trkpt>
      <trkpt lat="45.485902" lon="13.914415">
        <ele>459.128546</ele>
        <time>2026-03-26T20:48:25.873Z</time>
      </trkpt>
      <trkpt lat="45.486224" lon="13.913913">
        <ele>454.125568</ele>
        <time>2026-03-26T20:48:38.836Z</time>
      </trkpt>
      <trkpt lat="45.486521" lon="13.913121">
        <ele>447.981418</ele>
        <time>2026-03-26T20:48:56.278Z</time>
      </trkpt>
      <trkpt lat="45.486620" lon="13.912949">
        <ele>446.704372</ele>
        <time>2026-03-26T20:49:00.610Z</time>
      </trkpt>
      <trkpt lat="45.486719" lon="13.912838">
        <ele>445.673656</ele>
        <time>2026-03-26T20:49:04.108Z</time>
      </trkpt>
      <trkpt lat="45.486983" lon="13.912694">
        <ele>443.360149</ele>
        <time>2026-03-26T20:49:12.052Z</time>
      </trkpt>
      <trkpt lat="45.487052" lon="13.912612">
        <ele>442.625034</ele>
        <time>2026-03-26T20:49:14.596Z</time>
      </trkpt>
      <trkpt lat="45.487451" lon="13.911808">
        <ele>436.972415</ele>
        <time>2026-03-26T20:49:34.543Z</time>
      </trkpt>
      <trkpt lat="45.487617" lon="13.912061">
        <ele>434.983964</ele>
        <time>2026-03-26T20:49:41.706Z</time>
      </trkpt>
      <trkpt lat="45.487809" lon="13.912447">
        <ele>433.074503</ele>
        <time>2026-03-26T20:49:51.641Z</time>
      </trkpt>
      <trkpt lat="45.487957" lon="13.912759">
        <ele>431.576542</ele>
        <time>2026-03-26T20:49:59.667Z</time>
      </trkpt>
      <trkpt lat="45.488128" lon="13.913279">
        <ele>429.292631</ele>
        <time>2026-03-26T20:50:12.080Z</time>
      </trkpt>
      <trkpt lat="45.488409" lon="13.913661">
        <ele>427.090900</ele>
        <time>2026-03-26T20:50:23.825Z</time>
      </trkpt>
      <trkpt lat="45.488947" lon="13.913825">
        <ele>424.287830</ele>
        <time>2026-03-26T20:50:40.475Z</time>
      </trkpt>
      <trkpt lat="45.489280" lon="13.913879">
        <ele>423.222347</ele>
        <time>2026-03-26T20:50:51.050Z</time>
      </trkpt>
      <trkpt lat="45.489343" lon="13.913874">
        <ele>423.021750</ele>
        <time>2026-03-26T20:50:53.046Z</time>
      </trkpt>
      <trkpt lat="45.489603" lon="13.913735">
        <ele>422.139019</ele>
        <time>2026-03-26T20:51:01.969Z</time>
      </trkpt>
      <trkpt lat="45.489939" lon="13.914176">
        <ele>420.687443</ele>
        <time>2026-03-26T20:51:17.051Z</time>
      </trkpt>
      <trkpt lat="45.490164" lon="13.914582">
        <ele>419.533998</ele>
        <time>2026-03-26T20:51:29.672Z</time>
      </trkpt>
      <trkpt lat="45.490378" lon="13.914845">
        <ele>419.176362</ele>
        <time>2026-03-26T20:51:40.379Z</time>
      </trkpt>
      <trkpt lat="45.490433" lon="13.915043">
        <ele>419.459650</ele>
        <time>2026-03-26T20:51:46.686Z</time>
      </trkpt>
      <trkpt lat="45.490428" lon="13.915286">
        <ele>419.783012</ele>
        <time>2026-03-26T20:51:54.099Z</time>
      </trkpt>
      <trkpt lat="45.490416" lon="13.915527">
        <ele>420.104381</ele>
        <time>2026-03-26T20:52:01.746Z</time>
      </trkpt>
      <trkpt lat="45.490296" lon="13.916079">
        <ele>420.873108</ele>
        <time>2026-03-26T20:52:21.953Z</time>
      </trkpt>
      <trkpt lat="45.490254" lon="13.916413">
        <ele>421.324465</ele>
        <time>2026-03-26T20:52:35.442Z</time>
      </trkpt>
      <trkpt lat="45.489832" lon="13.917743">
        <ele>423.425102</ele>
        <time>2026-03-26T20:53:39.404Z</time>
      </trkpt>
      <trkpt lat="45.489708" lon="13.917988">
        <ele>423.899636</ele>
        <time>2026-03-26T20:53:51.886Z</time>
      </trkpt>
      <trkpt lat="45.489638" lon="13.918241">
        <ele>424.326767</ele>
        <time>2026-03-26T20:54:02.408Z</time>
      </trkpt>
      <trkpt lat="45.489638" lon="13.918511">
        <ele>424.750770</ele>
        <time>2026-03-26T20:54:12.234Z</time>
      </trkpt>
      <trkpt lat="45.489578" lon="13.918765">
        <ele>425.171682</ele>
        <time>2026-03-26T20:54:21.300Z</time>
      </trkpt>
      <trkpt lat="45.489407" lon="13.919286">
        <ele>426.075083</ele>
        <time>2026-03-26T20:54:38.806Z</time>
      </trkpt>
      <trkpt lat="45.489400" lon="13.919865">
        <ele>426.883111</ele>
        <time>2026-03-26T20:54:55.750Z</time>
      </trkpt>
      <trkpt lat="45.489320" lon="13.920646">
        <ele>427.901503</ele>
        <time>2026-03-26T20:55:20.055Z</time>
      </trkpt>
      <trkpt lat="45.489226" lon="13.921000">
        <ele>428.389923</ele>
        <time>2026-03-26T20:55:28.827Z</time>
      </trkpt>
      <trkpt lat="45.489144" lon="13.921507">
        <ele>429.061270</ele>
        <time>2026-03-26T20:55:42.508Z</time>
      </trkpt>
      <trkpt lat="45.488957" lon="13.922301">
        <ele>430.502523</ele>
        <time>2026-03-26T20:56:08.492Z</time>
      </trkpt>
      <trkpt lat="45.488892" lon="13.922930">
        <ele>432.034860</ele>
        <time>2026-03-26T20:56:29.178Z</time>
      </trkpt>
      <trkpt lat="45.488845" lon="13.923747">
        <ele>434.010536</ele>
        <time>2026-03-26T20:56:55.117Z</time>
      </trkpt>
      <trkpt lat="45.488853" lon="13.924503">
        <ele>435.832786</ele>
        <time>2026-03-26T20:57:15.928Z</time>
      </trkpt>
      <trkpt lat="45.489157" lon="13.925354">
        <ele>437.453991</ele>
        <time>2026-03-26T20:57:38.762Z</time>
      </trkpt>
      <trkpt lat="45.489237" lon="13.925508">
        <ele>437.774585</ele>
        <time>2026-03-26T20:57:43.376Z</time>
      </trkpt>
      <trkpt lat="45.489533" lon="13.925727">
        <ele>438.570153</ele>
        <time>2026-03-26T20:57:55.734Z</time>
      </trkpt>
      <trkpt lat="45.489846" lon="13.925728">
        <ele>439.316939</ele>
        <time>2026-03-26T20:58:07.844Z</time>
      </trkpt>
      <trkpt lat="45.490109" lon="13.925626">
        <ele>439.967207</ele>
        <time>2026-03-26T20:58:18.933Z</time>
      </trkpt>
      <trkpt lat="45.490318" lon="13.925631">
        <ele>440.104727</ele>
        <time>2026-03-26T20:58:27.303Z</time>
      </trkpt>
      <trkpt lat="45.490872" lon="13.926655">
        <ele>439.313156</ele>
        <time>2026-03-26T20:58:56.516Z</time>
      </trkpt>
      <trkpt lat="45.491320" lon="13.927132">
        <ele>438.825143</ele>
        <time>2026-03-26T20:59:07.033Z</time>
      </trkpt>
      <trkpt lat="45.491802" lon="13.927755">
        <ele>434.932533</ele>
        <time>2026-03-26T20:59:17.376Z</time>
      </trkpt>
      <trkpt lat="45.492031" lon="13.928150">
        <ele>431.830298</ele>
        <time>2026-03-26T20:59:22.804Z</time>
      </trkpt>
      <trkpt lat="45.492097" lon="13.928214">
        <ele>431.141300</ele>
        <time>2026-03-26T20:59:24.002Z</time>
      </trkpt>
      <trkpt lat="45.492480" lon="13.928308">
        <ele>427.786078</ele>
        <time>2026-03-26T20:59:29.799Z</time>
      </trkpt>
      <trkpt lat="45.492772" lon="13.928463">
        <ele>425.096213</ele>
        <time>2026-03-26T20:59:34.419Z</time>
      </trkpt>
      <trkpt lat="45.493421" lon="13.928912">
        <ele>420.416249</ele>
        <time>2026-03-26T20:59:45.219Z</time>
      </trkpt>
      <trkpt lat="45.493837" lon="13.929137">
        <ele>417.979026</ele>
        <time>2026-03-26T20:59:52.115Z</time>
      </trkpt>
      <trkpt lat="45.494165" lon="13.929580">
        <ele>415.504627</ele>
        <time>2026-03-26T20:59:59.649Z</time>
      </trkpt>
      <trkpt lat="45.494400" lon="13.930029">
        <ele>413.352833</ele>
        <time>2026-03-26T21:00:08.041Z</time>
      </trkpt>
      <trkpt lat="45.494555" lon="13.930439">
        <ele>414.461717</ele>
        <time>2026-03-26T21:00:19.961Z</time>
      </trkpt>
      <trkpt lat="45.494685" lon="13.930450">
        <ele>414.974883</ele>
        <time>2026-03-26T21:00:25.651Z</time>
      </trkpt>
      <trkpt lat="45.494859" lon="13.930350">
        <ele>415.714077</ele>
        <time>2026-03-26T21:00:34.234Z</time>
      </trkpt>
      <trkpt lat="45.495051" lon="13.930190">
        <ele>416.590276</ele>
        <time>2026-03-26T21:00:45.163Z</time>
      </trkpt>
      <trkpt lat="45.495248" lon="13.930041">
        <ele>417.468907</ele>
        <time>2026-03-26T21:00:56.437Z</time>
      </trkpt>
      <trkpt lat="45.495311" lon="13.930052">
        <ele>417.719011</ele>
        <time>2026-03-26T21:00:59.821Z</time>
      </trkpt>
      <trkpt lat="45.495366" lon="13.930143">
        <ele>418.050901</ele>
        <time>2026-03-26T21:01:04.313Z</time>
      </trkpt>
      <trkpt lat="45.495379" lon="13.930223">
        <ele>418.277734</ele>
        <time>2026-03-26T21:01:07.475Z</time>
      </trkpt>
      <trkpt lat="45.495360" lon="13.930348">
        <ele>418.631028</ele>
        <time>2026-03-26T21:01:12.454Z</time>
      </trkpt>
      <trkpt lat="45.495234" lon="13.930694">
        <ele>419.708012</ele>
        <time>2026-03-26T21:01:28.541Z</time>
      </trkpt>
      <trkpt lat="45.495021" lon="13.931242">
        <ele>420.652160</ele>
        <time>2026-03-26T21:01:53.596Z</time>
      </trkpt>
      <trkpt lat="45.494995" lon="13.931519">
        <ele>420.872989</ele>
        <time>2026-03-26T21:02:02.515Z</time>
      </trkpt>
      <trkpt lat="45.495014" lon="13.931716">
        <ele>421.030118</ele>
        <time>2026-03-26T21:02:07.904Z</time>
      </trkpt>
      <trkpt lat="45.495038" lon="13.932012">
        <ele>421.265566</ele>
        <time>2026-03-26T21:02:14.802Z</time>
      </trkpt>
      <trkpt lat="45.495165" lon="13.932507">
        <ele>421.682073</ele>
        <time>2026-03-26T21:02:24.465Z</time>
      </trkpt>
      <trkpt lat="45.495167" lon="13.932624">
        <ele>421.774550</ele>
        <time>2026-03-26T21:02:26.361Z</time>
      </trkpt>
      <trkpt lat="45.495101" lon="13.933033">
        <ele>422.106179</ele>
        <time>2026-03-26T21:02:32.516Z</time>
      </trkpt>
      <trkpt lat="45.494972" lon="13.933453">
        <ele>421.972897</ele>
        <time>2026-03-26T21:02:38.439Z</time>
      </trkpt>
      <trkpt lat="45.494907" lon="13.933540">
        <ele>421.594777</ele>
        <time>2026-03-26T21:02:39.967Z</time>
      </trkpt>
      <trkpt lat="45.494680" lon="13.933657">
        <ele>420.570838</ele>
        <time>2026-03-26T21:02:43.991Z</time>
      </trkpt>
      <trkpt lat="45.494641" lon="13.933694">
        <ele>420.372140</ele>
        <time>2026-03-26T21:02:44.756Z</time>
      </trkpt>
      <trkpt lat="45.494485" lon="13.933844">
        <ele>419.574039</ele>
        <time>2026-03-26T21:02:47.789Z</time>
      </trkpt>
      <trkpt lat="45.494237" lon="13.934532">
        <ele>417.273402</ele>
        <time>2026-03-26T21:02:56.647Z</time>
      </trkpt>
      <trkpt lat="45.493883" lon="13.935144">
        <ele>414.913806</ele>
        <time>2026-03-26T21:03:06.257Z</time>
      </trkpt>
      <trkpt lat="45.493695" lon="13.935399">
        <ele>414.317217</ele>
        <time>2026-03-26T21:03:10.967Z</time>
      </trkpt>
      <trkpt lat="45.493547" lon="13.935685">
        <ele>413.838678</ele>
        <time>2026-03-26T21:03:15.637Z</time>
      </trkpt>
      <trkpt lat="45.493479" lon="13.935767">
        <ele>413.667690</ele>
        <time>2026-03-26T21:03:17.363Z</time>
      </trkpt>
      <trkpt lat="45.493307" lon="13.935882">
        <ele>413.302910</ele>
        <time>2026-03-26T21:03:21.047Z</time>
      </trkpt>
      <trkpt lat="45.493186" lon="13.936106">
        <ele>412.922229</ele>
        <time>2026-03-26T21:03:24.930Z</time>
      </trkpt>
      <trkpt lat="45.492981" lon="13.936266">
        <ele>412.473487</ele>
        <time>2026-03-26T21:03:29.593Z</time>
      </trkpt>
      <trkpt lat="45.492217" lon="13.937152">
        <ele>411.348891</ele>
        <time>2026-03-26T21:03:50.256Z</time>
      </trkpt>
      <trkpt lat="45.491774" lon="13.937583">
        <ele>411.450696</ele>
        <time>2026-03-26T21:04:03.638Z</time>
      </trkpt>
      <trkpt lat="45.491728" lon="13.937665">
        <ele>411.464674</ele>
        <time>2026-03-26T21:04:05.528Z</time>
      </trkpt>
      <trkpt lat="45.491648" lon="13.938100">
        <ele>411.524527</ele>
        <time>2026-03-26T21:04:14.004Z</time>
      </trkpt>
      <trkpt lat="45.491699" lon="13.938145">
        <ele>411.535912</ele>
        <time>2026-03-26T21:04:15.474Z</time>
      </trkpt>
      <trkpt lat="45.491757" lon="13.938280">
        <ele>411.556985</ele>
        <time>2026-03-26T21:04:18.308Z</time>
      </trkpt>
      <trkpt lat="45.491737" lon="13.939460">
        <ele>411.457623</ele>
        <time>2026-03-26T21:04:40.297Z</time>
      </trkpt>
      <trkpt lat="45.491828" lon="13.939676">
        <ele>411.398314</ele>
        <time>2026-03-26T21:04:43.887Z</time>
      </trkpt>
      <trkpt lat="45.491906" lon="13.939764">
        <ele>411.364928</ele>
        <time>2026-03-26T21:04:45.762Z</time>
      </trkpt>
      <trkpt lat="45.492021" lon="13.939831">
        <ele>411.323224</ele>
        <time>2026-03-26T21:04:48.067Z</time>
      </trkpt>
      <trkpt lat="45.492155" lon="13.939816">
        <ele>411.278099</ele>
        <time>2026-03-26T21:04:50.516Z</time>
      </trkpt>
      <trkpt lat="45.492683" lon="13.939549">
        <ele>411.090030</ele>
        <time>2026-03-26T21:05:00.602Z</time>
      </trkpt>
      <trkpt lat="45.492962" lon="13.939446">
        <ele>410.898694</ele>
        <time>2026-03-26T21:05:05.658Z</time>
      </trkpt>
      <trkpt lat="45.493496" lon="13.939174">
        <ele>409.967872</ele>
        <time>2026-03-26T21:05:15.145Z</time>
      </trkpt>
      <trkpt lat="45.493887" lon="13.938867">
        <ele>409.235206</ele>
        <time>2026-03-26T21:05:22.500Z</time>
      </trkpt>
      <trkpt lat="45.494003" lon="13.938776">
        <ele>409.017886</ele>
        <time>2026-03-26T21:05:24.696Z</time>
      </trkpt>
      <trkpt lat="45.494310" lon="13.938463">
        <ele>408.398437</ele>
        <time>2026-03-26T21:05:30.989Z</time>
      </trkpt>
      <trkpt lat="45.494553" lon="13.938093">
        <ele>407.774057</ele>
        <time>2026-03-26T21:05:36.954Z</time>
      </trkpt>
      <trkpt lat="45.495276" lon="13.937152">
        <ele>405.904325</ele>
        <time>2026-03-26T21:05:53.275Z</time>
      </trkpt>
      <trkpt lat="45.496323" lon="13.935434">
        <ele>402.342969</ele>
        <time>2026-03-26T21:06:18.809Z</time>
      </trkpt>
      <trkpt lat="45.496464" lon="13.935247">
        <ele>401.868812</ele>
        <time>2026-03-26T21:06:21.905Z</time>
      </trkpt>
      <trkpt lat="45.497193" lon="13.934063">
        <ele>398.756122</ele>
        <time>2026-03-26T21:06:39.020Z</time>
      </trkpt>
      <trkpt lat="45.497609" lon="13.933554">
        <ele>396.902637</ele>
        <time>2026-03-26T21:06:47.148Z</time>
      </trkpt>
      <trkpt lat="45.497894" lon="13.933362">
        <ele>395.836699</ele>
        <time>2026-03-26T21:06:51.824Z</time>
      </trkpt>
      <trkpt lat="45.498054" lon="13.933168">
        <ele>395.126546</ele>
        <time>2026-03-26T21:06:54.941Z</time>
      </trkpt>
      <trkpt lat="45.498414" lon="13.932733">
        <ele>393.400970</ele>
        <time>2026-03-26T21:07:01.897Z</time>
      </trkpt>
      <trkpt lat="45.499049" lon="13.932080">
        <ele>390.164858</ele>
        <time>2026-03-26T21:07:13.341Z</time>
      </trkpt>
      <trkpt lat="45.499347" lon="13.931803">
        <ele>388.694447</ele>
        <time>2026-03-26T21:07:18.488Z</time>
      </trkpt>
      <trkpt lat="45.499573" lon="13.931672">
        <ele>387.685945</ele>
        <time>2026-03-26T21:07:21.942Z</time>
      </trkpt>
      <trkpt lat="45.499864" lon="13.931675">
        <ele>386.569507</ele>
        <time>2026-03-26T21:07:26.006Z</time>
      </trkpt>
      <trkpt lat="45.500004" lon="13.931595">
        <ele>386.220473</ele>
        <time>2026-03-26T21:07:28.114Z</time>
      </trkpt>
      <trkpt lat="45.500636" lon="13.931404">
        <ele>384.725336</ele>
        <time>2026-03-26T21:07:37.433Z</time>
      </trkpt>
      <trkpt lat="45.501111" lon="13.931168">
        <ele>383.561260</ele>
        <time>2026-03-26T21:07:45.876Z</time>
      </trkpt>
      <trkpt lat="45.501173" lon="13.931177">
        <ele>383.417028</ele>
        <time>2026-03-26T21:07:47.088Z</time>
      </trkpt>
      <trkpt lat="45.501298" lon="13.931449">
        <ele>382.889423</ele>
        <time>2026-03-26T21:07:51.713Z</time>
      </trkpt>
      <trkpt lat="45.501662" lon="13.931762">
        <ele>383.041411</ele>
        <time>2026-03-26T21:08:02.247Z</time>
      </trkpt>
      <trkpt lat="45.501837" lon="13.932025">
        <ele>383.546189</ele>
        <time>2026-03-26T21:08:09.711Z</time>
      </trkpt>
      <trkpt lat="45.502431" lon="13.931335">
        <ele>385.067385</ele>
        <time>2026-03-26T21:08:32.650Z</time>
      </trkpt>
      <trkpt lat="45.502711" lon="13.931050">
        <ele>385.750454</ele>
        <time>2026-03-26T21:08:45.883Z</time>
      </trkpt>
      <trkpt lat="45.502787" lon="13.930915">
        <ele>385.991474</ele>
        <time>2026-03-26T21:08:50.468Z</time>
      </trkpt>
      <trkpt lat="45.502898" lon="13.930581">
        <ele>386.993236</ele>
        <time>2026-03-26T21:09:00.666Z</time>
      </trkpt>
      <trkpt lat="45.503005" lon="13.930389">
        <ele>387.733652</ele>
        <time>2026-03-26T21:09:07.997Z</time>
      </trkpt>
      <trkpt lat="45.503323" lon="13.930042">
        <ele>389.457781</ele>
        <time>2026-03-26T21:09:25.859Z</time>
      </trkpt>
      <trkpt lat="45.503608" lon="13.929797">
        <ele>390.890747</ele>
        <time>2026-03-26T21:09:41.358Z</time>
      </trkpt>
      <trkpt lat="45.504147" lon="13.929084">
        <ele>393.928792</ele>
        <time>2026-03-26T21:10:17.851Z</time>
      </trkpt>
      <trkpt lat="45.504520" lon="13.928452">
        <ele>394.985037</ele>
        <time>2026-03-26T21:10:38.535Z</time>
      </trkpt>
      <trkpt lat="45.504938" lon="13.928132">
        <ele>395.850292</ele>
        <time>2026-03-26T21:10:52.556Z</time>
      </trkpt>
      <trkpt lat="45.505607" lon="13.927520">
        <ele>397.101960</ele>
        <time>2026-03-26T21:11:10.280Z</time>
      </trkpt>
      <trkpt lat="45.505757" lon="13.927321">
        <ele>397.073485</ele>
        <time>2026-03-26T21:11:14.136Z</time>
      </trkpt>
      <trkpt lat="45.506186" lon="13.926587">
        <ele>396.980365</ele>
        <time>2026-03-26T21:11:26.728Z</time>
      </trkpt>
      <trkpt lat="45.506451" lon="13.926206">
        <ele>396.928066</ele>
        <time>2026-03-26T21:11:34.167Z</time>
      </trkpt>
      <trkpt lat="45.506929" lon="13.925665">
        <ele>396.804537</ele>
        <time>2026-03-26T21:11:47.422Z</time>
      </trkpt>
      <trkpt lat="45.507366" lon="13.925347">
        <ele>396.619916</ele>
        <time>2026-03-26T21:11:58.458Z</time>
      </trkpt>
      <trkpt lat="45.507556" lon="13.925157">
        <ele>396.532595</ele>
        <time>2026-03-26T21:12:03.340Z</time>
      </trkpt>
      <trkpt lat="45.507956" lon="13.924658">
        <ele>396.332631</ele>
        <time>2026-03-26T21:12:13.661Z</time>
      </trkpt>
      <trkpt lat="45.508323" lon="13.924349">
        <ele>396.089461</ele>
        <time>2026-03-26T21:12:21.225Z</time>
      </trkpt>
      <trkpt lat="45.509499" lon="13.923605">
        <ele>393.209545</ele>
        <time>2026-03-26T21:12:41.938Z</time>
      </trkpt>
      <trkpt lat="45.510341" lon="13.922935">
        <ele>390.399527</ele>
        <time>2026-03-26T21:12:56.674Z</time>
      </trkpt>
      <trkpt lat="45.511025" lon="13.922123">
        <ele>387.239162</ele>
        <time>2026-03-26T21:13:09.729Z</time>
      </trkpt>
      <trkpt lat="45.511597" lon="13.921206">
        <ele>384.120570</ele>
        <time>2026-03-26T21:13:22.272Z</time>
      </trkpt>
      <trkpt lat="45.512295" lon="13.919570">
        <ele>379.164754</ele>
        <time>2026-03-26T21:13:42.040Z</time>
      </trkpt>
      <trkpt lat="45.512943" lon="13.918189">
        <ele>375.715781</ele>
        <time>2026-03-26T21:13:59.790Z</time>
      </trkpt>
      <trkpt lat="45.513705" lon="13.916707">
        <ele>372.220248</ele>
        <time>2026-03-26T21:14:19.913Z</time>
      </trkpt>
      <trkpt lat="45.513900" lon="13.916377">
        <ele>371.472293</ele>
        <time>2026-03-26T21:14:24.696Z</time>
      </trkpt>
      <trkpt lat="45.514117" lon="13.916072">
        <ele>370.719172</ele>
        <time>2026-03-26T21:14:29.532Z</time>
      </trkpt>
      <trkpt lat="45.514358" lon="13.915797">
        <ele>369.956178</ele>
        <time>2026-03-26T21:14:34.482Z</time>
      </trkpt>
      <trkpt lat="45.514821" lon="13.915304">
        <ele>368.061772</ele>
        <time>2026-03-26T21:14:43.636Z</time>
      </trkpt>
      <trkpt lat="45.515186" lon="13.914833">
        <ele>366.170568</ele>
        <time>2026-03-26T21:14:51.214Z</time>
      </trkpt>
      <trkpt lat="45.515550" lon="13.914364">
        <ele>364.285832</ele>
        <time>2026-03-26T21:14:58.427Z</time>
      </trkpt>
      <trkpt lat="45.515718" lon="13.914233">
        <ele>363.550078</ele>
        <time>2026-03-26T21:15:01.137Z</time>
      </trkpt>
      <trkpt lat="45.516063" lon="13.913704">
        <ele>361.066969</ele>
        <time>2026-03-26T21:15:08.029Z</time>
      </trkpt>
      <trkpt lat="45.516377" lon="13.913501">
        <ele>358.907199</ele>
        <time>2026-03-26T21:15:12.618Z</time>
      </trkpt>
      <trkpt lat="45.516639" lon="13.913073">
        <ele>356.412165</ele>
        <time>2026-03-26T21:15:17.891Z</time>
      </trkpt>
      <trkpt lat="45.516839" lon="13.912509">
        <ele>353.637105</ele>
        <time>2026-03-26T21:15:23.788Z</time>
      </trkpt>
      <trkpt lat="45.516915" lon="13.912402">
        <ele>352.968230</ele>
        <time>2026-03-26T21:15:25.220Z</time>
      </trkpt>
      <trkpt lat="45.517001" lon="13.912319">
        <ele>352.317768</ele>
        <time>2026-03-26T21:15:26.627Z</time>
      </trkpt>
      <trkpt lat="45.517066" lon="13.912290">
        <ele>351.891083</ele>
        <time>2026-03-26T21:15:27.548Z</time>
      </trkpt>
      <trkpt lat="45.517537" lon="13.912081">
        <ele>349.385882</ele>
        <time>2026-03-26T21:15:34.393Z</time>
      </trkpt>
      <trkpt lat="45.517693" lon="13.911956">
        <ele>348.539855</ele>
        <time>2026-03-26T21:15:36.940Z</time>
      </trkpt>
      <trkpt lat="45.518412" lon="13.911151">
        <ele>344.218376</ele>
        <time>2026-03-26T21:15:50.152Z</time>
      </trkpt>
      <trkpt lat="45.518907" lon="13.910683">
        <ele>340.873362</ele>
        <time>2026-03-26T21:15:58.677Z</time>
      </trkpt>
      <trkpt lat="45.519176" lon="13.910274">
        <ele>338.228928</ele>
        <time>2026-03-26T21:16:04.045Z</time>
      </trkpt>
      <trkpt lat="45.519334" lon="13.910081">
        <ele>336.829709</ele>
        <time>2026-03-26T21:16:06.743Z</time>
      </trkpt>
      <trkpt lat="45.519465" lon="13.909963">
        <ele>335.787477</ele>
        <time>2026-03-26T21:16:08.759Z</time>
      </trkpt>
      <trkpt lat="45.519987" lon="13.909632">
        <ele>331.944418</ele>
        <time>2026-03-26T21:16:16.274Z</time>
      </trkpt>
      <trkpt lat="45.520189" lon="13.909355">
        <ele>330.060200</ele>
        <time>2026-03-26T21:16:19.912Z</time>
      </trkpt>
      <trkpt lat="45.520601" lon="13.908868">
        <ele>326.464457</ele>
        <time>2026-03-26T21:16:26.850Z</time>
      </trkpt>
      <trkpt lat="45.520804" lon="13.908694">
        <ele>324.872814</ele>
        <time>2026-03-26T21:16:29.920Z</time>
      </trkpt>
      <trkpt lat="45.521250" lon="13.908492">
        <ele>321.727655</ele>
        <time>2026-03-26T21:16:36.146Z</time>
      </trkpt>
      <trkpt lat="45.521578" lon="13.908268">
        <ele>319.283582</ele>
        <time>2026-03-26T21:16:41.288Z</time>
      </trkpt>
      <trkpt lat="45.521753" lon="13.908061">
        <ele>317.775509</ele>
        <time>2026-03-26T21:16:44.681Z</time>
      </trkpt>
      <trkpt lat="45.522006" lon="13.907845">
        <ele>315.846981</ele>
        <time>2026-03-26T21:16:48.853Z</time>
      </trkpt>
      <trkpt lat="45.522297" lon="13.907704">
        <ele>313.836663</ele>
        <time>2026-03-26T21:16:53.064Z</time>
      </trkpt>
      <trkpt lat="45.522603" lon="13.907748">
        <ele>311.824792</ele>
        <time>2026-03-26T21:16:57.034Z</time>
      </trkpt>
      <trkpt lat="45.522672" lon="13.907730">
        <ele>311.365943</ele>
        <time>2026-03-26T21:16:57.948Z</time>
      </trkpt>
      <trkpt lat="45.522830" lon="13.907596">
        <ele>310.163667</ele>
        <time>2026-03-26T21:17:00.300Z</time>
      </trkpt>
      <trkpt lat="45.523111" lon="13.907276">
        <ele>307.812077</ele>
        <time>2026-03-26T21:17:05.005Z</time>
      </trkpt>
      <trkpt lat="45.523129" lon="13.907034">
        <ele>306.713523</ele>
        <time>2026-03-26T21:17:07.332Z</time>
      </trkpt>
      <trkpt lat="45.523219" lon="13.906839">
        <ele>306.301672</ele>
        <time>2026-03-26T21:17:09.600Z</time>
      </trkpt>
      <trkpt lat="45.523524" lon="13.906552">
        <ele>305.382017</ele>
        <time>2026-03-26T21:17:14.448Z</time>
      </trkpt>
      <trkpt lat="45.523646" lon="13.906390">
        <ele>304.962536</ele>
        <time>2026-03-26T21:17:16.730Z</time>
      </trkpt>
      <trkpt lat="45.524076" lon="13.906031">
        <ele>303.708465</ele>
        <time>2026-03-26T21:17:25.513Z</time>
      </trkpt>
      <trkpt lat="45.524410" lon="13.905631">
        <ele>302.610885</ele>
        <time>2026-03-26T21:17:39.965Z</time>
      </trkpt>
      <trkpt lat="45.524995" lon="13.905192">
        <ele>303.417873</ele>
        <time>2026-03-26T21:18:05.216Z</time>
      </trkpt>
      <trkpt lat="45.525577" lon="13.904924">
        <ele>304.923724</ele>
        <time>2026-03-26T21:18:25.280Z</time>
      </trkpt>
      <trkpt lat="45.526145" lon="13.904853">
        <ele>306.327721</ele>
        <time>2026-03-26T21:18:44.466Z</time>
      </trkpt>
      <trkpt lat="45.526865" lon="13.904662">
        <ele>310.156680</ele>
        <time>2026-03-26T21:19:19.301Z</time>
      </trkpt>
      <trkpt lat="45.527113" lon="13.904437">
        <ele>311.853606</ele>
        <time>2026-03-26T21:19:36.153Z</time>
      </trkpt>
      <trkpt lat="45.527851" lon="13.903959">
        <ele>316.533545</ele>
        <time>2026-03-26T21:20:25.801Z</time>
      </trkpt>
      <trkpt lat="45.528031" lon="13.903860">
        <ele>317.729917</ele>
        <time>2026-03-26T21:20:37.771Z</time>
      </trkpt>
      <trkpt lat="45.528254" lon="13.903810">
        <ele>319.202489</ele>
        <time>2026-03-26T21:20:51.303Z</time>
      </trkpt>
      <trkpt lat="45.528357" lon="13.903754">
        <ele>319.921497</ele>
        <time>2026-03-26T21:20:57.807Z</time>
      </trkpt>
      <trkpt lat="45.528467" lon="13.903495">
        <ele>321.305672</ele>
        <time>2026-03-26T21:21:09.907Z</time>
      </trkpt>
      <trkpt lat="45.528739" lon="13.903004">
        <ele>324.166353</ele>
        <time>2026-03-26T21:21:32.703Z</time>
      </trkpt>
      <trkpt lat="45.529344" lon="13.902331">
        <ele>329.337882</ele>
        <time>2026-03-26T21:22:16.346Z</time>
      </trkpt>
      <trkpt lat="45.529391" lon="13.902249">
        <ele>330.013484</ele>
        <time>2026-03-26T21:22:21.175Z</time>
      </trkpt>
      <trkpt lat="45.529464" lon="13.901961">
        <ele>331.966480</ele>
        <time>2026-03-26T21:22:36.065Z</time>
      </trkpt>
      <trkpt lat="45.529983" lon="13.901346">
        <ele>338.106274</ele>
        <time>2026-03-26T21:23:27.064Z</time>
      </trkpt>
      <trkpt lat="45.530388" lon="13.901130">
        <ele>342.041671</ele>
        <time>2026-03-26T21:24:00.575Z</time>
      </trkpt>
      <trkpt lat="45.531111" lon="13.900943">
        <ele>348.867071</ele>
        <time>2026-03-26T21:24:55.646Z</time>
      </trkpt>
      <trkpt lat="45.531302" lon="13.900828">
        <ele>350.825600</ele>
        <time>2026-03-26T21:25:10.939Z</time>
      </trkpt>
      <trkpt lat="45.531606" lon="13.900490">
        <ele>354.466213</ele>
        <time>2026-03-26T21:25:39.801Z</time>
      </trkpt>
      <trkpt lat="45.531830" lon="13.900394">
        <ele>356.675898</ele>
        <time>2026-03-26T21:25:56.776Z</time>
      </trkpt>
      <trkpt lat="45.532004" lon="13.900366">
        <ele>358.330273</ele>
        <time>2026-03-26T21:26:09.188Z</time>
      </trkpt>
      <trkpt lat="45.532135" lon="13.900385">
        <ele>359.574341</ele>
        <time>2026-03-26T21:26:18.678Z</time>
      </trkpt>
      <trkpt lat="45.532577" lon="13.900539">
        <ele>363.791698</ele>
        <time>2026-03-26T21:26:52.424Z</time>
      </trkpt>
      <trkpt lat="45.532790" lon="13.900577">
        <ele>365.726249</ele>
        <time>2026-03-26T21:27:09.118Z</time>
      </trkpt>
      <trkpt lat="45.533035" lon="13.900571">
        <ele>367.934586</ele>
        <time>2026-03-26T21:27:28.091Z</time>
      </trkpt>
      <trkpt lat="45.533207" lon="13.900638">
        <ele>369.541373</ele>
        <time>2026-03-26T21:27:41.353Z</time>
      </trkpt>
      <trkpt lat="45.533774" lon="13.901043">
        <ele>375.255297</ele>
        <time>2026-03-26T21:28:25.127Z</time>
      </trkpt>
      <trkpt lat="45.533871" lon="13.901154">
        <ele>376.375678</ele>
        <time>2026-03-26T21:28:33.650Z</time>
      </trkpt>
      <trkpt lat="45.534102" lon="13.901548">
        <ele>379.556491</ele>
        <time>2026-03-26T21:28:58.621Z</time>
      </trkpt>
      <trkpt lat="45.534124" lon="13.901728">
        <ele>380.654233</ele>
        <time>2026-03-26T21:29:09.428Z</time>
      </trkpt>
      <trkpt lat="45.534333" lon="13.902096">
        <ele>383.500468</ele>
        <time>2026-03-26T21:29:37.318Z</time>
      </trkpt>
      <trkpt lat="45.534545" lon="13.902402">
        <ele>386.086131</ele>
        <time>2026-03-26T21:30:02.706Z</time>
      </trkpt>
      <trkpt lat="45.534814" lon="13.902696">
        <ele>388.991731</ele>
        <time>2026-03-26T21:30:31.926Z</time>
      </trkpt>
      <trkpt lat="45.534867" lon="13.902839">
        <ele>389.963682</ele>
        <time>2026-03-26T21:30:42.013Z</time>
      </trkpt>
      <trkpt lat="45.534869" lon="13.902928">
        <ele>390.498644</ele>
        <time>2026-03-26T21:30:47.511Z</time>
      </trkpt>
      <trkpt lat="45.534813" lon="13.903205">
        <ele>392.230707</ele>
        <time>2026-03-26T21:31:05.342Z</time>
      </trkpt>
      <trkpt lat="45.534783" lon="13.903260">
        <ele>392.649495</ele>
        <time>2026-03-26T21:31:09.619Z</time>
      </trkpt>
      <trkpt lat="45.534511" lon="13.903761">
        <ele>395.845455</ele>
        <time>2026-03-26T21:31:46.380Z</time>
      </trkpt>
      <trkpt lat="45.534049" lon="13.904346">
        <ele>399.945778</ele>
        <time>2026-03-26T21:32:33.647Z</time>
      </trkpt>
      <trkpt lat="45.533833" lon="13.904708">
        <ele>402.157469</ele>
        <time>2026-03-26T21:32:57.939Z</time>
      </trkpt>
      <trkpt lat="45.533615" lon="13.904978">
        <ele>404.073739</ele>
        <time>2026-03-26T21:33:18.039Z</time>
      </trkpt>
      <trkpt lat="45.532968" lon="13.905043">
        <ele>407.090478</ele>
        <time>2026-03-26T21:33:59.228Z</time>
      </trkpt>
      <trkpt lat="45.532487" lon="13.905231">
        <ele>408.814490</ele>
        <time>2026-03-26T21:34:27.779Z</time>
      </trkpt>
      <trkpt lat="45.532343" lon="13.905317">
        <ele>409.354105</ele>
        <time>2026-03-26T21:34:36.317Z</time>
      </trkpt>
      <trkpt lat="45.532190" lon="13.905514">
        <ele>410.066388</ele>
        <time>2026-03-26T21:34:47.190Z</time>
      </trkpt>
      <trkpt lat="45.531952" lon="13.905744">
        <ele>411.059952</ele>
        <time>2026-03-26T21:35:01.413Z</time>
      </trkpt>
      <trkpt lat="45.531875" lon="13.905956">
        <ele>411.638250</ele>
        <time>2026-03-26T21:35:09.590Z</time>
      </trkpt>
      <trkpt lat="45.531686" lon="13.906347">
        <ele>413.337322</ele>
        <time>2026-03-26T21:35:26.197Z</time>
      </trkpt>
      <trkpt lat="45.531266" lon="13.906894">
        <ele>416.526423</ele>
        <time>2026-03-26T21:35:58.518Z</time>
      </trkpt>
      <trkpt lat="45.531039" lon="13.907402">
        <ele>418.894135</ele>
        <time>2026-03-26T21:36:28.256Z</time>
      </trkpt>
      <trkpt lat="45.530212" lon="13.908436">
        <ele>426.616825</ele>
        <time>2026-03-26T21:38:04.383Z</time>
      </trkpt>
      <trkpt lat="45.530198" lon="13.908524">
        <ele>427.151493</ele>
        <time>2026-03-26T21:38:10.394Z</time>
      </trkpt>
      <trkpt lat="45.530221" lon="13.908583">
        <ele>427.551543</ele>
        <time>2026-03-26T21:38:15.081Z</time>
      </trkpt>
      <trkpt lat="45.530376" lon="13.908530">
        <ele>428.899574</ele>
        <time>2026-03-26T21:38:30.819Z</time>
      </trkpt>
      <trkpt lat="45.530397" lon="13.908557">
        <ele>429.138607</ele>
        <time>2026-03-26T21:38:33.758Z</time>
      </trkpt>
      <trkpt lat="45.530398" lon="13.908643">
        <ele>429.648218</ele>
        <time>2026-03-26T21:38:39.768Z</time>
      </trkpt>
      <trkpt lat="45.529949" lon="13.909427">
        <ele>435.648081</ele>
        <time>2026-03-26T21:39:42.211Z</time>
      </trkpt>
      <trkpt lat="45.529933" lon="13.909528">
        <ele>436.261609</ele>
        <time>2026-03-26T21:39:47.688Z</time>
      </trkpt>
      <trkpt lat="45.529952" lon="13.909970">
        <ele>436.980466</ele>
        <time>2026-03-26T21:40:08.515Z</time>
      </trkpt>
      <trkpt lat="45.529761" lon="13.911051">
        <ele>436.079529</ele>
        <time>2026-03-26T21:40:43.098Z</time>
      </trkpt>
      <trkpt lat="45.529463" lon="13.912503">
        <ele>433.237945</ele>
        <time>2026-03-26T21:41:12.874Z</time>
      </trkpt>
      <trkpt lat="45.529331" lon="13.913059">
        <ele>429.995044</ele>
        <time>2026-03-26T21:41:23.789Z</time>
      </trkpt>
      <trkpt lat="45.529176" lon="13.913556">
        <ele>426.989861</ele>
        <time>2026-03-26T21:41:33.880Z</time>
      </trkpt>
      <trkpt lat="45.529158" lon="13.913616">
        <ele>426.629310</ele>
        <time>2026-03-26T21:41:35.081Z</time>
      </trkpt>
      <trkpt lat="45.529142" lon="13.913757">
        <ele>425.840276</ele>
        <time>2026-03-26T21:41:37.716Z</time>
      </trkpt>
      <trkpt lat="45.529175" lon="13.913845">
        <ele>425.288900</ele>
        <time>2026-03-26T21:41:39.544Z</time>
      </trkpt>
      <trkpt lat="45.529221" lon="13.913862">
        <ele>424.914219</ele>
        <time>2026-03-26T21:41:40.243Z</time>
      </trkpt>
      <trkpt lat="45.529691" lon="13.913775">
        <ele>421.177118</ele>
        <time>2026-03-26T21:41:47.146Z</time>
      </trkpt>
      <trkpt lat="45.529990" lon="13.914260">
        <ele>418.878200</ele>
        <time>2026-03-26T21:41:53.872Z</time>
      </trkpt>
      <trkpt lat="45.530206" lon="13.914539">
        <ele>417.453714</ele>
        <time>2026-03-26T21:41:58.319Z</time>
      </trkpt>
      <trkpt lat="45.530407" lon="13.914729">
        <ele>416.274841</ele>
        <time>2026-03-26T21:42:02.102Z</time>
      </trkpt>
      <trkpt lat="45.530523" lon="13.914718">
        <ele>415.706341</ele>
        <time>2026-03-26T21:42:04.035Z</time>
      </trkpt>
      <trkpt lat="45.530678" lon="13.914798">
        <ele>414.900357</ele>
        <time>2026-03-26T21:42:06.825Z</time>
      </trkpt>
      <trkpt lat="45.530754" lon="13.914867">
        <ele>414.459913</ele>
        <time>2026-03-26T21:42:08.398Z</time>
      </trkpt>
      <trkpt lat="45.530974" lon="13.915183">
        <ele>412.933747</ele>
        <time>2026-03-26T21:42:14.152Z</time>
      </trkpt>
      <trkpt lat="45.531515" lon="13.915488">
        <ele>413.770566</ele>
        <time>2026-03-26T21:42:27.960Z</time>
      </trkpt>
      <trkpt lat="45.531659" lon="13.915617">
        <ele>414.420091</ele>
        <time>2026-03-26T21:42:35.095Z</time>
      </trkpt>
      <trkpt lat="45.531750" lon="13.915680">
        <ele>414.806494</ele>
        <time>2026-03-26T21:42:39.830Z</time>
      </trkpt>
      <trkpt lat="45.531900" lon="13.915716">
        <ele>415.387626</ele>
        <time>2026-03-26T21:42:47.304Z</time>
      </trkpt>
      <trkpt lat="45.532025" lon="13.915667">
        <ele>415.882879</ele>
        <time>2026-03-26T21:42:53.881Z</time>
      </trkpt>
      <trkpt lat="45.532160" lon="13.915627">
        <ele>416.409652</ele>
        <time>2026-03-26T21:43:01.191Z</time>
      </trkpt>
      <trkpt lat="45.532236" lon="13.915647">
        <ele>416.704909</ele>
        <time>2026-03-26T21:43:05.382Z</time>
      </trkpt>
      <trkpt lat="45.532644" lon="13.915956">
        <ele>418.469500</ele>
        <time>2026-03-26T21:43:32.720Z</time>
      </trkpt>
      <trkpt lat="45.532838" lon="13.916191">
        <ele>419.484614</ele>
        <time>2026-03-26T21:43:48.268Z</time>
      </trkpt>
      <trkpt lat="45.533173" lon="13.916555">
        <ele>421.260399</ele>
        <time>2026-03-26T21:44:13.929Z</time>
      </trkpt>
      <trkpt lat="45.533395" lon="13.916741">
        <ele>422.346160</ele>
        <time>2026-03-26T21:44:28.469Z</time>
      </trkpt>
      <trkpt lat="45.533540" lon="13.916984">
        <ele>423.289336</ele>
        <time>2026-03-26T21:44:39.159Z</time>
      </trkpt>
      <trkpt lat="45.533781" lon="13.917294">
        <ele>424.657666</ele>
        <time>2026-03-26T21:44:52.191Z</time>
      </trkpt>
      <trkpt lat="45.534031" lon="13.917741">
        <ele>426.347734</ele>
        <time>2026-03-26T21:45:05.834Z</time>
      </trkpt>
      <trkpt lat="45.534295" lon="13.918225">
        <ele>426.836336</ele>
        <time>2026-03-26T21:45:17.748Z</time>
      </trkpt>
      <trkpt lat="45.534651" lon="13.918987">
        <ele>427.224646</ele>
        <time>2026-03-26T21:45:34.050Z</time>
      </trkpt>
      <trkpt lat="45.534806" lon="13.919262">
        <ele>427.374287</ele>
        <time>2026-03-26T21:45:40.369Z</time>
      </trkpt>
      <trkpt lat="45.535020" lon="13.919493">
        <ele>427.536663</ele>
        <time>2026-03-26T21:45:47.294Z</time>
      </trkpt>
      <trkpt lat="45.535119" lon="13.919645">
        <ele>427.624655</ele>
        <time>2026-03-26T21:45:51.059Z</time>
      </trkpt>
      <trkpt lat="45.535338" lon="13.920187">
        <ele>427.786794</ele>
        <time>2026-03-26T21:46:02.572Z</time>
      </trkpt>
      <trkpt lat="45.535448" lon="13.920348">
        <ele>427.829496</ele>
        <time>2026-03-26T21:46:06.755Z</time>
      </trkpt>
      <trkpt lat="45.535797" lon="13.920636">
        <ele>427.938761</ele>
        <time>2026-03-26T21:46:17.355Z</time>
      </trkpt>
      <trkpt lat="45.536159" lon="13.920855">
        <ele>428.045330</ele>
        <time>2026-03-26T21:46:27.296Z</time>
      </trkpt>
      <trkpt lat="45.536890" lon="13.921687">
        <ele>428.287246</ele>
        <time>2026-03-26T21:46:49.531Z</time>
      </trkpt>
      <trkpt lat="45.537030" lon="13.921921">
        <ele>428.339462</ele>
        <time>2026-03-26T21:46:54.648Z</time>
      </trkpt>
      <trkpt lat="45.537298" lon="13.922575">
        <ele>428.468025</ele>
        <time>2026-03-26T21:47:07.443Z</time>
      </trkpt>
      <trkpt lat="45.537683" lon="13.923166">
        <ele>428.604969</ele>
        <time>2026-03-26T21:47:21.721Z</time>
      </trkpt>
      <trkpt lat="45.537864" lon="13.923607">
        <ele>429.330231</ele>
        <time>2026-03-26T21:47:31.753Z</time>
      </trkpt>
      <trkpt lat="45.537954" lon="13.924046">
        <ele>430.166606</ele>
        <time>2026-03-26T21:47:41.974Z</time>
      </trkpt>
      <trkpt lat="45.537975" lon="13.924691">
        <ele>431.347240</ele>
        <time>2026-03-26T21:47:58.365Z</time>
      </trkpt>
      <trkpt lat="45.537964" lon="13.924888">
        <ele>431.708591</ele>
        <time>2026-03-26T21:48:03.852Z</time>
      </trkpt>
      <trkpt lat="45.537992" lon="13.925237">
        <ele>432.350898</ele>
        <time>2026-03-26T21:48:14.302Z</time>
      </trkpt>
      <trkpt lat="45.538077" lon="13.925837">
        <ele>433.676068</ele>
        <time>2026-03-26T21:48:34.377Z</time>
      </trkpt>
      <trkpt lat="45.538049" lon="13.926112">
        <ele>434.888564</ele>
        <time>2026-03-26T21:48:44.255Z</time>
      </trkpt>
      <trkpt lat="45.538058" lon="13.926278">
        <ele>435.615025</ele>
        <time>2026-03-26T21:48:50.381Z</time>
      </trkpt>
      <trkpt lat="45.538350" lon="13.927996">
        <ele>443.328549</ele>
        <time>2026-03-26T21:50:02.296Z</time>
      </trkpt>
      <trkpt lat="45.538392" lon="13.928081">
        <ele>443.782416</ele>
        <time>2026-03-26T21:50:06.917Z</time>
      </trkpt>
      <trkpt lat="45.538491" lon="13.928185">
        <ele>444.552948</ele>
        <time>2026-03-26T21:50:14.910Z</time>
      </trkpt>
      <trkpt lat="45.538624" lon="13.928642">
        <ele>447.188385</ele>
        <time>2026-03-26T21:50:38.720Z</time>
      </trkpt>
      <trkpt lat="45.538826" lon="13.928910">
        <ele>449.284973</ele>
        <time>2026-03-26T21:50:59.769Z</time>
      </trkpt>
      <trkpt lat="45.538826" lon="13.929112">
        <ele>450.360703</ele>
        <time>2026-03-26T21:51:10.278Z</time>
      </trkpt>
      <trkpt lat="45.538922" lon="13.929448">
        <ele>452.293177</ele>
        <time>2026-03-26T21:51:28.695Z</time>
      </trkpt>
      <trkpt lat="45.538974" lon="13.929890">
        <ele>454.679970</ele>
        <time>2026-03-26T21:51:50.370Z</time>
      </trkpt>
      <trkpt lat="45.539043" lon="13.930019">
        <ele>455.544349</ele>
        <time>2026-03-26T21:51:57.958Z</time>
      </trkpt>
      <trkpt lat="45.539135" lon="13.930090">
        <ele>456.339483</ele>
        <time>2026-03-26T21:52:04.976Z</time>
      </trkpt>
      <trkpt lat="45.539057" lon="13.933131">
        <ele>466.274658</ele>
        <time>2026-03-26T21:53:38.327Z</time>
      </trkpt>
      <trkpt lat="45.538974" lon="13.936373">
        <ele>471.273276</ele>
        <time>2026-03-26T21:54:53.414Z</time>
      </trkpt>
      <trkpt lat="45.538899" lon="13.939466">
        <ele>473.827565</ele>
        <time>2026-03-26T21:55:43.748Z</time>
      </trkpt>
      <trkpt lat="45.538804" lon="13.940021">
        <ele>474.343493</ele>
        <time>2026-03-26T21:55:55.002Z</time>
      </trkpt>
      <trkpt lat="45.538613" lon="13.940506">
        <ele>474.845942</ele>
        <time>2026-03-26T21:56:07.264Z</time>
      </trkpt>
      <trkpt lat="45.538566" lon="13.940576">
        <ele>474.933507</ele>
        <time>2026-03-26T21:56:09.561Z</time>
      </trkpt>
      <trkpt lat="45.536054" lon="13.944353">
        <ele>486.336731</ele>
        <time>2026-03-26T21:58:28.629Z</time>
      </trkpt>
      <trkpt lat="45.535820" lon="13.944711">
        <ele>487.310752</ele>
        <time>2026-03-26T21:58:40.421Z</time>
      </trkpt>
      <trkpt lat="45.535793" lon="13.944743">
        <ele>487.410406</ele>
        <time>2026-03-26T21:58:41.588Z</time>
      </trkpt>
      <trkpt lat="45.535548" lon="13.944990">
        <ele>488.262161</ele>
        <time>2026-03-26T21:58:51.774Z</time>
      </trkpt>
      <trkpt lat="45.535357" lon="13.945092">
        <ele>488.841275</ele>
        <time>2026-03-26T21:58:58.786Z</time>
      </trkpt>
      <trkpt lat="45.535084" lon="13.945161">
        <ele>489.628605</ele>
        <time>2026-03-26T21:59:08.229Z</time>
      </trkpt>
      <trkpt lat="45.534661" lon="13.945215">
        <ele>490.834645</ele>
        <time>2026-03-26T21:59:23.437Z</time>
      </trkpt>
      <trkpt lat="45.534146" lon="13.945298">
        <ele>492.341283</ele>
        <time>2026-03-26T21:59:43.726Z</time>
      </trkpt>
      <trkpt lat="45.533917" lon="13.945387">
        <ele>493.039293</ele>
        <time>2026-03-26T21:59:53.236Z</time>
      </trkpt>
      <trkpt lat="45.533773" lon="13.945488">
        <ele>493.511159</ele>
        <time>2026-03-26T21:59:59.743Z</time>
      </trkpt>
      <trkpt lat="45.533516" lon="13.945813">
        <ele>494.520916</ele>
        <time>2026-03-26T22:00:13.144Z</time>
      </trkpt>
      <trkpt lat="45.533033" lon="13.946589">
        <ele>496.636255</ele>
        <time>2026-03-26T22:00:38.402Z</time>
      </trkpt>
      <trkpt lat="45.532181" lon="13.947902">
        <ele>498.210196</ele>
        <time>2026-03-26T22:01:12.746Z</time>
      </trkpt>
      <trkpt lat="45.532033" lon="13.948085">
        <ele>498.456003</ele>
        <time>2026-03-26T22:01:17.160Z</time>
      </trkpt>
      <trkpt lat="45.531540" lon="13.948568">
        <ele>499.518536</ele>
        <time>2026-03-26T22:01:30.849Z</time>
      </trkpt>
      <trkpt lat="45.530905" lon="13.949173">
        <ele>501.383512</ele>
        <time>2026-03-26T22:01:53.848Z</time>
      </trkpt>
      <trkpt lat="45.530854" lon="13.949217">
        <ele>501.529084</ele>
        <time>2026-03-26T22:01:55.878Z</time>
      </trkpt>
      <trkpt lat="45.530855" lon="13.949375">
        <ele>501.799477</ele>
        <time>2026-03-26T22:01:59.799Z</time>
      </trkpt>
      <trkpt lat="45.530860" lon="13.949566">
        <ele>502.126559</ele>
        <time>2026-03-26T22:02:04.706Z</time>
      </trkpt>
      <trkpt lat="45.530866" lon="13.950045">
        <ele>502.946392</ele>
        <time>2026-03-26T22:02:18.316Z</time>
      </trkpt>
      <trkpt lat="45.530835" lon="13.950297">
        <ele>503.560724</ele>
        <time>2026-03-26T22:02:26.345Z</time>
      </trkpt>
      <trkpt lat="45.530763" lon="13.950491">
        <ele>504.520659</ele>
        <time>2026-03-26T22:02:33.568Z</time>
      </trkpt>
      <trkpt lat="45.530603" lon="13.950699">
        <ele>505.871375</ele>
        <time>2026-03-26T22:02:44.252Z</time>
      </trkpt>
      <trkpt lat="45.530172" lon="13.951217">
        <ele>509.388000</ele>
        <time>2026-03-26T22:03:13.892Z</time>
      </trkpt>
      <trkpt lat="45.529721" lon="13.951830">
        <ele>513.274917</ele>
        <time>2026-03-26T22:03:51.237Z</time>
      </trkpt>
      <trkpt lat="45.529618" lon="13.951958">
        <ele>514.127291</ele>
        <time>2026-03-26T22:03:59.998Z</time>
      </trkpt>
      <trkpt lat="45.529266" lon="13.952207">
        <ele>516.684577</ele>
        <time>2026-03-26T22:04:24.614Z</time>
      </trkpt>
      <trkpt lat="45.529276" lon="13.952514">
        <ele>518.096331</ele>
        <time>2026-03-26T22:04:38.098Z</time>
      </trkpt>
      <trkpt lat="45.528984" lon="13.953064">
        <ele>521.266368</ele>
        <time>2026-03-26T22:05:06.439Z</time>
      </trkpt>
      <trkpt lat="45.528718" lon="13.953473">
        <ele>523.829979</ele>
        <time>2026-03-26T22:05:29.367Z</time>
      </trkpt>
      <trkpt lat="45.528607" lon="13.953594">
        <ele>524.745787</ele>
        <time>2026-03-26T22:05:37.553Z</time>
      </trkpt>
      <trkpt lat="45.527275" lon="13.954737">
        <ele>532.992096</ele>
        <time>2026-03-26T22:06:49.716Z</time>
      </trkpt>
      <trkpt lat="45.526490" lon="13.955442">
        <ele>539.491379</ele>
        <time>2026-03-26T22:07:43.887Z</time>
      </trkpt>
      <trkpt lat="45.525782" lon="13.956174">
        <ele>547.424462</ele>
        <time>2026-03-26T22:08:49.175Z</time>
      </trkpt>
      <trkpt lat="45.525434" lon="13.956336">
        <ele>550.746091</ele>
        <time>2026-03-26T22:09:19.683Z</time>
      </trkpt>
      <trkpt lat="45.524592" lon="13.956891">
        <ele>560.173298</ele>
        <time>2026-03-26T22:10:41.649Z</time>
      </trkpt>
      <trkpt lat="45.524222" lon="13.957076">
        <ele>564.216484</ele>
        <time>2026-03-26T22:11:15.183Z</time>
      </trkpt>
      <trkpt lat="45.523705" lon="13.957507">
        <ele>570.351327</ele>
        <time>2026-03-26T22:11:59.409Z</time>
      </trkpt>
      <trkpt lat="45.523595" lon="13.957553">
        <ele>570.994898</ele>
        <time>2026-03-26T22:12:06.778Z</time>
      </trkpt>
      <trkpt lat="45.523169" lon="13.957506">
        <ele>573.393863</ele>
        <time>2026-03-26T22:12:31.065Z</time>
      </trkpt>
      <trkpt lat="45.522503" lon="13.957777">
        <ele>577.282193</ele>
        <time>2026-03-26T22:13:02.198Z</time>
      </trkpt>
      <trkpt lat="45.521693" lon="13.957911">
        <ele>582.905443</ele>
        <time>2026-03-26T22:13:42.873Z</time>
      </trkpt>
      <trkpt lat="45.521490" lon="13.957997">
        <ele>584.946428</ele>
        <time>2026-03-26T22:13:56.299Z</time>
      </trkpt>
      <trkpt lat="45.521441" lon="13.958017">
        <ele>585.437647</ele>
        <time>2026-03-26T22:13:59.649Z</time>
      </trkpt>
      <trkpt lat="45.520722" lon="13.958715">
        <ele>593.818873</ele>
        <time>2026-03-26T22:15:07.905Z</time>
      </trkpt>
      <trkpt lat="45.520039" lon="13.959482">
        <ele>604.062510</ele>
        <time>2026-03-26T22:16:33.147Z</time>
      </trkpt>
      <trkpt lat="45.519898" lon="13.959577">
        <ele>606.194942</ele>
        <time>2026-03-26T22:16:48.925Z</time>
      </trkpt>
      <trkpt lat="45.519697" lon="13.959786">
        <ele>609.596058</ele>
        <time>2026-03-26T22:17:14.020Z</time>
      </trkpt>
      <trkpt lat="45.519459" lon="13.960080">
        <ele>613.900903</ele>
        <time>2026-03-26T22:17:45.501Z</time>
      </trkpt>
      <trkpt lat="45.519038" lon="13.960498">
        <ele>620.914849</ele>
        <time>2026-03-26T22:18:36.240Z</time>
      </trkpt>
      <trkpt lat="45.518626" lon="13.960838">
        <ele>627.452174</ele>
        <time>2026-03-26T22:19:23.272Z</time>
      </trkpt>
      <trkpt lat="45.518301" lon="13.961308">
        <ele>633.815479</ele>
        <time>2026-03-26T22:20:07.901Z</time>
      </trkpt>
      <trkpt lat="45.518182" lon="13.961654">
        <ele>637.529721</ele>
        <time>2026-03-26T22:20:34.164Z</time>
      </trkpt>
      <trkpt lat="45.518143" lon="13.961921">
        <ele>640.157984</ele>
        <time>2026-03-26T22:20:52.893Z</time>
      </trkpt>
      <trkpt lat="45.518172" lon="13.961978">
        <ele>640.836794</ele>
        <time>2026-03-26T22:20:57.816Z</time>
      </trkpt>
      <trkpt lat="45.518298" lon="13.961979">
        <ele>642.569703</ele>
        <time>2026-03-26T22:21:10.389Z</time>
      </trkpt>
      <trkpt lat="45.518472" lon="13.961896">
        <ele>645.092857</ele>
        <time>2026-03-26T22:21:29.221Z</time>
      </trkpt>
      <trkpt lat="45.518855" lon="13.961829">
        <ele>650.008780</ele>
        <time>2026-03-26T22:22:09.784Z</time>
      </trkpt>
      <trkpt lat="45.519046" lon="13.961888">
        <ele>652.380501</ele>
        <time>2026-03-26T22:22:29.196Z</time>
      </trkpt>
      <trkpt lat="45.519327" lon="13.962035">
        <ele>656.012698</ele>
        <time>2026-03-26T22:22:57.662Z</time>
      </trkpt>
      <trkpt lat="45.519500" lon="13.962061">
        <ele>658.123899</ele>
        <time>2026-03-26T22:23:13.739Z</time>
      </trkpt>
      <trkpt lat="45.519564" lon="13.962154">
        <ele>659.232375</ele>
        <time>2026-03-26T22:23:22.096Z</time>
      </trkpt>
      <trkpt lat="45.519559" lon="13.962471">
        <ele>661.928680</ele>
        <time>2026-03-26T22:23:41.583Z</time>
      </trkpt>
      <trkpt lat="45.519581" lon="13.962653">
        <ele>663.499186</ele>
        <time>2026-03-26T22:23:52.566Z</time>
      </trkpt>
      <trkpt lat="45.519616" lon="13.962670">
        <ele>663.947884</ele>
        <time>2026-03-26T22:23:55.609Z</time>
      </trkpt>
      <trkpt lat="45.519776" lon="13.962613">
        <ele>665.949283</ele>
        <time>2026-03-26T22:24:09.105Z</time>
      </trkpt>
      <trkpt lat="45.520232" lon="13.962702">
        <ele>671.040083</ele>
        <time>2026-03-26T22:24:44.104Z</time>
      </trkpt>
      <trkpt lat="45.520374" lon="13.962766">
        <ele>672.507491</ele>
        <time>2026-03-26T22:24:54.547Z</time>
      </trkpt>
      <trkpt lat="45.520428" lon="13.962822">
        <ele>673.165255</ele>
        <time>2026-03-26T22:24:59.138Z</time>
      </trkpt>
      <trkpt lat="45.520796" lon="13.962913">
        <ele>676.845624</ele>
        <time>2026-03-26T22:25:25.304Z</time>
      </trkpt>
      <trkpt lat="45.520913" lon="13.962980">
        <ele>678.087905</ele>
        <time>2026-03-26T22:25:34.742Z</time>
      </trkpt>
      <trkpt lat="45.521123" lon="13.963187">
        <ele>680.602845</ele>
        <time>2026-03-26T22:25:54.290Z</time>
      </trkpt>
      <trkpt lat="45.521160" lon="13.963326">
        <ele>681.629469</ele>
        <time>2026-03-26T22:26:02.321Z</time>
      </trkpt>
      <trkpt lat="45.521155" lon="13.963498">
        <ele>682.818030</ele>
        <time>2026-03-26T22:26:11.774Z</time>
      </trkpt>
      <trkpt lat="45.521132" lon="13.963762">
        <ele>684.654802</ele>
        <time>2026-03-26T22:26:26.746Z</time>
      </trkpt>
      <trkpt lat="45.521098" lon="13.963906">
        <ele>685.703957</ele>
        <time>2026-03-26T22:26:35.491Z</time>
      </trkpt>
      <trkpt lat="45.521034" lon="13.964024">
        <ele>686.763851</ele>
        <time>2026-03-26T22:26:44.127Z</time>
      </trkpt>
      <trkpt lat="45.520889" lon="13.964177">
        <ele>689.033034</ele>
        <time>2026-03-26T22:26:59.295Z</time>
      </trkpt>
      <trkpt lat="45.520819" lon="13.964298">
        <ele>690.416547</ele>
        <time>2026-03-26T22:27:08.783Z</time>
      </trkpt>
      <trkpt lat="45.520390" lon="13.965499">
        <ele>702.302447</ele>
        <time>2026-03-26T22:28:35.701Z</time>
      </trkpt>
      <trkpt lat="45.519718" lon="13.966880">
        <ele>717.463043</ele>
        <time>2026-03-26T22:30:33.433Z</time>
      </trkpt>
      <trkpt lat="45.519618" lon="13.967156">
        <ele>720.319636</ele>
        <time>2026-03-26T22:30:55.774Z</time>
      </trkpt>
      <trkpt lat="45.519425" lon="13.967772">
        <ele>726.523277</ele>
        <time>2026-03-26T22:31:42.375Z</time>
      </trkpt>
      <trkpt lat="45.519262" lon="13.968504">
        <ele>733.362968</ele>
        <time>2026-03-26T22:32:30.790Z</time>
      </trkpt>
      <trkpt lat="45.519218" lon="13.968945">
        <ele>736.202479</ele>
        <time>2026-03-26T22:32:55.616Z</time>
      </trkpt>
      <trkpt lat="45.519294" lon="13.969199">
        <ele>737.963054</ele>
        <time>2026-03-26T22:33:09.662Z</time>
      </trkpt>
      <trkpt lat="45.519410" lon="13.969455">
        <ele>739.906434</ele>
        <time>2026-03-26T22:33:24.315Z</time>
      </trkpt>
      <trkpt lat="45.520075" lon="13.969922">
        <ele>746.649136</ele>
        <time>2026-03-26T22:34:12.340Z</time>
      </trkpt>
      <trkpt lat="45.520172" lon="13.969968">
        <ele>747.579055</ele>
        <time>2026-03-26T22:34:19.062Z</time>
      </trkpt>
      <trkpt lat="45.520626" lon="13.969984">
        <ele>752.806715</ele>
        <time>2026-03-26T22:34:51.710Z</time>
      </trkpt>
      <trkpt lat="45.520706" lon="13.969956">
        <ele>753.886561</ele>
        <time>2026-03-26T22:34:58.225Z</time>
      </trkpt>
      <trkpt lat="45.520797" lon="13.969874">
        <ele>755.297409</ele>
        <time>2026-03-26T22:35:07.055Z</time>
      </trkpt>
      <trkpt lat="45.520887" lon="13.969895">
        <ele>756.492940</ele>
        <time>2026-03-26T22:35:14.794Z</time>
      </trkpt>
      <trkpt lat="45.520907" lon="13.969962">
        <ele>757.161877</ele>
        <time>2026-03-26T22:35:19.323Z</time>
      </trkpt>
      <trkpt lat="45.520892" lon="13.970093">
        <ele>758.381108</ele>
        <time>2026-03-26T22:35:27.625Z</time>
      </trkpt>
      <trkpt lat="45.520930" lon="13.970246">
        <ele>759.872135</ele>
        <time>2026-03-26T22:35:38.152Z</time>
      </trkpt>
      <trkpt lat="45.520986" lon="13.970752">
        <ele>764.577493</ele>
        <time>2026-03-26T22:36:13.687Z</time>
      </trkpt>
      <trkpt lat="45.521541" lon="13.972531">
        <ele>784.551320</ele>
        <time>2026-03-26T22:38:50.415Z</time>
      </trkpt>
      <trkpt lat="45.521569" lon="13.972675">
        <ele>786.220492</ele>
        <time>2026-03-26T22:39:02.460Z</time>
      </trkpt>
      <trkpt lat="45.521599" lon="13.973115">
        <ele>791.158209</ele>
        <time>2026-03-26T22:39:36.264Z</time>
      </trkpt>
      <trkpt lat="45.521456" lon="13.973879">
        <ele>799.990830</ele>
        <time>2026-03-26T22:40:35.069Z</time>
      </trkpt>
      <trkpt lat="45.521461" lon="13.974059">
        <ele>801.996580</ele>
        <time>2026-03-26T22:40:48.765Z</time>
      </trkpt>
      <trkpt lat="45.521493" lon="13.974088">
        <ele>802.593592</ele>
        <time>2026-03-26T22:40:52.977Z</time>
      </trkpt>
      <trkpt lat="45.521563" lon="13.974063">
        <ele>803.730076</ele>
        <time>2026-03-26T22:41:00.734Z</time>
      </trkpt>
      <trkpt lat="45.521683" lon="13.973974">
        <ele>805.860007</ele>
        <time>2026-03-26T22:41:15.572Z</time>
      </trkpt>
      <trkpt lat="45.521810" lon="13.973821">
        <ele>808.477541</ele>
        <time>2026-03-26T22:41:33.666Z</time>
      </trkpt>
      <trkpt lat="45.522495" lon="13.973389">
        <ele>820.272483</ele>
        <time>2026-03-26T22:42:54.676Z</time>
      </trkpt>
      <trkpt lat="45.522817" lon="13.973147">
        <ele>826.004056</ele>
        <time>2026-03-26T22:43:34.968Z</time>
      </trkpt>
      <trkpt lat="45.522904" lon="13.973145">
        <ele>827.374475</ele>
        <time>2026-03-26T22:43:45.275Z</time>
      </trkpt>
      <trkpt lat="45.522938" lon="13.973195">
        <ele>828.143352</ele>
        <time>2026-03-26T22:43:50.947Z</time>
      </trkpt>
      <trkpt lat="45.522946" lon="13.973292">
        <ele>829.221113</ele>
        <time>2026-03-26T22:43:58.948Z</time>
      </trkpt>
      <trkpt lat="45.522933" lon="13.973619">
        <ele>833.051810</ele>
        <time>2026-03-26T22:44:25.106Z</time>
      </trkpt>
      <trkpt lat="45.522843" lon="13.973990">
        <ele>837.693879</ele>
        <time>2026-03-26T22:44:56.353Z</time>
      </trkpt>
      <trkpt lat="45.522796" lon="13.974443">
        <ele>843.108400</ele>
        <time>2026-03-26T22:45:33.501Z</time>
      </trkpt>
      <trkpt lat="45.522811" lon="13.974516">
        <ele>844.007881</ele>
        <time>2026-03-26T22:45:39.845Z</time>
      </trkpt>
      <trkpt lat="45.522874" lon="13.974543">
        <ele>845.117954</ele>
        <time>2026-03-26T22:45:47.659Z</time>
      </trkpt>
      <trkpt lat="45.523051" lon="13.974355">
        <ele>848.841304</ele>
        <time>2026-03-26T22:46:14.290Z</time>
      </trkpt>
      <trkpt lat="45.523157" lon="13.974277">
        <ele>850.853883</ele>
        <time>2026-03-26T22:46:28.768Z</time>
      </trkpt>
      <trkpt lat="45.523269" lon="13.974244">
        <ele>852.783831</ele>
        <time>2026-03-26T22:46:42.893Z</time>
      </trkpt>
      <trkpt lat="45.523429" lon="13.974130">
        <ele>855.801698</ele>
        <time>2026-03-26T22:47:04.525Z</time>
      </trkpt>
      <trkpt lat="45.523525" lon="13.974104">
        <ele>857.450688</ele>
        <time>2026-03-26T22:47:16.248Z</time>
      </trkpt>
      <trkpt lat="45.523606" lon="13.974151">
        <ele>858.926270</ele>
        <time>2026-03-26T22:47:26.862Z</time>
      </trkpt>
      <trkpt lat="45.523639" lon="13.974225">
        <ele>859.963408</ele>
        <time>2026-03-26T22:47:34.301Z</time>
      </trkpt>
      <trkpt lat="45.523651" lon="13.974360">
        <ele>861.403261</ele>
        <time>2026-03-26T22:47:45.353Z</time>
      </trkpt>
      <trkpt lat="45.524004" lon="13.974587">
        <ele>867.154736</ele>
        <time>2026-03-26T22:48:26.893Z</time>
      </trkpt>
      <trkpt lat="45.524042" lon="13.974612">
        <ele>867.776308</ele>
        <time>2026-03-26T22:48:30.891Z</time>
      </trkpt>
      <trkpt lat="45.524171" lon="13.974663">
        <ele>869.764764</ele>
        <time>2026-03-26T22:48:44.523Z</time>
      </trkpt>
      <trkpt lat="45.524270" lon="13.974661">
        <ele>871.235564</ele>
        <time>2026-03-26T22:48:54.506Z</time>
      </trkpt>
      <trkpt lat="45.524473" lon="13.974575">
        <ele>874.381171</ele>
        <time>2026-03-26T22:49:16.711Z</time>
      </trkpt>
      <trkpt lat="45.524578" lon="13.974475">
        <ele>876.256295</ele>
        <time>2026-03-26T22:49:30.150Z</time>
      </trkpt>
      <trkpt lat="45.524816" lon="13.974122">
        <ele>881.355016</ele>
        <time>2026-03-26T22:50:04.868Z</time>
      </trkpt>
      <trkpt lat="45.524907" lon="13.973932">
        <ele>883.750341</ele>
        <time>2026-03-26T22:50:21.219Z</time>
      </trkpt>
      <trkpt lat="45.524974" lon="13.973915">
        <ele>884.761234</ele>
        <time>2026-03-26T22:50:28.303Z</time>
      </trkpt>
      <trkpt lat="45.525011" lon="13.974013">
        <ele>885.919835</ele>
        <time>2026-03-26T22:50:35.718Z</time>
      </trkpt>
      <trkpt lat="45.525015" lon="13.974218">
        <ele>887.879626</ele>
        <time>2026-03-26T22:50:49.927Z</time>
      </trkpt>
      <trkpt lat="45.525045" lon="13.974347">
        <ele>889.084082</ele>
        <time>2026-03-26T22:50:59.876Z</time>
      </trkpt>
      <trkpt lat="45.525153" lon="13.975045">
        <ele>895.418396</ele>
        <time>2026-03-26T22:51:47.522Z</time>
      </trkpt>
      <trkpt lat="45.525258" lon="13.975257">
        <ele>897.719047</ele>
        <time>2026-03-26T22:52:04.721Z</time>
      </trkpt>
      <trkpt lat="45.525425" lon="13.975388">
        <ele>900.129290</ele>
        <time>2026-03-26T22:52:23.566Z</time>
      </trkpt>
      <trkpt lat="45.525487" lon="13.975385">
        <ele>900.913940</ele>
        <time>2026-03-26T22:52:29.781Z</time>
      </trkpt>
      <trkpt lat="45.525556" lon="13.975336">
        <ele>901.888725</ele>
        <time>2026-03-26T22:52:37.299Z</time>
      </trkpt>
      <trkpt lat="45.525678" lon="13.975132">
        <ele>904.265485</ele>
        <time>2026-03-26T22:52:54.635Z</time>
      </trkpt>
      <trkpt lat="45.525804" lon="13.974425">
        <ele>910.675114</ele>
        <time>2026-03-26T22:53:36.963Z</time>
      </trkpt>
      <trkpt lat="45.525877" lon="13.974323">
        <ele>911.902835</ele>
        <time>2026-03-26T22:53:44.958Z</time>
      </trkpt>
      <trkpt lat="45.525943" lon="13.974298">
        <ele>912.723497</ele>
        <time>2026-03-26T22:53:50.241Z</time>
      </trkpt>
      <trkpt lat="45.526170" lon="13.974304">
        <ele>915.452117</ele>
        <time>2026-03-26T22:54:07.861Z</time>
      </trkpt>
      <trkpt lat="45.526329" lon="13.974234">
        <ele>917.451854</ele>
        <time>2026-03-26T22:54:20.825Z</time>
      </trkpt>
      <trkpt lat="45.526555" lon="13.973937">
        <ele>921.143838</ele>
        <time>2026-03-26T22:54:46.006Z</time>
      </trkpt>
      <trkpt lat="45.526811" lon="13.973925">
        <ele>924.222179</ele>
        <time>2026-03-26T22:55:10.127Z</time>
      </trkpt>
      <trkpt lat="45.527019" lon="13.973829">
        <ele>926.849413</ele>
        <time>2026-03-26T22:55:32.391Z</time>
      </trkpt>
      <trkpt lat="45.527223" lon="13.973818">
        <ele>929.302893</ele>
        <time>2026-03-26T22:55:53.167Z</time>
      </trkpt>
      <trkpt lat="45.527464" lon="13.973940">
        <ele>932.282965</ele>
        <time>2026-03-26T22:56:18.873Z</time>
      </trkpt>
      <trkpt lat="45.527812" lon="13.973979">
        <ele>936.132736</ele>
        <time>2026-03-26T22:56:53.264Z</time>
      </trkpt>
      <trkpt lat="45.528072" lon="13.974214">
        <ele>939.526679</ele>
        <time>2026-03-26T22:57:22.103Z</time>
      </trkpt>
      <trkpt lat="45.528319" lon="13.974433">
        <ele>942.733475</ele>
        <time>2026-03-26T22:57:47.599Z</time>
      </trkpt>
      <trkpt lat="45.528440" lon="13.974490">
        <ele>944.138728</ele>
        <time>2026-03-26T22:57:58.052Z</time>
      </trkpt>
      <trkpt lat="45.528629" lon="13.974526">
        <ele>946.241613</ele>
        <time>2026-03-26T22:58:12.813Z</time>
      </trkpt>
      <trkpt lat="45.528685" lon="13.974568">
        <ele>946.939275</ele>
        <time>2026-03-26T22:58:17.358Z</time>
      </trkpt>
      <trkpt lat="45.528846" lon="13.974842">
        <ele>949.702296</ele>
        <time>2026-03-26T22:58:34.483Z</time>
      </trkpt>
      <trkpt lat="45.528946" lon="13.974948">
        <ele>951.075980</ele>
        <time>2026-03-26T22:58:42.354Z</time>
      </trkpt>
      <trkpt lat="45.529139" lon="13.975047">
        <ele>952.194746</ele>
        <time>2026-03-26T22:58:54.392Z</time>
      </trkpt>
      <trkpt lat="45.529352" lon="13.975086">
        <ele>953.362938</ele>
        <time>2026-03-26T22:59:06.563Z</time>
      </trkpt>
      <trkpt lat="45.529735" lon="13.974968">
        <ele>955.494396</ele>
        <time>2026-03-26T22:59:29.425Z</time>
      </trkpt>
      <trkpt lat="45.530212" lon="13.974746">
        <ele>958.223660</ele>
        <time>2026-03-26T22:59:55.435Z</time>
      </trkpt>
      <trkpt lat="45.530581" lon="13.974545">
        <ele>960.372163</ele>
        <time>2026-03-26T23:00:12.932Z</time>
      </trkpt>
      <trkpt lat="45.530732" lon="13.974421">
        <ele>961.032378</ele>
        <time>2026-03-26T23:00:20.077Z</time>
      </trkpt>
      <trkpt lat="45.530906" lon="13.974163">
        <ele>961.531580</ele>
        <time>2026-03-26T23:00:30.030Z</time>
      </trkpt>
      <trkpt lat="45.531000" lon="13.973759">
        <ele>962.124965</ele>
        <time>2026-03-26T23:00:41.987Z</time>
      </trkpt>
      <trkpt lat="45.531143" lon="13.973290">
        <ele>962.837942</ele>
        <time>2026-03-26T23:00:55.118Z</time>
      </trkpt>
      <trkpt lat="45.531293" lon="13.973051">
        <ele>963.285229</ele>
        <time>2026-03-26T23:01:01.344Z</time>
      </trkpt>
      <trkpt lat="45.531767" lon="13.972467">
        <ele>964.580073</ele>
        <time>2026-03-26T23:01:18.044Z</time>
      </trkpt>
      <trkpt lat="45.531879" lon="13.972357">
        <ele>965.005402</ele>
        <time>2026-03-26T23:01:21.947Z</time>
      </trkpt>
      <trkpt lat="45.532085" lon="13.972239">
        <ele>965.699850</ele>
        <time>2026-03-26T23:01:28.469Z</time>
      </trkpt>
      <trkpt lat="45.532567" lon="13.972021">
        <ele>967.281726</ele>
        <time>2026-03-26T23:01:45.628Z</time>
      </trkpt>
      <trkpt lat="45.533167" lon="13.971589">
        <ele>969.384147</ele>
        <time>2026-03-26T23:02:16.358Z</time>
      </trkpt>
      <trkpt lat="45.533382" lon="13.971521">
        <ele>970.073572</ele>
        <time>2026-03-26T23:02:28.501Z</time>
      </trkpt>
      <trkpt lat="45.533428" lon="13.971534">
        <ele>970.454716</ele>
        <time>2026-03-26T23:02:31.097Z</time>
      </trkpt>
      <trkpt lat="45.533547" lon="13.971591">
        <ele>971.474942</ele>
        <time>2026-03-26T23:02:38.344Z</time>
      </trkpt>
      <trkpt lat="45.533972" lon="13.971951">
        <ele>975.491668</ele>
        <time>2026-03-26T23:03:08.786Z</time>
      </trkpt>
      <trkpt lat="45.534014" lon="13.972044">
        <ele>976.121674</ele>
        <time>2026-03-26T23:03:13.995Z</time>
      </trkpt>
      <trkpt lat="45.533891" lon="13.972162">
        <ele>977.326188</ele>
        <time>2026-03-26T23:03:24.269Z</time>
      </trkpt>
      <trkpt lat="45.533470" lon="13.972796">
        <ele>982.300066</ele>
        <time>2026-03-26T23:04:09.528Z</time>
      </trkpt>
      <trkpt lat="45.533313" lon="13.973082">
        <ele>984.368886</ele>
        <time>2026-03-26T23:04:29.402Z</time>
      </trkpt>
      <trkpt lat="45.533256" lon="13.973251">
        <ele>985.583690</ele>
        <time>2026-03-26T23:04:39.617Z</time>
      </trkpt>
      <trkpt lat="45.533140" lon="13.973925">
        <ele>990.314655</ele>
        <time>2026-03-26T23:05:18.108Z</time>
      </trkpt>
      <trkpt lat="45.533161" lon="13.974090">
        <ele>991.457794</ele>
        <time>2026-03-26T23:05:27.557Z</time>
      </trkpt>
      <trkpt lat="45.533286" lon="13.974235">
        <ele>993.025111</ele>
        <time>2026-03-26T23:05:40.667Z</time>
      </trkpt>
      <trkpt lat="45.533786" lon="13.974359">
        <ele>997.963473</ele>
        <time>2026-03-26T23:06:23.922Z</time>
      </trkpt>
      <trkpt lat="45.533960" lon="13.974441">
        <ele>999.746537</ele>
        <time>2026-03-26T23:06:38.671Z</time>
      </trkpt>
      <trkpt lat="45.534179" lon="13.974638">
        <ele>1002.191954</ele>
        <time>2026-03-26T23:06:57.988Z</time>
      </trkpt>
      <trkpt lat="45.534238" lon="13.974717">
        <ele>1002.160767</ele>
        <time>2026-03-26T23:07:03.278Z</time>
      </trkpt>
      <trkpt lat="45.534292" lon="13.974868">
        <ele>1002.114980</ele>
        <time>2026-03-26T23:07:10.407Z</time>
      </trkpt>
      <trkpt lat="45.534263" lon="13.975025">
        <ele>1002.071131</ele>
        <time>2026-03-26T23:07:16.384Z</time>
      </trkpt>
      <trkpt lat="45.534232" lon="13.975076">
        <ele>1002.052895</ele>
        <time>2026-03-26T23:07:18.486Z</time>
      </trkpt>
      <trkpt lat="45.533974" lon="13.975228">
        <ele>1001.945287</ele>
        <time>2026-03-26T23:07:29.209Z</time>
      </trkpt>
      <trkpt lat="45.533826" lon="13.975210">
        <ele>1001.888020</ele>
        <time>2026-03-26T23:07:33.550Z</time>
      </trkpt>
      <trkpt lat="45.533773" lon="13.975237">
        <ele>1001.866325</ele>
        <time>2026-03-26T23:07:34.840Z</time>
      </trkpt>
      <trkpt lat="45.533826" lon="13.975210">
        <ele>1001.844629</ele>
        <time>2026-03-26T23:07:36.247Z</time>
      </trkpt>
      <trkpt lat="45.533974" lon="13.975228">
        <ele>1001.787362</ele>
        <time>2026-03-26T23:07:39.375Z</time>
      </trkpt>
      <trkpt lat="45.534232" lon="13.975076">
        <ele>1001.679754</ele>
        <time>2026-03-26T23:07:44.547Z</time>
      </trkpt>
      <trkpt lat="45.534263" lon="13.975025">
        <ele>1001.661518</ele>
        <time>2026-03-26T23:07:45.357Z</time>
      </trkpt>
      <trkpt lat="45.534292" lon="13.974868">
        <ele>1001.617669</ele>
        <time>2026-03-26T23:07:47.236Z</time>
      </trkpt>
      <trkpt lat="45.534238" lon="13.974717">
        <ele>1001.571882</ele>
        <time>2026-03-26T23:07:49.131Z</time>
      </trkpt>
      <trkpt lat="45.534179" lon="13.974638">
        <ele>1001.540695</ele>
        <time>2026-03-26T23:07:50.392Z</time>
      </trkpt>
      <trkpt lat="45.533960" lon="13.974441">
        <ele>1000.000977</ele>
        <time>2026-03-26T23:07:54.293Z</time>
      </trkpt>
      <trkpt lat="45.533786" lon="13.974359">
        <ele>998.246272</ele>
        <time>2026-03-26T23:07:57.012Z</time>
      </trkpt>
      <trkpt lat="45.533286" lon="13.974235">
        <ele>993.386453</ele>
        <time>2026-03-26T23:08:04.467Z</time>
      </trkpt>
      <trkpt lat="45.533161" lon="13.974090">
        <ele>991.844063</ele>
        <time>2026-03-26T23:08:06.857Z</time>
      </trkpt>
      <trkpt lat="45.533140" lon="13.973925">
        <ele>990.719106</ele>
        <time>2026-03-26T23:08:08.601Z</time>
      </trkpt>
      <trkpt lat="45.533256" lon="13.973251">
        <ele>986.063385</ele>
        <time>2026-03-26T23:08:15.852Z</time>
      </trkpt>
      <trkpt lat="45.533313" lon="13.973082">
        <ele>984.805154</ele>
        <time>2026-03-26T23:08:17.820Z</time>
      </trkpt>
      <trkpt lat="45.533470" lon="13.972796">
        <ele>983.127643</ele>
        <time>2026-03-26T23:08:21.692Z</time>
      </trkpt>
      <trkpt lat="45.533891" lon="13.972162">
        <ele>979.599810</ele>
        <time>2026-03-26T23:08:31.415Z</time>
      </trkpt>
      <trkpt lat="45.534014" lon="13.972044">
        <ele>978.745482</ele>
        <time>2026-03-26T23:08:33.859Z</time>
      </trkpt>
      <trkpt lat="45.534375" lon="13.971978">
        <ele>976.647334</ele>
        <time>2026-03-26T23:08:44.472Z</time>
      </trkpt>
      <trkpt lat="45.534940" lon="13.971766">
        <ele>973.702959</ele>
        <time>2026-03-26T23:09:02.162Z</time>
      </trkpt>
      <trkpt lat="45.535329" lon="13.971679">
        <ele>972.962409</ele>
        <time>2026-03-26T23:09:14.747Z</time>
      </trkpt>
      <trkpt lat="45.536049" lon="13.971573">
        <ele>971.601058</ele>
        <time>2026-03-26T23:09:39.123Z</time>
      </trkpt>
      <trkpt lat="45.536763" lon="13.971599">
        <ele>970.196963</ele>
        <time>2026-03-26T23:10:04.428Z</time>
      </trkpt>
      <trkpt lat="45.537215" lon="13.971622">
        <ele>969.152966</ele>
        <time>2026-03-26T23:10:20.536Z</time>
      </trkpt>
      <trkpt lat="45.537368" lon="13.971580">
        <ele>968.793333</ele>
        <time>2026-03-26T23:10:23.729Z</time>
      </trkpt>
      <trkpt lat="45.537487" lon="13.971488">
        <ele>968.480961</ele>
        <time>2026-03-26T23:10:26.379Z</time>
      </trkpt>
      <trkpt lat="45.537804" lon="13.971062">
        <ele>967.476074</ele>
        <time>2026-03-26T23:10:34.370Z</time>
      </trkpt>
      <trkpt lat="45.537984" lon="13.970749">
        <ele>966.821306</ele>
        <time>2026-03-26T23:10:39.566Z</time>
      </trkpt>
      <trkpt lat="45.538113" lon="13.970469">
        <ele>966.042473</ele>
        <time>2026-03-26T23:10:43.718Z</time>
      </trkpt>
      <trkpt lat="45.538289" lon="13.970007">
        <ele>963.047244</ele>
        <time>2026-03-26T23:10:49.868Z</time>
      </trkpt>
      <trkpt lat="45.538338" lon="13.969878">
        <ele>962.211469</ele>
        <time>2026-03-26T23:10:51.506Z</time>
      </trkpt>
      <trkpt lat="45.538348" lon="13.969659">
        <ele>960.961550</ele>
        <time>2026-03-26T23:10:53.943Z</time>
      </trkpt>
      <trkpt lat="45.538271" lon="13.969354">
        <ele>959.115092</ele>
        <time>2026-03-26T23:10:57.472Z</time>
      </trkpt>
      <trkpt lat="45.537747" lon="13.967789">
        <ele>947.911189</ele>
        <time>2026-03-26T23:11:15.514Z</time>
      </trkpt>
      <trkpt lat="45.537570" lon="13.966499">
        <ele>936.477280</ele>
        <time>2026-03-26T23:11:28.759Z</time>
      </trkpt>
      <trkpt lat="45.537574" lon="13.966396">
        <ele>935.579990</ele>
        <time>2026-03-26T23:11:29.803Z</time>
      </trkpt>
      <trkpt lat="45.537631" lon="13.966253">
        <ele>934.148847</ele>
        <time>2026-03-26T23:11:31.456Z</time>
      </trkpt>
      <trkpt lat="45.537765" lon="13.966132">
        <ele>932.179908</ele>
        <time>2026-03-26T23:11:33.745Z</time>
      </trkpt>
      <trkpt lat="45.538000" lon="13.965827">
        <ele>928.447332</ele>
        <time>2026-03-26T23:11:38.345Z</time>
      </trkpt>
      <trkpt lat="45.538165" lon="13.965510">
        <ele>925.629084</ele>
        <time>2026-03-26T23:11:42.371Z</time>
      </trkpt>
      <trkpt lat="45.538390" lon="13.964595">
        <ele>918.709164</ele>
        <time>2026-03-26T23:11:52.381Z</time>
      </trkpt>
      <trkpt lat="45.538766" lon="13.964157">
        <ele>913.765307</ele>
        <time>2026-03-26T23:11:59.761Z</time>
      </trkpt>
      <trkpt lat="45.539088" lon="13.963868">
        <ele>910.119953</ele>
        <time>2026-03-26T23:12:05.723Z</time>
      </trkpt>
      <trkpt lat="45.539347" lon="13.963655">
        <ele>907.658056</ele>
        <time>2026-03-26T23:12:10.417Z</time>
      </trkpt>
      <trkpt lat="45.539872" lon="13.963348">
        <ele>902.985168</ele>
        <time>2026-03-26T23:12:19.241Z</time>
      </trkpt>
      <trkpt lat="45.540114" lon="13.963276">
        <ele>900.949080</ele>
        <time>2026-03-26T23:12:23.013Z</time>
      </trkpt>
      <trkpt lat="45.541325" lon="13.963073">
        <ele>890.739939</ele>
        <time>2026-03-26T23:12:41.457Z</time>
      </trkpt>
      <trkpt lat="45.541931" lon="13.963126">
        <ele>885.584480</ele>
        <time>2026-03-26T23:12:50.725Z</time>
      </trkpt>
      <trkpt lat="45.542135" lon="13.963114">
        <ele>883.850757</ele>
        <time>2026-03-26T23:12:53.906Z</time>
      </trkpt>
      <trkpt lat="45.542648" lon="13.962998">
        <ele>879.285707</ele>
        <time>2026-03-26T23:13:02.092Z</time>
      </trkpt>
      <trkpt lat="45.543893" lon="13.962725">
        <ele>867.529819</ele>
        <time>2026-03-26T23:13:21.240Z</time>
      </trkpt>
      <trkpt lat="45.544164" lon="13.962639">
        <ele>864.938844</ele>
        <time>2026-03-26T23:13:25.297Z</time>
      </trkpt>
      <trkpt lat="45.544262" lon="13.962577">
        <ele>863.880195</ele>
        <time>2026-03-26T23:13:26.865Z</time>
      </trkpt>
      <trkpt lat="45.544336" lon="13.962485">
        <ele>862.770749</ele>
        <time>2026-03-26T23:13:28.288Z</time>
      </trkpt>
      <trkpt lat="45.544403" lon="13.962333">
        <ele>861.348514</ele>
        <time>2026-03-26T23:13:30.119Z</time>
      </trkpt>
      <trkpt lat="45.544490" lon="13.961912">
        <ele>857.872547</ele>
        <time>2026-03-26T23:13:34.586Z</time>
      </trkpt>
      <trkpt lat="45.544593" lon="13.961578">
        <ele>854.982578</ele>
        <time>2026-03-26T23:13:38.298Z</time>
      </trkpt>
      <trkpt lat="45.544851" lon="13.961257">
        <ele>851.113255</ele>
        <time>2026-03-26T23:13:43.277Z</time>
      </trkpt>
      <trkpt lat="45.545065" lon="13.961097">
        <ele>848.381905</ele>
        <time>2026-03-26T23:13:46.811Z</time>
      </trkpt>
      <trkpt lat="45.545306" lon="13.960999">
        <ele>845.548568</ele>
        <time>2026-03-26T23:13:50.525Z</time>
      </trkpt>
      <trkpt lat="45.545910" lon="13.960881">
        <ele>840.097712</ele>
        <time>2026-03-26T23:13:59.686Z</time>
      </trkpt>
      <trkpt lat="45.547529" lon="13.960458">
        <ele>827.502384</ele>
        <time>2026-03-26T23:14:25.306Z</time>
      </trkpt>
      <trkpt lat="45.547618" lon="13.960460">
        <ele>827.025735</ele>
        <time>2026-03-26T23:14:26.768Z</time>
      </trkpt>
      <trkpt lat="45.547718" lon="13.960500">
        <ele>826.469627</ele>
        <time>2026-03-26T23:14:28.471Z</time>
      </trkpt>
      <trkpt lat="45.548044" lon="13.960758">
        <ele>824.473720</ele>
        <time>2026-03-26T23:14:34.648Z</time>
      </trkpt>
      <trkpt lat="45.548250" lon="13.961078">
        <ele>822.843700</ele>
        <time>2026-03-26T23:14:39.783Z</time>
      </trkpt>
      <trkpt lat="45.548816" lon="13.962170">
        <ele>818.179526</ele>
        <time>2026-03-26T23:14:56.062Z</time>
      </trkpt>
      <trkpt lat="45.548915" lon="13.962292">
        <ele>817.648991</ele>
        <time>2026-03-26T23:14:58.287Z</time>
      </trkpt>
      <trkpt lat="45.549004" lon="13.962338">
        <ele>817.264989</ele>
        <time>2026-03-26T23:14:59.881Z</time>
      </trkpt>
      <trkpt lat="45.549047" lon="13.962361">
        <ele>817.078698</ele>
        <time>2026-03-26T23:15:00.648Z</time>
      </trkpt>
      <trkpt lat="45.549458" lon="13.962340">
        <ele>815.410184</ele>
        <time>2026-03-26T23:15:07.677Z</time>
      </trkpt>
      <trkpt lat="45.549657" lon="13.962170">
        <ele>814.469387</ele>
        <time>2026-03-26T23:15:11.698Z</time>
      </trkpt>
      <trkpt lat="45.549883" lon="13.961816">
        <ele>813.108419</ele>
        <time>2026-03-26T23:15:17.540Z</time>
      </trkpt>
      <trkpt lat="45.550212" lon="13.961303">
        <ele>811.844514</ele>
        <time>2026-03-26T23:15:26.168Z</time>
      </trkpt>
      <trkpt lat="45.550323" lon="13.961196">
        <ele>811.654326</ele>
        <time>2026-03-26T23:15:28.586Z</time>
      </trkpt>
      <trkpt lat="45.550905" lon="13.961042">
        <ele>810.813747</ele>
        <time>2026-03-26T23:15:39.647Z</time>
      </trkpt>
      <trkpt lat="45.551047" lon="13.960932">
        <ele>810.584330</ele>
        <time>2026-03-26T23:15:42.943Z</time>
      </trkpt>
      <trkpt lat="45.551690" lon="13.960607">
        <ele>809.757818</ele>
        <time>2026-03-26T23:15:59.556Z</time>
      </trkpt>
      <trkpt lat="45.552584" lon="13.960232">
        <ele>811.665232</ele>
        <time>2026-03-26T23:16:35.690Z</time>
      </trkpt>
      <trkpt lat="45.552717" lon="13.960197">
        <ele>811.942079</ele>
        <time>2026-03-26T23:16:41.414Z</time>
      </trkpt>
      <trkpt lat="45.553200" lon="13.960162">
        <ele>812.932095</ele>
        <time>2026-03-26T23:17:01.072Z</time>
      </trkpt>
      <trkpt lat="45.553903" lon="13.959917">
        <ele>812.672719</ele>
        <time>2026-03-26T23:17:21.146Z</time>
      </trkpt>
      <trkpt lat="45.554104" lon="13.959793">
        <ele>812.383178</ele>
        <time>2026-03-26T23:17:25.510Z</time>
      </trkpt>
      <trkpt lat="45.554401" lon="13.959492">
        <ele>811.901580</ele>
        <time>2026-03-26T23:17:32.258Z</time>
      </trkpt>
      <trkpt lat="45.554671" lon="13.959135">
        <ele>811.415000</ele>
        <time>2026-03-26T23:17:38.963Z</time>
      </trkpt>
      <trkpt lat="45.554805" lon="13.958884">
        <ele>811.122735</ele>
        <time>2026-03-26T23:17:43.050Z</time>
      </trkpt>
      <trkpt lat="45.554952" lon="13.958703">
        <ele>810.733895</ele>
        <time>2026-03-26T23:17:46.707Z</time>
      </trkpt>
      <trkpt lat="45.555162" lon="13.958583">
        <ele>810.079608</ele>
        <time>2026-03-26T23:17:50.965Z</time>
      </trkpt>
      <trkpt lat="45.555549" lon="13.958452">
        <ele>808.929123</ele>
        <time>2026-03-26T23:17:58.406Z</time>
      </trkpt>
      <trkpt lat="45.555984" lon="13.958378">
        <ele>807.661910</ele>
        <time>2026-03-26T23:18:06.545Z</time>
      </trkpt>
      <trkpt lat="45.556354" lon="13.958394">
        <ele>806.591127</ele>
        <time>2026-03-26T23:18:13.359Z</time>
      </trkpt>
      <trkpt lat="45.556959" lon="13.958529">
        <ele>804.629870</ele>
        <time>2026-03-26T23:18:24.032Z</time>
      </trkpt>
      <trkpt lat="45.558268" lon="13.958601">
        <ele>800.086561</ele>
        <time>2026-03-26T23:18:46.862Z</time>
      </trkpt>
      <trkpt lat="45.558627" lon="13.958783">
        <ele>798.895848</ele>
        <time>2026-03-26T23:18:54.163Z</time>
      </trkpt>
      <trkpt lat="45.558865" lon="13.958989">
        <ele>798.094030</ele>
        <time>2026-03-26T23:18:59.548Z</time>
      </trkpt>
      <trkpt lat="45.559015" lon="13.959075">
        <ele>797.628332</ele>
        <time>2026-03-26T23:19:02.675Z</time>
      </trkpt>
      <trkpt lat="45.559184" lon="13.959129">
        <ele>797.129376</ele>
        <time>2026-03-26T23:19:06.024Z</time>
      </trkpt>
      <trkpt lat="45.559280" lon="13.959118">
        <ele>796.851895</ele>
        <time>2026-03-26T23:19:07.886Z</time>
      </trkpt>
      <trkpt lat="45.559558" lon="13.959019">
        <ele>796.026405</ele>
        <time>2026-03-26T23:19:13.326Z</time>
      </trkpt>
      <trkpt lat="45.560724" lon="13.958456">
        <ele>792.118007</ele>
        <time>2026-03-26T23:19:34.624Z</time>
      </trkpt>
      <trkpt lat="45.561207" lon="13.958373">
        <ele>790.445479</ele>
        <time>2026-03-26T23:19:43.273Z</time>
      </trkpt>
      <trkpt lat="45.561845" lon="13.958086">
        <ele>788.149684</ele>
        <time>2026-03-26T23:19:55.515Z</time>
      </trkpt>
      <trkpt lat="45.562210" lon="13.957823">
        <ele>786.965373</ele>
        <time>2026-03-26T23:20:02.961Z</time>
      </trkpt>
      <trkpt lat="45.562563" lon="13.957487">
        <ele>785.736486</ele>
        <time>2026-03-26T23:20:10.489Z</time>
      </trkpt>
      <trkpt lat="45.562891" lon="13.957090">
        <ele>784.491008</ele>
        <time>2026-03-26T23:20:18.039Z</time>
      </trkpt>
      <trkpt lat="45.563175" lon="13.956699">
        <ele>783.348303</ele>
        <time>2026-03-26T23:20:25.099Z</time>
      </trkpt>
      <trkpt lat="45.563321" lon="13.956409">
        <ele>783.260348</ele>
        <time>2026-03-26T23:20:29.960Z</time>
      </trkpt>
      <trkpt lat="45.563451" lon="13.956270">
        <ele>783.681065</ele>
        <time>2026-03-26T23:20:33.426Z</time>
      </trkpt>
      <trkpt lat="45.563629" lon="13.956187">
        <ele>784.166176</ele>
        <time>2026-03-26T23:20:38.085Z</time>
      </trkpt>
      <trkpt lat="45.563783" lon="13.956181">
        <ele>784.565305</ele>
        <time>2026-03-26T23:20:42.824Z</time>
      </trkpt>
      <trkpt lat="45.563935" lon="13.956256">
        <ele>784.981939</ele>
        <time>2026-03-26T23:20:48.700Z</time>
      </trkpt>
      <trkpt lat="45.564148" lon="13.956416">
        <ele>785.605435</ele>
        <time>2026-03-26T23:20:59.370Z</time>
      </trkpt>
      <trkpt lat="45.564486" lon="13.956560">
        <ele>786.519242</ele>
        <time>2026-03-26T23:21:17.914Z</time>
      </trkpt>
      <trkpt lat="45.565263" lon="13.956653">
        <ele>787.721935</ele>
        <time>2026-03-26T23:22:00.239Z</time>
      </trkpt>
      <trkpt lat="45.565542" lon="13.956621">
        <ele>787.802522</ele>
        <time>2026-03-26T23:22:12.554Z</time>
      </trkpt>
      <trkpt lat="45.565762" lon="13.956487">
        <ele>787.871381</ele>
        <time>2026-03-26T23:22:20.908Z</time>
      </trkpt>
      <trkpt lat="45.566479" lon="13.955804">
        <ele>788.119510</ele>
        <time>2026-03-26T23:22:37.441Z</time>
      </trkpt>
      <trkpt lat="45.566852" lon="13.955389">
        <ele>785.038930</ele>
        <time>2026-03-26T23:22:44.990Z</time>
      </trkpt>
      <trkpt lat="45.567224" lon="13.954909">
        <ele>781.250069</ele>
        <time>2026-03-26T23:22:52.764Z</time>
      </trkpt>
      <trkpt lat="45.567452" lon="13.954665">
        <ele>779.096857</ele>
        <time>2026-03-26T23:22:57.108Z</time>
      </trkpt>
      <trkpt lat="45.567683" lon="13.954491">
        <ele>777.123079</ele>
        <time>2026-03-26T23:23:01.074Z</time>
      </trkpt>
      <trkpt lat="45.568733" lon="13.954149">
        <ele>767.696856</ele>
        <time>2026-03-26T23:23:17.358Z</time>
      </trkpt>
      <trkpt lat="45.569104" lon="13.953970">
        <ele>764.052321</ele>
        <time>2026-03-26T23:23:23.283Z</time>
      </trkpt>
      <trkpt lat="45.569176" lon="13.953909">
        <ele>763.273222</ele>
        <time>2026-03-26T23:23:24.543Z</time>
      </trkpt>
      <trkpt lat="45.569315" lon="13.953792">
        <ele>761.771663</ele>
        <time>2026-03-26T23:23:26.974Z</time>
      </trkpt>
      <trkpt lat="45.569470" lon="13.953599">
        <ele>759.857963</ele>
        <time>2026-03-26T23:23:30.078Z</time>
      </trkpt>
      <trkpt lat="45.569571" lon="13.953330">
        <ele>757.869175</ele>
        <time>2026-03-26T23:23:33.285Z</time>
      </trkpt>
      <trkpt lat="45.569635" lon="13.953094">
        <ele>756.186799</ele>
        <time>2026-03-26T23:23:35.939Z</time>
      </trkpt>
      <trkpt lat="45.569765" lon="13.952008">
        <ele>748.856952</ele>
        <time>2026-03-26T23:23:47.475Z</time>
      </trkpt>
      <trkpt lat="45.569808" lon="13.951647">
        <ele>746.420764</ele>
        <time>2026-03-26T23:23:51.316Z</time>
      </trkpt>
      <trkpt lat="45.569879" lon="13.951376">
        <ele>744.495723</ele>
        <time>2026-03-26T23:23:54.353Z</time>
      </trkpt>
      <trkpt lat="45.569983" lon="13.951149">
        <ele>742.690861</ele>
        <time>2026-03-26T23:23:57.218Z</time>
      </trkpt>
      <trkpt lat="45.570161" lon="13.950901">
        <ele>740.407922</ele>
        <time>2026-03-26T23:24:00.989Z</time>
      </trkpt>
      <trkpt lat="45.570560" lon="13.950491">
        <ele>736.715381</ele>
        <time>2026-03-26T23:24:08.547Z</time>
      </trkpt>
      <trkpt lat="45.570760" lon="13.950360">
        <ele>735.062420</ele>
        <time>2026-03-26T23:24:11.970Z</time>
      </trkpt>
      <trkpt lat="45.571101" lon="13.950197">
        <ele>732.360966</ele>
        <time>2026-03-26T23:24:17.669Z</time>
      </trkpt>
      <trkpt lat="45.571334" lon="13.950021">
        <ele>730.380853</ele>
        <time>2026-03-26T23:24:21.880Z</time>
      </trkpt>
      <trkpt lat="45.571492" lon="13.949831">
        <ele>728.829264</ele>
        <time>2026-03-26T23:24:25.180Z</time>
      </trkpt>
      <trkpt lat="45.571710" lon="13.949391">
        <ele>725.893314</ele>
        <time>2026-03-26T23:24:31.150Z</time>
      </trkpt>
      <trkpt lat="45.571779" lon="13.949316">
        <ele>725.187236</ele>
        <time>2026-03-26T23:24:32.513Z</time>
      </trkpt>
      <trkpt lat="45.571930" lon="13.949219">
        <ele>723.838935</ele>
        <time>2026-03-26T23:24:35.073Z</time>
      </trkpt>
      <trkpt lat="45.572442" lon="13.949026">
        <ele>719.526667</ele>
        <time>2026-03-26T23:24:43.218Z</time>
      </trkpt>
      <trkpt lat="45.572974" lon="13.948895">
        <ele>715.130352</ele>
        <time>2026-03-26T23:24:51.384Z</time>
      </trkpt>
      <trkpt lat="45.573884" lon="13.948600">
        <ele>707.996487</ele>
        <time>2026-03-26T23:25:05.705Z</time>
      </trkpt>
      <trkpt lat="45.574470" lon="13.948162">
        <ele>703.109928</ele>
        <time>2026-03-26T23:25:16.135Z</time>
      </trkpt>
      <trkpt lat="45.574643" lon="13.948068">
        <ele>701.742359</ele>
        <time>2026-03-26T23:25:19.079Z</time>
      </trkpt>
      <trkpt lat="45.575874" lon="13.947814">
        <ele>692.908556</ele>
        <time>2026-03-26T23:25:38.848Z</time>
      </trkpt>
      <trkpt lat="45.576310" lon="13.947615">
        <ele>689.706188</ele>
        <time>2026-03-26T23:25:46.014Z</time>
      </trkpt>
      <trkpt lat="45.577065" lon="13.947245">
        <ele>683.984930</ele>
        <time>2026-03-26T23:25:58.481Z</time>
      </trkpt>
      <trkpt lat="45.577692" lon="13.946859">
        <ele>678.952422</ele>
        <time>2026-03-26T23:26:09.271Z</time>
      </trkpt>
      <trkpt lat="45.577928" lon="13.946652">
        <ele>676.911165</ele>
        <time>2026-03-26T23:26:13.605Z</time>
      </trkpt>
      <trkpt lat="45.578084" lon="13.946440">
        <ele>675.324155</ele>
        <time>2026-03-26T23:26:16.953Z</time>
      </trkpt>
      <trkpt lat="45.578163" lon="13.946279">
        <ele>674.309724</ele>
        <time>2026-03-26T23:26:19.088Z</time>
      </trkpt>
      <trkpt lat="45.578467" lon="13.945531">
        <ele>668.706970</ele>
        <time>2026-03-26T23:26:28.450Z</time>
      </trkpt>
      <trkpt lat="45.578488" lon="13.945018">
        <ele>665.209169</ele>
        <time>2026-03-26T23:26:33.934Z</time>
      </trkpt>
      <trkpt lat="45.578529" lon="13.944810">
        <ele>663.738305</ele>
        <time>2026-03-26T23:26:36.202Z</time>
      </trkpt>
      <trkpt lat="45.578602" lon="13.944617">
        <ele>662.245069</ele>
        <time>2026-03-26T23:26:38.482Z</time>
      </trkpt>
      <trkpt lat="45.578822" lon="13.944246">
        <ele>658.935345</ele>
        <time>2026-03-26T23:26:43.496Z</time>
      </trkpt>
      <trkpt lat="45.579617" lon="13.943549">
        <ele>647.967371</ele>
        <time>2026-03-26T23:26:57.107Z</time>
      </trkpt>
      <trkpt lat="45.579781" lon="13.943318">
        <ele>645.026870</ele>
        <time>2026-03-26T23:27:00.434Z</time>
      </trkpt>
      <trkpt lat="45.580365" lon="13.942049">
        <ele>631.764457</ele>
        <time>2026-03-26T23:27:15.686Z</time>
      </trkpt>
      <trkpt lat="45.580453" lon="13.941805">
        <ele>629.816330</ele>
        <time>2026-03-26T23:27:18.441Z</time>
      </trkpt>
      <trkpt lat="45.580525" lon="13.941454">
        <ele>627.220402</ele>
        <time>2026-03-26T23:27:22.152Z</time>
      </trkpt>
      <trkpt lat="45.580596" lon="13.941223">
        <ele>625.429815</ele>
        <time>2026-03-26T23:27:24.750Z</time>
      </trkpt>
      <trkpt lat="45.580760" lon="13.940952">
        <ele>622.887197</ele>
        <time>2026-03-26T23:27:28.493Z</time>
      </trkpt>
      <trkpt lat="45.580919" lon="13.940746">
        <ele>620.710715</ele>
        <time>2026-03-26T23:27:31.739Z</time>
      </trkpt>
      <trkpt lat="45.581036" lon="13.940653">
        <ele>619.353056</ele>
        <time>2026-03-26T23:27:33.771Z</time>
      </trkpt>
      <trkpt lat="45.581191" lon="13.940569">
        <ele>617.672042</ele>
        <time>2026-03-26T23:27:36.332Z</time>
      </trkpt>
      <trkpt lat="45.581310" lon="13.940546">
        <ele>616.454354</ele>
        <time>2026-03-26T23:27:38.202Z</time>
      </trkpt>
      <trkpt lat="45.581404" lon="13.940548">
        <ele>615.501059</ele>
        <time>2026-03-26T23:27:39.699Z</time>
      </trkpt>
      <trkpt lat="45.581533" lon="13.940629">
        <ele>614.294733</ele>
        <time>2026-03-26T23:27:41.935Z</time>
      </trkpt>
      <trkpt lat="45.581562" lon="13.940662">
        <ele>614.047509</ele>
        <time>2026-03-26T23:27:42.531Z</time>
      </trkpt>
      <trkpt lat="45.582319" lon="13.941303">
        <ele>608.179569</ele>
        <time>2026-03-26T23:27:56.916Z</time>
      </trkpt>
      <trkpt lat="45.582697" lon="13.941576">
        <ele>605.355166</ele>
        <time>2026-03-26T23:28:03.628Z</time>
      </trkpt>
      <trkpt lat="45.583523" lon="13.942083">
        <ele>599.188215</ele>
        <time>2026-03-26T23:28:17.604Z</time>
      </trkpt>
      <trkpt lat="45.583960" lon="13.942293">
        <ele>595.956618</ele>
        <time>2026-03-26T23:28:24.817Z</time>
      </trkpt>
      <trkpt lat="45.584190" lon="13.942349">
        <ele>594.321272</ele>
        <time>2026-03-26T23:28:28.507Z</time>
      </trkpt>
      <trkpt lat="45.584429" lon="13.942367">
        <ele>592.643756</ele>
        <time>2026-03-26T23:28:32.305Z</time>
      </trkpt>
      <trkpt lat="45.584654" lon="13.942316">
        <ele>591.046973</ele>
        <time>2026-03-26T23:28:35.971Z</time>
      </trkpt>
      <trkpt lat="45.584882" lon="13.942220">
        <ele>589.398861</ele>
        <time>2026-03-26T23:28:39.794Z</time>
      </trkpt>
      <trkpt lat="45.585043" lon="13.942102">
        <ele>588.161299</ele>
        <time>2026-03-26T23:28:42.718Z</time>
      </trkpt>
      <trkpt lat="45.585191" lon="13.941943">
        <ele>586.894866</ele>
        <time>2026-03-26T23:28:45.689Z</time>
      </trkpt>
      <trkpt lat="45.585406" lon="13.941583">
        <ele>584.629558</ele>
        <time>2026-03-26T23:28:50.999Z</time>
      </trkpt>
      <trkpt lat="45.585805" lon="13.940990">
        <ele>580.692074</ele>
        <time>2026-03-26T23:29:00.108Z</time>
      </trkpt>
      <trkpt lat="45.586208" lon="13.940460">
        <ele>576.809501</ele>
        <time>2026-03-26T23:29:08.645Z</time>
      </trkpt>
      <trkpt lat="45.586495" lon="13.939999">
        <ele>573.394394</ele>
        <time>2026-03-26T23:29:15.317Z</time>
      </trkpt>
      <trkpt lat="45.586683" lon="13.939462">
        <ele>570.070985</ele>
        <time>2026-03-26T23:29:21.778Z</time>
      </trkpt>
      <trkpt lat="45.587453" lon="13.938076">
        <ele>560.637055</ele>
        <time>2026-03-26T23:29:40.894Z</time>
      </trkpt>
      <trkpt lat="45.587847" lon="13.937215">
        <ele>555.562353</ele>
        <time>2026-03-26T23:29:52.146Z</time>
      </trkpt>
      <trkpt lat="45.588016" lon="13.936947">
        <ele>553.782783</ele>
        <time>2026-03-26T23:29:56.132Z</time>
      </trkpt>
      <trkpt lat="45.588223" lon="13.936822">
        <ele>552.198717</ele>
        <time>2026-03-26T23:29:59.720Z</time>
      </trkpt>
      <trkpt lat="45.588436" lon="13.936812">
        <ele>550.783954</ele>
        <time>2026-03-26T23:30:03.164Z</time>
      </trkpt>
      <trkpt lat="45.588923" lon="13.936905">
        <ele>548.704599</ele>
        <time>2026-03-26T23:30:11.367Z</time>
      </trkpt>
      <trkpt lat="45.589348" lon="13.936929">
        <ele>546.904553</ele>
        <time>2026-03-26T23:30:18.721Z</time>
      </trkpt>
      <trkpt lat="45.589678" lon="13.936868">
        <ele>545.496325</ele>
        <time>2026-03-26T23:30:24.615Z</time>
      </trkpt>
      <trkpt lat="45.590163" lon="13.936624">
        <ele>543.320268</ele>
        <time>2026-03-26T23:30:33.882Z</time>
      </trkpt>
      <trkpt lat="45.590706" lon="13.936350">
        <ele>540.732080</ele>
        <time>2026-03-26T23:30:44.079Z</time>
      </trkpt>
      <trkpt lat="45.591033" lon="13.936275">
        <ele>539.242966</ele>
        <time>2026-03-26T23:30:49.757Z</time>
      </trkpt>
      <trkpt lat="45.591936" lon="13.936393">
        <ele>535.153276</ele>
        <time>2026-03-26T23:31:04.774Z</time>
      </trkpt>
      <trkpt lat="45.592895" lon="13.936471">
        <ele>529.752740</ele>
        <time>2026-03-26T23:31:20.372Z</time>
      </trkpt>
      <trkpt lat="45.593148" lon="13.936442">
        <ele>528.325723</ele>
        <time>2026-03-26T23:31:24.509Z</time>
      </trkpt>
      <trkpt lat="45.593907" lon="13.936101">
        <ele>523.902256</ele>
        <time>2026-03-26T23:31:37.542Z</time>
      </trkpt>
      <trkpt lat="45.594408" lon="13.935924">
        <ele>521.116152</ele>
        <time>2026-03-26T23:31:46.130Z</time>
      </trkpt>
      <trkpt lat="45.595019" lon="13.935441">
        <ele>517.346637</ele>
        <time>2026-03-26T23:31:57.756Z</time>
      </trkpt>
      <trkpt lat="45.595384" lon="13.935232">
        <ele>515.182365</ele>
        <time>2026-03-26T23:32:04.177Z</time>
      </trkpt>
      <trkpt lat="45.595611" lon="13.935141">
        <ele>513.597875</ele>
        <time>2026-03-26T23:32:07.987Z</time>
      </trkpt>
      <trkpt lat="45.595857" lon="13.935092">
        <ele>511.928593</ele>
        <time>2026-03-26T23:32:11.952Z</time>
      </trkpt>
      <trkpt lat="45.596174" lon="13.935138">
        <ele>509.787166</ele>
        <time>2026-03-26T23:32:16.995Z</time>
      </trkpt>
      <trkpt lat="45.596992" lon="13.935503">
        <ele>504.027885</ele>
        <time>2026-03-26T23:32:30.465Z</time>
      </trkpt>
      <trkpt lat="45.597242" lon="13.935546">
        <ele>502.515058</ele>
        <time>2026-03-26T23:32:34.405Z</time>
      </trkpt>
      <trkpt lat="45.597926" lon="13.935491">
        <ele>498.763074</ele>
        <time>2026-03-26T23:32:45.152Z</time>
      </trkpt>
      <trkpt lat="45.598504" lon="13.935804">
        <ele>495.377937</ele>
        <time>2026-03-26T23:32:55.410Z</time>
      </trkpt>
      <trkpt lat="45.598681" lon="13.936007">
        <ele>494.135041</ele>
        <time>2026-03-26T23:32:59.409Z</time>
      </trkpt>
      <trkpt lat="45.598899" lon="13.936188">
        <ele>493.432110</ele>
        <time>2026-03-26T23:33:04.067Z</time>
      </trkpt>
      <trkpt lat="45.599080" lon="13.936262">
        <ele>493.399039</ele>
        <time>2026-03-26T23:33:07.683Z</time>
      </trkpt>
      <trkpt lat="45.599582" lon="13.936290">
        <ele>493.310789</ele>
        <time>2026-03-26T23:33:18.443Z</time>
      </trkpt>
      <trkpt lat="45.599904" lon="13.936373">
        <ele>493.253313</ele>
        <time>2026-03-26T23:33:28.032Z</time>
      </trkpt>
      <trkpt lat="45.600069" lon="13.936556">
        <ele>493.216625</ele>
        <time>2026-03-26T23:33:34.747Z</time>
      </trkpt>
      <trkpt lat="45.600471" lon="13.937002">
        <ele>493.169009</ele>
        <time>2026-03-26T23:33:51.598Z</time>
      </trkpt>
      <trkpt lat="45.600660" lon="13.937294">
        <ele>493.299530</ele>
        <time>2026-03-26T23:34:00.513Z</time>
      </trkpt>
      <trkpt lat="45.600765" lon="13.937535">
        <ele>493.392685</ele>
        <time>2026-03-26T23:34:06.564Z</time>
      </trkpt>
      <trkpt lat="45.600869" lon="13.938117">
        <ele>493.589778</ele>
        <time>2026-03-26T23:34:17.824Z</time>
      </trkpt>
      <trkpt lat="45.600921" lon="13.938363">
        <ele>493.674097</ele>
        <time>2026-03-26T23:34:22.489Z</time>
      </trkpt>
      <trkpt lat="45.601005" lon="13.938576">
        <ele>493.754323</ele>
        <time>2026-03-26T23:34:26.866Z</time>
      </trkpt>
      <trkpt lat="45.601124" lon="13.938705">
        <ele>493.824366</ele>
        <time>2026-03-26T23:34:30.578Z</time>
      </trkpt>
      <trkpt lat="45.601286" lon="13.938780">
        <ele>493.904225</ele>
        <time>2026-03-26T23:34:34.690Z</time>
      </trkpt>
      <trkpt lat="45.601478" lon="13.938861">
        <ele>493.927587</ele>
        <time>2026-03-26T23:34:39.282Z</time>
      </trkpt>
      <trkpt lat="45.603369" lon="13.939289">
        <ele>490.511988</ele>
        <time>2026-03-26T23:35:17.348Z</time>
      </trkpt>
      <trkpt lat="45.603573" lon="13.939342">
        <ele>489.692969</ele>
        <time>2026-03-26T23:35:21.032Z</time>
      </trkpt>
      <trkpt lat="45.604005" lon="13.939562">
        <ele>487.881465</ele>
        <time>2026-03-26T23:35:28.975Z</time>
      </trkpt>
      <trkpt lat="45.604847" lon="13.939752">
        <ele>484.514310</ele>
        <time>2026-03-26T23:35:43.182Z</time>
      </trkpt>
      <trkpt lat="45.605131" lon="13.939986">
        <ele>483.889897</ele>
        <time>2026-03-26T23:35:48.669Z</time>
      </trkpt>
      <trkpt lat="45.605246" lon="13.940121">
        <ele>483.807144</ele>
        <time>2026-03-26T23:35:51.229Z</time>
      </trkpt>
      <trkpt lat="45.605461" lon="13.940508">
        <ele>483.614889</ele>
        <time>2026-03-26T23:35:57.556Z</time>
      </trkpt>
      <trkpt lat="45.605796" lon="13.941232">
        <ele>483.277194</ele>
        <time>2026-03-26T23:36:11.169Z</time>
      </trkpt>
      <trkpt lat="45.606561" lon="13.942468">
        <ele>484.640437</ele>
        <time>2026-03-26T23:37:02.405Z</time>
      </trkpt>
      <trkpt lat="45.606749" lon="13.942830">
        <ele>485.430316</ele>
        <time>2026-03-26T23:37:17.124Z</time>
      </trkpt>
      <trkpt lat="45.607056" lon="13.943099">
        <ele>486.332103</ele>
        <time>2026-03-26T23:37:30.693Z</time>
      </trkpt>
      <trkpt lat="45.607094" lon="13.943017">
        <ele>486.504427</ele>
        <time>2026-03-26T23:37:32.659Z</time>
      </trkpt>
      <trkpt lat="45.607305" lon="13.942539">
        <ele>487.494651</ele>
        <time>2026-03-26T23:37:42.632Z</time>
      </trkpt>
      <trkpt lat="45.607526" lon="13.942038">
        <ele>487.769456</ele>
        <time>2026-03-26T23:37:50.333Z</time>
      </trkpt>
      <trkpt lat="45.607732" lon="13.941646">
        <ele>487.991205</ele>
        <time>2026-03-26T23:37:56.342Z</time>
      </trkpt>
      <trkpt lat="45.608256" lon="13.940942">
        <ele>488.456131</ele>
        <time>2026-03-26T23:38:13.392Z</time>
      </trkpt>
      <trkpt lat="45.608989" lon="13.940011">
        <ele>489.867528</ele>
        <time>2026-03-26T23:38:46.428Z</time>
      </trkpt>
      <trkpt lat="45.609101" lon="13.939815">
        <ele>490.192252</ele>
        <time>2026-03-26T23:38:52.057Z</time>
      </trkpt>
      <trkpt lat="45.609154" lon="13.939672">
        <ele>490.399896</ele>
        <time>2026-03-26T23:38:55.612Z</time>
      </trkpt>
      <trkpt lat="45.609227" lon="13.939294">
        <ele>490.903046</ele>
        <time>2026-03-26T23:39:04.803Z</time>
      </trkpt>
      <trkpt lat="45.609226" lon="13.939086">
        <ele>491.169935</ele>
        <time>2026-03-26T23:39:09.509Z</time>
      </trkpt>
      <trkpt lat="45.609194" lon="13.938872">
        <ele>491.450720</ele>
        <time>2026-03-26T23:39:14.188Z</time>
      </trkpt>
      <trkpt lat="45.609080" lon="13.938421">
        <ele>491.932982</ele>
        <time>2026-03-26T23:39:23.094Z</time>
      </trkpt>
      <trkpt lat="45.609085" lon="13.938152">
        <ele>491.819603</ele>
        <time>2026-03-26T23:39:27.127Z</time>
      </trkpt>
      <trkpt lat="45.609121" lon="13.937965">
        <ele>491.737885</ele>
        <time>2026-03-26T23:39:29.908Z</time>
      </trkpt>
      <trkpt lat="45.609137" lon="13.937962">
        <ele>491.728166</ele>
        <time>2026-03-26T23:39:30.256Z</time>
      </trkpt>
      <trkpt lat="45.609216" lon="13.937858">
        <ele>491.663482</ele>
        <time>2026-03-26T23:39:32.434Z</time>
      </trkpt>
      <trkpt lat="45.609222" lon="13.937764">
        <ele>491.623712</ele>
        <time>2026-03-26T23:39:33.771Z</time>
      </trkpt>
      <trkpt lat="45.609196" lon="13.937686">
        <ele>491.587308</ele>
        <time>2026-03-26T23:39:34.953Z</time>
      </trkpt>
      <trkpt lat="45.609239" lon="13.937290">
        <ele>491.418462</ele>
        <time>2026-03-26T23:39:40.472Z</time>
      </trkpt>
      <trkpt lat="45.609285" lon="13.937172">
        <ele>491.361546</ele>
        <time>2026-03-26T23:39:42.329Z</time>
      </trkpt>
      <trkpt lat="45.609368" lon="13.936806">
        <ele>491.199439</ele>
        <time>2026-03-26T23:39:47.625Z</time>
      </trkpt>
      <trkpt lat="45.609368" lon="13.936507">
        <ele>491.073460</ele>
        <time>2026-03-26T23:39:51.403Z</time>
      </trkpt>
      <trkpt lat="45.609324" lon="13.936226">
        <ele>490.952137</ele>
        <time>2026-03-26T23:39:54.651Z</time>
      </trkpt>
      <trkpt lat="45.609166" lon="13.935254">
        <ele>489.821178</ele>
        <time>2026-03-26T23:40:05.223Z</time>
      </trkpt>
      <trkpt lat="45.609108" lon="13.934891">
        <ele>489.346606</ele>
        <time>2026-03-26T23:40:09.246Z</time>
      </trkpt>
      <trkpt lat="45.609049" lon="13.934363">
        <ele>488.665118</ele>
        <time>2026-03-26T23:40:15.329Z</time>
      </trkpt>
      <trkpt lat="45.609051" lon="13.934211">
        <ele>488.471353</ele>
        <time>2026-03-26T23:40:17.138Z</time>
      </trkpt>
      <trkpt lat="45.609086" lon="13.934118">
        <ele>488.336756</ele>
        <time>2026-03-26T23:40:18.451Z</time>
      </trkpt>
      <trkpt lat="45.609086" lon="13.934081">
        <ele>488.289598</ele>
        <time>2026-03-26T23:40:18.910Z</time>
      </trkpt>
      <trkpt lat="45.609051" lon="13.933984">
        <ele>488.150491</ele>
        <time>2026-03-26T23:40:20.273Z</time>
      </trkpt>
      <trkpt lat="45.609006" lon="13.933952">
        <ele>488.058919</ele>
        <time>2026-03-26T23:40:21.193Z</time>
      </trkpt>
      <trkpt lat="45.608944" lon="13.933827">
        <ele>487.863619</ele>
        <time>2026-03-26T23:40:23.172Z</time>
      </trkpt>
      <trkpt lat="45.608844" lon="13.933465">
        <ele>487.757689</ele>
        <time>2026-03-26T23:40:28.411Z</time>
      </trkpt>
      <trkpt lat="45.608743" lon="13.933170">
        <ele>488.025343</ele>
        <time>2026-03-26T23:40:33.306Z</time>
      </trkpt>
      <trkpt lat="45.608593" lon="13.932738">
        <ele>488.418377</ele>
        <time>2026-03-26T23:40:41.450Z</time>
      </trkpt>
      <trkpt lat="45.608587" lon="13.932604">
        <ele>488.527802</ele>
        <time>2026-03-26T23:40:43.907Z</time>
      </trkpt>
      <trkpt lat="45.608615" lon="13.932393">
        <ele>488.702821</ele>
        <time>2026-03-26T23:40:47.760Z</time>
      </trkpt>
      <trkpt lat="45.608666" lon="13.932273">
        <ele>488.817246</ele>
        <time>2026-03-26T23:40:50.390Z</time>
      </trkpt>
      <trkpt lat="45.608740" lon="13.932177">
        <ele>488.933659</ele>
        <time>2026-03-26T23:40:53.204Z</time>
      </trkpt>
      <trkpt lat="45.608844" lon="13.932154">
        <ele>489.056253</ele>
        <time>2026-03-26T23:40:56.308Z</time>
      </trkpt>
      <trkpt lat="45.608886" lon="13.932181">
        <ele>489.109901</ele>
        <time>2026-03-26T23:40:57.715Z</time>
      </trkpt>
      <trkpt lat="45.608956" lon="13.932174">
        <ele>489.191646</ele>
        <time>2026-03-26T23:40:59.871Z</time>
      </trkpt>
      <trkpt lat="45.609010" lon="13.932111">
        <ele>489.272844</ele>
        <time>2026-03-26T23:41:02.046Z</time>
      </trkpt>
      <trkpt lat="45.609025" lon="13.932066">
        <ele>489.313466</ele>
        <time>2026-03-26T23:41:03.162Z</time>
      </trkpt>
      <trkpt lat="45.609024" lon="13.931968">
        <ele>489.393338</ele>
        <time>2026-03-26T23:41:05.375Z</time>
      </trkpt>
      <trkpt lat="45.608984" lon="13.931887">
        <ele>489.474137</ele>
        <time>2026-03-26T23:41:07.628Z</time>
      </trkpt>
      <trkpt lat="45.608928" lon="13.931728">
        <ele>489.619208</ele>
        <time>2026-03-26T23:41:11.805Z</time>
      </trkpt>
      <trkpt lat="45.608881" lon="13.931301">
        <ele>490.602453</ele>
        <time>2026-03-26T23:41:22.510Z</time>
      </trkpt>
      <trkpt lat="45.608928" lon="13.930698">
        <ele>492.249740</ele>
        <time>2026-03-26T23:41:39.296Z</time>
      </trkpt>
      <trkpt lat="45.609186" lon="13.929396">
        <ele>495.923767</ele>
        <time>2026-03-26T23:42:21.810Z</time>
      </trkpt>
      <trkpt lat="45.609516" lon="13.927773">
        <ele>501.249256</ele>
        <time>2026-03-26T23:43:14.743Z</time>
      </trkpt>
      <trkpt lat="45.609652" lon="13.927330">
        <ele>502.815291</ele>
        <time>2026-03-26T23:43:30.381Z</time>
      </trkpt>
      <trkpt lat="45.609752" lon="13.926981">
        <ele>504.036121</ele>
        <time>2026-03-26T23:43:42.861Z</time>
      </trkpt>
      <trkpt lat="45.609925" lon="13.926380">
        <ele>505.904681</ele>
        <time>2026-03-26T23:44:03.864Z</time>
      </trkpt>
      <trkpt lat="45.610039" lon="13.925918">
        <ele>507.162006</ele>
        <time>2026-03-26T23:44:19.277Z</time>
      </trkpt>
      <trkpt lat="45.610070" lon="13.925667">
        <ele>507.816159</ele>
        <time>2026-03-26T23:44:27.155Z</time>
      </trkpt>
      <trkpt lat="45.610118" lon="13.924061">
        <ele>511.848621</ele>
        <time>2026-03-26T23:45:09.293Z</time>
      </trkpt>
      <trkpt lat="45.610292" lon="13.923693">
        <ele>512.674859</ele>
        <time>2026-03-26T23:45:20.336Z</time>
      </trkpt>
      <trkpt lat="45.610689" lon="13.923058">
        <ele>514.259047</ele>
        <time>2026-03-26T23:45:41.726Z</time>
      </trkpt>
      <trkpt lat="45.610959" lon="13.922750">
        <ele>515.177583</ele>
        <time>2026-03-26T23:45:54.584Z</time>
      </trkpt>
      <trkpt lat="45.611079" lon="13.922647">
        <ele>515.549779</ele>
        <time>2026-03-26T23:46:00.121Z</time>
      </trkpt>
      <trkpt lat="45.611538" lon="13.922372">
        <ele>516.861840</ele>
        <time>2026-03-26T23:46:20.697Z</time>
      </trkpt>
      <trkpt lat="45.611799" lon="13.922124">
        <ele>517.675795</ele>
        <time>2026-03-26T23:46:33.231Z</time>
      </trkpt>
      <trkpt lat="45.612259" lon="13.921581">
        <ele>519.225173</ele>
        <time>2026-03-26T23:46:57.461Z</time>
      </trkpt>
      <trkpt lat="45.612533" lon="13.920939">
        <ele>520.591501</ele>
        <time>2026-03-26T23:47:17.907Z</time>
      </trkpt>
      <trkpt lat="45.612829" lon="13.920082">
        <ele>520.226736</ele>
        <time>2026-03-26T23:47:37.763Z</time>
      </trkpt>
      <trkpt lat="45.612958" lon="13.919686">
        <ele>519.707487</ele>
        <time>2026-03-26T23:47:44.477Z</time>
      </trkpt>
      <trkpt lat="45.613027" lon="13.919554">
        <ele>519.511614</ele>
        <time>2026-03-26T23:47:46.839Z</time>
      </trkpt>
      <trkpt lat="45.613062" lon="13.919291">
        <ele>519.193390</ele>
        <time>2026-03-26T23:47:50.501Z</time>
      </trkpt>
      <trkpt lat="45.613131" lon="13.919107">
        <ele>518.945231</ele>
        <time>2026-03-26T23:47:53.231Z</time>
      </trkpt>
      <trkpt lat="45.613252" lon="13.918641">
        <ele>518.354387</ele>
        <time>2026-03-26T23:47:59.418Z</time>
      </trkpt>
      <trkpt lat="45.613370" lon="13.918335">
        <ele>517.713057</ele>
        <time>2026-03-26T23:48:03.550Z</time>
      </trkpt>
      <trkpt lat="45.613930" lon="13.917563">
        <ele>511.595362</ele>
        <time>2026-03-26T23:48:15.726Z</time>
      </trkpt>
      <trkpt lat="45.614059" lon="13.917351">
        <ele>510.049733</ele>
        <time>2026-03-26T23:48:18.703Z</time>
      </trkpt>
      <trkpt lat="45.614053" lon="13.917230">
        <ele>509.382482</ele>
        <time>2026-03-26T23:48:19.990Z</time>
      </trkpt>
      <trkpt lat="45.613963" lon="13.916910">
        <ele>507.485310</ele>
        <time>2026-03-26T23:48:23.622Z</time>
      </trkpt>
      <trkpt lat="45.613766" lon="13.916500">
        <ele>504.749210</ele>
        <time>2026-03-26T23:48:28.876Z</time>
      </trkpt>
      <trkpt lat="45.613759" lon="13.916346">
        <ele>503.900316</ele>
        <time>2026-03-26T23:48:30.509Z</time>
      </trkpt>
      <trkpt lat="45.613788" lon="13.916272">
        <ele>503.444424</ele>
        <time>2026-03-26T23:48:31.407Z</time>
      </trkpt>
      <trkpt lat="45.613906" lon="13.916178">
        <ele>502.408977</ele>
        <time>2026-03-26T23:48:33.450Z</time>
      </trkpt>
      <trkpt lat="45.614112" lon="13.916085">
        <ele>500.753065</ele>
        <time>2026-03-26T23:48:36.717Z</time>
      </trkpt>
      <trkpt lat="45.614551" lon="13.915971">
        <ele>497.332941</ele>
        <time>2026-03-26T23:48:43.568Z</time>
      </trkpt>
      <trkpt lat="45.614915" lon="13.915933">
        <ele>494.535348</ele>
        <time>2026-03-26T23:48:49.292Z</time>
      </trkpt>
      <trkpt lat="45.615179" lon="13.915840">
        <ele>492.451184</ele>
        <time>2026-03-26T23:48:53.626Z</time>
      </trkpt>
      <trkpt lat="45.615363" lon="13.915735">
        <ele>490.932565</ele>
        <time>2026-03-26T23:48:56.808Z</time>
      </trkpt>
      <trkpt lat="45.615527" lon="13.915450">
        <ele>489.578486</ele>
        <time>2026-03-26T23:49:00.937Z</time>
      </trkpt>
      <trkpt lat="45.615725" lon="13.915011">
        <ele>488.345205</ele>
        <time>2026-03-26T23:49:06.787Z</time>
      </trkpt>
      <trkpt lat="45.615901" lon="13.914829">
        <ele>487.612010</ele>
        <time>2026-03-26T23:49:10.329Z</time>
      </trkpt>
      <trkpt lat="45.616009" lon="13.914728">
        <ele>487.176396</ele>
        <time>2026-03-26T23:49:12.464Z</time>
      </trkpt>
      <trkpt lat="45.616098" lon="13.914543">
        <ele>486.646273</ele>
        <time>2026-03-26T23:49:15.149Z</time>
      </trkpt>
      <trkpt lat="45.616099" lon="13.914419">
        <ele>486.353490</ele>
        <time>2026-03-26T23:49:16.667Z</time>
      </trkpt>
      <trkpt lat="45.616076" lon="13.914355">
        <ele>486.183609</ele>
        <time>2026-03-26T23:49:17.568Z</time>
      </trkpt>
      <trkpt lat="45.615704" lon="13.914024">
        <ele>484.704612</ele>
        <time>2026-03-26T23:49:25.053Z</time>
      </trkpt>
      <trkpt lat="45.615429" lon="13.913668">
        <ele>484.196340</ele>
        <time>2026-03-26T23:49:35.307Z</time>
      </trkpt>
      <trkpt lat="45.615322" lon="13.913624">
        <ele>484.332243</ele>
        <time>2026-03-26T23:49:38.983Z</time>
      </trkpt>
      <trkpt lat="45.615061" lon="13.913590">
        <ele>484.652148</ele>
        <time>2026-03-26T23:49:49.136Z</time>
      </trkpt>
      <trkpt lat="45.614947" lon="13.913575">
        <ele>484.791888</ele>
        <time>2026-03-26T23:49:53.951Z</time>
      </trkpt>
      <trkpt lat="45.614778" lon="13.913460">
        <ele>485.020351</ele>
        <time>2026-03-26T23:50:01.841Z</time>
      </trkpt>
      <trkpt lat="45.614672" lon="13.913313">
        <ele>485.200611</ele>
        <time>2026-03-26T23:50:08.086Z</time>
      </trkpt>
      <trkpt lat="45.614669" lon="13.913194">
        <ele>485.302281</ele>
        <time>2026-03-26T23:50:11.306Z</time>
      </trkpt>
      <trkpt lat="45.614774" lon="13.912514">
        <ele>485.896849</ele>
        <time>2026-03-26T23:50:25.873Z</time>
      </trkpt>
      <trkpt lat="45.614812" lon="13.912109">
        <ele>485.973683</ele>
        <time>2026-03-26T23:50:30.916Z</time>
      </trkpt>
      <trkpt lat="45.614873" lon="13.911808">
        <ele>484.827794</ele>
        <time>2026-03-26T23:50:34.202Z</time>
      </trkpt>
      <trkpt lat="45.614968" lon="13.911599">
        <ele>483.916386</ele>
        <time>2026-03-26T23:50:36.633Z</time>
      </trkpt>
      <trkpt lat="45.615110" lon="13.911213">
        <ele>482.321657</ele>
        <time>2026-03-26T23:50:40.696Z</time>
      </trkpt>
      <trkpt lat="45.615298" lon="13.910797">
        <ele>480.510671</ele>
        <time>2026-03-26T23:50:45.197Z</time>
      </trkpt>
      <trkpt lat="45.615298" lon="13.910600">
        <ele>479.790333</ele>
        <time>2026-03-26T23:50:47.007Z</time>
      </trkpt>
      <trkpt lat="45.615139" lon="13.910211">
        <ele>478.142890</ele>
        <time>2026-03-26T23:50:51.218Z</time>
      </trkpt>
      <trkpt lat="45.615126" lon="13.910089">
        <ele>477.691645</ele>
        <time>2026-03-26T23:50:52.400Z</time>
      </trkpt>
      <trkpt lat="45.615172" lon="13.909670">
        <ele>476.207887</ele>
        <time>2026-03-26T23:50:56.576Z</time>
      </trkpt>
      <trkpt lat="45.615206" lon="13.909540">
        <ele>475.752701</ele>
        <time>2026-03-26T23:50:57.976Z</time>
      </trkpt>
      <trkpt lat="45.615220" lon="13.909485">
        <ele>475.560747</ele>
        <time>2026-03-26T23:50:58.564Z</time>
      </trkpt>
      <trkpt lat="45.615337" lon="13.909355">
        <ele>474.865963</ele>
        <time>2026-03-26T23:51:00.742Z</time>
      </trkpt>
      <trkpt lat="45.615531" lon="13.909313">
        <ele>473.945974</ele>
        <time>2026-03-26T23:51:03.701Z</time>
      </trkpt>
      <trkpt lat="45.615795" lon="13.909318">
        <ele>472.708033</ele>
        <time>2026-03-26T23:51:07.695Z</time>
      </trkpt>
      <trkpt lat="45.616014" lon="13.909383">
        <ele>471.659300</ele>
        <time>2026-03-26T23:51:11.115Z</time>
      </trkpt>
      <trkpt lat="45.616431" lon="13.909659">
        <ele>469.504726</ele>
        <time>2026-03-26T23:51:17.833Z</time>
      </trkpt>
      <trkpt lat="45.616645" lon="13.909641">
        <ele>468.499597</ele>
        <time>2026-03-26T23:51:21.261Z</time>
      </trkpt>
      <trkpt lat="45.617174" lon="13.909047">
        <ele>463.378368</ele>
        <time>2026-03-26T23:51:31.623Z</time>
      </trkpt>
      <trkpt lat="45.617619" lon="13.908500">
        <ele>458.829814</ele>
        <time>2026-03-26T23:51:40.589Z</time>
      </trkpt>
      <trkpt lat="45.618311" lon="13.907722">
        <ele>451.593327</ele>
        <time>2026-03-26T23:51:54.299Z</time>
      </trkpt>
      <trkpt lat="45.618432" lon="13.907623">
        <ele>450.327531</ele>
        <time>2026-03-26T23:51:56.458Z</time>
      </trkpt>
      <trkpt lat="45.618250" lon="13.906887">
        <ele>445.370023</ele>
        <time>2026-03-26T23:52:04.761Z</time>
      </trkpt>
      <trkpt lat="45.618204" lon="13.906713">
        <ele>444.188730</ele>
        <time>2026-03-26T23:52:06.704Z</time>
      </trkpt>
      <trkpt lat="45.618100" lon="13.906409">
        <ele>442.039603</ele>
        <time>2026-03-26T23:52:10.224Z</time>
      </trkpt>
      <trkpt lat="45.618049" lon="13.906343">
        <ele>441.415026</ele>
        <time>2026-03-26T23:52:11.252Z</time>
      </trkpt>
      <trkpt lat="45.617916" lon="13.906270">
        <ele>440.121519</ele>
        <time>2026-03-26T23:52:13.361Z</time>
      </trkpt>
      <trkpt lat="45.617419" lon="13.906176">
        <ele>436.129271</ele>
        <time>2026-03-26T23:52:20.789Z</time>
      </trkpt>
      <trkpt lat="45.616472" lon="13.906082">
        <ele>429.426362</ele>
        <time>2026-03-26T23:52:35.265Z</time>
      </trkpt>
      <trkpt lat="45.616275" lon="13.906067">
        <ele>428.033365</ele>
        <time>2026-03-26T23:52:38.618Z</time>
      </trkpt>
      <trkpt lat="45.616143" lon="13.906108">
        <ele>427.079563</ele>
        <time>2026-03-26T23:52:41.051Z</time>
      </trkpt>
      <trkpt lat="45.615840" lon="13.906286">
        <ele>425.290935</ele>
        <time>2026-03-26T23:52:47.289Z</time>
      </trkpt>
      <trkpt lat="45.615540" lon="13.906383">
        <ele>424.956106</ele>
        <time>2026-03-26T23:52:53.495Z</time>
      </trkpt>
      <trkpt lat="45.615386" lon="13.906491">
        <ele>424.769378</ele>
        <time>2026-03-26T23:52:56.836Z</time>
      </trkpt>
      <trkpt lat="45.614807" lon="13.907046">
        <ele>424.010514</ele>
        <time>2026-03-26T23:53:12.767Z</time>
      </trkpt>
      <trkpt lat="45.614745" lon="13.907070">
        <ele>423.940590</ele>
        <time>2026-03-26T23:53:14.631Z</time>
      </trkpt>
      <trkpt lat="45.614674" lon="13.907035">
        <ele>423.858833</ele>
        <time>2026-03-26T23:53:16.879Z</time>
      </trkpt>
      <trkpt lat="45.614582" lon="13.906909">
        <ele>423.720141</ele>
        <time>2026-03-26T23:53:20.464Z</time>
      </trkpt>
      <trkpt lat="45.614582" lon="13.906773">
        <ele>423.616583</ele>
        <time>2026-03-26T23:53:23.232Z</time>
      </trkpt>
      <trkpt lat="45.614730" lon="13.906526">
        <ele>423.184163</ele>
        <time>2026-03-26T23:53:28.718Z</time>
      </trkpt>
      <trkpt lat="45.615130" lon="13.905409">
        <ele>419.265744</ele>
        <time>2026-03-26T23:53:44.810Z</time>
      </trkpt>
      <trkpt lat="45.615512" lon="13.904811">
        <ele>416.736955</ele>
        <time>2026-03-26T23:53:54.061Z</time>
      </trkpt>
      <trkpt lat="45.615833" lon="13.904247">
        <ele>413.754049</ele>
        <time>2026-03-26T23:54:01.829Z</time>
      </trkpt>
      <trkpt lat="45.616078" lon="13.903816">
        <ele>410.695077</ele>
        <time>2026-03-26T23:54:07.640Z</time>
      </trkpt>
      <trkpt lat="45.616451" lon="13.902861">
        <ele>404.670592</ele>
        <time>2026-03-26T23:54:19.429Z</time>
      </trkpt>
      <trkpt lat="45.616099" lon="13.902848">
        <ele>401.897872</ele>
        <time>2026-03-26T23:54:24.159Z</time>
      </trkpt>
      <trkpt lat="45.615947" lon="13.902909">
        <ele>400.736176</ele>
        <time>2026-03-26T23:54:26.274Z</time>
      </trkpt>
      <trkpt lat="45.615592" lon="13.902982">
        <ele>398.307928</ele>
        <time>2026-03-26T23:54:31.051Z</time>
      </trkpt>
      <trkpt lat="45.615257" lon="13.902999">
        <ele>396.038397</ele>
        <time>2026-03-26T23:54:35.578Z</time>
      </trkpt>
      <trkpt lat="45.615151" lon="13.902965">
        <ele>395.302887</ele>
        <time>2026-03-26T23:54:37.071Z</time>
      </trkpt>
      <trkpt lat="45.615043" lon="13.902874">
        <ele>394.454130</ele>
        <time>2026-03-26T23:54:38.768Z</time>
      </trkpt>
      <trkpt lat="45.614896" lon="13.902630">
        <ele>392.929078</ele>
        <time>2026-03-26T23:54:41.794Z</time>
      </trkpt>
      <trkpt lat="45.615631" lon="13.902439">
        <ele>387.803627</ele>
        <time>2026-03-26T23:54:53.478Z</time>
      </trkpt>
      <trkpt lat="45.615941" lon="13.902280">
        <ele>385.446765</ele>
        <time>2026-03-26T23:54:58.598Z</time>
      </trkpt>
      <trkpt lat="45.616420" lon="13.901838">
        <ele>381.366971</ele>
        <time>2026-03-26T23:55:07.584Z</time>
      </trkpt>
      <trkpt lat="45.616604" lon="13.901548">
        <ele>379.407154</ele>
        <time>2026-03-26T23:55:11.868Z</time>
      </trkpt>
      <trkpt lat="45.617585" lon="13.899671">
        <ele>370.431005</ele>
        <time>2026-03-26T23:55:37.772Z</time>
      </trkpt>
      <trkpt lat="45.617914" lon="13.899172">
        <ele>368.108897</ele>
        <time>2026-03-26T23:55:46.435Z</time>
      </trkpt>
      <trkpt lat="45.618071" lon="13.898996">
        <ele>367.610426</ele>
        <time>2026-03-26T23:55:50.909Z</time>
      </trkpt>
      <trkpt lat="45.618329" lon="13.898806">
        <ele>368.160186</ele>
        <time>2026-03-26T23:56:00.163Z</time>
      </trkpt>
      <trkpt lat="45.618686" lon="13.898659">
        <ele>368.863947</ele>
        <time>2026-03-26T23:56:16.605Z</time>
      </trkpt>
      <trkpt lat="45.619617" lon="13.898742">
        <ele>370.630986</ele>
        <time>2026-03-26T23:56:57.219Z</time>
      </trkpt>
      <trkpt lat="45.620004" lon="13.898725">
        <ele>369.806521</ele>
        <time>2026-03-26T23:57:08.653Z</time>
      </trkpt>
      <trkpt lat="45.620304" lon="13.898616">
        <ele>368.482805</ele>
        <time>2026-03-26T23:57:14.681Z</time>
      </trkpt>
      <trkpt lat="45.620505" lon="13.898458">
        <ele>367.501892</ele>
        <time>2026-03-26T23:57:18.578Z</time>
      </trkpt>
      <trkpt lat="45.620644" lon="13.898349">
        <ele>366.823929</ele>
        <time>2026-03-26T23:57:21.121Z</time>
      </trkpt>
      <trkpt lat="45.620970" lon="13.897971">
        <ele>365.028984</ele>
        <time>2026-03-26T23:57:27.632Z</time>
      </trkpt>
      <trkpt lat="45.621047" lon="13.897835">
        <ele>364.505636</ele>
        <time>2026-03-26T23:57:29.502Z</time>
      </trkpt>
      <trkpt lat="45.621203" lon="13.897464">
        <ele>363.210886</ele>
        <time>2026-03-26T23:57:34.210Z</time>
      </trkpt>
      <trkpt lat="45.621414" lon="13.896630">
        <ele>360.989891</ele>
        <time>2026-03-26T23:57:44.169Z</time>
      </trkpt>
      <trkpt lat="45.621793" lon="13.895241">
        <ele>357.260710</ele>
        <time>2026-03-26T23:58:04.044Z</time>
      </trkpt>
      <trkpt lat="45.622162" lon="13.894183">
        <ele>355.696104</ele>
        <time>2026-03-26T23:58:22.265Z</time>
      </trkpt>
      <trkpt lat="45.622487" lon="13.893319">
        <ele>354.632198</ele>
        <time>2026-03-26T23:58:36.182Z</time>
      </trkpt>
      <trkpt lat="45.622967" lon="13.892172">
        <ele>353.125803</ele>
        <time>2026-03-26T23:58:53.584Z</time>
      </trkpt>
      <trkpt lat="45.623117" lon="13.891843">
        <ele>352.669267</ele>
        <time>2026-03-26T23:58:58.945Z</time>
      </trkpt>
      <trkpt lat="45.624059" lon="13.890496">
        <ele>350.543088</ele>
        <time>2026-03-26T23:59:26.403Z</time>
      </trkpt>
      <trkpt lat="45.624218" lon="13.890198">
        <ele>350.180050</ele>
        <time>2026-03-26T23:59:31.885Z</time>
      </trkpt>
      <trkpt lat="45.624432" lon="13.889729">
        <ele>349.637664</ele>
        <time>2026-03-26T23:59:39.853Z</time>
      </trkpt>
      <trkpt lat="45.624554" lon="13.889309">
        <ele>349.197179</ele>
        <time>2026-03-26T23:59:46.160Z</time>
      </trkpt>
      <trkpt lat="45.624607" lon="13.889099">
        <ele>348.980944</ele>
        <time>2026-03-26T23:59:49.231Z</time>
      </trkpt>
      <trkpt lat="45.624630" lon="13.888717">
        <ele>348.609589</ele>
        <time>2026-03-26T23:59:54.573Z</time>
      </trkpt>
      <trkpt lat="45.624638" lon="13.888582">
        <ele>348.488438</ele>
        <time>2026-03-26T23:59:56.470Z</time>
      </trkpt>
      <trkpt lat="45.624597" lon="13.888115">
        <ele>348.358041</ele>
        <time>2026-03-27T00:00:03.143Z</time>
      </trkpt>
      <trkpt lat="45.624490" lon="13.887680">
        <ele>348.230289</ele>
        <time>2026-03-27T00:00:09.941Z</time>
      </trkpt>
      <trkpt lat="45.624397" lon="13.887433">
        <ele>348.152571</ele>
        <time>2026-03-27T00:00:14.260Z</time>
      </trkpt>
      <trkpt lat="45.624235" lon="13.887132">
        <ele>348.047344</ele>
        <time>2026-03-27T00:00:20.245Z</time>
      </trkpt>
      <trkpt lat="45.623968" lon="13.886816">
        <ele>347.910042</ele>
        <time>2026-03-27T00:00:28.698Z</time>
      </trkpt>
      <trkpt lat="45.623605" lon="13.886537">
        <ele>347.774780</ele>
        <time>2026-03-27T00:00:40.223Z</time>
      </trkpt>
      <trkpt lat="45.623501" lon="13.886494">
        <ele>347.768096</ele>
        <time>2026-03-27T00:00:43.398Z</time>
      </trkpt>
      <trkpt lat="45.623405" lon="13.886455">
        <ele>347.761934</ele>
        <time>2026-03-27T00:00:46.333Z</time>
      </trkpt>
      <trkpt lat="45.623015" lon="13.886390">
        <ele>347.737694</ele>
        <time>2026-03-27T00:00:58.056Z</time>
      </trkpt>
      <trkpt lat="45.622784" lon="13.886418">
        <ele>347.723381</ele>
        <time>2026-03-27T00:01:04.803Z</time>
      </trkpt>
      <trkpt lat="45.622532" lon="13.886494">
        <ele>347.707481</ele>
        <time>2026-03-27T00:01:11.947Z</time>
      </trkpt>
      <trkpt lat="45.622283" lon="13.886633">
        <ele>347.690978</ele>
        <time>2026-03-27T00:01:18.295Z</time>
      </trkpt>
      <trkpt lat="45.622048" lon="13.886851">
        <ele>347.673684</ele>
        <time>2026-03-27T00:01:24.054Z</time>
      </trkpt>
      <trkpt lat="45.621768" lon="13.887206">
        <ele>346.183252</ele>
        <time>2026-03-27T00:01:31.001Z</time>
      </trkpt>
      <trkpt lat="45.621601" lon="13.887592">
        <ele>344.594314</ele>
        <time>2026-03-27T00:01:36.467Z</time>
      </trkpt>
      <trkpt lat="45.621535" lon="13.887812">
        <ele>343.756285</ele>
        <time>2026-03-27T00:01:39.241Z</time>
      </trkpt>
      <trkpt lat="45.621109" lon="13.889287">
        <ele>338.063738</ele>
        <time>2026-03-27T00:01:56.999Z</time>
      </trkpt>
      <trkpt lat="45.620958" lon="13.889660">
        <ele>336.232824</ele>
        <time>2026-03-27T00:02:01.899Z</time>
      </trkpt>
      <trkpt lat="45.620925" lon="13.889738">
        <ele>335.845548</ele>
        <time>2026-03-27T00:02:02.948Z</time>
      </trkpt>
      <trkpt lat="45.620877" lon="13.889826">
        <ele>335.371447</ele>
        <time>2026-03-27T00:02:04.209Z</time>
      </trkpt>
      <trkpt lat="45.620753" lon="13.890052">
        <ele>334.151149</ele>
        <time>2026-03-27T00:02:07.482Z</time>
      </trkpt>
      <trkpt lat="45.620362" lon="13.890620">
        <ele>330.765381</ele>
        <time>2026-03-27T00:02:16.584Z</time>
      </trkpt>
      <trkpt lat="45.619849" lon="13.891339">
        <ele>326.115600</ele>
        <time>2026-03-27T00:02:28.168Z</time>
      </trkpt>
      <trkpt lat="45.619691" lon="13.891508">
        <ele>324.660746</ele>
        <time>2026-03-27T00:02:31.256Z</time>
      </trkpt>
      <trkpt lat="45.619478" lon="13.891660">
        <ele>322.905543</ele>
        <time>2026-03-27T00:02:34.944Z</time>
      </trkpt>
      <trkpt lat="45.619465" lon="13.891667">
        <ele>322.803121</ele>
        <time>2026-03-27T00:02:35.161Z</time>
      </trkpt>
      <trkpt lat="45.619295" lon="13.891756">
        <ele>321.468320</ele>
        <time>2026-03-27T00:02:37.945Z</time>
      </trkpt>
      <trkpt lat="45.618897" lon="13.891838">
        <ele>318.503541</ele>
        <time>2026-03-27T00:02:44.187Z</time>
      </trkpt>
      <trkpt lat="45.618675" lon="13.891831">
        <ele>316.866329</ele>
        <time>2026-03-27T00:02:47.651Z</time>
      </trkpt>
      <trkpt lat="45.618335" lon="13.891725">
        <ele>314.304805</ele>
        <time>2026-03-27T00:02:53.056Z</time>
      </trkpt>
      <trkpt lat="45.617889" lon="13.891474">
        <ele>310.854219</ele>
        <time>2026-03-27T00:03:00.534Z</time>
      </trkpt>
      <trkpt lat="45.617343" lon="13.891028">
        <ele>306.327201</ele>
        <time>2026-03-27T00:03:10.308Z</time>
      </trkpt>
      <trkpt lat="45.617140" lon="13.890793">
        <ele>304.446783</ele>
        <time>2026-03-27T00:03:14.285Z</time>
      </trkpt>
      <trkpt lat="45.616968" lon="13.890547">
        <ele>302.695313</ele>
        <time>2026-03-27T00:03:18.101Z</time>
      </trkpt>
      <trkpt lat="45.616850" lon="13.890323">
        <ele>301.371807</ele>
        <time>2026-03-27T00:03:21.310Z</time>
      </trkpt>
      <trkpt lat="45.616498" lon="13.889639">
        <ele>298.626361</ele>
        <time>2026-03-27T00:03:31.567Z</time>
      </trkpt>
      <trkpt lat="45.616348" lon="13.889261">
        <ele>297.221290</ele>
        <time>2026-03-27T00:03:36.796Z</time>
      </trkpt>
      <trkpt lat="45.616238" lon="13.888785">
        <ele>295.600537</ele>
        <time>2026-03-27T00:03:42.658Z</time>
      </trkpt>
      <trkpt lat="45.616234" lon="13.888767">
        <ele>295.539476</ele>
        <time>2026-03-27T00:03:42.878Z</time>
      </trkpt>
      <trkpt lat="45.616197" lon="13.888307">
        <ele>294.042465</ele>
        <time>2026-03-27T00:03:48.381Z</time>
      </trkpt>
      <trkpt lat="45.616209" lon="13.887789">
        <ele>292.720232</ele>
        <time>2026-03-27T00:03:54.755Z</time>
      </trkpt>
      <trkpt lat="45.616276" lon="13.887391">
        <ele>291.946965</ele>
        <time>2026-03-27T00:03:59.703Z</time>
      </trkpt>
      <trkpt lat="45.616374" lon="13.887011">
        <ele>291.181931</ele>
        <time>2026-03-27T00:04:04.635Z</time>
      </trkpt>
      <trkpt lat="45.616478" lon="13.886687">
        <ele>290.508547</ele>
        <time>2026-03-27T00:04:09.306Z</time>
      </trkpt>
      <trkpt lat="45.616504" lon="13.886616">
        <ele>290.357164</ele>
        <time>2026-03-27T00:04:10.364Z</time>
      </trkpt>
      <trkpt lat="45.616830" lon="13.885657">
        <ele>288.326501</ele>
        <time>2026-03-27T00:04:26.029Z</time>
      </trkpt>
      <trkpt lat="45.616896" lon="13.885381">
        <ele>287.220681</ele>
        <time>2026-03-27T00:04:30.331Z</time>
      </trkpt>
      <trkpt lat="45.616951" lon="13.884985">
        <ele>285.690074</ele>
        <time>2026-03-27T00:04:35.705Z</time>
      </trkpt>
      <trkpt lat="45.616985" lon="13.884734">
        <ele>284.720815</ele>
        <time>2026-03-27T00:04:38.599Z</time>
      </trkpt>
      <trkpt lat="45.617113" lon="13.884131">
        <ele>282.331799</ele>
        <time>2026-03-27T00:04:45.689Z</time>
      </trkpt>
      <trkpt lat="45.617154" lon="13.884051">
        <ele>281.955807</ele>
        <time>2026-03-27T00:04:46.829Z</time>
      </trkpt>
      <trkpt lat="45.617276" lon="13.883960">
        <ele>281.209961</ele>
        <time>2026-03-27T00:04:48.973Z</time>
      </trkpt>
      <trkpt lat="45.617326" lon="13.883845">
        <ele>280.696615</ele>
        <time>2026-03-27T00:04:50.413Z</time>
      </trkpt>
      <trkpt lat="45.617343" lon="13.883740">
        <ele>280.288022</ele>
        <time>2026-03-27T00:04:51.573Z</time>
      </trkpt>
      <trkpt lat="45.617317" lon="13.883529">
        <ele>279.475776</ele>
        <time>2026-03-27T00:04:53.804Z</time>
      </trkpt>
      <trkpt lat="45.617331" lon="13.883364">
        <ele>278.845655</ele>
        <time>2026-03-27T00:04:55.519Z</time>
      </trkpt>
      <trkpt lat="45.617401" lon="13.883096">
        <ele>278.030984</ele>
        <time>2026-03-27T00:04:58.687Z</time>
      </trkpt>
      <trkpt lat="45.617646" lon="13.882533">
        <ele>276.315844</ele>
        <time>2026-03-27T00:05:06.047Z</time>
      </trkpt>
      <trkpt lat="45.617874" lon="13.882197">
        <ele>275.104930</ele>
        <time>2026-03-27T00:05:11.591Z</time>
      </trkpt>
      <trkpt lat="45.618063" lon="13.882021">
        <ele>274.270792</ele>
        <time>2026-03-27T00:05:16.400Z</time>
      </trkpt>
      <trkpt lat="45.618128" lon="13.881958">
        <ele>273.980381</ele>
        <time>2026-03-27T00:05:18.521Z</time>
      </trkpt>
      <trkpt lat="45.618390" lon="13.881734">
        <ele>272.851438</ele>
        <time>2026-03-27T00:05:25.150Z</time>
      </trkpt>
      <trkpt lat="45.618807" lon="13.881266">
        <ele>271.762166</ele>
        <time>2026-03-27T00:05:36.824Z</time>
      </trkpt>
      <trkpt lat="45.619256" lon="13.880415">
        <ele>271.254239</ele>
        <time>2026-03-27T00:05:55.797Z</time>
      </trkpt>
      <trkpt lat="45.619607" lon="13.879945">
        <ele>270.926623</ele>
        <time>2026-03-27T00:06:08.132Z</time>
      </trkpt>
      <trkpt lat="45.619824" lon="13.879626">
        <ele>270.632557</ele>
        <time>2026-03-27T00:06:14.081Z</time>
      </trkpt>
      <trkpt lat="45.620070" lon="13.879176">
        <ele>269.183668</ele>
        <time>2026-03-27T00:06:20.880Z</time>
      </trkpt>
      <trkpt lat="45.620227" lon="13.878745">
        <ele>267.950906</ele>
        <time>2026-03-27T00:06:26.612Z</time>
      </trkpt>
      <trkpt lat="45.620414" lon="13.878030">
        <ele>266.014436</ele>
        <time>2026-03-27T00:06:35.861Z</time>
      </trkpt>
      <trkpt lat="45.620641" lon="13.877270">
        <ele>264.052192</ele>
        <time>2026-03-27T00:06:46.218Z</time>
      </trkpt>
      <trkpt lat="45.620731" lon="13.877033">
        <ele>263.682627</ele>
        <time>2026-03-27T00:06:49.430Z</time>
      </trkpt>
      <trkpt lat="45.620743" lon="13.877001">
        <ele>263.632869</ele>
        <time>2026-03-27T00:06:49.848Z</time>
      </trkpt>
      <trkpt lat="45.620981" lon="13.876508">
        <ele>262.811963</ele>
        <time>2026-03-27T00:06:57.192Z</time>
      </trkpt>
      <trkpt lat="45.621145" lon="13.876201">
        <ele>262.282580</ele>
        <time>2026-03-27T00:07:02.516Z</time>
      </trkpt>
      <trkpt lat="45.621423" lon="13.875713">
        <ele>261.420080</ele>
        <time>2026-03-27T00:07:16.003Z</time>
      </trkpt>
      <trkpt lat="45.621636" lon="13.875428">
        <ele>260.848499</ele>
        <time>2026-03-27T00:07:23.195Z</time>
      </trkpt>
      <trkpt lat="45.621662" lon="13.875393">
        <ele>260.778531</ele>
        <time>2026-03-27T00:07:23.844Z</time>
      </trkpt>
      <trkpt lat="45.622151" lon="13.874887">
        <ele>259.386316</ele>
        <time>2026-03-27T00:07:34.551Z</time>
      </trkpt>
      <trkpt lat="45.622430" lon="13.874641">
        <ele>258.620609</ele>
        <time>2026-03-27T00:07:41.988Z</time>
      </trkpt>
      <trkpt lat="45.622652" lon="13.874365">
        <ele>257.933390</ele>
        <time>2026-03-27T00:07:50.983Z</time>
      </trkpt>
      <trkpt lat="45.622729" lon="13.874245">
        <ele>257.667325</ele>
        <time>2026-03-27T00:07:53.459Z</time>
      </trkpt>
      <trkpt lat="45.623200" lon="13.873260">
        <ele>254.961517</ele>
        <time>2026-03-27T00:08:06.964Z</time>
      </trkpt>
      <trkpt lat="45.623290" lon="13.873067">
        <ele>254.208360</ele>
        <time>2026-03-27T00:08:09.605Z</time>
      </trkpt>
      <trkpt lat="45.623546" lon="13.872743">
        <ele>252.621198</ele>
        <time>2026-03-27T00:08:16.127Z</time>
      </trkpt>
      <trkpt lat="45.624059" lon="13.872212">
        <ele>249.681090</ele>
        <time>2026-03-27T00:08:26.820Z</time>
      </trkpt>
      <trkpt lat="45.624109" lon="13.872170">
        <ele>249.411876</ele>
        <time>2026-03-27T00:08:27.843Z</time>
      </trkpt>
      <trkpt lat="45.624181" lon="13.872059">
        <ele>248.920339</ele>
        <time>2026-03-27T00:08:29.579Z</time>
      </trkpt>
      <trkpt lat="45.624292" lon="13.871861">
        <ele>248.096307</ele>
        <time>2026-03-27T00:08:32.526Z</time>
      </trkpt>
      <trkpt lat="45.624319" lon="13.871792">
        <ele>247.838693</ele>
        <time>2026-03-27T00:08:33.390Z</time>
      </trkpt>
      <trkpt lat="45.624474" lon="13.871395">
        <ele>246.357277</ele>
        <time>2026-03-27T00:08:38.472Z</time>
      </trkpt>
      <trkpt lat="45.624532" lon="13.871190">
        <ele>245.636763</ele>
        <time>2026-03-27T00:08:41.094Z</time>
      </trkpt>
      <trkpt lat="45.624618" lon="13.870643">
        <ele>243.810060</ele>
        <time>2026-03-27T00:08:48.097Z</time>
      </trkpt>
      <trkpt lat="45.624584" lon="13.869989">
        <ele>241.673335</ele>
        <time>2026-03-27T00:08:55.367Z</time>
      </trkpt>
      <trkpt lat="45.624563" lon="13.869838">
        <ele>241.171717</ele>
        <time>2026-03-27T00:08:57.140Z</time>
      </trkpt>
      <trkpt lat="45.624537" lon="13.869670">
        <ele>240.611101</ele>
        <time>2026-03-27T00:08:59.165Z</time>
      </trkpt>
      <trkpt lat="45.624240" lon="13.867865">
        <ele>238.177692</ele>
        <time>2026-03-27T00:09:24.281Z</time>
      </trkpt>
      <trkpt lat="45.624217" lon="13.867502">
        <ele>237.816573</ele>
        <time>2026-03-27T00:09:31.477Z</time>
      </trkpt>
      <trkpt lat="45.624226" lon="13.867277">
        <ele>237.593287</ele>
        <time>2026-03-27T00:09:35.786Z</time>
      </trkpt>
      <trkpt lat="45.624318" lon="13.866743">
        <ele>236.917449</ele>
        <time>2026-03-27T00:09:45.581Z</time>
      </trkpt>
      <trkpt lat="45.624437" lon="13.866344">
        <ele>236.131097</ele>
        <time>2026-03-27T00:09:52.470Z</time>
      </trkpt>
      <trkpt lat="45.624626" lon="13.865949">
        <ele>235.263470</ele>
        <time>2026-03-27T00:09:59.546Z</time>
      </trkpt>
      <trkpt lat="45.625064" lon="13.865318">
        <ele>233.651782</ele>
        <time>2026-03-27T00:10:11.028Z</time>
      </trkpt>
      <trkpt lat="45.625254" lon="13.864973">
        <ele>232.855718</ele>
        <time>2026-03-27T00:10:16.057Z</time>
      </trkpt>
      <trkpt lat="45.625347" lon="13.864742">
        <ele>232.171823</ele>
        <time>2026-03-27T00:10:19.055Z</time>
      </trkpt>
      <trkpt lat="45.625471" lon="13.864316">
        <ele>230.355575</ele>
        <time>2026-03-27T00:10:24.241Z</time>
      </trkpt>
      <trkpt lat="45.625494" lon="13.864092">
        <ele>229.464424</ele>
        <time>2026-03-27T00:10:26.784Z</time>
      </trkpt>
      <trkpt lat="45.625489" lon="13.863323">
        <ele>226.437391</ele>
        <time>2026-03-27T00:10:35.442Z</time>
      </trkpt>
      <trkpt lat="45.625460" lon="13.862552">
        <ele>223.398229</ele>
        <time>2026-03-27T00:10:44.206Z</time>
      </trkpt>
      <trkpt lat="45.625477" lon="13.862164">
        <ele>222.073945</ele>
        <time>2026-03-27T00:10:48.729Z</time>
      </trkpt>
      <trkpt lat="45.625527" lon="13.860990">
        <ele>219.170008</ele>
        <time>2026-03-27T00:11:03.080Z</time>
      </trkpt>
      <trkpt lat="45.625529" lon="13.860140">
        <ele>217.071374</ele>
        <time>2026-03-27T00:11:13.888Z</time>
      </trkpt>
      <trkpt lat="45.625618" lon="13.857260">
        <ele>212.278466</ele>
        <time>2026-03-27T00:11:52.388Z</time>
      </trkpt>
      <trkpt lat="45.625657" lon="13.856883">
        <ele>211.812349</ele>
        <time>2026-03-27T00:11:57.402Z</time>
      </trkpt>
      <trkpt lat="45.625832" lon="13.855801">
        <ele>210.566586</ele>
        <time>2026-03-27T00:12:12.900Z</time>
      </trkpt>
      <trkpt lat="45.625843" lon="13.855651">
        <ele>210.397402</ele>
        <time>2026-03-27T00:12:15.033Z</time>
      </trkpt>
      <trkpt lat="45.625847" lon="13.855510">
        <ele>210.239106</ele>
        <time>2026-03-27T00:12:17.019Z</time>
      </trkpt>
      <trkpt lat="45.625850" lon="13.855463">
        <ele>210.186165</ele>
        <time>2026-03-27T00:12:17.699Z</time>
      </trkpt>
      <trkpt lat="45.625858" lon="13.855309">
        <ele>210.012941</ele>
        <time>2026-03-27T00:12:19.889Z</time>
      </trkpt>
      <trkpt lat="45.625825" lon="13.854283">
        <ele>209.187345</ele>
        <time>2026-03-27T00:12:34.163Z</time>
      </trkpt>
      <trkpt lat="45.625687" lon="13.852580">
        <ele>208.882368</ele>
        <time>2026-03-27T00:13:01.355Z</time>
      </trkpt>
      <trkpt lat="45.625631" lon="13.851988">
        <ele>208.855551</ele>
        <time>2026-03-27T00:13:12.770Z</time>
      </trkpt>
      <trkpt lat="45.625411" lon="13.849836">
        <ele>210.481956</ele>
        <time>2026-03-27T00:14:03.175Z</time>
      </trkpt>
      <trkpt lat="45.625410" lon="13.849834">
        <ele>210.483794</ele>
        <time>2026-03-27T00:14:03.219Z</time>
      </trkpt>
      <trkpt lat="45.625308" lon="13.849133">
        <ele>210.076685</ele>
        <time>2026-03-27T00:14:14.951Z</time>
      </trkpt>
      <trkpt lat="45.625261" lon="13.848731">
        <ele>209.438224</ele>
        <time>2026-03-27T00:14:20.718Z</time>
      </trkpt>
      <trkpt lat="45.625192" lon="13.847941">
        <ele>208.191096</ele>
        <time>2026-03-27T00:14:30.641Z</time>
      </trkpt>
      <trkpt lat="45.625188" lon="13.847512">
        <ele>207.519019</ele>
        <time>2026-03-27T00:14:35.805Z</time>
      </trkpt>
      <trkpt lat="45.625212" lon="13.847221">
        <ele>207.060016</ele>
        <time>2026-03-27T00:14:39.480Z</time>
      </trkpt>
      <trkpt lat="45.625267" lon="13.846965">
        <ele>206.649363</ele>
        <time>2026-03-27T00:14:42.966Z</time>
      </trkpt>
      <trkpt lat="45.625315" lon="13.846752">
        <ele>206.367256</ele>
        <time>2026-03-27T00:14:45.901Z</time>
      </trkpt>
      <trkpt lat="45.625434" lon="13.846410">
        <ele>205.885712</ele>
        <time>2026-03-27T00:14:50.979Z</time>
      </trkpt>
      <trkpt lat="45.625694" lon="13.845883">
        <ele>205.072695</ele>
        <time>2026-03-27T00:14:59.671Z</time>
      </trkpt>
      <trkpt lat="45.626039" lon="13.845290">
        <ele>204.100301</ele>
        <time>2026-03-27T00:15:10.517Z</time>
      </trkpt>
      <trkpt lat="45.626439" lon="13.844406">
        <ele>202.706915</ele>
        <time>2026-03-27T00:15:26.747Z</time>
      </trkpt>
      <trkpt lat="45.626440" lon="13.844361">
        <ele>202.644566</ele>
        <time>2026-03-27T00:15:27.340Z</time>
      </trkpt>
      <trkpt lat="45.626410" lon="13.844239">
        <ele>202.465477</ele>
        <time>2026-03-27T00:15:29.111Z</time>
      </trkpt>
      <trkpt lat="45.626417" lon="13.844155">
        <ele>202.348328</ele>
        <time>2026-03-27T00:15:30.246Z</time>
      </trkpt>
      <trkpt lat="45.626660" lon="13.843631">
        <ele>201.477633</ele>
        <time>2026-03-27T00:15:38.611Z</time>
      </trkpt>
      <trkpt lat="45.626770" lon="13.843475">
        <ele>201.170849</ele>
        <time>2026-03-27T00:15:41.545Z</time>
      </trkpt>
      <trkpt lat="45.626811" lon="13.843423">
        <ele>201.062326</ele>
        <time>2026-03-27T00:15:42.580Z</time>
      </trkpt>
      <trkpt lat="45.626870" lon="13.843346">
        <ele>200.904150</ele>
        <time>2026-03-27T00:15:44.110Z</time>
      </trkpt>
      <trkpt lat="45.626986" lon="13.843197">
        <ele>200.595379</ele>
        <time>2026-03-27T00:15:47.046Z</time>
      </trkpt>
      <trkpt lat="45.627277" lon="13.842992">
        <ele>199.953005</ele>
        <time>2026-03-27T00:15:53.179Z</time>
      </trkpt>
      <trkpt lat="45.627763" lon="13.842526">
        <ele>198.145604</ele>
        <time>2026-03-27T00:16:03.792Z</time>
      </trkpt>
      <trkpt lat="45.628401" lon="13.842051">
        <ele>195.871820</ele>
        <time>2026-03-27T00:16:16.788Z</time>
      </trkpt>
      <trkpt lat="45.628740" lon="13.841765">
        <ele>194.627595</ele>
        <time>2026-03-27T00:16:23.790Z</time>
      </trkpt>
      <trkpt lat="45.629075" lon="13.841324">
        <ele>193.455405</ele>
        <time>2026-03-27T00:16:31.609Z</time>
      </trkpt>
      <trkpt lat="45.629192" lon="13.841089">
        <ele>192.986730</ele>
        <time>2026-03-27T00:16:35.207Z</time>
      </trkpt>
      <trkpt lat="45.629271" lon="13.840931">
        <ele>192.671168</ele>
        <time>2026-03-27T00:16:37.745Z</time>
      </trkpt>
      <trkpt lat="45.629355" lon="13.840678">
        <ele>192.216153</ele>
        <time>2026-03-27T00:16:41.416Z</time>
      </trkpt>
      <trkpt lat="45.629453" lon="13.840118">
        <ele>191.278289</ele>
        <time>2026-03-27T00:16:48.945Z</time>
      </trkpt>
      <trkpt lat="45.629475" lon="13.839780">
        <ele>190.726781</ele>
        <time>2026-03-27T00:16:53.492Z</time>
      </trkpt>
      <trkpt lat="45.629449" lon="13.839358">
        <ele>190.038521</ele>
        <time>2026-03-27T00:16:59.476Z</time>
      </trkpt>
      <trkpt lat="45.629251" lon="13.838596">
        <ele>190.758745</ele>
        <time>2026-03-27T00:17:15.034Z</time>
      </trkpt>
      <trkpt lat="45.629183" lon="13.838280">
        <ele>191.065073</ele>
        <time>2026-03-27T00:17:24.076Z</time>
      </trkpt>
      <trkpt lat="45.629172" lon="13.837737">
        <ele>191.568383</ele>
        <time>2026-03-27T00:17:39.342Z</time>
      </trkpt>
      <trkpt lat="45.629219" lon="13.837390">
        <ele>191.895859</ele>
        <time>2026-03-27T00:17:49.526Z</time>
      </trkpt>
      <trkpt lat="45.629281" lon="13.837131">
        <ele>192.149497</ele>
        <time>2026-03-27T00:17:57.625Z</time>
      </trkpt>
      <trkpt lat="45.629383" lon="13.836815">
        <ele>192.024381</ele>
        <time>2026-03-27T00:18:06.571Z</time>
      </trkpt>
      <trkpt lat="45.629573" lon="13.836431">
        <ele>189.726511</ele>
        <time>2026-03-27T00:18:14.028Z</time>
      </trkpt>
      <trkpt lat="45.629661" lon="13.836300">
        <ele>188.839166</ele>
        <time>2026-03-27T00:18:16.224Z</time>
      </trkpt>
      <trkpt lat="45.630005" lon="13.835962">
        <ele>185.923602</ele>
        <time>2026-03-27T00:18:22.757Z</time>
      </trkpt>
      <trkpt lat="45.630331" lon="13.835668">
        <ele>183.231309</ele>
        <time>2026-03-27T00:18:28.484Z</time>
      </trkpt>
      <trkpt lat="45.630412" lon="13.835590">
        <ele>182.549158</ele>
        <time>2026-03-27T00:18:29.932Z</time>
      </trkpt>
      <trkpt lat="45.630614" lon="13.835406">
        <ele>180.876150</ele>
        <time>2026-03-27T00:18:33.407Z</time>
      </trkpt>
      <trkpt lat="45.630958" lon="13.834960">
        <ele>177.363488</ele>
        <time>2026-03-27T00:18:40.106Z</time>
      </trkpt>
      <trkpt lat="45.631031" lon="13.834833">
        <ele>176.462377</ele>
        <time>2026-03-27T00:18:41.756Z</time>
      </trkpt>
      <trkpt lat="45.631186" lon="13.834457">
        <ele>174.069968</ele>
        <time>2026-03-27T00:18:46.193Z</time>
      </trkpt>
      <trkpt lat="45.631295" lon="13.833979">
        <ele>171.314154</ele>
        <time>2026-03-27T00:18:51.683Z</time>
      </trkpt>
      <trkpt lat="45.631332" lon="13.833682">
        <ele>169.660601</ele>
        <time>2026-03-27T00:18:55.391Z</time>
      </trkpt>
      <trkpt lat="45.631335" lon="13.833386">
        <ele>168.037991</ele>
        <time>2026-03-27T00:18:59.273Z</time>
      </trkpt>
      <trkpt lat="45.631304" lon="13.833139">
        <ele>166.662498</ele>
        <time>2026-03-27T00:19:02.461Z</time>
      </trkpt>
      <trkpt lat="45.631296" lon="13.833063">
        <ele>166.241232</ele>
        <time>2026-03-27T00:19:03.451Z</time>
      </trkpt>
      <trkpt lat="45.631285" lon="13.832982">
        <ele>165.788958</ele>
        <time>2026-03-27T00:19:04.500Z</time>
      </trkpt>
      <trkpt lat="45.631121" lon="13.832377">
        <ele>164.049421</ele>
        <time>2026-03-27T00:19:12.524Z</time>
      </trkpt>
      <trkpt lat="45.630995" lon="13.832076">
        <ele>163.123314</ele>
        <time>2026-03-27T00:19:16.752Z</time>
      </trkpt>
      <trkpt lat="45.630597" lon="13.831278">
        <ele>160.535730</ele>
        <time>2026-03-27T00:19:28.637Z</time>
      </trkpt>
      <trkpt lat="45.630481" lon="13.830890">
        <ele>159.421749</ele>
        <time>2026-03-27T00:19:33.627Z</time>
      </trkpt>
      <trkpt lat="45.630373" lon="13.830379">
        <ele>158.648306</ele>
        <time>2026-03-27T00:19:40.063Z</time>
      </trkpt>
      <trkpt lat="45.630331" lon="13.829745">
        <ele>158.110441</ele>
        <time>2026-03-27T00:19:48.608Z</time>
      </trkpt>
      <trkpt lat="45.630374" lon="13.829051">
        <ele>157.522002</ele>
        <time>2026-03-27T00:19:59.522Z</time>
      </trkpt>
      <trkpt lat="45.630541" lon="13.828272">
        <ele>156.833847</ele>
        <time>2026-03-27T00:20:13.718Z</time>
      </trkpt>
      <trkpt lat="45.630569" lon="13.828009">
        <ele>156.814611</ele>
        <time>2026-03-27T00:20:18.301Z</time>
      </trkpt>
      <trkpt lat="45.630581" lon="13.827536">
        <ele>156.909962</ele>
        <time>2026-03-27T00:20:27.472Z</time>
      </trkpt>
      <trkpt lat="45.630578" lon="13.827497">
        <ele>156.917866</ele>
        <time>2026-03-27T00:20:28.222Z</time>
      </trkpt>
      <trkpt lat="45.630518" lon="13.827056">
        <ele>157.008374</ele>
        <time>2026-03-27T00:20:39.286Z</time>
      </trkpt>
      <trkpt lat="45.630324" lon="13.826512">
        <ele>157.131394</ele>
        <time>2026-03-27T00:20:51.949Z</time>
      </trkpt>
      <trkpt lat="45.630282" lon="13.826395">
        <ele>157.157888</ele>
        <time>2026-03-27T00:20:53.949Z</time>
      </trkpt>
      <trkpt lat="45.630194" lon="13.826167">
        <ele>157.210352</ele>
        <time>2026-03-27T00:20:58.051Z</time>
      </trkpt>
      <trkpt lat="45.630216" lon="13.825855">
        <ele>157.273525</ele>
        <time>2026-03-27T00:21:02.981Z</time>
      </trkpt>
      <trkpt lat="45.630160" lon="13.825751">
        <ele>157.222031</ele>
        <time>2026-03-27T00:21:04.990Z</time>
      </trkpt>
      <trkpt lat="45.630044" lon="13.825631">
        <ele>156.787511</ele>
        <time>2026-03-27T00:21:07.924Z</time>
      </trkpt>
      <trkpt lat="45.630007" lon="13.825597">
        <ele>156.654031</ele>
        <time>2026-03-27T00:21:08.807Z</time>
      </trkpt>
      <trkpt lat="45.629566" lon="13.825600">
        <ele>155.315585</ele>
        <time>2026-03-27T00:21:15.539Z</time>
      </trkpt>
      <trkpt lat="45.629528" lon="13.825601">
        <ele>155.200235</ele>
        <time>2026-03-27T00:21:16.209Z</time>
      </trkpt>
      <trkpt lat="45.629551" lon="13.824930">
        <ele>153.774427</ele>
        <time>2026-03-27T00:21:24.550Z</time>
      </trkpt>
      <trkpt lat="45.629529" lon="13.824584">
        <ele>153.037063</ele>
        <time>2026-03-27T00:21:28.697Z</time>
      </trkpt>
      <trkpt lat="45.629599" lon="13.824240">
        <ele>152.276691</ele>
        <time>2026-03-27T00:21:32.972Z</time>
      </trkpt>
      <trkpt lat="45.629672" lon="13.824147">
        <ele>151.979968</ele>
        <time>2026-03-27T00:21:34.688Z</time>
      </trkpt>
      <trkpt lat="45.629875" lon="13.823815">
        <ele>150.901972</ele>
        <time>2026-03-27T00:21:40.099Z</time>
      </trkpt>
      <trkpt lat="45.629916" lon="13.823641">
        <ele>150.442266</ele>
        <time>2026-03-27T00:21:42.381Z</time>
      </trkpt>
      <trkpt lat="45.629918" lon="13.823544">
        <ele>150.199304</ele>
        <time>2026-03-27T00:21:43.376Z</time>
      </trkpt>
      <trkpt lat="45.629884" lon="13.823288">
        <ele>149.546906</ele>
        <time>2026-03-27T00:21:46.139Z</time>
      </trkpt>
      <trkpt lat="45.629498" lon="13.822282">
        <ele>146.673963</ele>
        <time>2026-03-27T00:21:58.792Z</time>
      </trkpt>
      <trkpt lat="45.629329" lon="13.821758">
        <ele>145.243427</ele>
        <time>2026-03-27T00:22:04.392Z</time>
      </trkpt>
      <trkpt lat="45.629212" lon="13.821394">
        <ele>144.326576</ele>
        <time>2026-03-27T00:22:08.260Z</time>
      </trkpt>
      <trkpt lat="45.629101" lon="13.821049">
        <ele>143.457434</ele>
        <time>2026-03-27T00:22:11.965Z</time>
      </trkpt>
      <trkpt lat="45.628902" lon="13.820246">
        <ele>141.507662</ele>
        <time>2026-03-27T00:22:20.667Z</time>
      </trkpt>
      <trkpt lat="45.628862" lon="13.819890">
        <ele>140.682452</ele>
        <time>2026-03-27T00:22:24.664Z</time>
      </trkpt>
      <trkpt lat="45.628862" lon="13.819354">
        <ele>139.484820</ele>
        <time>2026-03-27T00:22:31.102Z</time>
      </trkpt>
      <trkpt lat="45.628921" lon="13.819131">
        <ele>139.242095</ele>
        <time>2026-03-27T00:22:34.387Z</time>
      </trkpt>
      <trkpt lat="45.628979" lon="13.818912">
        <ele>139.003695</ele>
        <time>2026-03-27T00:22:37.945Z</time>
      </trkpt>
      <trkpt lat="45.629099" lon="13.818568">
        <ele>138.612341</ele>
        <time>2026-03-27T00:22:45.011Z</time>
      </trkpt>
      <trkpt lat="45.629408" lon="13.818033">
        <ele>137.905952</ele>
        <time>2026-03-27T00:22:55.844Z</time>
      </trkpt>
      <trkpt lat="45.629715" lon="13.817692">
        <ele>137.340048</ele>
        <time>2026-03-27T00:23:02.254Z</time>
      </trkpt>
      <trkpt lat="45.629802" lon="13.817598">
        <ele>137.181309</ele>
        <time>2026-03-27T00:23:03.881Z</time>
      </trkpt>
      <trkpt lat="45.629806" lon="13.817593">
        <ele>137.173575</ele>
        <time>2026-03-27T00:23:03.961Z</time>
      </trkpt>
      <trkpt lat="45.629891" lon="13.817503">
        <ele>137.019607</ele>
        <time>2026-03-27T00:23:05.482Z</time>
      </trkpt>
      <trkpt lat="45.629996" lon="13.817392">
        <ele>136.689522</ele>
        <time>2026-03-27T00:23:07.302Z</time>
      </trkpt>
      <trkpt lat="45.630160" lon="13.817188">
        <ele>135.637073</ele>
        <time>2026-03-27T00:23:10.327Z</time>
      </trkpt>
      <trkpt lat="45.630347" lon="13.816896">
        <ele>134.296439</ele>
        <time>2026-03-27T00:23:14.132Z</time>
      </trkpt>
      <trkpt lat="45.630438" lon="13.816711">
        <ele>133.530606</ele>
        <time>2026-03-27T00:23:16.303Z</time>
      </trkpt>
      <trkpt lat="45.630572" lon="13.816302">
        <ele>132.001330</ele>
        <time>2026-03-27T00:23:20.603Z</time>
      </trkpt>
      <trkpt lat="45.630639" lon="13.816038">
        <ele>131.050416</ele>
        <time>2026-03-27T00:23:23.272Z</time>
      </trkpt>
      <trkpt lat="45.630659" lon="13.815718">
        <ele>129.962623</ele>
        <time>2026-03-27T00:23:26.382Z</time>
      </trkpt>
      <trkpt lat="45.630659" lon="13.815221">
        <ele>128.279853</ele>
        <time>2026-03-27T00:23:31.361Z</time>
      </trkpt>
      <trkpt lat="45.630608" lon="13.814898">
        <ele>127.440928</ele>
        <time>2026-03-27T00:23:34.836Z</time>
      </trkpt>
      <trkpt lat="45.630312" lon="13.813301">
        <ele>123.391603</ele>
        <time>2026-03-27T00:23:52.567Z</time>
      </trkpt>
      <trkpt lat="45.630169" lon="13.812511">
        <ele>121.423784</ele>
        <time>2026-03-27T00:24:00.838Z</time>
      </trkpt>
      <trkpt lat="45.630136" lon="13.812376">
        <ele>121.096575</ele>
        <time>2026-03-27T00:24:02.268Z</time>
      </trkpt>
      <trkpt lat="45.629983" lon="13.811742">
        <ele>119.562025</ele>
        <time>2026-03-27T00:24:09.058Z</time>
      </trkpt>
      <trkpt lat="45.629950" lon="13.811612">
        <ele>119.245591</ele>
        <time>2026-03-27T00:24:10.526Z</time>
      </trkpt>
      <trkpt lat="45.629923" lon="13.811529">
        <ele>119.036144</ele>
        <time>2026-03-27T00:24:11.473Z</time>
      </trkpt>
      <trkpt lat="45.629639" lon="13.810725">
        <ele>116.975202</ele>
        <time>2026-03-27T00:24:21.185Z</time>
      </trkpt>
      <trkpt lat="45.629558" lon="13.810390">
        <ele>116.164186</ele>
        <time>2026-03-27T00:24:24.999Z</time>
      </trkpt>
      <trkpt lat="45.629522" lon="13.810104">
        <ele>115.489945</ele>
        <time>2026-03-27T00:24:28.208Z</time>
      </trkpt>
      <trkpt lat="45.629499" lon="13.809683">
        <ele>114.505406</ele>
        <time>2026-03-27T00:24:33.067Z</time>
      </trkpt>
      <trkpt lat="45.629513" lon="13.809459">
        <ele>113.981075</ele>
        <time>2026-03-27T00:24:35.578Z</time>
      </trkpt>
      <trkpt lat="45.629653" lon="13.808887">
        <ele>112.568151</ele>
        <time>2026-03-27T00:24:42.061Z</time>
      </trkpt>
      <trkpt lat="45.629713" lon="13.808649">
        <ele>111.978306</ele>
        <time>2026-03-27T00:24:44.702Z</time>
      </trkpt>
      <trkpt lat="45.629836" lon="13.808124">
        <ele>110.687421</ele>
        <time>2026-03-27T00:24:50.222Z</time>
      </trkpt>
      <trkpt lat="45.629860" lon="13.807721">
        <ele>109.768650</ele>
        <time>2026-03-27T00:24:54.193Z</time>
      </trkpt>
      <trkpt lat="45.629972" lon="13.806635">
        <ele>107.456605</ele>
        <time>2026-03-27T00:25:05.232Z</time>
      </trkpt>
      <trkpt lat="45.630007" lon="13.806465">
        <ele>107.083361</ele>
        <time>2026-03-27T00:25:07.138Z</time>
      </trkpt>
      <trkpt lat="45.630069" lon="13.806228">
        <ele>106.550413</ele>
        <time>2026-03-27T00:25:10.010Z</time>
      </trkpt>
      <trkpt lat="45.630204" lon="13.805897">
        <ele>105.743362</ele>
        <time>2026-03-27T00:25:14.697Z</time>
      </trkpt>
      <trkpt lat="45.630289" lon="13.805769">
        <ele>105.371585</ele>
        <time>2026-03-27T00:25:16.881Z</time>
      </trkpt>
      <trkpt lat="45.630792" lon="13.805224">
        <ele>103.348656</ele>
        <time>2026-03-27T00:25:27.522Z</time>
      </trkpt>
      <trkpt lat="45.630979" lon="13.805109">
        <ele>102.667865</ele>
        <time>2026-03-27T00:25:30.670Z</time>
      </trkpt>
      <trkpt lat="45.631314" lon="13.805009">
        <ele>101.523323</ele>
        <time>2026-03-27T00:25:35.882Z</time>
      </trkpt>
      <trkpt lat="45.631424" lon="13.804976">
        <ele>101.147425</ele>
        <time>2026-03-27T00:25:37.562Z</time>
      </trkpt>
      <trkpt lat="45.632010" lon="13.805001">
        <ele>99.186702</ele>
        <time>2026-03-27T00:25:45.926Z</time>
      </trkpt>
      <trkpt lat="45.632356" lon="13.805002">
        <ele>98.232056</ele>
        <time>2026-03-27T00:25:51.623Z</time>
      </trkpt>
      <trkpt lat="45.632619" lon="13.804934">
        <ele>97.678075</ele>
        <time>2026-03-27T00:25:56.102Z</time>
      </trkpt>
      <trkpt lat="45.632782" lon="13.804860">
        <ele>97.323594</ele>
        <time>2026-03-27T00:25:59.124Z</time>
      </trkpt>
      <trkpt lat="45.632953" lon="13.804697">
        <ele>96.897627</ele>
        <time>2026-03-27T00:26:03.066Z</time>
      </trkpt>
      <trkpt lat="45.633210" lon="13.804340">
        <ele>96.154986</ele>
        <time>2026-03-27T00:26:11.141Z</time>
      </trkpt>
      <trkpt lat="45.633278" lon="13.804234">
        <ele>95.946489</ele>
        <time>2026-03-27T00:26:13.148Z</time>
      </trkpt>
      <trkpt lat="45.633429" lon="13.803964">
        <ele>95.445383</ele>
        <time>2026-03-27T00:26:18.064Z</time>
      </trkpt>
      <trkpt lat="45.633748" lon="13.803256">
        <ele>94.248643</ele>
        <time>2026-03-27T00:26:29.484Z</time>
      </trkpt>
      <trkpt lat="45.634235" lon="13.802533">
        <ele>92.850954</ele>
        <time>2026-03-27T00:26:41.065Z</time>
      </trkpt>
      <trkpt lat="45.634349" lon="13.802436">
        <ele>92.586829</ele>
        <time>2026-03-27T00:26:43.135Z</time>
      </trkpt>
      <trkpt lat="45.634488" lon="13.802317">
        <ele>92.264263</ele>
        <time>2026-03-27T00:26:45.637Z</time>
      </trkpt>
      <trkpt lat="45.634620" lon="13.802168">
        <ele>91.929432</ele>
        <time>2026-03-27T00:26:48.167Z</time>
      </trkpt>
      <trkpt lat="45.634736" lon="13.802000">
        <ele>91.600713</ele>
        <time>2026-03-27T00:26:50.635Z</time>
      </trkpt>
      <trkpt lat="45.634918" lon="13.801630">
        <ele>90.840002</ele>
        <time>2026-03-27T00:26:55.435Z</time>
      </trkpt>
      <trkpt lat="45.635086" lon="13.801072">
        <ele>89.601296</ele>
        <time>2026-03-27T00:27:02.013Z</time>
      </trkpt>
      <trkpt lat="45.635309" lon="13.799968">
        <ele>87.258288</ele>
        <time>2026-03-27T00:27:14.975Z</time>
      </trkpt>
      <trkpt lat="45.635332" lon="13.799762">
        <ele>86.832951</ele>
        <time>2026-03-27T00:27:17.218Z</time>
      </trkpt>
      <trkpt lat="45.635340" lon="13.798879">
        <ele>84.626129</ele>
        <time>2026-03-27T00:27:26.137Z</time>
      </trkpt>
      <trkpt lat="45.635211" lon="13.797732">
        <ele>81.270772</ele>
        <time>2026-03-27T00:27:37.554Z</time>
      </trkpt>
      <trkpt lat="45.635125" lon="13.797017">
        <ele>79.175367</ele>
        <time>2026-03-27T00:27:44.871Z</time>
      </trkpt>
      <trkpt lat="45.635042" lon="13.796052">
        <ele>77.452099</ele>
        <time>2026-03-27T00:27:55.350Z</time>
      </trkpt>
      <trkpt lat="45.635020" lon="13.795932">
        <ele>77.269591</ele>
        <time>2026-03-27T00:27:56.754Z</time>
      </trkpt>
      <trkpt lat="45.634911" lon="13.795328">
        <ele>76.351885</ele>
        <time>2026-03-27T00:28:03.937Z</time>
      </trkpt>
      <trkpt lat="45.634748" lon="13.793144">
        <ele>74.082030</ele>
        <time>2026-03-27T00:28:30.410Z</time>
      </trkpt>
      <trkpt lat="45.634756" lon="13.792668">
        <ele>73.783988</ele>
        <time>2026-03-27T00:28:36.733Z</time>
      </trkpt>
      <trkpt lat="45.634703" lon="13.792476">
        <ele>73.654778</ele>
        <time>2026-03-27T00:28:39.481Z</time>
      </trkpt>
      <trkpt lat="45.634697" lon="13.792352">
        <ele>73.576974</ele>
        <time>2026-03-27T00:28:41.150Z</time>
      </trkpt>
      <trkpt lat="45.634723" lon="13.791488">
        <ele>72.847583</ele>
        <time>2026-03-27T00:28:52.891Z</time>
      </trkpt>
      <trkpt lat="45.634757" lon="13.791254">
        <ele>72.508205</ele>
        <time>2026-03-27T00:28:56.095Z</time>
      </trkpt>
      <trkpt lat="45.634997" lon="13.789572">
        <ele>70.070551</ele>
        <time>2026-03-27T00:29:15.602Z</time>
      </trkpt>
      <trkpt lat="45.634979" lon="13.789538">
        <ele>70.009994</ele>
        <time>2026-03-27T00:29:16.048Z</time>
      </trkpt>
      <trkpt lat="45.635081" lon="13.788690">
        <ele>68.344832</ele>
        <time>2026-03-27T00:29:24.892Z</time>
      </trkpt>
      <trkpt lat="45.635041" lon="13.788602">
        <ele>68.106868</ele>
        <time>2026-03-27T00:29:25.934Z</time>
      </trkpt>
      <trkpt lat="45.635008" lon="13.788493">
        <ele>67.837574</ele>
        <time>2026-03-27T00:29:27.145Z</time>
      </trkpt>
      <trkpt lat="45.635258" lon="13.786752">
        <ele>63.808023</ele>
        <time>2026-03-27T00:29:45.629Z</time>
      </trkpt>
      <trkpt lat="45.635270" lon="13.786694">
        <ele>63.683492</ele>
        <time>2026-03-27T00:29:46.324Z</time>
      </trkpt>
      <trkpt lat="45.635338" lon="13.786359">
        <ele>63.244266</ele>
        <time>2026-03-27T00:29:50.342Z</time>
      </trkpt>
      <trkpt lat="45.635458" lon="13.785979">
        <ele>62.719260</ele>
        <time>2026-03-27T00:29:55.277Z</time>
      </trkpt>
      <trkpt lat="45.635732" lon="13.785455">
        <ele>61.895385</ele>
        <time>2026-03-27T00:30:03.273Z</time>
      </trkpt>
      <trkpt lat="45.635906" lon="13.785212">
        <ele>61.457442</ele>
        <time>2026-03-27T00:30:07.669Z</time>
      </trkpt>
      <trkpt lat="45.636092" lon="13.785006">
        <ele>61.033810</ele>
        <time>2026-03-27T00:30:11.804Z</time>
      </trkpt>
      <trkpt lat="45.636821" lon="13.784282">
        <ele>58.433964</ele>
        <time>2026-03-27T00:30:26.075Z</time>
      </trkpt>
      <trkpt lat="45.637620" lon="13.783554">
        <ele>55.060460</ele>
        <time>2026-03-27T00:30:39.714Z</time>
      </trkpt>
      <trkpt lat="45.637977" lon="13.783275">
        <ele>53.673927</ele>
        <time>2026-03-27T00:30:45.448Z</time>
      </trkpt>
      <trkpt lat="45.638192" lon="13.783063">
        <ele>52.874239</ele>
        <time>2026-03-27T00:30:49.166Z</time>
      </trkpt>
      <trkpt lat="45.638318" lon="13.782919">
        <ele>52.380343</ele>
        <time>2026-03-27T00:30:51.507Z</time>
      </trkpt>
      <trkpt lat="45.638332" lon="13.782905">
        <ele>52.328032</ele>
        <time>2026-03-27T00:30:51.765Z</time>
      </trkpt>
      <trkpt lat="45.638754" lon="13.782499">
        <ele>50.770602</ele>
        <time>2026-03-27T00:30:59.321Z</time>
      </trkpt>
      <trkpt lat="45.638827" lon="13.782444">
        <ele>50.517938</ele>
        <time>2026-03-27T00:31:00.559Z</time>
      </trkpt>
      <trkpt lat="45.639395" lon="13.782013">
        <ele>48.548955</ele>
        <time>2026-03-27T00:31:11.939Z</time>
      </trkpt>
      <trkpt lat="45.639956" lon="13.781639">
        <ele>48.812425</ele>
        <time>2026-03-27T00:31:22.137Z</time>
      </trkpt>
      <trkpt lat="45.640011" lon="13.781592">
        <ele>48.839863</ele>
        <time>2026-03-27T00:31:23.212Z</time>
      </trkpt>
      <trkpt lat="45.640094" lon="13.781515">
        <ele>48.882230</ele>
        <time>2026-03-27T00:31:24.988Z</time>
      </trkpt>
      <trkpt lat="45.640168" lon="13.781433">
        <ele>48.922318</ele>
        <time>2026-03-27T00:31:26.425Z</time>
      </trkpt>
      <trkpt lat="45.640269" lon="13.781320">
        <ele>48.977232</ele>
        <time>2026-03-27T00:31:28.612Z</time>
      </trkpt>
      <trkpt lat="45.640444" lon="13.781068">
        <ele>49.083579</ele>
        <time>2026-03-27T00:31:35.129Z</time>
      </trkpt>
      <trkpt lat="45.640635" lon="13.780743">
        <ele>49.210700</ele>
        <time>2026-03-27T00:31:49.834Z</time>
      </trkpt>
      <trkpt lat="45.640686" lon="13.780631">
        <ele>49.250720</ele>
        <time>2026-03-27T00:31:54.877Z</time>
      </trkpt>
      <trkpt lat="45.640749" lon="13.780491">
        <ele>49.300570</ele>
        <time>2026-03-27T00:32:01.438Z</time>
      </trkpt>
      <trkpt lat="45.640790" lon="13.780446">
        <ele>49.378065</ele>
        <time>2026-03-27T00:32:04.618Z</time>
      </trkpt>
      <trkpt lat="45.640868" lon="13.780461">
        <ele>49.794374</ele>
        <time>2026-03-27T00:32:09.108Z</time>
      </trkpt>
      <trkpt lat="45.640900" lon="13.780546">
        <ele>50.151406</ele>
        <time>2026-03-27T00:32:13.051Z</time>
      </trkpt>
      <trkpt lat="45.640894" lon="13.780597">
        <ele>50.342671</ele>
        <time>2026-03-27T00:32:15.239Z</time>
      </trkpt>
      <trkpt lat="45.640832" lon="13.780722">
        <ele>50.909476</ele>
        <time>2026-03-27T00:32:21.490Z</time>
      </trkpt>
      <trkpt lat="45.640829" lon="13.780791">
        <ele>51.165152</ele>
        <time>2026-03-27T00:32:24.529Z</time>
      </trkpt>
      <trkpt lat="45.641036" lon="13.780886">
        <ele>52.315103</ele>
        <time>2026-03-27T00:32:38.136Z</time>
      </trkpt>
      <trkpt lat="45.641059" lon="13.780907">
        <ele>52.459441</ele>
        <time>2026-03-27T00:32:40.033Z</time>
      </trkpt>
      <trkpt lat="45.640981" lon="13.781105">
        <ele>53.299943</ele>
        <time>2026-03-27T00:32:49.516Z</time>
      </trkpt>
      <trkpt lat="45.640952" lon="13.781224">
        <ele>53.766009</ele>
        <time>2026-03-27T00:32:55.162Z</time>
      </trkpt>
      <trkpt lat="45.641390" lon="13.781216">
        <ele>56.083080</ele>
        <time>2026-03-27T00:33:25.498Z</time>
      </trkpt>
      <trkpt lat="45.641513" lon="13.781314">
        <ele>56.827846</ele>
        <time>2026-03-27T00:33:34.100Z</time>
      </trkpt>
      <trkpt lat="45.641518" lon="13.781341">
        <ele>56.931143</ele>
        <time>2026-03-27T00:33:35.234Z</time>
      </trkpt>
      <trkpt lat="45.641557" lon="13.781399">
        <ele>57.228748</ele>
        <time>2026-03-27T00:33:38.312Z</time>
      </trkpt>
      <trkpt lat="45.641606" lon="13.781408">
        <ele>57.490071</ele>
        <time>2026-03-27T00:33:40.757Z</time>
      </trkpt>
      <trkpt lat="45.641662" lon="13.781341">
        <ele>57.876262</ele>
        <time>2026-03-27T00:33:44.028Z</time>
      </trkpt>
      <trkpt lat="45.641801" lon="13.781136">
        <ele>58.796192</ele>
        <time>2026-03-27T00:33:51.064Z</time>
      </trkpt>
      <trkpt lat="45.641821" lon="13.781108">
        <ele>58.743219</ele>
        <time>2026-03-27T00:33:51.912Z</time>
      </trkpt>
      <trkpt lat="45.641854" lon="13.781062">
        <ele>58.655998</ele>
        <time>2026-03-27T00:33:53.097Z</time>
      </trkpt>
      <trkpt lat="45.641919" lon="13.780974">
        <ele>58.486588</ele>
        <time>2026-03-27T00:33:55.245Z</time>
      </trkpt>
      <trkpt lat="45.642492" lon="13.780189">
        <ele>56.984743</ele>
        <time>2026-03-27T00:34:07.551Z</time>
      </trkpt>
      <trkpt lat="45.642548" lon="13.780135">
        <ele>56.856905</ele>
        <time>2026-03-27T00:34:08.501Z</time>
      </trkpt>
      <trkpt lat="45.642905" lon="13.779789">
        <ele>56.040643</ele>
        <time>2026-03-27T00:34:14.694Z</time>
      </trkpt>
      <trkpt lat="45.643143" lon="13.779563">
        <ele>55.499909</ele>
        <time>2026-03-27T00:34:18.924Z</time>
      </trkpt>
      <trkpt lat="45.643181" lon="13.779527">
        <ele>55.423016</ele>
        <time>2026-03-27T00:34:19.578Z</time>
      </trkpt>
      <trkpt lat="45.643512" lon="13.779230">
        <ele>55.182735</ele>
        <time>2026-03-27T00:34:25.702Z</time>
      </trkpt>
      <trkpt lat="45.643548" lon="13.779193">
        <ele>55.155474</ele>
        <time>2026-03-27T00:34:26.421Z</time>
      </trkpt>
      <trkpt lat="45.643826" lon="13.778899">
        <ele>54.942868</ele>
        <time>2026-03-27T00:34:32.694Z</time>
      </trkpt>
      <trkpt lat="45.644135" lon="13.778432">
        <ele>54.666434</ele>
        <time>2026-03-27T00:34:43.525Z</time>
      </trkpt>
      <trkpt lat="45.644366" lon="13.777826">
        <ele>54.369695</ele>
        <time>2026-03-27T00:34:56.721Z</time>
      </trkpt>
      <trkpt lat="45.644390" lon="13.777749">
        <ele>54.333451</ele>
        <time>2026-03-27T00:34:58.301Z</time>
      </trkpt>
      <trkpt lat="45.644457" lon="13.777532">
        <ele>54.266106</ele>
        <time>2026-03-27T00:35:02.585Z</time>
      </trkpt>
      <trkpt lat="45.644951" lon="13.775681">
        <ele>53.742174</ele>
        <time>2026-03-27T00:35:29.291Z</time>
      </trkpt>
      <trkpt lat="45.645109" lon="13.775080">
        <ele>53.479342</ele>
        <time>2026-03-27T00:35:36.855Z</time>
      </trkpt>
      <trkpt lat="45.645128" lon="13.775009">
        <ele>53.432027</ele>
        <time>2026-03-27T00:35:37.778Z</time>
      </trkpt>
      <trkpt lat="45.645188" lon="13.774783">
        <ele>53.281573</ele>
        <time>2026-03-27T00:35:40.634Z</time>
      </trkpt>
      <trkpt lat="45.645208" lon="13.774708">
        <ele>53.231616</ele>
        <time>2026-03-27T00:35:41.555Z</time>
      </trkpt>
      <trkpt lat="45.645250" lon="13.774548">
        <ele>53.125250</ele>
        <time>2026-03-27T00:35:43.609Z</time>
      </trkpt>
      <trkpt lat="45.645649" lon="13.773031">
        <ele>52.116526</ele>
        <time>2026-03-27T00:36:05.037Z</time>
      </trkpt>
      <trkpt lat="45.645684" lon="13.772860">
        <ele>51.863881</ele>
        <time>2026-03-27T00:36:07.591Z</time>
      </trkpt>
      <trkpt lat="45.645597" lon="13.772712">
        <ele>51.245813</ele>
        <time>2026-03-27T00:36:10.216Z</time>
      </trkpt>
      <trkpt lat="45.645415" lon="13.772519">
        <ele>50.209960</ele>
        <time>2026-03-27T00:36:14.257Z</time>
      </trkpt>
      <trkpt lat="45.645241" lon="13.772386">
        <ele>49.307951</ele>
        <time>2026-03-27T00:36:17.501Z</time>
      </trkpt>
      <trkpt lat="45.645258" lon="13.772296">
        <ele>49.009963</ele>
        <time>2026-03-27T00:36:18.507Z</time>
      </trkpt>
      <trkpt lat="45.645444" lon="13.771451">
        <ele>46.178325</ele>
        <time>2026-03-27T00:36:27.338Z</time>
      </trkpt>
      <trkpt lat="45.645459" lon="13.771389">
        <ele>45.968620</ele>
        <time>2026-03-27T00:36:27.950Z</time>
      </trkpt>
      <trkpt lat="45.645639" lon="13.770745">
        <ele>43.686620</ele>
        <time>2026-03-27T00:36:34.223Z</time>
      </trkpt>
      <trkpt lat="45.645839" lon="13.770361">
        <ele>40.611664</ele>
        <time>2026-03-27T00:36:38.425Z</time>
      </trkpt>
      <trkpt lat="45.646469" lon="13.769584">
        <ele>32.970827</ele>
        <time>2026-03-27T00:36:48.849Z</time>
      </trkpt>
      <trkpt lat="45.646503" lon="13.769542">
        <ele>32.558186</ele>
        <time>2026-03-27T00:36:49.424Z</time>
      </trkpt>
      <trkpt lat="45.646763" lon="13.769242">
        <ele>29.489848</ele>
        <time>2026-03-27T00:36:53.677Z</time>
      </trkpt>
      <trkpt lat="45.647214" lon="13.768691">
        <ele>25.288055</ele>
        <time>2026-03-27T00:37:01.424Z</time>
      </trkpt>
      <trkpt lat="45.647262" lon="13.768615">
        <ele>24.882309</ele>
        <time>2026-03-27T00:37:02.390Z</time>
      </trkpt>
      <trkpt lat="45.647318" lon="13.768522">
        <ele>24.396065</ele>
        <time>2026-03-27T00:37:03.624Z</time>
      </trkpt>
      <trkpt lat="45.647343" lon="13.768421">
        <ele>23.971618</ele>
        <time>2026-03-27T00:37:04.702Z</time>
      </trkpt>
      <trkpt lat="45.647357" lon="13.767843">
        <ele>21.680522</ele>
        <time>2026-03-27T00:37:10.600Z</time>
      </trkpt>
      <trkpt lat="45.647441" lon="13.767332">
        <ele>19.601007</ele>
        <time>2026-03-27T00:37:16.043Z</time>
      </trkpt>
      <trkpt lat="45.647483" lon="13.767057">
        <ele>18.485913</ele>
        <time>2026-03-27T00:37:19.023Z</time>
      </trkpt>
      <trkpt lat="45.647542" lon="13.766860">
        <ele>17.636906</ele>
        <time>2026-03-27T00:37:21.320Z</time>
      </trkpt>
      <trkpt lat="45.647811" lon="13.766369">
        <ele>16.062744</ele>
        <time>2026-03-27T00:37:28.097Z</time>
      </trkpt>
      <trkpt lat="45.647818" lon="13.766355">
        <ele>16.026139</ele>
        <time>2026-03-27T00:37:28.279Z</time>
      </trkpt>
      <trkpt lat="45.648293" lon="13.765421">
        <ele>13.569862</ele>
        <time>2026-03-27T00:37:40.329Z</time>
      </trkpt>
      <trkpt lat="45.648501" lon="13.765155">
        <ele>12.721112</ele>
        <time>2026-03-27T00:37:44.755Z</time>
      </trkpt>
      <trkpt lat="45.648818" lon="13.765614">
        <ele>11.630822</ele>
        <time>2026-03-27T00:37:52.276Z</time>
      </trkpt>
      <trkpt lat="45.649048" lon="13.765888">
        <ele>11.630822</ele>
        <time>2026-03-27T00:37:57.458Z</time>
      </trkpt>
      <trkpt lat="45.649484" lon="13.766407">
        <ele>11.630822</ele>
        <time>2026-03-27T00:38:06.502Z</time>
      </trkpt>
      <trkpt lat="45.649526" lon="13.766456">
        <ele>11.630822</ele>
        <time>2026-03-27T00:38:07.317Z</time>
      </trkpt>
      <trkpt lat="45.649461" lon="13.766543">
        <ele>11.630822</ele>
        <time>2026-03-27T00:38:08.732Z</time>
      </trkpt>
      <trkpt lat="45.649438" lon="13.766727">
        <ele>11.630822</ele>
        <time>2026-03-27T00:38:10.749Z</time>
      </trkpt>
      <trkpt lat="45.649511" lon="13.766891">
        <ele>11.630822</ele>
        <time>2026-03-27T00:38:12.875Z</time>
      </trkpt>
      <trkpt lat="45.649511" lon="13.766891">
        <ele>11.630822</ele>
        <time>2026-03-27T00:38:12.879Z</time>
      </trkpt>
      <trkpt lat="45.649569" lon="13.766933">
        <ele>11.630822</ele>
        <time>2026-03-27T00:38:14.270Z</time>
      </trkpt>
      <trkpt lat="45.649569" lon="13.766933">
        <ele>11.630822</ele>
        <time>2026-03-27T00:38:14.278Z</time>
      </trkpt>
      <trkpt lat="45.649817" lon="13.767345">
        <ele>11.630822</ele>
        <time>2026-03-27T00:38:40.718Z</time>
      </trkpt>
      <trkpt lat="45.649929" lon="13.767560">
        <ele>11.630822</ele>
        <time>2026-03-27T00:38:53.757Z</time>
      </trkpt>
      <trkpt lat="45.649955" lon="13.767928">
        <ele>11.630822</ele>
        <time>2026-03-27T00:39:11.727Z</time>
      </trkpt>
    </trkseg>
  </trk>
</gpx>