<?xml version='1.0' encoding='UTF-8'?>
<gpx version="1.1" creator="https://www.komoot.de" xmlns="http://www.topografix.com/GPX/1/1" xmlns:xsi="http://www.w3.org/2001/XMLSchema-instance" xsi:schemaLocation="http://www.topografix.com/GPX/1/1 http://www.topografix.com/GPX/1/1/gpx.xsd">
  <metadata>
    <name>7S26.5 - Krk</name>
    <author>
      <link href="https://www.komoot.de">
        <text>komoot</text>
        <type>text/html</type>
      </link>
    </author>
  </metadata>
  <wpt lat="45.119466" lon="14.476010">
    <name>Croce di Fumak e belvedere</name>
    <sym>Flag, Blue</sym>
  </wpt>
  <trk>
    <name>7S26.5 - Krk</name>
    <trkseg>
      <trkpt lat="45.027914" lon="14.497021">
        <ele>2.494436</ele>
        <time>2026-03-24T10:52:58.694Z</time>
      </trkpt>
      <trkpt lat="45.027966" lon="14.496683">
        <ele>2.494436</ele>
        <time>2026-03-24T10:53:02.766Z</time>
      </trkpt>
      <trkpt lat="45.028171" lon="14.496774">
        <ele>2.494436</ele>
        <time>2026-03-24T10:53:06.542Z</time>
      </trkpt>
      <trkpt lat="45.028296" lon="14.496914">
        <ele>2.494436</ele>
        <time>2026-03-24T10:53:09.505Z</time>
      </trkpt>
      <trkpt lat="45.028333" lon="14.497001">
        <ele>2.494436</ele>
        <time>2026-03-24T10:53:10.858Z</time>
      </trkpt>
      <trkpt lat="45.028437" lon="14.497250">
        <ele>2.494436</ele>
        <time>2026-03-24T10:53:15.577Z</time>
      </trkpt>
      <trkpt lat="45.028578" lon="14.497473">
        <ele>3.921126</ele>
        <time>2026-03-24T10:53:21.569Z</time>
      </trkpt>
      <trkpt lat="45.028723" lon="14.497636">
        <ele>5.197005</ele>
        <time>2026-03-24T10:53:27.835Z</time>
      </trkpt>
      <trkpt lat="45.028778" lon="14.497663">
        <ele>5.598084</ele>
        <time>2026-03-24T10:53:30.050Z</time>
      </trkpt>
      <trkpt lat="45.028878" lon="14.497648">
        <ele>6.290893</ele>
        <time>2026-03-24T10:53:34.209Z</time>
      </trkpt>
      <trkpt lat="45.028894" lon="14.497713">
        <ele>6.626034</ele>
        <time>2026-03-24T10:53:36.313Z</time>
      </trkpt>
      <trkpt lat="45.029007" lon="14.497689">
        <ele>7.413266</ele>
        <time>2026-03-24T10:53:41.458Z</time>
      </trkpt>
      <trkpt lat="45.029117" lon="14.497665">
        <ele>8.180066</ele>
        <time>2026-03-24T10:53:46.784Z</time>
      </trkpt>
      <trkpt lat="45.029218" lon="14.497653">
        <ele>8.878352</ele>
        <time>2026-03-24T10:53:51.803Z</time>
      </trkpt>
      <trkpt lat="45.030389" lon="14.497532">
        <ele>17.841352</ele>
        <time>2026-03-24T10:55:03.826Z</time>
      </trkpt>
      <trkpt lat="45.030948" lon="14.497544">
        <ele>23.310354</ele>
        <time>2026-03-24T10:55:40.753Z</time>
      </trkpt>
      <trkpt lat="45.031127" lon="14.497602">
        <ele>25.106732</ele>
        <time>2026-03-24T10:55:52.359Z</time>
      </trkpt>
      <trkpt lat="45.031481" lon="14.497796">
        <ele>28.820362</ele>
        <time>2026-03-24T10:56:15.687Z</time>
      </trkpt>
      <trkpt lat="45.032838" lon="14.498795">
        <ele>41.417174</ele>
        <time>2026-03-24T10:57:40.667Z</time>
      </trkpt>
      <trkpt lat="45.033140" lon="14.498950">
        <ele>43.901670</ele>
        <time>2026-03-24T10:57:56.100Z</time>
      </trkpt>
      <trkpt lat="45.034221" lon="14.499327">
        <ele>50.851638</ele>
        <time>2026-03-24T10:58:44.914Z</time>
      </trkpt>
      <trkpt lat="45.034606" lon="14.499378">
        <ele>53.030864</ele>
        <time>2026-03-24T10:59:01.179Z</time>
      </trkpt>
      <trkpt lat="45.034902" lon="14.499366">
        <ele>54.699713</ele>
        <time>2026-03-24T10:59:13.546Z</time>
      </trkpt>
      <trkpt lat="45.035186" lon="14.499302">
        <ele>56.320417</ele>
        <time>2026-03-24T10:59:25.503Z</time>
      </trkpt>
      <trkpt lat="45.037354" lon="14.498348">
        <ele>66.750750</ele>
        <time>2026-03-24T11:00:52.543Z</time>
      </trkpt>
      <trkpt lat="45.037605" lon="14.498164">
        <ele>67.812508</ele>
        <time>2026-03-24T11:01:02.549Z</time>
      </trkpt>
      <trkpt lat="45.037945" lon="14.497848">
        <ele>69.340367</ele>
        <time>2026-03-24T11:01:16.390Z</time>
      </trkpt>
      <trkpt lat="45.038263" lon="14.497430">
        <ele>70.970562</ele>
        <time>2026-03-24T11:01:30.298Z</time>
      </trkpt>
      <trkpt lat="45.038604" lon="14.496920">
        <ele>72.401518</ele>
        <time>2026-03-24T11:01:45.176Z</time>
      </trkpt>
      <trkpt lat="45.039111" lon="14.496132">
        <ele>73.956821</ele>
        <time>2026-03-24T11:02:05.745Z</time>
      </trkpt>
      <trkpt lat="45.040280" lon="14.494314">
        <ele>76.085352</ele>
        <time>2026-03-24T11:02:46.395Z</time>
      </trkpt>
      <trkpt lat="45.040673" lon="14.493704">
        <ele>76.391725</ele>
        <time>2026-03-24T11:02:56.330Z</time>
      </trkpt>
      <trkpt lat="45.041207" lon="14.492991">
        <ele>76.187246</ele>
        <time>2026-03-24T11:03:07.442Z</time>
      </trkpt>
      <trkpt lat="45.041567" lon="14.492554">
        <ele>75.835757</ele>
        <time>2026-03-24T11:03:14.446Z</time>
      </trkpt>
      <trkpt lat="45.041884" lon="14.492221">
        <ele>75.543187</ele>
        <time>2026-03-24T11:03:20.422Z</time>
      </trkpt>
      <trkpt lat="45.042134" lon="14.491958">
        <ele>75.312334</ele>
        <time>2026-03-24T11:03:25.270Z</time>
      </trkpt>
      <trkpt lat="45.042579" lon="14.491536">
        <ele>75.130562</ele>
        <time>2026-03-24T11:03:33.818Z</time>
      </trkpt>
      <trkpt lat="45.042879" lon="14.491314">
        <ele>75.069614</ele>
        <time>2026-03-24T11:03:39.428Z</time>
      </trkpt>
      <trkpt lat="45.043246" lon="14.491076">
        <ele>74.996935</ele>
        <time>2026-03-24T11:03:46.280Z</time>
      </trkpt>
      <trkpt lat="45.044204" lon="14.490554">
        <ele>74.746172</ele>
        <time>2026-03-24T11:04:03.967Z</time>
      </trkpt>
      <trkpt lat="45.045161" lon="14.490031">
        <ele>74.370203</ele>
        <time>2026-03-24T11:04:20.722Z</time>
      </trkpt>
      <trkpt lat="45.046398" lon="14.489372">
        <ele>74.273423</ele>
        <time>2026-03-24T11:04:40.815Z</time>
      </trkpt>
      <trkpt lat="45.047141" lon="14.489013">
        <ele>74.322833</ele>
        <time>2026-03-24T11:04:54.948Z</time>
      </trkpt>
      <trkpt lat="45.047542" lon="14.488872">
        <ele>75.666020</ele>
        <time>2026-03-24T11:05:05.399Z</time>
      </trkpt>
      <trkpt lat="45.048085" lon="14.488747">
        <ele>78.097723</ele>
        <time>2026-03-24T11:05:23.699Z</time>
      </trkpt>
      <trkpt lat="45.048121" lon="14.488908">
        <ele>78.625094</ele>
        <time>2026-03-24T11:05:28.314Z</time>
      </trkpt>
      <trkpt lat="45.048222" lon="14.489058">
        <ele>79.272197</ele>
        <time>2026-03-24T11:05:34.321Z</time>
      </trkpt>
      <trkpt lat="45.048835" lon="14.489504">
        <ele>82.329086</ele>
        <time>2026-03-24T11:06:06.196Z</time>
      </trkpt>
      <trkpt lat="45.048924" lon="14.489611">
        <ele>82.982768</ele>
        <time>2026-03-24T11:06:11.867Z</time>
      </trkpt>
      <trkpt lat="45.048967" lon="14.489663">
        <ele>83.299369</ele>
        <time>2026-03-24T11:06:14.601Z</time>
      </trkpt>
      <trkpt lat="45.049160" lon="14.489951">
        <ele>84.869286</ele>
        <time>2026-03-24T11:06:28.282Z</time>
      </trkpt>
      <trkpt lat="45.049207" lon="14.490088">
        <ele>85.471613</ele>
        <time>2026-03-24T11:06:33.424Z</time>
      </trkpt>
      <trkpt lat="45.049309" lon="14.490387">
        <ele>86.784773</ele>
        <time>2026-03-24T11:06:44.342Z</time>
      </trkpt>
      <trkpt lat="45.049299" lon="14.490546">
        <ele>87.416093</ele>
        <time>2026-03-24T11:06:49.489Z</time>
      </trkpt>
      <trkpt lat="45.049132" lon="14.491088">
        <ele>89.754651</ele>
        <time>2026-03-24T11:07:07.252Z</time>
      </trkpt>
      <trkpt lat="45.049037" lon="14.491381">
        <ele>91.029651</ele>
        <time>2026-03-24T11:07:15.800Z</time>
      </trkpt>
      <trkpt lat="45.049006" lon="14.491583">
        <ele>91.847180</ele>
        <time>2026-03-24T11:07:20.836Z</time>
      </trkpt>
      <trkpt lat="45.048966" lon="14.491848">
        <ele>92.757927</ele>
        <time>2026-03-24T11:07:27.094Z</time>
      </trkpt>
      <trkpt lat="45.048973" lon="14.492154">
        <ele>93.626868</ele>
        <time>2026-03-24T11:07:33.731Z</time>
      </trkpt>
      <trkpt lat="45.048896" lon="14.492488">
        <ele>94.624016</ele>
        <time>2026-03-24T11:07:41.323Z</time>
      </trkpt>
      <trkpt lat="45.048738" lon="14.493010">
        <ele>96.235795</ele>
        <time>2026-03-24T11:07:54.230Z</time>
      </trkpt>
      <trkpt lat="45.048810" lon="14.493225">
        <ele>96.911088</ele>
        <time>2026-03-24T11:07:59.990Z</time>
      </trkpt>
      <trkpt lat="45.048961" lon="14.493600">
        <ele>98.136139</ele>
        <time>2026-03-24T11:08:10.818Z</time>
      </trkpt>
      <trkpt lat="45.049090" lon="14.493782">
        <ele>98.867836</ele>
        <time>2026-03-24T11:08:17.500Z</time>
      </trkpt>
      <trkpt lat="45.049385" lon="14.493889">
        <ele>100.260101</ele>
        <time>2026-03-24T11:08:29.596Z</time>
      </trkpt>
      <trkpt lat="45.049551" lon="14.493980">
        <ele>101.208932</ele>
        <time>2026-03-24T11:08:37.174Z</time>
      </trkpt>
      <trkpt lat="45.049596" lon="14.494115">
        <ele>101.771038</ele>
        <time>2026-03-24T11:08:41.812Z</time>
      </trkpt>
      <trkpt lat="45.049673" lon="14.494596">
        <ele>103.628235</ele>
        <time>2026-03-24T11:08:57.889Z</time>
      </trkpt>
      <trkpt lat="45.049765" lon="14.494695">
        <ele>104.244220</ele>
        <time>2026-03-24T11:09:03.361Z</time>
      </trkpt>
      <trkpt lat="45.050286" lon="14.495077">
        <ele>107.371634</ele>
        <time>2026-03-24T11:09:29.080Z</time>
      </trkpt>
      <trkpt lat="45.050493" lon="14.495289">
        <ele>108.733478</ele>
        <time>2026-03-24T11:09:38.861Z</time>
      </trkpt>
      <trkpt lat="45.050568" lon="14.495493">
        <ele>109.340157</ele>
        <time>2026-03-24T11:09:44.632Z</time>
      </trkpt>
      <trkpt lat="45.050630" lon="14.495664">
        <ele>109.635604</ele>
        <time>2026-03-24T11:09:49.220Z</time>
      </trkpt>
      <trkpt lat="45.050676" lon="14.496315">
        <ele>110.641281</ele>
        <time>2026-03-24T11:10:03.004Z</time>
      </trkpt>
      <trkpt lat="45.050786" lon="14.497862">
        <ele>113.031261</ele>
        <time>2026-03-24T11:10:27.490Z</time>
      </trkpt>
      <trkpt lat="45.050964" lon="14.499561">
        <ele>114.601709</ele>
        <time>2026-03-24T11:10:55.839Z</time>
      </trkpt>
      <trkpt lat="45.050980" lon="14.500193">
        <ele>115.173343</ele>
        <time>2026-03-24T11:11:06.182Z</time>
      </trkpt>
      <trkpt lat="45.051042" lon="14.500655">
        <ele>115.610641</ele>
        <time>2026-03-24T11:11:13.294Z</time>
      </trkpt>
      <trkpt lat="45.051223" lon="14.501079">
        <ele>116.083050</ele>
        <time>2026-03-24T11:11:20.666Z</time>
      </trkpt>
      <trkpt lat="45.050897" lon="14.502035">
        <ele>117.095339</ele>
        <time>2026-03-24T11:11:37.012Z</time>
      </trkpt>
      <trkpt lat="45.050818" lon="14.502612">
        <ele>117.655809</ele>
        <time>2026-03-24T11:11:46.727Z</time>
      </trkpt>
      <trkpt lat="45.050821" lon="14.503867">
        <ele>120.521690</ele>
        <time>2026-03-24T11:12:12.559Z</time>
      </trkpt>
      <trkpt lat="45.050738" lon="14.504436">
        <ele>121.957515</ele>
        <time>2026-03-24T11:12:26.578Z</time>
      </trkpt>
      <trkpt lat="45.050574" lon="14.504867">
        <ele>123.167311</ele>
        <time>2026-03-24T11:12:39.065Z</time>
      </trkpt>
      <trkpt lat="45.050170" lon="14.505719">
        <ele>126.761238</ele>
        <time>2026-03-24T11:13:07.810Z</time>
      </trkpt>
      <trkpt lat="45.050034" lon="14.506174">
        <ele>128.785785</ele>
        <time>2026-03-24T11:13:22.647Z</time>
      </trkpt>
      <trkpt lat="45.049901" lon="14.507013">
        <ele>132.309407</ele>
        <time>2026-03-24T11:13:49.608Z</time>
      </trkpt>
      <trkpt lat="45.049762" lon="14.507366">
        <ele>133.965480</ele>
        <time>2026-03-24T11:14:03.071Z</time>
      </trkpt>
      <trkpt lat="45.049150" lon="14.508139">
        <ele>138.512651</ele>
        <time>2026-03-24T11:14:42.278Z</time>
      </trkpt>
      <trkpt lat="45.048967" lon="14.508531">
        <ele>140.341443</ele>
        <time>2026-03-24T11:14:57.092Z</time>
      </trkpt>
      <trkpt lat="45.048676" lon="14.509014">
        <ele>142.812195</ele>
        <time>2026-03-24T11:15:15.467Z</time>
      </trkpt>
      <trkpt lat="45.048402" lon="14.509316">
        <ele>144.506249</ele>
        <time>2026-03-24T11:15:28.229Z</time>
      </trkpt>
      <trkpt lat="45.047587" lon="14.509841">
        <ele>145.683287</ele>
        <time>2026-03-24T11:15:50.457Z</time>
      </trkpt>
      <trkpt lat="45.046861" lon="14.510461">
        <ele>146.797858</ele>
        <time>2026-03-24T11:16:04.560Z</time>
      </trkpt>
      <trkpt lat="45.046423" lon="14.510873">
        <ele>147.640849</ele>
        <time>2026-03-24T11:16:13.944Z</time>
      </trkpt>
      <trkpt lat="45.046054" lon="14.511305">
        <ele>148.409257</ele>
        <time>2026-03-24T11:16:24.659Z</time>
      </trkpt>
      <trkpt lat="45.045808" lon="14.512168">
        <ele>149.464282</ele>
        <time>2026-03-24T11:16:43.085Z</time>
      </trkpt>
      <trkpt lat="45.045450" lon="14.512901">
        <ele>151.630473</ele>
        <time>2026-03-24T11:17:04.495Z</time>
      </trkpt>
      <trkpt lat="45.045024" lon="14.513672">
        <ele>154.370905</ele>
        <time>2026-03-24T11:17:30.409Z</time>
      </trkpt>
      <trkpt lat="45.044523" lon="14.514567">
        <ele>157.431488</ele>
        <time>2026-03-24T11:18:11.187Z</time>
      </trkpt>
      <trkpt lat="45.043421" lon="14.515928">
        <ele>162.175802</ele>
        <time>2026-03-24T11:19:17.297Z</time>
      </trkpt>
      <trkpt lat="45.042927" lon="14.516896">
        <ele>165.230551</ele>
        <time>2026-03-24T11:19:56.546Z</time>
      </trkpt>
      <trkpt lat="45.042642" lon="14.517170">
        <ele>166.505211</ele>
        <time>2026-03-24T11:20:13.592Z</time>
      </trkpt>
      <trkpt lat="45.042373" lon="14.517213">
        <ele>167.506735</ele>
        <time>2026-03-24T11:20:27.171Z</time>
      </trkpt>
      <trkpt lat="45.041430" lon="14.517999">
        <ele>171.737305</ele>
        <time>2026-03-24T11:21:22.127Z</time>
      </trkpt>
      <trkpt lat="45.041065" lon="14.518902">
        <ele>174.676360</ele>
        <time>2026-03-24T11:21:59.102Z</time>
      </trkpt>
      <trkpt lat="45.040803" lon="14.520037">
        <ele>177.710207</ele>
        <time>2026-03-24T11:22:40.283Z</time>
      </trkpt>
      <trkpt lat="45.040085" lon="14.522032">
        <ele>182.377603</ele>
        <time>2026-03-24T11:23:52.126Z</time>
      </trkpt>
      <trkpt lat="45.039461" lon="14.523108">
        <ele>183.873540</ele>
        <time>2026-03-24T11:24:31.686Z</time>
      </trkpt>
      <trkpt lat="45.038732" lon="14.524501">
        <ele>184.720122</ele>
        <time>2026-03-24T11:25:12.709Z</time>
      </trkpt>
      <trkpt lat="45.038108" lon="14.525572">
        <ele>184.498569</ele>
        <time>2026-03-24T11:25:41.884Z</time>
      </trkpt>
      <trkpt lat="45.037801" lon="14.526276">
        <ele>185.041492</ele>
        <time>2026-03-24T11:25:59.818Z</time>
      </trkpt>
      <trkpt lat="45.037637" lon="14.526782">
        <ele>185.714192</ele>
        <time>2026-03-24T11:26:13.530Z</time>
      </trkpt>
      <trkpt lat="45.037588" lon="14.527250">
        <ele>186.285899</ele>
        <time>2026-03-24T11:26:26.860Z</time>
      </trkpt>
      <trkpt lat="45.037588" lon="14.527712">
        <ele>186.844181</ele>
        <time>2026-03-24T11:26:41.487Z</time>
      </trkpt>
      <trkpt lat="45.037405" lon="14.528062">
        <ele>187.370311</ele>
        <time>2026-03-24T11:26:56.595Z</time>
      </trkpt>
      <trkpt lat="45.037272" lon="14.528207">
        <ele>187.739154</ele>
        <time>2026-03-24T11:27:04.883Z</time>
      </trkpt>
      <trkpt lat="45.036964" lon="14.528917">
        <ele>189.349431</ele>
        <time>2026-03-24T11:27:33.035Z</time>
      </trkpt>
      <trkpt lat="45.036856" lon="14.529112">
        <ele>189.828308</ele>
        <time>2026-03-24T11:27:41.160Z</time>
      </trkpt>
      <trkpt lat="45.036597" lon="14.530100">
        <ele>191.865141</ele>
        <time>2026-03-24T11:28:12.725Z</time>
      </trkpt>
      <trkpt lat="45.036524" lon="14.530296">
        <ele>192.293382</ele>
        <time>2026-03-24T11:28:18.877Z</time>
      </trkpt>
      <trkpt lat="45.036651" lon="14.531206">
        <ele>193.629273</ele>
        <time>2026-03-24T11:28:43.805Z</time>
      </trkpt>
      <trkpt lat="45.036719" lon="14.532120">
        <ele>194.912323</ele>
        <time>2026-03-24T11:29:11.152Z</time>
      </trkpt>
      <trkpt lat="45.036719" lon="14.532786">
        <ele>195.842097</ele>
        <time>2026-03-24T11:29:31.284Z</time>
      </trkpt>
      <trkpt lat="45.036746" lon="14.533381">
        <ele>195.891577</ele>
        <time>2026-03-24T11:29:48.317Z</time>
      </trkpt>
      <trkpt lat="45.036650" lon="14.534094">
        <ele>195.738776</ele>
        <time>2026-03-24T11:30:06.231Z</time>
      </trkpt>
      <trkpt lat="45.036595" lon="14.534563">
        <ele>195.638692</ele>
        <time>2026-03-24T11:30:30.582Z</time>
      </trkpt>
      <trkpt lat="45.036006" lon="14.535512">
        <ele>194.413363</ele>
        <time>2026-03-24T11:31:31.752Z</time>
      </trkpt>
      <trkpt lat="45.035570" lon="14.537520">
        <ele>189.010804</ele>
        <time>2026-03-24T11:33:09.194Z</time>
      </trkpt>
      <trkpt lat="45.035530" lon="14.538909">
        <ele>182.461802</ele>
        <time>2026-03-24T11:34:10.010Z</time>
      </trkpt>
      <trkpt lat="45.035510" lon="14.539055">
        <ele>181.752180</ele>
        <time>2026-03-24T11:34:16.327Z</time>
      </trkpt>
      <trkpt lat="45.035459" lon="14.539175">
        <ele>181.084013</ele>
        <time>2026-03-24T11:34:22.267Z</time>
      </trkpt>
      <trkpt lat="45.035344" lon="14.539666">
        <ele>178.615825</ele>
        <time>2026-03-24T11:34:44.085Z</time>
      </trkpt>
      <trkpt lat="45.035151" lon="14.540158">
        <ele>175.800795</ele>
        <time>2026-03-24T11:35:07.753Z</time>
      </trkpt>
      <trkpt lat="45.034893" lon="14.540569">
        <ele>172.770251</ele>
        <time>2026-03-24T11:35:30.811Z</time>
      </trkpt>
      <trkpt lat="45.034728" lon="14.540746">
        <ele>171.155058</ele>
        <time>2026-03-24T11:35:43.187Z</time>
      </trkpt>
      <trkpt lat="45.034262" lon="14.541512">
        <ele>165.583104</ele>
        <time>2026-03-24T11:36:26.328Z</time>
      </trkpt>
      <trkpt lat="45.033796" lon="14.542278">
        <ele>159.832083</ele>
        <time>2026-03-24T11:37:09.280Z</time>
      </trkpt>
      <trkpt lat="45.033437" lon="14.543409">
        <ele>152.547943</ele>
        <time>2026-03-24T11:38:01.022Z</time>
      </trkpt>
      <trkpt lat="45.033509" lon="14.544464">
        <ele>146.433791</ele>
        <time>2026-03-24T11:38:45.245Z</time>
      </trkpt>
      <trkpt lat="45.033402" lon="14.544875">
        <ele>144.059057</ele>
        <time>2026-03-24T11:39:03.779Z</time>
      </trkpt>
      <trkpt lat="45.033009" lon="14.545648">
        <ele>138.896165</ele>
        <time>2026-03-24T11:39:44.496Z</time>
      </trkpt>
      <trkpt lat="45.032617" lon="14.546422">
        <ele>133.714428</ele>
        <time>2026-03-24T11:40:25.377Z</time>
      </trkpt>
      <trkpt lat="45.032054" lon="14.547705">
        <ele>124.910032</ele>
        <time>2026-03-24T11:41:28.721Z</time>
      </trkpt>
      <trkpt lat="45.031835" lon="14.548395">
        <ele>120.500310</ele>
        <time>2026-03-24T11:42:00.119Z</time>
      </trkpt>
      <trkpt lat="45.031839" lon="14.548649">
        <ele>119.039430</ele>
        <time>2026-03-24T11:42:10.742Z</time>
      </trkpt>
      <trkpt lat="45.032015" lon="14.549052">
        <ele>116.717157</ele>
        <time>2026-03-24T11:42:30.745Z</time>
      </trkpt>
      <trkpt lat="45.032168" lon="14.549405">
        <ele>114.687243</ele>
        <time>2026-03-24T11:42:48.382Z</time>
      </trkpt>
      <trkpt lat="45.032552" lon="14.550536">
        <ele>108.536495</ele>
        <time>2026-03-24T11:43:43.002Z</time>
      </trkpt>
      <trkpt lat="45.032556" lon="14.550759">
        <ele>107.443010</ele>
        <time>2026-03-24T11:43:52.811Z</time>
      </trkpt>
      <trkpt lat="45.032366" lon="14.551317">
        <ele>104.589118</ele>
        <time>2026-03-24T11:44:20.003Z</time>
      </trkpt>
      <trkpt lat="45.032312" lon="14.551723">
        <ele>102.727087</ele>
        <time>2026-03-24T11:44:37.967Z</time>
      </trkpt>
      <trkpt lat="45.032290" lon="14.552138">
        <ele>100.851361</ele>
        <time>2026-03-24T11:44:56.001Z</time>
      </trkpt>
      <trkpt lat="45.032168" lon="14.552423">
        <ele>99.349545</ele>
        <time>2026-03-24T11:45:10.335Z</time>
      </trkpt>
      <trkpt lat="45.032018" lon="14.552666">
        <ele>97.895330</ele>
        <time>2026-03-24T11:45:24.297Z</time>
      </trkpt>
      <trkpt lat="45.031835" lon="14.553229">
        <ele>95.126945</ele>
        <time>2026-03-24T11:45:51.188Z</time>
      </trkpt>
      <trkpt lat="45.031645" lon="14.553904">
        <ele>92.683834</ele>
        <time>2026-03-24T11:46:23.322Z</time>
      </trkpt>
      <trkpt lat="45.031563" lon="14.554507">
        <ele>90.619033</ele>
        <time>2026-03-24T11:46:51.150Z</time>
      </trkpt>
      <trkpt lat="45.031563" lon="14.555029">
        <ele>88.863790</ele>
        <time>2026-03-24T11:47:15.168Z</time>
      </trkpt>
      <trkpt lat="45.031563" lon="14.555552">
        <ele>87.105185</ele>
        <time>2026-03-24T11:47:39.365Z</time>
      </trkpt>
      <trkpt lat="45.031588" lon="14.555983">
        <ele>85.661815</ele>
        <time>2026-03-24T11:47:59.313Z</time>
      </trkpt>
      <trkpt lat="45.031538" lon="14.556379">
        <ele>84.323852</ele>
        <time>2026-03-24T11:48:17.743Z</time>
      </trkpt>
      <trkpt lat="45.031534" lon="14.556851">
        <ele>82.753853</ele>
        <time>2026-03-24T11:48:39.183Z</time>
      </trkpt>
      <trkpt lat="45.031606" lon="14.557576">
        <ele>80.318792</ele>
        <time>2026-03-24T11:49:12.060Z</time>
      </trkpt>
      <trkpt lat="45.031500" lon="14.558959">
        <ele>75.338576</ele>
        <time>2026-03-24T11:50:14.060Z</time>
      </trkpt>
      <trkpt lat="45.031442" lon="14.559430">
        <ele>73.522277</ele>
        <time>2026-03-24T11:50:35.421Z</time>
      </trkpt>
      <trkpt lat="45.031451" lon="14.559738">
        <ele>72.351179</ele>
        <time>2026-03-24T11:50:49.177Z</time>
      </trkpt>
      <trkpt lat="45.031533" lon="14.560114">
        <ele>70.856281</ele>
        <time>2026-03-24T11:51:06.695Z</time>
      </trkpt>
      <trkpt lat="45.031569" lon="14.560238">
        <ele>70.347003</ele>
        <time>2026-03-24T11:51:12.686Z</time>
      </trkpt>
      <trkpt lat="45.031649" lon="14.560513">
        <ele>69.217226</ele>
        <time>2026-03-24T11:51:15.553Z</time>
      </trkpt>
      <trkpt lat="45.031799" lon="14.560898">
        <ele>67.523668</ele>
        <time>2026-03-24T11:51:19.778Z</time>
      </trkpt>
      <trkpt lat="45.031867" lon="14.561233">
        <ele>66.167301</ele>
        <time>2026-03-24T11:51:23.100Z</time>
      </trkpt>
      <trkpt lat="45.031824" lon="14.561416">
        <ele>65.416822</ele>
        <time>2026-03-24T11:51:24.938Z</time>
      </trkpt>
      <trkpt lat="45.031609" lon="14.561725">
        <ele>63.729347</ele>
        <time>2026-03-24T11:51:29.104Z</time>
      </trkpt>
      <trkpt lat="45.031548" lon="14.562166">
        <ele>61.980617</ele>
        <time>2026-03-24T11:51:33.439Z</time>
      </trkpt>
      <trkpt lat="45.031492" lon="14.562243">
        <ele>61.550644</ele>
        <time>2026-03-24T11:51:34.506Z</time>
      </trkpt>
      <trkpt lat="45.031405" lon="14.562364">
        <ele>60.878908</ele>
        <time>2026-03-24T11:51:36.176Z</time>
      </trkpt>
      <trkpt lat="45.031344" lon="14.562653">
        <ele>59.705162</ele>
        <time>2026-03-24T11:51:39.105Z</time>
      </trkpt>
      <trkpt lat="45.031312" lon="14.563064">
        <ele>58.131051</ele>
        <time>2026-03-24T11:51:43.142Z</time>
      </trkpt>
      <trkpt lat="45.031201" lon="14.563571">
        <ele>56.207918</ele>
        <time>2026-03-24T11:51:48.386Z</time>
      </trkpt>
      <trkpt lat="45.031064" lon="14.563937">
        <ele>54.707268</ele>
        <time>2026-03-24T11:51:52.526Z</time>
      </trkpt>
      <trkpt lat="45.030918" lon="14.564327">
        <ele>53.108173</ele>
        <time>2026-03-24T11:51:56.954Z</time>
      </trkpt>
      <trkpt lat="45.030766" lon="14.564853">
        <ele>51.049147</ele>
        <time>2026-03-24T11:52:02.519Z</time>
      </trkpt>
      <trkpt lat="45.030514" lon="14.565237">
        <ele>49.099684</ele>
        <time>2026-03-24T11:52:06.754Z</time>
      </trkpt>
      <trkpt lat="45.030294" lon="14.565572">
        <ele>47.079844</ele>
        <time>2026-03-24T11:52:10.378Z</time>
      </trkpt>
      <trkpt lat="45.030163" lon="14.565831">
        <ele>45.673100</ele>
        <time>2026-03-24T11:52:12.882Z</time>
      </trkpt>
      <trkpt lat="45.029887" lon="14.566277">
        <ele>43.054724</ele>
        <time>2026-03-24T11:52:17.511Z</time>
      </trkpt>
      <trkpt lat="45.029794" lon="14.566473">
        <ele>42.012005</ele>
        <time>2026-03-24T11:52:19.362Z</time>
      </trkpt>
      <trkpt lat="45.029747" lon="14.566706">
        <ele>40.941773</ele>
        <time>2026-03-24T11:52:21.261Z</time>
      </trkpt>
      <trkpt lat="45.029657" lon="14.567152">
        <ele>38.893115</ele>
        <time>2026-03-24T11:52:24.923Z</time>
      </trkpt>
      <trkpt lat="45.029618" lon="14.567679">
        <ele>37.526621</ele>
        <time>2026-03-24T11:52:29.239Z</time>
      </trkpt>
      <trkpt lat="45.029539" lon="14.567970">
        <ele>36.993858</ele>
        <time>2026-03-24T11:52:31.856Z</time>
      </trkpt>
      <trkpt lat="45.029409" lon="14.567839">
        <ele>36.607916</ele>
        <time>2026-03-24T11:52:33.910Z</time>
      </trkpt>
      <trkpt lat="45.029315" lon="14.567744">
        <ele>36.328575</ele>
        <time>2026-03-24T11:52:35.422Z</time>
      </trkpt>
      <trkpt lat="45.028399" lon="14.566875">
        <ele>33.766223</ele>
        <time>2026-03-24T11:52:52.762Z</time>
      </trkpt>
      <trkpt lat="45.028227" lon="14.566711">
        <ele>33.667568</ele>
        <time>2026-03-24T11:52:57.434Z</time>
      </trkpt>
      <trkpt lat="45.027877" lon="14.566376">
        <ele>33.466576</ele>
        <time>2026-03-24T11:53:07.443Z</time>
      </trkpt>
      <trkpt lat="45.027666" lon="14.566168">
        <ele>33.344257</ele>
        <time>2026-03-24T11:53:13.559Z</time>
      </trkpt>
      <trkpt lat="45.027015" lon="14.565538">
        <ele>32.969105</ele>
        <time>2026-03-24T11:53:26.607Z</time>
      </trkpt>
      <trkpt lat="45.026725" lon="14.565387">
        <ele>31.303838</ele>
        <time>2026-03-24T11:53:30.693Z</time>
      </trkpt>
      <trkpt lat="45.026582" lon="14.565416">
        <ele>30.321349</ele>
        <time>2026-03-24T11:53:32.503Z</time>
      </trkpt>
      <trkpt lat="45.026456" lon="14.565498">
        <ele>29.378113</ele>
        <time>2026-03-24T11:53:34.185Z</time>
      </trkpt>
      <trkpt lat="45.026333" lon="14.565667">
        <ele>28.212049</ele>
        <time>2026-03-24T11:53:36.236Z</time>
      </trkpt>
      <trkpt lat="45.025920" lon="14.566712">
        <ele>22.456887</ele>
        <time>2026-03-24T11:53:45.831Z</time>
      </trkpt>
      <trkpt lat="45.025844" lon="14.566854">
        <ele>21.600687</ele>
        <time>2026-03-24T11:53:47.159Z</time>
      </trkpt>
      <trkpt lat="45.025607" lon="14.567034">
        <ele>19.598560</ele>
        <time>2026-03-24T11:53:49.986Z</time>
      </trkpt>
      <trkpt lat="45.025360" lon="14.567142">
        <ele>17.514576</ele>
        <time>2026-03-24T11:53:52.724Z</time>
      </trkpt>
      <trkpt lat="45.025175" lon="14.567176">
        <ele>16.010760</ele>
        <time>2026-03-24T11:53:54.703Z</time>
      </trkpt>
      <trkpt lat="45.025012" lon="14.567284">
        <ele>14.559869</ele>
        <time>2026-03-24T11:53:56.614Z</time>
      </trkpt>
      <trkpt lat="45.024761" lon="14.567526">
        <ele>12.111422</ele>
        <time>2026-03-24T11:53:59.857Z</time>
      </trkpt>
      <trkpt lat="45.024724" lon="14.567557">
        <ele>11.764790</ele>
        <time>2026-03-24T11:54:00.315Z</time>
      </trkpt>
      <trkpt lat="45.024639" lon="14.567669">
        <ele>10.828476</ele>
        <time>2026-03-24T11:54:01.564Z</time>
      </trkpt>
      <trkpt lat="45.024485" lon="14.567896">
        <ele>9.035767</ele>
        <time>2026-03-24T11:54:03.980Z</time>
      </trkpt>
      <trkpt lat="45.024380" lon="14.568077">
        <ele>7.701638</ele>
        <time>2026-03-24T11:54:05.802Z</time>
      </trkpt>
      <trkpt lat="45.024324" lon="14.568202">
        <ele>6.858429</ele>
        <time>2026-03-24T11:54:06.987Z</time>
      </trkpt>
      <trkpt lat="45.024188" lon="14.568453">
        <ele>5.785942</ele>
        <time>2026-03-24T11:54:09.575Z</time>
      </trkpt>
      <trkpt lat="45.023933" lon="14.568927">
        <ele>4.548076</ele>
        <time>2026-03-24T11:54:14.651Z</time>
      </trkpt>
      <trkpt lat="45.023930" lon="14.568932">
        <ele>4.534447</ele>
        <time>2026-03-24T11:54:14.715Z</time>
      </trkpt>
      <trkpt lat="45.023729" lon="14.569275">
        <ele>3.608551</ele>
        <time>2026-03-24T11:54:18.704Z</time>
      </trkpt>
      <trkpt lat="45.023669" lon="14.569232">
        <ele>3.410806</ele>
        <time>2026-03-24T11:54:19.589Z</time>
      </trkpt>
      <trkpt lat="45.023556" lon="14.569244">
        <ele>3.077644</ele>
        <time>2026-03-24T11:54:21.097Z</time>
      </trkpt>
      <trkpt lat="45.023499" lon="14.569303">
        <ele>2.869997</ele>
        <time>2026-03-24T11:54:22.046Z</time>
      </trkpt>
      <trkpt lat="45.023457" lon="14.569475">
        <ele>2.491837</ele>
        <time>2026-03-24T11:54:23.809Z</time>
      </trkpt>
      <trkpt lat="45.023509" lon="14.569634">
        <ele>2.127765</ele>
        <time>2026-03-24T11:54:25.575Z</time>
      </trkpt>
      <trkpt lat="45.023623" lon="14.569702">
        <ele>1.764026</ele>
        <time>2026-03-24T11:54:27.389Z</time>
      </trkpt>
      <trkpt lat="45.023716" lon="14.569660">
        <ele>1.477008</ele>
        <time>2026-03-24T11:54:28.878Z</time>
      </trkpt>
      <trkpt lat="45.024203" lon="14.570455">
        <ele>0.667467</ele>
        <time>2026-03-24T11:54:41.136Z</time>
      </trkpt>
      <trkpt lat="45.024108" lon="14.570531">
        <ele>0.618295</ele>
        <time>2026-03-24T11:54:42.819Z</time>
      </trkpt>
      <trkpt lat="45.024158" lon="14.570620">
        <ele>0.582090</ele>
        <time>2026-03-24T11:54:48.367Z</time>
      </trkpt>
      <trkpt lat="45.024432" lon="14.571109">
        <ele>0.383369</ele>
        <time>2026-03-24T11:55:19.049Z</time>
      </trkpt>
      <trkpt lat="45.024432" lon="14.571109">
        <ele>0.383369</ele>
        <time>2026-03-24T11:55:19.056Z</time>
      </trkpt>
      <trkpt lat="45.024714" lon="14.571624">
        <ele>0.175907</ele>
        <time>2026-03-24T11:55:28.908Z</time>
      </trkpt>
      <trkpt lat="45.024996" lon="14.572140">
        <ele>0.185307</ele>
        <time>2026-03-24T11:55:38.760Z</time>
      </trkpt>
      <trkpt lat="45.024996" lon="14.572140">
        <ele>0.185307</ele>
        <time>2026-03-24T11:55:38.767Z</time>
      </trkpt>
      <trkpt lat="45.024996" lon="14.572140">
        <ele>0.185307</ele>
        <time>2026-03-24T11:55:38.774Z</time>
      </trkpt>
      <trkpt lat="45.025315" lon="14.573102">
        <ele>0.379168</ele>
        <time>2026-03-24T11:55:54.835Z</time>
      </trkpt>
      <trkpt lat="45.025313" lon="14.573593">
        <ele>0.468747</ele>
        <time>2026-03-24T11:56:02.256Z</time>
      </trkpt>
      <trkpt lat="45.025378" lon="14.574438">
        <ele>0.653646</ele>
        <time>2026-03-24T11:56:15.102Z</time>
      </trkpt>
      <trkpt lat="45.025376" lon="14.574443">
        <ele>0.655281</ele>
        <time>2026-03-24T11:56:15.189Z</time>
      </trkpt>
      <trkpt lat="45.025348" lon="14.574420">
        <ele>0.668313</ele>
        <time>2026-03-24T11:56:15.882Z</time>
      </trkpt>
      <trkpt lat="45.025348" lon="14.574420">
        <ele>0.668313</ele>
        <time>2026-03-24T11:56:15.887Z</time>
      </trkpt>
      <trkpt lat="45.025505" lon="14.574530">
        <ele>0.738832</ele>
        <time>2026-03-24T11:56:19.505Z</time>
      </trkpt>
      <trkpt lat="45.025529" lon="14.574572">
        <ele>0.754197</ele>
        <time>2026-03-24T11:56:20.322Z</time>
      </trkpt>
      <trkpt lat="45.025517" lon="14.574767">
        <ele>0.809884</ele>
        <time>2026-03-24T11:56:23.255Z</time>
      </trkpt>
      <trkpt lat="45.025486" lon="14.574960">
        <ele>0.866191</ele>
        <time>2026-03-24T11:56:26.314Z</time>
      </trkpt>
      <trkpt lat="45.025490" lon="14.574991">
        <ele>0.875156</ele>
        <time>2026-03-24T11:56:26.829Z</time>
      </trkpt>
      <trkpt lat="45.025542" lon="14.575480">
        <ele>1.015839</ele>
        <time>2026-03-24T11:56:34.367Z</time>
      </trkpt>
      <trkpt lat="45.025529" lon="14.575488">
        <ele>1.021546</ele>
        <time>2026-03-24T11:56:34.713Z</time>
      </trkpt>
      <trkpt lat="45.025702" lon="14.576035">
        <ele>1.192033</ele>
        <time>2026-03-24T11:56:44.542Z</time>
      </trkpt>
      <trkpt lat="45.025718" lon="14.576068">
        <ele>1.203418</ele>
        <time>2026-03-24T11:56:45.180Z</time>
      </trkpt>
      <trkpt lat="45.025718" lon="14.576068">
        <ele>1.203418</ele>
        <time>2026-03-24T11:56:45.182Z</time>
      </trkpt>
      <trkpt lat="45.025728" lon="14.576058">
        <ele>1.208347</ele>
        <time>2026-03-24T11:56:45.444Z</time>
      </trkpt>
      <trkpt lat="45.025726" lon="14.576059">
        <ele>1.209201</ele>
        <time>2026-03-24T11:56:45.490Z</time>
      </trkpt>
      <trkpt lat="45.025997" lon="14.576386">
        <ele>1.310330</ele>
        <time>2026-03-24T11:56:53.106Z</time>
      </trkpt>
      <trkpt lat="45.026418" lon="14.576908">
        <ele>1.371828</ele>
        <time>2026-03-24T11:57:05.076Z</time>
      </trkpt>
      <trkpt lat="45.026420" lon="14.576903">
        <ele>1.372274</ele>
        <time>2026-03-24T11:57:05.163Z</time>
      </trkpt>
      <trkpt lat="45.026420" lon="14.576903">
        <ele>1.372274</ele>
        <time>2026-03-24T11:57:05.165Z</time>
      </trkpt>
      <trkpt lat="45.026509" lon="14.576989">
        <ele>1.384114</ele>
        <time>2026-03-24T11:57:12.664Z</time>
      </trkpt>
      <trkpt lat="45.026628" lon="14.577026">
        <ele>1.397500</ele>
        <time>2026-03-24T11:57:21.138Z</time>
      </trkpt>
      <trkpt lat="45.026915" lon="14.576898">
        <ele>1.430559</ele>
        <time>2026-03-24T11:57:42.061Z</time>
      </trkpt>
      <trkpt lat="45.026963" lon="14.576944">
        <ele>1.436928</ele>
        <time>2026-03-24T11:57:46.061Z</time>
      </trkpt>
      <trkpt lat="45.027191" lon="14.577111">
        <ele>1.465134</ele>
        <time>2026-03-24T11:58:03.893Z</time>
      </trkpt>
      <trkpt lat="45.027370" lon="14.577338">
        <ele>1.491542</ele>
        <time>2026-03-24T11:58:20.639Z</time>
      </trkpt>
      <trkpt lat="45.027364" lon="14.577454">
        <ele>1.792034</ele>
        <time>2026-03-24T11:58:22.151Z</time>
      </trkpt>
      <trkpt lat="45.027426" lon="14.577525">
        <ele>2.101351</ele>
        <time>2026-03-24T11:58:23.809Z</time>
      </trkpt>
      <trkpt lat="45.027431" lon="14.577531">
        <ele>2.126775</ele>
        <time>2026-03-24T11:58:23.963Z</time>
      </trkpt>
      <trkpt lat="45.027437" lon="14.577537">
        <ele>2.155267</ele>
        <time>2026-03-24T11:58:24.120Z</time>
      </trkpt>
      <trkpt lat="45.027571" lon="14.577770">
        <ele>2.978586</ele>
        <time>2026-03-24T11:58:28.710Z</time>
      </trkpt>
      <trkpt lat="45.027634" lon="14.578006">
        <ele>3.670018</ele>
        <time>2026-03-24T11:58:32.627Z</time>
      </trkpt>
      <trkpt lat="45.027641" lon="14.578036">
        <ele>3.756608</ele>
        <time>2026-03-24T11:58:33.121Z</time>
      </trkpt>
      <trkpt lat="45.027654" lon="14.578102">
        <ele>3.944394</ele>
        <time>2026-03-24T11:58:34.254Z</time>
      </trkpt>
      <trkpt lat="45.027674" lon="14.578207">
        <ele>4.242447</ele>
        <time>2026-03-24T11:58:36.251Z</time>
      </trkpt>
      <trkpt lat="45.027718" lon="14.578483">
        <ele>5.017914</ele>
        <time>2026-03-24T11:58:42.313Z</time>
      </trkpt>
      <trkpt lat="45.027730" lon="14.578769">
        <ele>5.803164</ele>
        <time>2026-03-24T11:58:49.698Z</time>
      </trkpt>
      <trkpt lat="45.027693" lon="14.579055">
        <ele>6.600058</ele>
        <time>2026-03-24T11:58:58.414Z</time>
      </trkpt>
      <trkpt lat="45.027620" lon="14.579187">
        <ele>7.059437</ele>
        <time>2026-03-24T11:59:04.030Z</time>
      </trkpt>
      <trkpt lat="45.027368" lon="14.579427">
        <ele>8.237445</ele>
        <time>2026-03-24T11:59:19.614Z</time>
      </trkpt>
      <trkpt lat="45.027307" lon="14.579524">
        <ele>8.695075</ele>
        <time>2026-03-24T11:59:24.570Z</time>
      </trkpt>
      <trkpt lat="45.027290" lon="14.579627">
        <ele>9.218793</ele>
        <time>2026-03-24T11:59:28.494Z</time>
      </trkpt>
      <trkpt lat="45.027300" lon="14.580171">
        <ele>11.913275</ele>
        <time>2026-03-24T11:59:49.846Z</time>
      </trkpt>
      <trkpt lat="45.027273" lon="14.580332">
        <ele>12.732588</ele>
        <time>2026-03-24T11:59:56.273Z</time>
      </trkpt>
      <trkpt lat="45.027256" lon="14.580605">
        <ele>14.089562</ele>
        <time>2026-03-24T12:00:07.037Z</time>
      </trkpt>
      <trkpt lat="45.027287" lon="14.580636">
        <ele>14.355506</ele>
        <time>2026-03-24T12:00:09.155Z</time>
      </trkpt>
      <trkpt lat="45.027461" lon="14.580656">
        <ele>15.578514</ele>
        <time>2026-03-24T12:00:18.309Z</time>
      </trkpt>
      <trkpt lat="45.028936" lon="14.580614">
        <ele>26.410253</ele>
        <time>2026-03-24T12:01:21.503Z</time>
      </trkpt>
      <trkpt lat="45.029209" lon="14.580610">
        <ele>28.518766</ele>
        <time>2026-03-24T12:01:34.766Z</time>
      </trkpt>
      <trkpt lat="45.029466" lon="14.580230">
        <ele>31.389581</ele>
        <time>2026-03-24T12:01:55.217Z</time>
      </trkpt>
      <trkpt lat="45.029667" lon="14.580354">
        <ele>33.083051</ele>
        <time>2026-03-24T12:02:08.816Z</time>
      </trkpt>
      <trkpt lat="45.030069" lon="14.580601">
        <ele>36.832096</ele>
        <time>2026-03-24T12:02:37.154Z</time>
      </trkpt>
      <trkpt lat="45.030388" lon="14.580994">
        <ele>40.887399</ele>
        <time>2026-03-24T12:03:05.146Z</time>
      </trkpt>
      <trkpt lat="45.030463" lon="14.581053">
        <ele>41.710133</ele>
        <time>2026-03-24T12:03:11.308Z</time>
      </trkpt>
      <trkpt lat="45.030730" lon="14.581180">
        <ele>44.410811</ele>
        <time>2026-03-24T12:03:30.209Z</time>
      </trkpt>
      <trkpt lat="45.031186" lon="14.581473">
        <ele>49.212447</ele>
        <time>2026-03-24T12:04:00.096Z</time>
      </trkpt>
      <trkpt lat="45.031341" lon="14.581645">
        <ele>51.101021</ele>
        <time>2026-03-24T12:04:10.570Z</time>
      </trkpt>
      <trkpt lat="45.031370" lon="14.581672">
        <ele>51.433852</ele>
        <time>2026-03-24T12:04:12.377Z</time>
      </trkpt>
      <trkpt lat="45.031388" lon="14.581689">
        <ele>51.641341</ele>
        <time>2026-03-24T12:04:13.508Z</time>
      </trkpt>
      <trkpt lat="45.031415" lon="14.581715">
        <ele>51.954468</ele>
        <time>2026-03-24T12:04:15.115Z</time>
      </trkpt>
      <trkpt lat="45.031683" lon="14.581914">
        <ele>53.675752</ele>
        <time>2026-03-24T12:04:29.637Z</time>
      </trkpt>
      <trkpt lat="45.031912" lon="14.581888">
        <ele>54.898089</ele>
        <time>2026-03-24T12:04:39.868Z</time>
      </trkpt>
      <trkpt lat="45.032770" lon="14.581901">
        <ele>59.463442</ele>
        <time>2026-03-24T12:05:16.146Z</time>
      </trkpt>
      <trkpt lat="45.032999" lon="14.582129">
        <ele>60.953245</ele>
        <time>2026-03-24T12:05:26.879Z</time>
      </trkpt>
      <trkpt lat="45.033284" lon="14.582255">
        <ele>62.036931</ele>
        <time>2026-03-24T12:05:37.356Z</time>
      </trkpt>
      <trkpt lat="45.033432" lon="14.582268">
        <ele>62.307305</ele>
        <time>2026-03-24T12:05:42.131Z</time>
      </trkpt>
      <trkpt lat="45.033563" lon="14.582251">
        <ele>62.547165</ele>
        <time>2026-03-24T12:05:46.092Z</time>
      </trkpt>
      <trkpt lat="45.033694" lon="14.582284">
        <ele>62.789778</ele>
        <time>2026-03-24T12:05:49.900Z</time>
      </trkpt>
      <trkpt lat="45.033810" lon="14.582387">
        <ele>63.039478</ele>
        <time>2026-03-24T12:05:53.592Z</time>
      </trkpt>
      <trkpt lat="45.034797" lon="14.583734">
        <ele>65.343446</ele>
        <time>2026-03-24T12:06:26.525Z</time>
      </trkpt>
      <trkpt lat="45.035347" lon="14.584267">
        <ele>66.068576</ele>
        <time>2026-03-24T12:06:41.004Z</time>
      </trkpt>
      <trkpt lat="45.035713" lon="14.584587">
        <ele>66.536568</ele>
        <time>2026-03-24T12:06:50.402Z</time>
      </trkpt>
      <trkpt lat="45.035934" lon="14.584896">
        <ele>66.874520</ele>
        <time>2026-03-24T12:06:57.762Z</time>
      </trkpt>
      <trkpt lat="45.036477" lon="14.585764">
        <ele>70.292394</ele>
        <time>2026-03-24T12:07:23.794Z</time>
      </trkpt>
      <trkpt lat="45.036546" lon="14.586225">
        <ele>71.865455</ele>
        <time>2026-03-24T12:07:37.449Z</time>
      </trkpt>
      <trkpt lat="45.036630" lon="14.586439">
        <ele>72.682644</ele>
        <time>2026-03-24T12:07:45.193Z</time>
      </trkpt>
      <trkpt lat="45.036789" lon="14.586843">
        <ele>74.226338</ele>
        <time>2026-03-24T12:08:00.957Z</time>
      </trkpt>
      <trkpt lat="45.037140" lon="14.587737">
        <ele>78.142414</ele>
        <time>2026-03-24T12:08:40.292Z</time>
      </trkpt>
      <trkpt lat="45.038003" lon="14.588791">
        <ele>84.794469</ele>
        <time>2026-03-24T12:09:32.368Z</time>
      </trkpt>
      <trkpt lat="45.038020" lon="14.589095">
        <ele>86.018432</ele>
        <time>2026-03-24T12:09:40.275Z</time>
      </trkpt>
      <trkpt lat="45.037910" lon="14.589753">
        <ele>86.928210</ele>
        <time>2026-03-24T12:09:56.279Z</time>
      </trkpt>
      <trkpt lat="45.037872" lon="14.590143">
        <ele>87.457921</ele>
        <time>2026-03-24T12:10:05.465Z</time>
      </trkpt>
      <trkpt lat="45.037902" lon="14.590377">
        <ele>87.777909</ele>
        <time>2026-03-24T12:10:10.616Z</time>
      </trkpt>
      <trkpt lat="45.037884" lon="14.590467">
        <ele>87.903761</ele>
        <time>2026-03-24T12:10:12.499Z</time>
      </trkpt>
      <trkpt lat="45.037766" lon="14.590626">
        <ele>88.214003</ele>
        <time>2026-03-24T12:10:16.953Z</time>
      </trkpt>
      <trkpt lat="45.037811" lon="14.590855">
        <ele>88.533816</ele>
        <time>2026-03-24T12:10:21.318Z</time>
      </trkpt>
      <trkpt lat="45.037862" lon="14.590978">
        <ele>88.725699</ele>
        <time>2026-03-24T12:10:23.818Z</time>
      </trkpt>
      <trkpt lat="45.038167" lon="14.591427">
        <ele>89.309917</ele>
        <time>2026-03-24T12:10:32.413Z</time>
      </trkpt>
      <trkpt lat="45.038158" lon="14.591694">
        <ele>89.001946</ele>
        <time>2026-03-24T12:10:35.600Z</time>
      </trkpt>
      <trkpt lat="45.038065" lon="14.592331">
        <ele>88.252533</ele>
        <time>2026-03-24T12:10:43.132Z</time>
      </trkpt>
      <trkpt lat="45.037906" lon="14.592403">
        <ele>87.980342</ele>
        <time>2026-03-24T12:10:45.837Z</time>
      </trkpt>
      <trkpt lat="45.037593" lon="14.592386">
        <ele>87.469633</ele>
        <time>2026-03-24T12:10:50.854Z</time>
      </trkpt>
      <trkpt lat="45.037460" lon="14.592379">
        <ele>87.252633</ele>
        <time>2026-03-24T12:10:53.004Z</time>
      </trkpt>
      <trkpt lat="45.037180" lon="14.592492">
        <ele>86.777903</ele>
        <time>2026-03-24T12:10:57.843Z</time>
      </trkpt>
      <trkpt lat="45.037229" lon="14.592706">
        <ele>86.518721</ele>
        <time>2026-03-24T12:11:00.385Z</time>
      </trkpt>
      <trkpt lat="45.037194" lon="14.592911">
        <ele>86.075629</ele>
        <time>2026-03-24T12:11:02.703Z</time>
      </trkpt>
      <trkpt lat="45.037229" lon="14.593030">
        <ele>85.791204</ele>
        <time>2026-03-24T12:11:04.129Z</time>
      </trkpt>
      <trkpt lat="45.037372" lon="14.593519">
        <ele>84.623420</ele>
        <time>2026-03-24T12:11:09.881Z</time>
      </trkpt>
      <trkpt lat="45.037407" lon="14.593710">
        <ele>84.188016</ele>
        <time>2026-03-24T12:11:12.016Z</time>
      </trkpt>
      <trkpt lat="45.037364" lon="14.593791">
        <ele>83.964462</ele>
        <time>2026-03-24T12:11:13.095Z</time>
      </trkpt>
      <trkpt lat="45.037231" lon="14.593849">
        <ele>83.529875</ele>
        <time>2026-03-24T12:11:15.156Z</time>
      </trkpt>
      <trkpt lat="45.037134" lon="14.593834">
        <ele>83.225173</ele>
        <time>2026-03-24T12:11:16.620Z</time>
      </trkpt>
      <trkpt lat="45.036761" lon="14.593605">
        <ele>81.955528</ele>
        <time>2026-03-24T12:11:22.506Z</time>
      </trkpt>
      <trkpt lat="45.036456" lon="14.593327">
        <ele>80.888342</ele>
        <time>2026-03-24T12:11:27.653Z</time>
      </trkpt>
      <trkpt lat="45.036296" lon="14.593255">
        <ele>80.988413</ele>
        <time>2026-03-24T12:11:30.049Z</time>
      </trkpt>
      <trkpt lat="45.036238" lon="14.593479">
        <ele>81.088893</ele>
        <time>2026-03-24T12:11:32.599Z</time>
      </trkpt>
      <trkpt lat="45.036113" lon="14.593611">
        <ele>81.181855</ele>
        <time>2026-03-24T12:11:35.119Z</time>
      </trkpt>
      <trkpt lat="45.036028" lon="14.593845">
        <ele>81.292673</ele>
        <time>2026-03-24T12:11:38.461Z</time>
      </trkpt>
      <trkpt lat="45.036040" lon="14.594087">
        <ele>81.394852</ele>
        <time>2026-03-24T12:11:42.162Z</time>
      </trkpt>
      <trkpt lat="45.036400" lon="14.594565">
        <ele>81.689086</ele>
        <time>2026-03-24T12:11:57.103Z</time>
      </trkpt>
      <trkpt lat="45.036694" lon="14.595188">
        <ele>82.037379</ele>
        <time>2026-03-24T12:12:17.962Z</time>
      </trkpt>
      <trkpt lat="45.036952" lon="14.595724">
        <ele>82.473949</ele>
        <time>2026-03-24T12:12:36.213Z</time>
      </trkpt>
      <trkpt lat="45.037397" lon="14.596486">
        <ele>83.139395</ele>
        <time>2026-03-24T12:12:56.275Z</time>
      </trkpt>
      <trkpt lat="45.037740" lon="14.596979">
        <ele>83.605119</ele>
        <time>2026-03-24T12:13:04.323Z</time>
      </trkpt>
      <trkpt lat="45.037757" lon="14.597054">
        <ele>83.658139</ele>
        <time>2026-03-24T12:13:05.135Z</time>
      </trkpt>
      <trkpt lat="45.037744" lon="14.597147">
        <ele>83.259967</ele>
        <time>2026-03-24T12:13:06.109Z</time>
      </trkpt>
      <trkpt lat="45.037568" lon="14.597335">
        <ele>81.816389</ele>
        <time>2026-03-24T12:13:09.163Z</time>
      </trkpt>
      <trkpt lat="45.037289" lon="14.597440">
        <ele>79.926421</ele>
        <time>2026-03-24T12:13:13.001Z</time>
      </trkpt>
      <trkpt lat="45.037123" lon="14.597659">
        <ele>78.440699</ele>
        <time>2026-03-24T12:13:15.922Z</time>
      </trkpt>
      <trkpt lat="45.036631" lon="14.597946">
        <ele>74.956889</ele>
        <time>2026-03-24T12:13:22.720Z</time>
      </trkpt>
      <trkpt lat="45.036235" lon="14.598137">
        <ele>72.218018</ele>
        <time>2026-03-24T12:13:28.064Z</time>
      </trkpt>
      <trkpt lat="45.036340" lon="14.598395">
        <ele>71.388495</ele>
        <time>2026-03-24T12:13:30.819Z</time>
      </trkpt>
      <trkpt lat="45.036466" lon="14.598573">
        <ele>70.832378</ele>
        <time>2026-03-24T12:13:33.204Z</time>
      </trkpt>
      <trkpt lat="45.036620" lon="14.599389">
        <ele>68.968106</ele>
        <time>2026-03-24T12:13:41.891Z</time>
      </trkpt>
      <trkpt lat="45.036669" lon="14.599497">
        <ele>68.684815</ele>
        <time>2026-03-24T12:13:43.376Z</time>
      </trkpt>
      <trkpt lat="45.036969" lon="14.600149">
        <ele>66.967482</ele>
        <time>2026-03-24T12:13:53.094Z</time>
      </trkpt>
      <trkpt lat="45.037085" lon="14.600350">
        <ele>66.394665</ele>
        <time>2026-03-24T12:13:56.643Z</time>
      </trkpt>
      <trkpt lat="45.037283" lon="14.600691">
        <ele>65.952923</ele>
        <time>2026-03-24T12:14:03.204Z</time>
      </trkpt>
      <trkpt lat="45.037583" lon="14.601553">
        <ele>65.160974</ele>
        <time>2026-03-24T12:14:17.862Z</time>
      </trkpt>
      <trkpt lat="45.038191" lon="14.602090">
        <ele>64.325050</ele>
        <time>2026-03-24T12:14:29.519Z</time>
      </trkpt>
      <trkpt lat="45.038466" lon="14.602390">
        <ele>63.505000</ele>
        <time>2026-03-24T12:14:34.512Z</time>
      </trkpt>
      <trkpt lat="45.038491" lon="14.602547">
        <ele>63.154147</ele>
        <time>2026-03-24T12:14:36.141Z</time>
      </trkpt>
      <trkpt lat="45.038463" lon="14.602773">
        <ele>62.653937</ele>
        <time>2026-03-24T12:14:38.449Z</time>
      </trkpt>
      <trkpt lat="45.038398" lon="14.603022">
        <ele>62.075244</ele>
        <time>2026-03-24T12:14:41.151Z</time>
      </trkpt>
      <trkpt lat="45.038440" lon="14.603299">
        <ele>61.457619</ele>
        <time>2026-03-24T12:14:44.050Z</time>
      </trkpt>
      <trkpt lat="45.038426" lon="14.603732">
        <ele>60.512663</ele>
        <time>2026-03-24T12:14:48.560Z</time>
      </trkpt>
      <trkpt lat="45.038515" lon="14.603752">
        <ele>60.234644</ele>
        <time>2026-03-24T12:14:49.896Z</time>
      </trkpt>
      <trkpt lat="45.038686" lon="14.604058">
        <ele>59.384150</ele>
        <time>2026-03-24T12:14:53.954Z</time>
      </trkpt>
      <trkpt lat="45.038868" lon="14.604091">
        <ele>58.818062</ele>
        <time>2026-03-24T12:14:56.765Z</time>
      </trkpt>
      <trkpt lat="45.038987" lon="14.604203">
        <ele>58.516723</ele>
        <time>2026-03-24T12:14:59.000Z</time>
      </trkpt>
      <trkpt lat="45.039105" lon="14.604390">
        <ele>58.280104</ele>
        <time>2026-03-24T12:15:01.884Z</time>
      </trkpt>
      <trkpt lat="45.039234" lon="14.604450">
        <ele>58.098738</ele>
        <time>2026-03-24T12:15:04.177Z</time>
      </trkpt>
      <trkpt lat="45.039379" lon="14.604439">
        <ele>57.904792</ele>
        <time>2026-03-24T12:15:06.683Z</time>
      </trkpt>
      <trkpt lat="45.039469" lon="14.604465">
        <ele>57.782105</ele>
        <time>2026-03-24T12:15:08.279Z</time>
      </trkpt>
      <trkpt lat="45.039681" lon="14.604916">
        <ele>57.270875</ele>
        <time>2026-03-24T12:15:14.785Z</time>
      </trkpt>
      <trkpt lat="45.039840" lon="14.605130">
        <ele>56.977802</ele>
        <time>2026-03-24T12:15:18.359Z</time>
      </trkpt>
      <trkpt lat="45.039965" lon="14.605358">
        <ele>56.705445</ele>
        <time>2026-03-24T12:15:21.588Z</time>
      </trkpt>
      <trkpt lat="45.039980" lon="14.605472">
        <ele>56.596004</ele>
        <time>2026-03-24T12:15:22.882Z</time>
      </trkpt>
      <trkpt lat="45.039926" lon="14.605650">
        <ele>56.413183</ele>
        <time>2026-03-24T12:15:25.071Z</time>
      </trkpt>
      <trkpt lat="45.039969" lon="14.605988">
        <ele>56.286616</ele>
        <time>2026-03-24T12:15:28.979Z</time>
      </trkpt>
      <trkpt lat="45.040337" lon="14.606516">
        <ele>56.635250</ele>
        <time>2026-03-24T12:15:37.906Z</time>
      </trkpt>
      <trkpt lat="45.040970" lon="14.607287">
        <ele>57.190862</ele>
        <time>2026-03-24T12:15:59.386Z</time>
      </trkpt>
      <trkpt lat="45.041099" lon="14.607630">
        <ele>57.373519</ele>
        <time>2026-03-24T12:16:07.778Z</time>
      </trkpt>
      <trkpt lat="45.041197" lon="14.607651">
        <ele>57.435556</ele>
        <time>2026-03-24T12:16:10.883Z</time>
      </trkpt>
      <trkpt lat="45.041648" lon="14.607445">
        <ele>57.694732</ele>
        <time>2026-03-24T12:16:24.174Z</time>
      </trkpt>
      <trkpt lat="45.041811" lon="14.607458">
        <ele>57.784017</ele>
        <time>2026-03-24T12:16:28.192Z</time>
      </trkpt>
      <trkpt lat="45.041917" lon="14.608016">
        <ele>58.007301</ele>
        <time>2026-03-24T12:16:37.138Z</time>
      </trkpt>
      <trkpt lat="45.041895" lon="14.608252">
        <ele>58.099288</ele>
        <time>2026-03-24T12:16:40.250Z</time>
      </trkpt>
      <trkpt lat="45.042031" lon="14.608574">
        <ele>58.244253</ele>
        <time>2026-03-24T12:16:44.892Z</time>
      </trkpt>
      <trkpt lat="45.042221" lon="14.608617">
        <ele>58.349482</ele>
        <time>2026-03-24T12:16:48.108Z</time>
      </trkpt>
      <trkpt lat="45.042342" lon="14.609454">
        <ele>58.512839</ele>
        <time>2026-03-24T12:16:58.278Z</time>
      </trkpt>
      <trkpt lat="45.042767" lon="14.609872">
        <ele>58.626337</ele>
        <time>2026-03-24T12:17:07.930Z</time>
      </trkpt>
      <trkpt lat="45.043214" lon="14.610055">
        <ele>58.728383</ele>
        <time>2026-03-24T12:17:18.599Z</time>
      </trkpt>
      <trkpt lat="45.043397" lon="14.610270">
        <ele>58.780540</ele>
        <time>2026-03-24T12:17:24.657Z</time>
      </trkpt>
      <trkpt lat="45.043574" lon="14.610305">
        <ele>58.892120</ele>
        <time>2026-03-24T12:17:29.072Z</time>
      </trkpt>
      <trkpt lat="45.043760" lon="14.610302">
        <ele>59.055431</ele>
        <time>2026-03-24T12:17:33.803Z</time>
      </trkpt>
      <trkpt lat="45.043859" lon="14.610300">
        <ele>59.142357</ele>
        <time>2026-03-24T12:17:36.346Z</time>
      </trkpt>
      <trkpt lat="45.043973" lon="14.610378">
        <ele>59.253527</ele>
        <time>2026-03-24T12:17:39.544Z</time>
      </trkpt>
      <trkpt lat="45.044125" lon="14.610546">
        <ele>59.422848</ele>
        <time>2026-03-24T12:17:44.434Z</time>
      </trkpt>
      <trkpt lat="45.044556" lon="14.611147">
        <ele>59.954054</ele>
        <time>2026-03-24T12:18:00.438Z</time>
      </trkpt>
      <trkpt lat="45.044631" lon="14.611272">
        <ele>60.055781</ele>
        <time>2026-03-24T12:18:02.781Z</time>
      </trkpt>
      <trkpt lat="45.044691" lon="14.611492">
        <ele>60.202066</ele>
        <time>2026-03-24T12:18:05.586Z</time>
      </trkpt>
      <trkpt lat="45.044699" lon="14.611520">
        <ele>60.220802</ele>
        <time>2026-03-24T12:18:05.928Z</time>
      </trkpt>
      <trkpt lat="45.044736" lon="14.611635">
        <ele>60.299187</ele>
        <time>2026-03-24T12:18:07.319Z</time>
      </trkpt>
      <trkpt lat="45.044812" lon="14.611849">
        <ele>59.869265</ele>
        <time>2026-03-24T12:18:09.729Z</time>
      </trkpt>
      <trkpt lat="45.044993" lon="14.612139">
        <ele>58.207101</ele>
        <time>2026-03-24T12:18:13.316Z</time>
      </trkpt>
      <trkpt lat="45.044913" lon="14.612198">
        <ele>57.658653</ele>
        <time>2026-03-24T12:18:14.420Z</time>
      </trkpt>
      <trkpt lat="45.044887" lon="14.612218">
        <ele>57.478743</ele>
        <time>2026-03-24T12:18:14.786Z</time>
      </trkpt>
      <trkpt lat="45.044765" lon="14.612360">
        <ele>56.518414</ele>
        <time>2026-03-24T12:18:16.668Z</time>
      </trkpt>
      <trkpt lat="45.044680" lon="14.612499">
        <ele>55.728745</ele>
        <time>2026-03-24T12:18:18.157Z</time>
      </trkpt>
      <trkpt lat="45.044507" lon="14.612941">
        <ele>53.558205</ele>
        <time>2026-03-24T12:18:22.159Z</time>
      </trkpt>
      <trkpt lat="45.044199" lon="14.613523">
        <ele>50.434611</ele>
        <time>2026-03-24T12:18:27.612Z</time>
      </trkpt>
      <trkpt lat="45.044106" lon="14.613675">
        <ele>49.570882</ele>
        <time>2026-03-24T12:18:29.090Z</time>
      </trkpt>
      <trkpt lat="45.043862" lon="14.613992">
        <ele>46.431025</ele>
        <time>2026-03-24T12:18:32.545Z</time>
      </trkpt>
      <trkpt lat="45.043623" lon="14.614166">
        <ele>43.819398</ele>
        <time>2026-03-24T12:18:35.348Z</time>
      </trkpt>
      <trkpt lat="45.043453" lon="14.614298">
        <ele>41.935223</ele>
        <time>2026-03-24T12:18:37.374Z</time>
      </trkpt>
      <trkpt lat="45.042937" lon="14.614573">
        <ele>36.577508</ele>
        <time>2026-03-24T12:18:43.166Z</time>
      </trkpt>
      <trkpt lat="45.042768" lon="14.614759">
        <ele>34.497216</ele>
        <time>2026-03-24T12:18:45.434Z</time>
      </trkpt>
      <trkpt lat="45.042729" lon="14.614862">
        <ele>33.694892</ele>
        <time>2026-03-24T12:18:46.307Z</time>
      </trkpt>
      <trkpt lat="45.042621" lon="14.615414">
        <ele>30.193799</ele>
        <time>2026-03-24T12:18:50.618Z</time>
      </trkpt>
      <trkpt lat="45.042489" lon="14.615729">
        <ele>28.172529</ele>
        <time>2026-03-24T12:18:53.399Z</time>
      </trkpt>
      <trkpt lat="45.042362" lon="14.615882">
        <ele>26.869793</ele>
        <time>2026-03-24T12:18:55.207Z</time>
      </trkpt>
      <trkpt lat="45.041718" lon="14.616432">
        <ele>20.994558</ele>
        <time>2026-03-24T12:19:03.424Z</time>
      </trkpt>
      <trkpt lat="45.041600" lon="14.616644">
        <ele>19.505062</ele>
        <time>2026-03-24T12:19:05.535Z</time>
      </trkpt>
      <trkpt lat="45.041531" lon="14.616868">
        <ele>18.156386</ele>
        <time>2026-03-24T12:19:07.440Z</time>
      </trkpt>
      <trkpt lat="45.041509" lon="14.617027">
        <ele>17.388571</ele>
        <time>2026-03-24T12:19:08.710Z</time>
      </trkpt>
      <trkpt lat="45.041513" lon="14.617777">
        <ele>14.053280</ele>
        <time>2026-03-24T12:19:14.615Z</time>
      </trkpt>
      <trkpt lat="45.041417" lon="14.618136">
        <ele>12.346332</ele>
        <time>2026-03-24T12:19:17.664Z</time>
      </trkpt>
      <trkpt lat="45.041258" lon="14.618398">
        <ele>10.810501</ele>
        <time>2026-03-24T12:19:20.417Z</time>
      </trkpt>
      <trkpt lat="45.041127" lon="14.618514">
        <ele>9.837975</ele>
        <time>2026-03-24T12:19:22.165Z</time>
      </trkpt>
      <trkpt lat="45.040672" lon="14.618706">
        <ele>6.849866</ele>
        <time>2026-03-24T12:19:27.514Z</time>
      </trkpt>
      <trkpt lat="45.040565" lon="14.618780">
        <ele>6.370192</ele>
        <time>2026-03-24T12:19:28.868Z</time>
      </trkpt>
      <trkpt lat="45.040397" lon="14.618996">
        <ele>5.723974</ele>
        <time>2026-03-24T12:19:31.462Z</time>
      </trkpt>
      <trkpt lat="45.040344" lon="14.619204">
        <ele>5.279155</ele>
        <time>2026-03-24T12:19:33.288Z</time>
      </trkpt>
      <trkpt lat="45.040398" lon="14.619459">
        <ele>4.743617</ele>
        <time>2026-03-24T12:19:35.516Z</time>
      </trkpt>
      <trkpt lat="45.040471" lon="14.619757">
        <ele>4.109113</ele>
        <time>2026-03-24T12:19:38.225Z</time>
      </trkpt>
      <trkpt lat="45.040497" lon="14.620003">
        <ele>3.608718</ele>
        <time>2026-03-24T12:19:40.433Z</time>
      </trkpt>
      <trkpt lat="45.040510" lon="14.620122">
        <ele>3.366477</ele>
        <time>2026-03-24T12:19:41.525Z</time>
      </trkpt>
      <trkpt lat="45.040498" lon="14.620145">
        <ele>3.308960</ele>
        <time>2026-03-24T12:19:41.789Z</time>
      </trkpt>
      <trkpt lat="45.040472" lon="14.620271">
        <ele>3.044893</ele>
        <time>2026-03-24T12:19:43.005Z</time>
      </trkpt>
      <trkpt lat="45.040496" lon="14.620398">
        <ele>2.780422</ele>
        <time>2026-03-24T12:19:44.242Z</time>
      </trkpt>
      <trkpt lat="45.040537" lon="14.620464">
        <ele>2.603632</ele>
        <time>2026-03-24T12:19:45.110Z</time>
      </trkpt>
      <trkpt lat="45.040585" lon="14.620503">
        <ele>2.446053</ele>
        <time>2026-03-24T12:19:45.903Z</time>
      </trkpt>
      <trkpt lat="45.040694" lon="14.620507">
        <ele>2.135620</ele>
        <time>2026-03-24T12:19:47.565Z</time>
      </trkpt>
      <trkpt lat="45.040716" lon="14.620495">
        <ele>2.068494</ele>
        <time>2026-03-24T12:19:47.948Z</time>
      </trkpt>
      <trkpt lat="45.040811" lon="14.620540">
        <ele>1.783276</ele>
        <time>2026-03-24T12:19:49.664Z</time>
      </trkpt>
      <trkpt lat="45.040951" lon="14.620728">
        <ele>1.815676</ele>
        <time>2026-03-24T12:19:53.844Z</time>
      </trkpt>
      <trkpt lat="45.041006" lon="14.620825">
        <ele>2.175979</ele>
        <time>2026-03-24T12:19:56.083Z</time>
      </trkpt>
      <trkpt lat="45.041133" lon="14.621059">
        <ele>3.030781</ele>
        <time>2026-03-24T12:20:02.229Z</time>
      </trkpt>
      <trkpt lat="45.041258" lon="14.621358">
        <ele>4.037250</ele>
        <time>2026-03-24T12:20:10.601Z</time>
      </trkpt>
      <trkpt lat="45.041507" lon="14.622089">
        <ele>6.388207</ele>
        <time>2026-03-24T12:20:33.407Z</time>
      </trkpt>
      <trkpt lat="45.041690" lon="14.622540">
        <ele>7.894869</ele>
        <time>2026-03-24T12:20:49.064Z</time>
      </trkpt>
      <trkpt lat="45.041893" lon="14.622993">
        <ele>9.781457</ele>
        <time>2026-03-24T12:21:05.897Z</time>
      </trkpt>
      <trkpt lat="45.042017" lon="14.623339">
        <ele>11.526065</ele>
        <time>2026-03-24T12:21:17.983Z</time>
      </trkpt>
      <trkpt lat="45.042034" lon="14.623450">
        <ele>12.036808</ele>
        <time>2026-03-24T12:21:21.487Z</time>
      </trkpt>
      <trkpt lat="45.042091" lon="14.623821">
        <ele>13.744128</ele>
        <time>2026-03-24T12:21:33.325Z</time>
      </trkpt>
      <trkpt lat="45.042081" lon="14.624326">
        <ele>16.015935</ele>
        <time>2026-03-24T12:21:49.129Z</time>
      </trkpt>
      <trkpt lat="45.042036" lon="14.625352">
        <ele>20.789134</ele>
        <time>2026-03-24T12:22:22.870Z</time>
      </trkpt>
      <trkpt lat="45.042050" lon="14.626023">
        <ele>25.125022</ele>
        <time>2026-03-24T12:22:48.182Z</time>
      </trkpt>
      <trkpt lat="45.042087" lon="14.626404">
        <ele>27.609039</ele>
        <time>2026-03-24T12:23:03.906Z</time>
      </trkpt>
      <trkpt lat="45.042148" lon="14.626930">
        <ele>31.051931</ele>
        <time>2026-03-24T12:23:26.781Z</time>
      </trkpt>
      <trkpt lat="45.042246" lon="14.627464">
        <ele>34.615474</ele>
        <time>2026-03-24T12:23:51.515Z</time>
      </trkpt>
      <trkpt lat="45.042506" lon="14.628620">
        <ele>42.878724</ele>
        <time>2026-03-24T12:24:47.856Z</time>
      </trkpt>
      <trkpt lat="45.042773" lon="14.629907">
        <ele>52.190294</ele>
        <time>2026-03-24T12:25:46.022Z</time>
      </trkpt>
      <trkpt lat="45.042974" lon="14.630469">
        <ele>56.370404</ele>
        <time>2026-03-24T12:26:11.176Z</time>
      </trkpt>
      <trkpt lat="45.043173" lon="14.630889">
        <ele>59.567295</ele>
        <time>2026-03-24T12:26:30.653Z</time>
      </trkpt>
      <trkpt lat="45.043366" lon="14.631124">
        <ele>61.845224</ele>
        <time>2026-03-24T12:26:44.583Z</time>
      </trkpt>
      <trkpt lat="45.043664" lon="14.631466">
        <ele>65.277925</ele>
        <time>2026-03-24T12:27:06.274Z</time>
      </trkpt>
      <trkpt lat="45.044067" lon="14.631861">
        <ele>69.663888</ele>
        <time>2026-03-24T12:27:35.125Z</time>
      </trkpt>
      <trkpt lat="45.044230" lon="14.632073">
        <ele>71.862744</ele>
        <time>2026-03-24T12:27:48.561Z</time>
      </trkpt>
      <trkpt lat="45.044337" lon="14.632305">
        <ele>73.947899</ele>
        <time>2026-03-24T12:28:00.488Z</time>
      </trkpt>
      <trkpt lat="45.044446" lon="14.632660">
        <ele>76.861082</ele>
        <time>2026-03-24T12:28:17.469Z</time>
      </trkpt>
      <trkpt lat="45.044589" lon="14.633669">
        <ele>84.606288</ele>
        <time>2026-03-24T12:29:05.159Z</time>
      </trkpt>
      <trkpt lat="45.044598" lon="14.633938">
        <ele>86.633104</ele>
        <time>2026-03-24T12:29:18.177Z</time>
      </trkpt>
      <trkpt lat="45.044628" lon="14.634752">
        <ele>93.100685</ele>
        <time>2026-03-24T12:29:58.887Z</time>
      </trkpt>
      <trkpt lat="45.044581" lon="14.635505">
        <ele>99.399174</ele>
        <time>2026-03-24T12:30:37.678Z</time>
      </trkpt>
      <trkpt lat="45.044508" lon="14.635921">
        <ele>102.970623</ele>
        <time>2026-03-24T12:30:59.653Z</time>
      </trkpt>
      <trkpt lat="45.044399" lon="14.636277">
        <ele>106.203381</ele>
        <time>2026-03-24T12:31:19.219Z</time>
      </trkpt>
      <trkpt lat="45.044112" lon="14.637037">
        <ele>113.034406</ele>
        <time>2026-03-24T12:32:01.519Z</time>
      </trkpt>
      <trkpt lat="45.043865" lon="14.637548">
        <ele>117.476930</ele>
        <time>2026-03-24T12:32:29.737Z</time>
      </trkpt>
      <trkpt lat="45.043648" lon="14.637924">
        <ele>120.960504</ele>
        <time>2026-03-24T12:32:51.166Z</time>
      </trkpt>
      <trkpt lat="45.042776" lon="14.639133">
        <ele>133.068121</ele>
        <time>2026-03-24T12:34:04.422Z</time>
      </trkpt>
      <trkpt lat="45.042351" lon="14.639715">
        <ele>138.662685</ele>
        <time>2026-03-24T12:34:39.368Z</time>
      </trkpt>
      <trkpt lat="45.041771" lon="14.640539">
        <ele>146.436980</ele>
        <time>2026-03-24T12:35:28.731Z</time>
      </trkpt>
      <trkpt lat="45.040801" lon="14.641919">
        <ele>159.438092</ele>
        <time>2026-03-24T12:36:52.441Z</time>
      </trkpt>
      <trkpt lat="45.040762" lon="14.641975">
        <ele>159.963266</ele>
        <time>2026-03-24T12:36:55.755Z</time>
      </trkpt>
      <trkpt lat="45.037688" lon="14.646557">
        <ele>199.629862</ele>
        <time>2026-03-24T12:41:11.879Z</time>
      </trkpt>
      <trkpt lat="45.037672" lon="14.646584">
        <ele>199.835411</ele>
        <time>2026-03-24T12:41:13.265Z</time>
      </trkpt>
      <trkpt lat="45.037408" lon="14.647016">
        <ele>203.167019</ele>
        <time>2026-03-24T12:41:35.231Z</time>
      </trkpt>
      <trkpt lat="45.036994" lon="14.647902">
        <ele>209.363068</ele>
        <time>2026-03-24T12:42:14.812Z</time>
      </trkpt>
      <trkpt lat="45.036651" lon="14.648755">
        <ele>214.430693</ele>
        <time>2026-03-24T12:42:50.309Z</time>
      </trkpt>
      <trkpt lat="45.036400" lon="14.649497">
        <ele>218.596612</ele>
        <time>2026-03-24T12:43:19.517Z</time>
      </trkpt>
      <trkpt lat="45.036197" lon="14.650197">
        <ele>222.428405</ele>
        <time>2026-03-24T12:43:45.520Z</time>
      </trkpt>
      <trkpt lat="45.035980" lon="14.651117">
        <ele>225.765049</ele>
        <time>2026-03-24T12:44:16.078Z</time>
      </trkpt>
      <trkpt lat="45.035872" lon="14.651682">
        <ele>227.655299</ele>
        <time>2026-03-24T12:44:32.235Z</time>
      </trkpt>
      <trkpt lat="45.035780" lon="14.652321">
        <ele>229.761355</ele>
        <time>2026-03-24T12:44:48.363Z</time>
      </trkpt>
      <trkpt lat="45.035530" lon="14.654467">
        <ele>233.295386</ele>
        <time>2026-03-24T12:45:29.537Z</time>
      </trkpt>
      <trkpt lat="45.035436" lon="14.655084">
        <ele>234.057246</ele>
        <time>2026-03-24T12:45:38.584Z</time>
      </trkpt>
      <trkpt lat="45.035135" lon="14.656303">
        <ele>234.784113</ele>
        <time>2026-03-24T12:45:55.349Z</time>
      </trkpt>
      <trkpt lat="45.035083" lon="14.656510">
        <ele>234.883600</ele>
        <time>2026-03-24T12:45:58.220Z</time>
      </trkpt>
      <trkpt lat="45.034599" lon="14.658417">
        <ele>236.360705</ele>
        <time>2026-03-24T12:46:28.244Z</time>
      </trkpt>
      <trkpt lat="45.034536" lon="14.658651">
        <ele>236.648457</ele>
        <time>2026-03-24T12:46:32.251Z</time>
      </trkpt>
      <trkpt lat="45.034497" lon="14.658804">
        <ele>236.835363</ele>
        <time>2026-03-24T12:46:34.923Z</time>
      </trkpt>
      <trkpt lat="45.033923" lon="14.660661">
        <ele>240.686072</ele>
        <time>2026-03-24T12:47:13.204Z</time>
      </trkpt>
      <trkpt lat="45.033748" lon="14.661180">
        <ele>242.599905</ele>
        <time>2026-03-24T12:47:27.610Z</time>
      </trkpt>
      <trkpt lat="45.032843" lon="14.664023">
        <ele>255.978673</ele>
        <time>2026-03-24T12:49:09.936Z</time>
      </trkpt>
      <trkpt lat="45.032464" lon="14.665233">
        <ele>263.667814</ele>
        <time>2026-03-24T12:50:00.121Z</time>
      </trkpt>
      <trkpt lat="45.032297" lon="14.665746">
        <ele>267.489941</ele>
        <time>2026-03-24T12:50:23.360Z</time>
      </trkpt>
      <trkpt lat="45.032112" lon="14.666175">
        <ele>270.890837</ele>
        <time>2026-03-24T12:50:45.483Z</time>
      </trkpt>
      <trkpt lat="45.031958" lon="14.666445">
        <ele>273.238803</ele>
        <time>2026-03-24T12:51:01.525Z</time>
      </trkpt>
      <trkpt lat="45.031805" lon="14.666638">
        <ele>275.201504</ele>
        <time>2026-03-24T12:51:15.358Z</time>
      </trkpt>
      <trkpt lat="45.031635" lon="14.666787">
        <ele>277.147592</ele>
        <time>2026-03-24T12:51:28.907Z</time>
      </trkpt>
      <trkpt lat="45.031372" lon="14.666961">
        <ele>280.119596</ele>
        <time>2026-03-24T12:51:48.646Z</time>
      </trkpt>
      <trkpt lat="45.030935" lon="14.667179">
        <ele>284.862908</ele>
        <time>2026-03-24T12:52:19.144Z</time>
      </trkpt>
      <trkpt lat="45.030724" lon="14.667319">
        <ele>287.248533</ele>
        <time>2026-03-24T12:52:34.177Z</time>
      </trkpt>
      <trkpt lat="45.030567" lon="14.667475">
        <ele>289.212381</ele>
        <time>2026-03-24T12:52:46.331Z</time>
      </trkpt>
      <trkpt lat="45.030424" lon="14.667726">
        <ele>291.544823</ele>
        <time>2026-03-24T12:53:00.343Z</time>
      </trkpt>
      <trkpt lat="45.030240" lon="14.668131">
        <ele>295.028038</ele>
        <time>2026-03-24T12:53:20.563Z</time>
      </trkpt>
      <trkpt lat="45.030122" lon="14.668548">
        <ele>297.492948</ele>
        <time>2026-03-24T12:53:38.714Z</time>
      </trkpt>
      <trkpt lat="45.030062" lon="14.669005">
        <ele>300.031556</ele>
        <time>2026-03-24T12:53:57.151Z</time>
      </trkpt>
      <trkpt lat="45.029968" lon="14.670613">
        <ele>308.843651</ele>
        <time>2026-03-24T12:54:56.969Z</time>
      </trkpt>
      <trkpt lat="45.029961" lon="14.671287">
        <ele>309.042016</ele>
        <time>2026-03-24T12:55:14.623Z</time>
      </trkpt>
      <trkpt lat="45.029982" lon="14.671917">
        <ele>309.106770</ele>
        <time>2026-03-24T12:55:24.703Z</time>
      </trkpt>
      <trkpt lat="45.029980" lon="14.672312">
        <ele>309.147325</ele>
        <time>2026-03-24T12:55:28.638Z</time>
      </trkpt>
      <trkpt lat="45.029938" lon="14.672659">
        <ele>309.183470</ele>
        <time>2026-03-24T12:55:31.752Z</time>
      </trkpt>
      <trkpt lat="45.029862" lon="14.672915">
        <ele>309.211978</ele>
        <time>2026-03-24T12:55:34.069Z</time>
      </trkpt>
      <trkpt lat="45.029767" lon="14.673097">
        <ele>309.235207</ele>
        <time>2026-03-24T12:55:35.925Z</time>
      </trkpt>
      <trkpt lat="45.029629" lon="14.673285">
        <ele>308.356243</ele>
        <time>2026-03-24T12:55:38.134Z</time>
      </trkpt>
      <trkpt lat="45.029438" lon="14.673469">
        <ele>307.239447</ele>
        <time>2026-03-24T12:55:40.816Z</time>
      </trkpt>
      <trkpt lat="45.029075" lon="14.673698">
        <ele>305.318502</ele>
        <time>2026-03-24T12:55:45.597Z</time>
      </trkpt>
      <trkpt lat="45.028754" lon="14.673769">
        <ele>303.748192</ele>
        <time>2026-03-24T12:55:49.583Z</time>
      </trkpt>
      <trkpt lat="45.028438" lon="14.673798">
        <ele>302.217681</ele>
        <time>2026-03-24T12:55:53.347Z</time>
      </trkpt>
      <trkpt lat="45.028224" lon="14.673865">
        <ele>301.158351</ele>
        <time>2026-03-24T12:55:55.900Z</time>
      </trkpt>
      <trkpt lat="45.028038" lon="14.673984">
        <ele>299.636535</ele>
        <time>2026-03-24T12:55:58.230Z</time>
      </trkpt>
      <trkpt lat="45.027915" lon="14.674128">
        <ele>297.753544</ele>
        <time>2026-03-24T12:56:00.016Z</time>
      </trkpt>
      <trkpt lat="45.027803" lon="14.674329">
        <ele>295.619866</ele>
        <time>2026-03-24T12:56:02.005Z</time>
      </trkpt>
      <trkpt lat="45.027664" lon="14.674720">
        <ele>291.971339</ele>
        <time>2026-03-24T12:56:05.296Z</time>
      </trkpt>
      <trkpt lat="45.027566" lon="14.675303">
        <ele>286.975797</ele>
        <time>2026-03-24T12:56:09.602Z</time>
      </trkpt>
      <trkpt lat="45.027548" lon="14.675669">
        <ele>283.917385</ele>
        <time>2026-03-24T12:56:12.184Z</time>
      </trkpt>
      <trkpt lat="45.027546" lon="14.675977">
        <ele>281.349739</ele>
        <time>2026-03-24T12:56:14.341Z</time>
      </trkpt>
      <trkpt lat="45.027570" lon="14.676272">
        <ele>278.828062</ele>
        <time>2026-03-24T12:56:16.417Z</time>
      </trkpt>
      <trkpt lat="45.027714" lon="14.676714">
        <ele>274.357695</ele>
        <time>2026-03-24T12:56:19.826Z</time>
      </trkpt>
      <trkpt lat="45.027892" lon="14.677017">
        <ele>270.738757</ele>
        <time>2026-03-24T12:56:22.585Z</time>
      </trkpt>
      <trkpt lat="45.027994" lon="14.677184">
        <ele>268.711439</ele>
        <time>2026-03-24T12:56:24.150Z</time>
      </trkpt>
      <trkpt lat="45.028156" lon="14.677475">
        <ele>265.309012</ele>
        <time>2026-03-24T12:56:26.799Z</time>
      </trkpt>
      <trkpt lat="45.028205" lon="14.677625">
        <ele>263.791216</ele>
        <time>2026-03-24T12:56:28.006Z</time>
      </trkpt>
      <trkpt lat="45.028198" lon="14.677762">
        <ele>262.529590</ele>
        <time>2026-03-24T12:56:29.025Z</time>
      </trkpt>
      <trkpt lat="45.028164" lon="14.677852">
        <ele>261.592259</ele>
        <time>2026-03-24T12:56:29.791Z</time>
      </trkpt>
      <trkpt lat="45.028052" lon="14.677942">
        <ele>259.918354</ele>
        <time>2026-03-24T12:56:31.162Z</time>
      </trkpt>
      <trkpt lat="45.027825" lon="14.677986">
        <ele>256.940725</ele>
        <time>2026-03-24T12:56:33.668Z</time>
      </trkpt>
      <trkpt lat="45.027719" lon="14.677952">
        <ele>255.567244</ele>
        <time>2026-03-24T12:56:34.860Z</time>
      </trkpt>
      <trkpt lat="45.027125" lon="14.677564">
        <ele>247.844909</ele>
        <time>2026-03-24T12:56:41.799Z</time>
      </trkpt>
      <trkpt lat="45.026949" lon="14.677584">
        <ele>245.760815</ele>
        <time>2026-03-24T12:56:43.618Z</time>
      </trkpt>
      <trkpt lat="45.026866" lon="14.677667">
        <ele>244.561138</ele>
        <time>2026-03-24T12:56:44.668Z</time>
      </trkpt>
      <trkpt lat="45.026795" lon="14.677794">
        <ele>243.210279</ele>
        <time>2026-03-24T12:56:45.838Z</time>
      </trkpt>
      <trkpt lat="45.026688" lon="14.678459">
        <ele>237.520641</ele>
        <time>2026-03-24T12:56:50.665Z</time>
      </trkpt>
      <trkpt lat="45.026599" lon="14.678820">
        <ele>234.401164</ele>
        <time>2026-03-24T12:56:53.364Z</time>
      </trkpt>
      <trkpt lat="45.026492" lon="14.679085">
        <ele>232.309847</ele>
        <time>2026-03-24T12:56:55.532Z</time>
      </trkpt>
      <trkpt lat="45.026416" lon="14.679185">
        <ele>231.303625</ele>
        <time>2026-03-24T12:56:56.580Z</time>
      </trkpt>
      <trkpt lat="45.026340" lon="14.679211">
        <ele>230.545554</ele>
        <time>2026-03-24T12:56:57.373Z</time>
      </trkpt>
      <trkpt lat="45.026102" lon="14.679168">
        <ele>228.219353</ele>
        <time>2026-03-24T12:56:59.820Z</time>
      </trkpt>
      <trkpt lat="45.025483" lon="14.678918">
        <ele>221.978284</ele>
        <time>2026-03-24T12:57:06.744Z</time>
      </trkpt>
      <trkpt lat="45.025014" lon="14.678782">
        <ele>217.336700</ele>
        <time>2026-03-24T12:57:12.312Z</time>
      </trkpt>
      <trkpt lat="45.024615" lon="14.678822">
        <ele>213.608712</ele>
        <time>2026-03-24T12:57:16.917Z</time>
      </trkpt>
      <trkpt lat="45.024287" lon="14.678924">
        <ele>210.480487</ele>
        <time>2026-03-24T12:57:20.531Z</time>
      </trkpt>
      <trkpt lat="45.023840" lon="14.679175">
        <ele>206.000768</ele>
        <time>2026-03-24T12:57:25.514Z</time>
      </trkpt>
      <trkpt lat="45.023629" lon="14.679341">
        <ele>203.751885</ele>
        <time>2026-03-24T12:57:27.987Z</time>
      </trkpt>
      <trkpt lat="45.023489" lon="14.679550">
        <ele>201.856064</ele>
        <time>2026-03-24T12:57:30.075Z</time>
      </trkpt>
      <trkpt lat="45.023374" lon="14.679901">
        <ele>199.462628</ele>
        <time>2026-03-24T12:57:32.891Z</time>
      </trkpt>
      <trkpt lat="45.023231" lon="14.680502">
        <ele>195.812665</ele>
        <time>2026-03-24T12:57:37.599Z</time>
      </trkpt>
      <trkpt lat="45.023163" lon="14.680697">
        <ele>194.561122</ele>
        <time>2026-03-24T12:57:39.243Z</time>
      </trkpt>
      <trkpt lat="45.023054" lon="14.680871">
        <ele>193.222888</ele>
        <time>2026-03-24T12:57:41.026Z</time>
      </trkpt>
      <trkpt lat="45.022220" lon="14.681770">
        <ele>185.001668</ele>
        <time>2026-03-24T12:57:52.790Z</time>
      </trkpt>
      <trkpt lat="45.022099" lon="14.681963">
        <ele>183.909031</ele>
        <time>2026-03-24T12:57:54.872Z</time>
      </trkpt>
      <trkpt lat="45.022051" lon="14.682065">
        <ele>183.390039</ele>
        <time>2026-03-24T12:57:55.852Z</time>
      </trkpt>
      <trkpt lat="45.021987" lon="14.682312">
        <ele>182.275829</ele>
        <time>2026-03-24T12:57:57.938Z</time>
      </trkpt>
      <trkpt lat="45.021920" lon="14.682619">
        <ele>180.915003</ele>
        <time>2026-03-24T12:58:00.507Z</time>
      </trkpt>
      <trkpt lat="45.021854" lon="14.682838">
        <ele>179.906667</ele>
        <time>2026-03-24T12:58:02.409Z</time>
      </trkpt>
      <trkpt lat="45.021586" lon="14.683600">
        <ele>176.301854</ele>
        <time>2026-03-24T12:58:09.178Z</time>
      </trkpt>
      <trkpt lat="45.021462" lon="14.683823">
        <ele>175.100766</ele>
        <time>2026-03-24T12:58:11.482Z</time>
      </trkpt>
      <trkpt lat="45.021167" lon="14.684254">
        <ele>172.800492</ele>
        <time>2026-03-24T12:58:16.420Z</time>
      </trkpt>
      <trkpt lat="45.021055" lon="14.684466">
        <ele>171.785713</ele>
        <time>2026-03-24T12:58:18.604Z</time>
      </trkpt>
      <trkpt lat="45.020998" lon="14.684682">
        <ele>170.901710</ele>
        <time>2026-03-24T12:58:20.511Z</time>
      </trkpt>
      <trkpt lat="45.020951" lon="14.684909">
        <ele>169.994793</ele>
        <time>2026-03-24T12:58:22.472Z</time>
      </trkpt>
      <trkpt lat="45.020881" lon="14.685095">
        <ele>169.186862</ele>
        <time>2026-03-24T12:58:24.213Z</time>
      </trkpt>
      <trkpt lat="45.020816" lon="14.685189">
        <ele>168.682675</ele>
        <time>2026-03-24T12:58:25.268Z</time>
      </trkpt>
      <trkpt lat="45.020320" lon="14.685664">
        <ele>165.433783</ele>
        <time>2026-03-24T12:58:32.091Z</time>
      </trkpt>
      <trkpt lat="45.020201" lon="14.685792">
        <ele>164.488046</ele>
        <time>2026-03-24T12:58:33.821Z</time>
      </trkpt>
      <trkpt lat="45.020107" lon="14.685938">
        <ele>163.590497</ele>
        <time>2026-03-24T12:58:35.420Z</time>
      </trkpt>
      <trkpt lat="45.020091" lon="14.686098">
        <ele>162.856074</ele>
        <time>2026-03-24T12:58:36.711Z</time>
      </trkpt>
      <trkpt lat="45.020122" lon="14.686283">
        <ele>161.991966</ele>
        <time>2026-03-24T12:58:38.229Z</time>
      </trkpt>
      <trkpt lat="45.020191" lon="14.686496">
        <ele>160.927087</ele>
        <time>2026-03-24T12:58:40.085Z</time>
      </trkpt>
      <trkpt lat="45.020298" lon="14.686886">
        <ele>159.025750</ele>
        <time>2026-03-24T12:58:43.382Z</time>
      </trkpt>
      <trkpt lat="45.020301" lon="14.687055">
        <ele>158.257424</ele>
        <time>2026-03-24T12:58:44.706Z</time>
      </trkpt>
      <trkpt lat="45.020273" lon="14.687210">
        <ele>157.530327</ele>
        <time>2026-03-24T12:58:45.959Z</time>
      </trkpt>
      <trkpt lat="45.020031" lon="14.687829">
        <ele>154.315413</ele>
        <time>2026-03-24T12:58:51.489Z</time>
      </trkpt>
      <trkpt lat="45.019970" lon="14.688064">
        <ele>153.123864</ele>
        <time>2026-03-24T12:58:53.484Z</time>
      </trkpt>
      <trkpt lat="45.019943" lon="14.688271">
        <ele>152.082615</ele>
        <time>2026-03-24T12:58:55.147Z</time>
      </trkpt>
      <trkpt lat="45.019908" lon="14.689046">
        <ele>148.241123</ele>
        <time>2026-03-24T12:59:01.194Z</time>
      </trkpt>
      <trkpt lat="45.019873" lon="14.689226">
        <ele>147.317646</ele>
        <time>2026-03-24T12:59:02.649Z</time>
      </trkpt>
      <trkpt lat="45.019765" lon="14.689412">
        <ele>146.126940</ele>
        <time>2026-03-24T12:59:04.512Z</time>
      </trkpt>
      <trkpt lat="45.019524" lon="14.689711">
        <ele>143.883717</ele>
        <time>2026-03-24T12:59:08.035Z</time>
      </trkpt>
      <trkpt lat="45.019343" lon="14.689851">
        <ele>142.440100</ele>
        <time>2026-03-24T12:59:10.310Z</time>
      </trkpt>
      <trkpt lat="45.019022" lon="14.690012">
        <ele>140.168246</ele>
        <time>2026-03-24T12:59:14.100Z</time>
      </trkpt>
      <trkpt lat="45.018813" lon="14.690200">
        <ele>138.604301</ele>
        <time>2026-03-24T12:59:16.873Z</time>
      </trkpt>
      <trkpt lat="45.018674" lon="14.690375">
        <ele>137.429322</ele>
        <time>2026-03-24T12:59:18.941Z</time>
      </trkpt>
      <trkpt lat="45.018560" lon="14.690602">
        <ele>136.186394</ele>
        <time>2026-03-24T12:59:21.122Z</time>
      </trkpt>
      <trkpt lat="45.018369" lon="14.691172">
        <ele>133.370724</ele>
        <time>2026-03-24T12:59:26.089Z</time>
      </trkpt>
      <trkpt lat="45.018269" lon="14.691357">
        <ele>132.331182</ele>
        <time>2026-03-24T12:59:27.962Z</time>
      </trkpt>
      <trkpt lat="45.017623" lon="14.691957">
        <ele>128.243124</ele>
        <time>2026-03-24T12:59:36.830Z</time>
      </trkpt>
      <trkpt lat="45.017460" lon="14.692169">
        <ele>127.308215</ele>
        <time>2026-03-24T12:59:39.431Z</time>
      </trkpt>
      <trkpt lat="45.017318" lon="14.692431">
        <ele>126.322820</ele>
        <time>2026-03-24T12:59:42.226Z</time>
      </trkpt>
      <trkpt lat="45.017090" lon="14.692917">
        <ele>124.581858</ele>
        <time>2026-03-24T12:59:47.241Z</time>
      </trkpt>
      <trkpt lat="45.016527" lon="14.693857">
        <ele>121.531059</ele>
        <time>2026-03-24T12:59:58.145Z</time>
      </trkpt>
      <trkpt lat="45.016179" lon="14.694365">
        <ele>120.405358</ele>
        <time>2026-03-24T13:00:04.736Z</time>
      </trkpt>
      <trkpt lat="45.015951" lon="14.694765">
        <ele>119.587674</ele>
        <time>2026-03-24T13:00:09.655Z</time>
      </trkpt>
      <trkpt lat="45.015710" lon="14.695256">
        <ele>118.636445</ele>
        <time>2026-03-24T13:00:15.610Z</time>
      </trkpt>
      <trkpt lat="45.015527" lon="14.695640">
        <ele>117.978909</ele>
        <time>2026-03-24T13:00:20.310Z</time>
      </trkpt>
      <trkpt lat="45.015423" lon="14.695918">
        <ele>117.611752</ele>
        <time>2026-03-24T13:00:23.425Z</time>
      </trkpt>
      <trkpt lat="45.015216" lon="14.696840">
        <ele>116.482498</ele>
        <time>2026-03-24T13:00:33.158Z</time>
      </trkpt>
      <trkpt lat="45.015145" lon="14.697136">
        <ele>116.117618</ele>
        <time>2026-03-24T13:00:36.308Z</time>
      </trkpt>
      <trkpt lat="45.015029" lon="14.697376">
        <ele>115.778234</ele>
        <time>2026-03-24T13:00:39.227Z</time>
      </trkpt>
      <trkpt lat="45.014215" lon="14.698347">
        <ele>113.196888</ele>
        <time>2026-03-24T13:00:53.528Z</time>
      </trkpt>
      <trkpt lat="45.014126" lon="14.698494">
        <ele>112.816958</ele>
        <time>2026-03-24T13:00:55.285Z</time>
      </trkpt>
      <trkpt lat="45.013915" lon="14.698985">
        <ele>111.688999</ele>
        <time>2026-03-24T13:01:00.409Z</time>
      </trkpt>
      <trkpt lat="45.013779" lon="14.699150">
        <ele>111.191475</ele>
        <time>2026-03-24T13:01:02.623Z</time>
      </trkpt>
      <trkpt lat="45.013662" lon="14.699243">
        <ele>110.818806</ele>
        <time>2026-03-24T13:01:04.283Z</time>
      </trkpt>
      <trkpt lat="45.013355" lon="14.699339">
        <ele>109.959471</ele>
        <time>2026-03-24T13:01:08.159Z</time>
      </trkpt>
      <trkpt lat="45.012936" lon="14.699322">
        <ele>108.851146</ele>
        <time>2026-03-24T13:01:13.365Z</time>
      </trkpt>
      <trkpt lat="45.012696" lon="14.699360">
        <ele>108.212603</ele>
        <time>2026-03-24T13:01:16.408Z</time>
      </trkpt>
      <trkpt lat="45.012393" lon="14.699557">
        <ele>107.330871</ele>
        <time>2026-03-24T13:01:20.696Z</time>
      </trkpt>
      <trkpt lat="45.011841" lon="14.700070">
        <ele>105.584511</ele>
        <time>2026-03-24T13:01:29.698Z</time>
      </trkpt>
      <trkpt lat="45.011657" lon="14.700185">
        <ele>105.266897</ele>
        <time>2026-03-24T13:01:32.577Z</time>
      </trkpt>
      <trkpt lat="45.011284" lon="14.700345">
        <ele>104.756394</ele>
        <time>2026-03-24T13:01:38.204Z</time>
      </trkpt>
      <trkpt lat="45.010996" lon="14.700520">
        <ele>104.345856</ele>
        <time>2026-03-24T13:01:42.747Z</time>
      </trkpt>
      <trkpt lat="45.010539" lon="14.700907">
        <ele>103.648235</ele>
        <time>2026-03-24T13:01:50.810Z</time>
      </trkpt>
      <trkpt lat="45.010382" lon="14.701008">
        <ele>103.422337</ele>
        <time>2026-03-24T13:01:53.405Z</time>
      </trkpt>
      <trkpt lat="45.010166" lon="14.701096">
        <ele>103.127932</ele>
        <time>2026-03-24T13:01:56.661Z</time>
      </trkpt>
      <trkpt lat="45.009988" lon="14.701132">
        <ele>102.667069</ele>
        <time>2026-03-24T13:01:59.206Z</time>
      </trkpt>
      <trkpt lat="45.009637" lon="14.701169">
        <ele>101.752481</ele>
        <time>2026-03-24T13:02:04.048Z</time>
      </trkpt>
      <trkpt lat="45.009457" lon="14.701222">
        <ele>101.274732</ele>
        <time>2026-03-24T13:02:06.516Z</time>
      </trkpt>
      <trkpt lat="45.009119" lon="14.701398">
        <ele>100.338830</ele>
        <time>2026-03-24T13:02:11.244Z</time>
      </trkpt>
      <trkpt lat="45.008020" lon="14.702217">
        <ele>97.724368</ele>
        <time>2026-03-24T13:02:26.485Z</time>
      </trkpt>
      <trkpt lat="45.007808" lon="14.702353">
        <ele>97.397030</ele>
        <time>2026-03-24T13:02:29.576Z</time>
      </trkpt>
      <trkpt lat="45.007628" lon="14.702423">
        <ele>97.134526</ele>
        <time>2026-03-24T13:02:32.209Z</time>
      </trkpt>
      <trkpt lat="45.006996" lon="14.702481">
        <ele>96.243955</ele>
        <time>2026-03-24T13:02:42.673Z</time>
      </trkpt>
      <trkpt lat="45.006697" lon="14.702510">
        <ele>95.893003</ele>
        <time>2026-03-24T13:02:48.960Z</time>
      </trkpt>
      <trkpt lat="45.006534" lon="14.702557">
        <ele>95.830754</ele>
        <time>2026-03-24T13:02:52.970Z</time>
      </trkpt>
      <trkpt lat="45.006355" lon="14.702625">
        <ele>95.761399</ele>
        <time>2026-03-24T13:02:57.537Z</time>
      </trkpt>
      <trkpt lat="45.006163" lon="14.702751">
        <ele>95.682197</ele>
        <time>2026-03-24T13:03:02.191Z</time>
      </trkpt>
      <trkpt lat="45.005619" lon="14.703299">
        <ele>95.432280</ele>
        <time>2026-03-24T13:03:13.256Z</time>
      </trkpt>
      <trkpt lat="45.004220" lon="14.705037">
        <ele>92.869779</ele>
        <time>2026-03-24T13:03:38.212Z</time>
      </trkpt>
      <trkpt lat="45.004032" lon="14.705209">
        <ele>92.479491</ele>
        <time>2026-03-24T13:03:41.620Z</time>
      </trkpt>
      <trkpt lat="45.003875" lon="14.705299">
        <ele>92.184201</ele>
        <time>2026-03-24T13:03:44.227Z</time>
      </trkpt>
      <trkpt lat="45.003479" lon="14.705556">
        <ele>91.202210</ele>
        <time>2026-03-24T13:03:50.835Z</time>
      </trkpt>
      <trkpt lat="45.003328" lon="14.705741">
        <ele>90.740951</ele>
        <time>2026-03-24T13:03:53.839Z</time>
      </trkpt>
      <trkpt lat="45.003154" lon="14.706051">
        <ele>90.094800</ele>
        <time>2026-03-24T13:03:58.014Z</time>
      </trkpt>
      <trkpt lat="45.002988" lon="14.706263">
        <ele>89.578393</ele>
        <time>2026-03-24T13:04:01.185Z</time>
      </trkpt>
      <trkpt lat="45.002259" lon="14.706916">
        <ele>87.080036</ele>
        <time>2026-03-24T13:04:11.762Z</time>
      </trkpt>
      <trkpt lat="45.002010" lon="14.707132">
        <ele>85.486913</ele>
        <time>2026-03-24T13:04:15.108Z</time>
      </trkpt>
      <trkpt lat="45.001930" lon="14.707194">
        <ele>84.989387</ele>
        <time>2026-03-24T13:04:16.148Z</time>
      </trkpt>
      <trkpt lat="45.001758" lon="14.707293">
        <ele>83.976606</ele>
        <time>2026-03-24T13:04:18.251Z</time>
      </trkpt>
      <trkpt lat="45.001389" lon="14.707395">
        <ele>81.926045</ele>
        <time>2026-03-24T13:04:22.502Z</time>
      </trkpt>
      <trkpt lat="45.001002" lon="14.707511">
        <ele>79.768509</ele>
        <time>2026-03-24T13:04:26.956Z</time>
      </trkpt>
      <trkpt lat="45.000897" lon="14.707577">
        <ele>79.141837</ele>
        <time>2026-03-24T13:04:28.268Z</time>
      </trkpt>
      <trkpt lat="45.000780" lon="14.707721">
        <ele>78.295928</ele>
        <time>2026-03-24T13:04:30.048Z</time>
      </trkpt>
      <trkpt lat="45.000531" lon="14.708225">
        <ele>76.079993</ele>
        <time>2026-03-24T13:04:35.079Z</time>
      </trkpt>
      <trkpt lat="45.000336" lon="14.708565">
        <ele>74.509529</ele>
        <time>2026-03-24T13:04:38.642Z</time>
      </trkpt>
      <trkpt lat="44.999986" lon="14.709045">
        <ele>72.036072</ele>
        <time>2026-03-24T13:04:44.276Z</time>
      </trkpt>
      <trkpt lat="44.999534" lon="14.709474">
        <ele>69.274382</ele>
        <time>2026-03-24T13:04:50.671Z</time>
      </trkpt>
      <trkpt lat="44.999369" lon="14.709696">
        <ele>68.488848</ele>
        <time>2026-03-24T13:04:53.407Z</time>
      </trkpt>
      <trkpt lat="44.999233" lon="14.709998">
        <ele>67.729994</ele>
        <time>2026-03-24T13:04:56.474Z</time>
      </trkpt>
      <trkpt lat="44.998785" lon="14.711291">
        <ele>64.678235</ele>
        <time>2026-03-24T13:05:09.745Z</time>
      </trkpt>
      <trkpt lat="44.998453" lon="14.711677">
        <ele>63.441268</ele>
        <time>2026-03-24T13:05:15.516Z</time>
      </trkpt>
      <trkpt lat="44.998344" lon="14.711796">
        <ele>63.116053</ele>
        <time>2026-03-24T13:05:17.348Z</time>
      </trkpt>
      <trkpt lat="44.998170" lon="14.711916">
        <ele>62.658849</ele>
        <time>2026-03-24T13:05:19.900Z</time>
      </trkpt>
      <trkpt lat="44.997754" lon="14.712077">
        <ele>61.640240</ele>
        <time>2026-03-24T13:05:25.661Z</time>
      </trkpt>
      <trkpt lat="44.997247" lon="14.712458">
        <ele>60.284277</ele>
        <time>2026-03-24T13:05:33.041Z</time>
      </trkpt>
      <trkpt lat="44.996614" lon="14.713144">
        <ele>58.662309</ele>
        <time>2026-03-24T13:05:43.763Z</time>
      </trkpt>
      <trkpt lat="44.995932" lon="14.713883">
        <ele>57.172926</ele>
        <time>2026-03-24T13:05:56.053Z</time>
      </trkpt>
      <trkpt lat="44.995694" lon="14.714226">
        <ele>56.583864</ele>
        <time>2026-03-24T13:06:00.888Z</time>
      </trkpt>
      <trkpt lat="44.995499" lon="14.714636">
        <ele>55.845390</ele>
        <time>2026-03-24T13:06:05.732Z</time>
      </trkpt>
      <trkpt lat="44.995390" lon="14.714855">
        <ele>55.365654</ele>
        <time>2026-03-24T13:06:08.288Z</time>
      </trkpt>
      <trkpt lat="44.995106" lon="14.715583">
        <ele>53.876260</ele>
        <time>2026-03-24T13:06:16.125Z</time>
      </trkpt>
      <trkpt lat="44.994919" lon="14.715974">
        <ele>53.030685</ele>
        <time>2026-03-24T13:06:20.377Z</time>
      </trkpt>
      <trkpt lat="44.994777" lon="14.716194">
        <ele>52.497102</ele>
        <time>2026-03-24T13:06:23.052Z</time>
      </trkpt>
      <trkpt lat="44.994609" lon="14.716486">
        <ele>51.822764</ele>
        <time>2026-03-24T13:06:26.410Z</time>
      </trkpt>
      <trkpt lat="44.994486" lon="14.716700">
        <ele>51.314153</ele>
        <time>2026-03-24T13:06:28.867Z</time>
      </trkpt>
      <trkpt lat="44.994285" lon="14.716996">
        <ele>50.550846</ele>
        <time>2026-03-24T13:06:32.499Z</time>
      </trkpt>
      <trkpt lat="44.994259" lon="14.717029">
        <ele>50.458952</ele>
        <time>2026-03-24T13:06:32.946Z</time>
      </trkpt>
      <trkpt lat="44.993936" lon="14.717436">
        <ele>49.321018</ele>
        <time>2026-03-24T13:06:38.452Z</time>
      </trkpt>
      <trkpt lat="44.993552" lon="14.717817">
        <ele>48.087172</ele>
        <time>2026-03-24T13:06:44.555Z</time>
      </trkpt>
      <trkpt lat="44.993435" lon="14.717961">
        <ele>47.679191</ele>
        <time>2026-03-24T13:06:46.643Z</time>
      </trkpt>
      <trkpt lat="44.993303" lon="14.718192">
        <ele>47.126770</ele>
        <time>2026-03-24T13:06:49.536Z</time>
      </trkpt>
      <trkpt lat="44.993229" lon="14.718369">
        <ele>46.833092</ele>
        <time>2026-03-24T13:06:51.582Z</time>
      </trkpt>
      <trkpt lat="44.993158" lon="14.718594">
        <ele>46.548305</ele>
        <time>2026-03-24T13:06:54.042Z</time>
      </trkpt>
      <trkpt lat="44.993070" lon="14.718788">
        <ele>46.281901</ele>
        <time>2026-03-24T13:06:56.336Z</time>
      </trkpt>
      <trkpt lat="44.992981" lon="14.718920">
        <ele>46.071094</ele>
        <time>2026-03-24T13:06:58.143Z</time>
      </trkpt>
      <trkpt lat="44.992885" lon="14.719007">
        <ele>45.884727</ele>
        <time>2026-03-24T13:06:59.744Z</time>
      </trkpt>
      <trkpt lat="44.992342" lon="14.719282">
        <ele>44.942011</ele>
        <time>2026-03-24T13:07:07.845Z</time>
      </trkpt>
      <trkpt lat="44.992111" lon="14.719390">
        <ele>44.544349</ele>
        <time>2026-03-24T13:07:11.326Z</time>
      </trkpt>
      <trkpt lat="44.991752" lon="14.719476">
        <ele>43.949110</ele>
        <time>2026-03-24T13:07:16.432Z</time>
      </trkpt>
      <trkpt lat="44.991485" lon="14.719579">
        <ele>43.496213</ele>
        <time>2026-03-24T13:07:20.281Z</time>
      </trkpt>
      <trkpt lat="44.990688" lon="14.720027">
        <ele>42.092696</ele>
        <time>2026-03-24T13:07:32.355Z</time>
      </trkpt>
      <trkpt lat="44.990276" lon="14.720258">
        <ele>41.367414</ele>
        <time>2026-03-24T13:07:38.617Z</time>
      </trkpt>
      <trkpt lat="44.989971" lon="14.720479">
        <ele>40.735291</ele>
        <time>2026-03-24T13:07:43.324Z</time>
      </trkpt>
      <trkpt lat="44.989798" lon="14.720622">
        <ele>40.326488</ele>
        <time>2026-03-24T13:07:46.032Z</time>
      </trkpt>
      <trkpt lat="44.989238" lon="14.721078">
        <ele>39.008182</ele>
        <time>2026-03-24T13:07:54.773Z</time>
      </trkpt>
      <trkpt lat="44.988843" lon="14.721400">
        <ele>38.078047</ele>
        <time>2026-03-24T13:08:00.791Z</time>
      </trkpt>
      <trkpt lat="44.988424" lon="14.721653">
        <ele>37.235035</ele>
        <time>2026-03-24T13:08:06.903Z</time>
      </trkpt>
      <trkpt lat="44.987895" lon="14.722008">
        <ele>36.412147</ele>
        <time>2026-03-24T13:08:15.149Z</time>
      </trkpt>
      <trkpt lat="44.987268" lon="14.722480">
        <ele>35.413917</ele>
        <time>2026-03-24T13:08:25.475Z</time>
      </trkpt>
      <trkpt lat="44.987061" lon="14.722636">
        <ele>35.084277</ele>
        <time>2026-03-24T13:08:28.944Z</time>
      </trkpt>
      <trkpt lat="44.986577" lon="14.723000">
        <ele>34.448835</ele>
        <time>2026-03-24T13:08:37.288Z</time>
      </trkpt>
      <trkpt lat="44.985767" lon="14.723638">
        <ele>33.446484</ele>
        <time>2026-03-24T13:08:51.070Z</time>
      </trkpt>
      <trkpt lat="44.984991" lon="14.724417">
        <ele>32.312026</ele>
        <time>2026-03-24T13:09:04.783Z</time>
      </trkpt>
      <trkpt lat="44.984575" lon="14.724797">
        <ele>31.671252</ele>
        <time>2026-03-24T13:09:11.843Z</time>
      </trkpt>
      <trkpt lat="44.984209" lon="14.725132">
        <ele>31.107159</ele>
        <time>2026-03-24T13:09:18.088Z</time>
      </trkpt>
      <trkpt lat="44.983992" lon="14.725423">
        <ele>30.720206</ele>
        <time>2026-03-24T13:09:22.413Z</time>
      </trkpt>
      <trkpt lat="44.983715" lon="14.725931">
        <ele>30.185319</ele>
        <time>2026-03-24T13:09:29.098Z</time>
      </trkpt>
      <trkpt lat="44.983246" lon="14.726963">
        <ele>29.181139</ele>
        <time>2026-03-24T13:09:41.860Z</time>
      </trkpt>
      <trkpt lat="44.982751" lon="14.728047">
        <ele>28.212058</ele>
        <time>2026-03-24T13:09:55.156Z</time>
      </trkpt>
      <trkpt lat="44.982451" lon="14.728700">
        <ele>27.706719</ele>
        <time>2026-03-24T13:10:03.221Z</time>
      </trkpt>
      <trkpt lat="44.982084" lon="14.729671">
        <ele>26.992220</ele>
        <time>2026-03-24T13:10:15.132Z</time>
      </trkpt>
      <trkpt lat="44.981931" lon="14.730004">
        <ele>26.861824</ele>
        <time>2026-03-24T13:10:19.583Z</time>
      </trkpt>
      <trkpt lat="44.981705" lon="14.730311">
        <ele>26.801990</ele>
        <time>2026-03-24T13:10:24.659Z</time>
      </trkpt>
      <trkpt lat="44.981368" lon="14.730592">
        <ele>26.727297</ele>
        <time>2026-03-24T13:10:31.056Z</time>
      </trkpt>
      <trkpt lat="44.981022" lon="14.730864">
        <ele>26.651717</ele>
        <time>2026-03-24T13:10:37.583Z</time>
      </trkpt>
      <trkpt lat="44.980400" lon="14.731353">
        <ele>26.593546</ele>
        <time>2026-03-24T13:10:50.306Z</time>
      </trkpt>
      <trkpt lat="44.980230" lon="14.731539">
        <ele>26.640960</ele>
        <time>2026-03-24T13:10:54.562Z</time>
      </trkpt>
      <trkpt lat="44.979915" lon="14.731952">
        <ele>26.735720</ele>
        <time>2026-03-24T13:11:02.637Z</time>
      </trkpt>
      <trkpt lat="44.979863" lon="14.732022">
        <ele>26.751558</ele>
        <time>2026-03-24T13:11:03.830Z</time>
      </trkpt>
      <trkpt lat="44.979650" lon="14.732356">
        <ele>26.821720</ele>
        <time>2026-03-24T13:11:09.565Z</time>
      </trkpt>
      <trkpt lat="44.979385" lon="14.732665">
        <ele>26.897488</ele>
        <time>2026-03-24T13:11:16.156Z</time>
      </trkpt>
      <trkpt lat="44.979099" lon="14.733036">
        <ele>26.793903</ele>
        <time>2026-03-24T13:11:23.481Z</time>
      </trkpt>
      <trkpt lat="44.978471" lon="14.733955">
        <ele>25.899413</ele>
        <time>2026-03-24T13:11:37.354Z</time>
      </trkpt>
      <trkpt lat="44.978257" lon="14.734219">
        <ele>25.618335</ele>
        <time>2026-03-24T13:11:41.439Z</time>
      </trkpt>
      <trkpt lat="44.977546" lon="14.735108">
        <ele>24.114890</ele>
        <time>2026-03-24T13:11:54.251Z</time>
      </trkpt>
      <trkpt lat="44.977431" lon="14.735223">
        <ele>23.814894</ele>
        <time>2026-03-24T13:11:56.100Z</time>
      </trkpt>
      <trkpt lat="44.976850" lon="14.735789">
        <ele>22.312198</ele>
        <time>2026-03-24T13:12:05.787Z</time>
      </trkpt>
      <trkpt lat="44.976692" lon="14.735943">
        <ele>21.903479</ele>
        <time>2026-03-24T13:12:08.396Z</time>
      </trkpt>
      <trkpt lat="44.976413" lon="14.736305">
        <ele>21.016970</ele>
        <time>2026-03-24T13:12:13.372Z</time>
      </trkpt>
      <trkpt lat="44.976270" lon="14.736582">
        <ele>20.328981</ele>
        <time>2026-03-24T13:12:16.517Z</time>
      </trkpt>
      <trkpt lat="44.975630" lon="14.736072">
        <ele>18.245325</ele>
        <time>2026-03-24T13:12:25.886Z</time>
      </trkpt>
      <trkpt lat="44.974973" lon="14.735567">
        <ele>16.163882</ele>
        <time>2026-03-24T13:12:35.251Z</time>
      </trkpt>
      <trkpt lat="44.974909" lon="14.735488">
        <ele>16.007544</ele>
        <time>2026-03-24T13:12:36.348Z</time>
      </trkpt>
      <trkpt lat="44.974869" lon="14.735369">
        <ele>15.836052</ele>
        <time>2026-03-24T13:12:37.542Z</time>
      </trkpt>
      <trkpt lat="44.974806" lon="14.735086">
        <ele>15.449876</ele>
        <time>2026-03-24T13:12:40.308Z</time>
      </trkpt>
      <trkpt lat="44.974794" lon="14.734997">
        <ele>15.331944</ele>
        <time>2026-03-24T13:12:41.166Z</time>
      </trkpt>
      <trkpt lat="44.974700" lon="14.735060">
        <ele>15.140529</ele>
        <time>2026-03-24T13:12:42.581Z</time>
      </trkpt>
      <trkpt lat="44.974001" lon="14.735800">
        <ele>13.533663</ele>
        <time>2026-03-24T13:12:54.928Z</time>
      </trkpt>
      <trkpt lat="44.973820" lon="14.735987">
        <ele>13.121152</ele>
        <time>2026-03-24T13:12:58.183Z</time>
      </trkpt>
      <trkpt lat="44.973522" lon="14.736214">
        <ele>12.801082</ele>
        <time>2026-03-24T13:13:03.180Z</time>
      </trkpt>
      <trkpt lat="44.973371" lon="14.736329">
        <ele>12.708172</ele>
        <time>2026-03-24T13:13:05.781Z</time>
      </trkpt>
      <trkpt lat="44.972894" lon="14.736543">
        <ele>12.437088</ele>
        <time>2026-03-24T13:13:14.749Z</time>
      </trkpt>
      <trkpt lat="44.972561" lon="14.736767">
        <ele>12.237325</ele>
        <time>2026-03-24T13:13:21.556Z</time>
      </trkpt>
      <trkpt lat="44.972189" lon="14.737125">
        <ele>11.993552</ele>
        <time>2026-03-24T13:13:29.927Z</time>
      </trkpt>
      <trkpt lat="44.971761" lon="14.737858">
        <ele>11.491078</ele>
        <time>2026-03-24T13:13:42.200Z</time>
      </trkpt>
      <trkpt lat="44.971600" lon="14.738540">
        <ele>11.097908</ele>
        <time>2026-03-24T13:13:50.995Z</time>
      </trkpt>
      <trkpt lat="44.971436" lon="14.739114">
        <ele>10.759382</ele>
        <time>2026-03-24T13:13:58.299Z</time>
      </trkpt>
      <trkpt lat="44.971112" lon="14.740026">
        <ele>10.015290</ele>
        <time>2026-03-24T13:14:10.195Z</time>
      </trkpt>
      <trkpt lat="44.970939" lon="14.740369">
        <ele>9.666400</ele>
        <time>2026-03-24T13:14:15.120Z</time>
      </trkpt>
      <trkpt lat="44.970703" lon="14.740752">
        <ele>9.245731</ele>
        <time>2026-03-24T13:14:21.097Z</time>
      </trkpt>
      <trkpt lat="44.970461" lon="14.741076">
        <ele>8.855502</ele>
        <time>2026-03-24T13:14:26.688Z</time>
      </trkpt>
      <trkpt lat="44.970145" lon="14.741432">
        <ele>8.376930</ele>
        <time>2026-03-24T13:14:33.441Z</time>
      </trkpt>
      <trkpt lat="44.970000" lon="14.741519">
        <ele>8.178942</ele>
        <time>2026-03-24T13:14:36.064Z</time>
      </trkpt>
      <trkpt lat="44.969638" lon="14.741586">
        <ele>7.720064</ele>
        <time>2026-03-24T13:14:42.047Z</time>
      </trkpt>
      <trkpt lat="44.969437" lon="14.741585">
        <ele>7.467428</ele>
        <time>2026-03-24T13:14:45.324Z</time>
      </trkpt>
      <trkpt lat="44.969142" lon="14.741593">
        <ele>7.096578</ele>
        <time>2026-03-24T13:14:50.080Z</time>
      </trkpt>
      <trkpt lat="44.968787" lon="14.741445">
        <ele>6.631378</ele>
        <time>2026-03-24T13:14:56.024Z</time>
      </trkpt>
      <trkpt lat="44.968460" lon="14.741145">
        <ele>6.185945</ele>
        <time>2026-03-24T13:15:02.445Z</time>
      </trkpt>
      <trkpt lat="44.967956" lon="14.740854">
        <ele>6.055835</ele>
        <time>2026-03-24T13:15:11.992Z</time>
      </trkpt>
      <trkpt lat="44.967689" lon="14.740808">
        <ele>5.991554</ele>
        <time>2026-03-24T13:15:16.935Z</time>
      </trkpt>
      <trkpt lat="44.967543" lon="14.740787">
        <ele>5.956483</ele>
        <time>2026-03-24T13:15:19.755Z</time>
      </trkpt>
      <trkpt lat="44.967334" lon="14.740833">
        <ele>5.905933</ele>
        <time>2026-03-24T13:15:24.021Z</time>
      </trkpt>
      <trkpt lat="44.967046" lon="14.740969">
        <ele>5.833366</ele>
        <time>2026-03-24T13:15:30.310Z</time>
      </trkpt>
      <trkpt lat="44.966735" lon="14.741208">
        <ele>5.720534</ele>
        <time>2026-03-24T13:15:37.948Z</time>
      </trkpt>
      <trkpt lat="44.966529" lon="14.741452">
        <ele>5.554385</ele>
        <time>2026-03-24T13:15:43.674Z</time>
      </trkpt>
      <trkpt lat="44.965912" lon="14.742381">
        <ele>4.997094</ele>
        <time>2026-03-24T13:15:59.495Z</time>
      </trkpt>
      <trkpt lat="44.965220" lon="14.743307">
        <ele>4.153082</ele>
        <time>2026-03-24T13:16:15.090Z</time>
      </trkpt>
      <trkpt lat="44.964760" lon="14.743854">
        <ele>3.397431</ele>
        <time>2026-03-24T13:16:24.657Z</time>
      </trkpt>
      <trkpt lat="44.964401" lon="14.744227">
        <ele>2.837352</ele>
        <time>2026-03-24T13:16:32.039Z</time>
      </trkpt>
      <trkpt lat="44.964003" lon="14.744759">
        <ele>2.258458</ele>
        <time>2026-03-24T13:16:41.464Z</time>
      </trkpt>
      <trkpt lat="44.963816" lon="14.745089">
        <ele>2.050779</ele>
        <time>2026-03-24T13:16:46.532Z</time>
      </trkpt>
      <trkpt lat="44.963310" lon="14.746103">
        <ele>1.441271</ele>
        <time>2026-03-24T13:17:01.738Z</time>
      </trkpt>
      <trkpt lat="44.963407" lon="14.746115">
        <ele>1.373672</ele>
        <time>2026-03-24T13:17:03.294Z</time>
      </trkpt>
      <trkpt lat="44.963503" lon="14.746153">
        <ele>1.304460</ele>
        <time>2026-03-24T13:17:04.896Z</time>
      </trkpt>
      <trkpt lat="44.963569" lon="14.746177">
        <ele>1.257148</ele>
        <time>2026-03-24T13:17:06.011Z</time>
      </trkpt>
      <trkpt lat="44.964111" lon="14.746225">
        <ele>1.155824</ele>
        <time>2026-03-24T13:17:14.960Z</time>
      </trkpt>
      <trkpt lat="44.964310" lon="14.746286">
        <ele>1.161549</ele>
        <time>2026-03-24T13:17:18.354Z</time>
      </trkpt>
      <trkpt lat="44.964525" lon="14.746453">
        <ele>1.168447</ele>
        <time>2026-03-24T13:17:22.496Z</time>
      </trkpt>
      <trkpt lat="44.964842" lon="14.746840">
        <ele>1.180224</ele>
        <time>2026-03-24T13:17:30.202Z</time>
      </trkpt>
      <trkpt lat="44.965424" lon="14.747549">
        <ele>1.151037</ele>
        <time>2026-03-24T13:17:44.438Z</time>
      </trkpt>
      <trkpt lat="44.965616" lon="14.747783">
        <ele>1.099426</ele>
        <time>2026-03-24T13:17:48.771Z</time>
      </trkpt>
      <trkpt lat="44.966146" lon="14.748420">
        <ele>0.957797</ele>
        <time>2026-03-24T13:18:37.121Z</time>
      </trkpt>
      <trkpt lat="44.966257" lon="14.748554">
        <ele>0.928079</ele>
        <time>2026-03-24T13:18:47.274Z</time>
      </trkpt>
      <trkpt lat="44.966345" lon="14.748659">
        <ele>0.904635</ele>
        <time>2026-03-24T13:18:55.258Z</time>
      </trkpt>
      <trkpt lat="44.966903" lon="14.749298">
        <ele>0.752652</ele>
        <time>2026-03-24T13:19:45.211Z</time>
      </trkpt>
      <trkpt lat="44.967024" lon="14.749441">
        <ele>0.717930</ele>
        <time>2026-03-24T13:19:56.142Z</time>
      </trkpt>
      <trkpt lat="44.967145" lon="14.749584">
        <ele>0.683208</ele>
        <time>2026-03-24T13:20:07.097Z</time>
      </trkpt>
      <trkpt lat="44.967236" lon="14.749693">
        <ele>0.656949</ele>
        <time>2026-03-24T13:20:15.393Z</time>
      </trkpt>
      <trkpt lat="44.967328" lon="14.749802">
        <ele>0.630522</ele>
        <time>2026-03-24T13:20:23.713Z</time>
      </trkpt>
      <trkpt lat="44.967372" lon="14.749854">
        <ele>0.617896</ele>
        <time>2026-03-24T13:20:27.697Z</time>
      </trkpt>
      <trkpt lat="44.967419" lon="14.749910">
        <ele>0.604364</ele>
        <time>2026-03-24T13:20:31.963Z</time>
      </trkpt>
      <trkpt lat="44.967550" lon="14.750067">
        <ele>0.566554</ele>
        <time>2026-03-24T13:20:43.930Z</time>
      </trkpt>
      <trkpt lat="44.967669" lon="14.750209">
        <ele>0.532269</ele>
        <time>2026-03-24T13:20:54.784Z</time>
      </trkpt>
      <trkpt lat="44.967681" lon="14.750223">
        <ele>0.528844</ele>
        <time>2026-03-24T13:20:55.804Z</time>
      </trkpt>
      <trkpt lat="44.967973" lon="14.750579">
        <ele>0.443954</ele>
        <time>2026-03-24T13:21:22.661Z</time>
      </trkpt>
      <trkpt lat="44.968202" lon="14.750860">
        <ele>0.394580</ele>
        <time>2026-03-24T13:21:43.723Z</time>
      </trkpt>
      <trkpt lat="44.968597" lon="14.751367">
        <ele>0.313355</ele>
        <time>2026-03-24T13:22:20.797Z</time>
      </trkpt>
      <trkpt lat="44.968765" lon="14.751637">
        <ele>0.274629</ele>
        <time>2026-03-24T13:22:38.480Z</time>
      </trkpt>
      <trkpt lat="44.969185" lon="14.752319">
        <ele>0.177247</ele>
        <time>2026-03-24T13:23:22.936Z</time>
      </trkpt>
      <trkpt lat="44.969533" lon="14.752823">
        <ele>0.181147</ele>
        <time>2026-03-24T13:23:57.554Z</time>
      </trkpt>
      <trkpt lat="44.969537" lon="14.752859">
        <ele>0.182586</ele>
        <time>2026-03-24T13:23:57.994Z</time>
      </trkpt>
      <trkpt lat="44.969626" lon="14.753247">
        <ele>0.198700</ele>
        <time>2026-03-24T13:24:02.969Z</time>
      </trkpt>
      <trkpt lat="44.969684" lon="14.753569">
        <ele>0.211827</ele>
        <time>2026-03-24T13:24:07.075Z</time>
      </trkpt>
      <trkpt lat="44.969670" lon="14.753671">
        <ele>0.215931</ele>
        <time>2026-03-24T13:24:08.358Z</time>
      </trkpt>
      <trkpt lat="44.969608" lon="14.753809">
        <ele>0.222389</ele>
        <time>2026-03-24T13:24:10.400Z</time>
      </trkpt>
      <trkpt lat="44.969602" lon="14.753834">
        <ele>0.223432</ele>
        <time>2026-03-24T13:24:10.733Z</time>
      </trkpt>
      <trkpt lat="44.969565" lon="14.754098">
        <ele>0.234065</ele>
        <time>2026-03-24T13:24:14.158Z</time>
      </trkpt>
      <trkpt lat="44.969517" lon="14.754430">
        <ele>0.247451</ele>
        <time>2026-03-24T13:24:18.556Z</time>
      </trkpt>
      <trkpt lat="44.969501" lon="14.754552">
        <ele>0.252353</ele>
        <time>2026-03-24T13:24:20.111Z</time>
      </trkpt>
      <trkpt lat="44.969422" lon="14.755278">
        <ele>0.255401</ele>
        <time>2026-03-24T13:24:29.002Z</time>
      </trkpt>
      <trkpt lat="44.969502" lon="14.755926">
        <ele>0.249541</ele>
        <time>2026-03-24T13:24:37.270Z</time>
      </trkpt>
      <trkpt lat="44.969539" lon="14.756202">
        <ele>0.247038</ele>
        <time>2026-03-24T13:24:40.636Z</time>
      </trkpt>
      <trkpt lat="44.969578" lon="14.756397">
        <ele>0.245232</ele>
        <time>2026-03-24T13:24:43.056Z</time>
      </trkpt>
      <trkpt lat="44.969689" lon="14.756716">
        <ele>0.242065</ele>
        <time>2026-03-24T13:24:47.331Z</time>
      </trkpt>
      <trkpt lat="44.969729" lon="14.756922">
        <ele>0.240162</ele>
        <time>2026-03-24T13:24:49.878Z</time>
      </trkpt>
      <trkpt lat="44.969724" lon="14.757083">
        <ele>0.238726</ele>
        <time>2026-03-24T13:24:51.754Z</time>
      </trkpt>
      <trkpt lat="44.969686" lon="14.757295">
        <ele>0.235593</ele>
        <time>2026-03-24T13:24:54.313Z</time>
      </trkpt>
      <trkpt lat="44.969678" lon="14.757352">
        <ele>0.234259</ele>
        <time>2026-03-24T13:24:55.000Z</time>
      </trkpt>
      <trkpt lat="44.969670" lon="14.757517">
        <ele>0.230465</ele>
        <time>2026-03-24T13:24:56.912Z</time>
      </trkpt>
      <trkpt lat="44.969743" lon="14.757751">
        <ele>0.224597</ele>
        <time>2026-03-24T13:24:59.927Z</time>
      </trkpt>
      <trkpt lat="44.969770" lon="14.757839">
        <ele>0.222396</ele>
        <time>2026-03-24T13:25:01.061Z</time>
      </trkpt>
      <trkpt lat="44.969818" lon="14.757993">
        <ele>0.218535</ele>
        <time>2026-03-24T13:25:03.114Z</time>
      </trkpt>
      <trkpt lat="44.969913" lon="14.758264">
        <ele>0.211596</ele>
        <time>2026-03-24T13:25:06.642Z</time>
      </trkpt>
      <trkpt lat="44.969972" lon="14.758407">
        <ele>0.207797</ele>
        <time>2026-03-24T13:25:08.534Z</time>
      </trkpt>
      <trkpt lat="44.970055" lon="14.758609">
        <ele>0.202438</ele>
        <time>2026-03-24T13:25:11.265Z</time>
      </trkpt>
      <trkpt lat="44.970108" lon="14.758740">
        <ele>0.198975</ele>
        <time>2026-03-24T13:25:13.081Z</time>
      </trkpt>
      <trkpt lat="44.970168" lon="14.758875">
        <ele>0.195317</ele>
        <time>2026-03-24T13:25:15.079Z</time>
      </trkpt>
      <trkpt lat="44.970277" lon="14.759137">
        <ele>0.188343</ele>
        <time>2026-03-24T13:25:19.012Z</time>
      </trkpt>
      <trkpt lat="44.970363" lon="14.759579">
        <ele>0.185798</ele>
        <time>2026-03-24T13:25:24.995Z</time>
      </trkpt>
      <trkpt lat="44.970397" lon="14.759906">
        <ele>0.222293</ele>
        <time>2026-03-24T13:25:29.170Z</time>
      </trkpt>
      <trkpt lat="44.970391" lon="14.760332">
        <ele>0.269341</ele>
        <time>2026-03-24T13:25:34.630Z</time>
      </trkpt>
      <trkpt lat="44.970275" lon="14.760702">
        <ele>0.314029</ele>
        <time>2026-03-24T13:25:39.817Z</time>
      </trkpt>
      <trkpt lat="44.970208" lon="14.760863">
        <ele>0.334654</ele>
        <time>2026-03-24T13:25:42.113Z</time>
      </trkpt>
      <trkpt lat="44.970038" lon="14.761243">
        <ele>0.384299</ele>
        <time>2026-03-24T13:25:47.658Z</time>
      </trkpt>
      <trkpt lat="44.970004" lon="14.761317">
        <ele>0.394042</ele>
        <time>2026-03-24T13:25:48.763Z</time>
      </trkpt>
      <trkpt lat="44.969728" lon="14.761841">
        <ele>0.543482</ele>
        <time>2026-03-24T13:25:56.757Z</time>
      </trkpt>
      <trkpt lat="44.969641" lon="14.762001">
        <ele>0.841218</ele>
        <time>2026-03-24T13:25:59.187Z</time>
      </trkpt>
      <trkpt lat="44.969541" lon="14.762131">
        <ele>1.124557</ele>
        <time>2026-03-24T13:26:01.547Z</time>
      </trkpt>
      <trkpt lat="44.969513" lon="14.762172">
        <ele>1.208634</ele>
        <time>2026-03-24T13:26:02.288Z</time>
      </trkpt>
      <trkpt lat="44.969253" lon="14.762614">
        <ele>2.056745</ele>
        <time>2026-03-24T13:26:10.553Z</time>
      </trkpt>
      <trkpt lat="44.969178" lon="14.762770">
        <ele>2.335028</ele>
        <time>2026-03-24T13:26:13.166Z</time>
      </trkpt>
      <trkpt lat="44.969100" lon="14.762934">
        <ele>2.626594</ele>
        <time>2026-03-24T13:26:15.906Z</time>
      </trkpt>
      <trkpt lat="44.969077" lon="14.763082">
        <ele>2.850165</ele>
        <time>2026-03-24T13:26:18.469Z</time>
      </trkpt>
      <trkpt lat="44.969086" lon="14.763270">
        <ele>3.128182</ele>
        <time>2026-03-24T13:26:22.044Z</time>
      </trkpt>
      <trkpt lat="44.969043" lon="14.763593">
        <ele>3.613113</ele>
        <time>2026-03-24T13:26:29.421Z</time>
      </trkpt>
      <trkpt lat="44.968998" lon="14.763899">
        <ele>4.074248</ele>
        <time>2026-03-24T13:26:37.351Z</time>
      </trkpt>
      <trkpt lat="44.968921" lon="14.764005">
        <ele>4.474125</ele>
        <time>2026-03-24T13:26:42.098Z</time>
      </trkpt>
      <trkpt lat="44.968802" lon="14.764072">
        <ele>5.277865</ele>
        <time>2026-03-24T13:26:47.840Z</time>
      </trkpt>
      <trkpt lat="44.968740" lon="14.764140">
        <ele>5.770275</ele>
        <time>2026-03-24T13:26:51.316Z</time>
      </trkpt>
      <trkpt lat="44.968736" lon="14.764183">
        <ele>5.962806</ele>
        <time>2026-03-24T13:26:52.834Z</time>
      </trkpt>
      <trkpt lat="44.968771" lon="14.764258">
        <ele>6.361656</ele>
        <time>2026-03-24T13:26:56.345Z</time>
      </trkpt>
      <trkpt lat="44.968859" lon="14.764259">
        <ele>6.913842</ele>
        <time>2026-03-24T13:27:01.087Z</time>
      </trkpt>
      <trkpt lat="44.969136" lon="14.764016">
        <ele>8.959465</ele>
        <time>2026-03-24T13:27:19.587Z</time>
      </trkpt>
      <trkpt lat="44.969256" lon="14.763952">
        <ele>9.764239</ele>
        <time>2026-03-24T13:27:26.018Z</time>
      </trkpt>
      <trkpt lat="44.969370" lon="14.763999">
        <ele>10.509355</ele>
        <time>2026-03-24T13:27:31.730Z</time>
      </trkpt>
      <trkpt lat="44.969445" lon="14.764146">
        <ele>11.313906</ele>
        <time>2026-03-24T13:27:37.757Z</time>
      </trkpt>
      <trkpt lat="44.969496" lon="14.764366">
        <ele>12.341621</ele>
        <time>2026-03-24T13:27:45.168Z</time>
      </trkpt>
      <trkpt lat="44.969517" lon="14.764456">
        <ele>12.762317</ele>
        <time>2026-03-24T13:27:48.117Z</time>
      </trkpt>
      <trkpt lat="44.969637" lon="14.764603">
        <ele>13.758700</ele>
        <time>2026-03-24T13:27:55.647Z</time>
      </trkpt>
      <trkpt lat="44.969717" lon="14.764571">
        <ele>14.280384</ele>
        <time>2026-03-24T13:27:59.489Z</time>
      </trkpt>
      <trkpt lat="44.969765" lon="14.764424">
        <ele>14.999095</ele>
        <time>2026-03-24T13:28:04.290Z</time>
      </trkpt>
      <trkpt lat="44.969761" lon="14.763939">
        <ele>16.447711</ele>
        <time>2026-03-24T13:28:17.858Z</time>
      </trkpt>
      <trkpt lat="44.969778" lon="14.763819">
        <ele>16.759783</ele>
        <time>2026-03-24T13:28:20.935Z</time>
      </trkpt>
      <trkpt lat="44.969878" lon="14.763543">
        <ele>17.550500</ele>
        <time>2026-03-24T13:28:28.178Z</time>
      </trkpt>
      <trkpt lat="44.969981" lon="14.763352">
        <ele>18.162901</ele>
        <time>2026-03-24T13:28:33.150Z</time>
      </trkpt>
      <trkpt lat="44.970659" lon="14.762329">
        <ele>21.737334</ele>
        <time>2026-03-24T13:29:00.557Z</time>
      </trkpt>
      <trkpt lat="44.970808" lon="14.762061">
        <ele>22.751752</ele>
        <time>2026-03-24T13:29:09.971Z</time>
      </trkpt>
      <trkpt lat="44.970817" lon="14.762045">
        <ele>22.815954</ele>
        <time>2026-03-24T13:29:10.544Z</time>
      </trkpt>
      <trkpt lat="44.970926" lon="14.761762">
        <ele>23.827999</ele>
        <time>2026-03-24T13:29:19.789Z</time>
      </trkpt>
      <trkpt lat="44.971697" lon="14.759937">
        <ele>30.148918</ele>
        <time>2026-03-24T13:30:19.293Z</time>
      </trkpt>
      <trkpt lat="44.972091" lon="14.759469">
        <ele>30.928784</ele>
        <time>2026-03-24T13:30:32.900Z</time>
      </trkpt>
      <trkpt lat="44.972194" lon="14.759263">
        <ele>31.199213</ele>
        <time>2026-03-24T13:30:36.723Z</time>
      </trkpt>
      <trkpt lat="44.972279" lon="14.758947">
        <ele>31.561638</ele>
        <time>2026-03-24T13:30:41.434Z</time>
      </trkpt>
      <trkpt lat="44.972389" lon="14.758299">
        <ele>32.276037</ele>
        <time>2026-03-24T13:30:49.740Z</time>
      </trkpt>
      <trkpt lat="44.972501" lon="14.757882">
        <ele>32.846054</ele>
        <time>2026-03-24T13:30:55.524Z</time>
      </trkpt>
      <trkpt lat="44.972796" lon="14.756964">
        <ele>35.482486</ele>
        <time>2026-03-24T13:31:09.976Z</time>
      </trkpt>
      <trkpt lat="44.972890" lon="14.756608">
        <ele>36.476080</ele>
        <time>2026-03-24T13:31:18.756Z</time>
      </trkpt>
      <trkpt lat="44.972952" lon="14.756250">
        <ele>37.439819</ele>
        <time>2026-03-24T13:31:29.088Z</time>
      </trkpt>
      <trkpt lat="44.972964" lon="14.755892">
        <ele>38.376966</ele>
        <time>2026-03-24T13:31:40.438Z</time>
      </trkpt>
      <trkpt lat="44.973642" lon="14.756217">
        <ele>44.035258</ele>
        <time>2026-03-24T13:32:19.032Z</time>
      </trkpt>
      <trkpt lat="44.973767" lon="14.756277">
        <ele>45.395571</ele>
        <time>2026-03-24T13:32:26.904Z</time>
      </trkpt>
      <trkpt lat="44.973839" lon="14.756358">
        <ele>46.343792</ele>
        <time>2026-03-24T13:32:32.502Z</time>
      </trkpt>
      <trkpt lat="44.973875" lon="14.756718">
        <ele>48.994205</ele>
        <time>2026-03-24T13:32:50.164Z</time>
      </trkpt>
      <trkpt lat="44.973864" lon="14.757148">
        <ele>52.130862</ele>
        <time>2026-03-24T13:33:12.716Z</time>
      </trkpt>
      <trkpt lat="44.973804" lon="14.757642">
        <ele>55.784709</ele>
        <time>2026-03-24T13:33:39.155Z</time>
      </trkpt>
      <trkpt lat="44.973870" lon="14.758002">
        <ele>58.431162</ele>
        <time>2026-03-24T13:33:57.281Z</time>
      </trkpt>
      <trkpt lat="44.973885" lon="14.758029">
        <ele>58.655487</ele>
        <time>2026-03-24T13:33:58.880Z</time>
      </trkpt>
      <trkpt lat="44.974029" lon="14.758304">
        <ele>60.891113</ele>
        <time>2026-03-24T13:34:14.282Z</time>
      </trkpt>
      <trkpt lat="44.974066" lon="14.758597">
        <ele>62.835910</ele>
        <time>2026-03-24T13:34:26.696Z</time>
      </trkpt>
      <trkpt lat="44.974073" lon="14.758713">
        <ele>63.596635</ele>
        <time>2026-03-24T13:34:31.464Z</time>
      </trkpt>
      <trkpt lat="44.974050" lon="14.758843">
        <ele>64.472249</ele>
        <time>2026-03-24T13:34:36.665Z</time>
      </trkpt>
      <trkpt lat="44.973486" lon="14.759495">
        <ele>71.201965</ele>
        <time>2026-03-24T13:35:18.081Z</time>
      </trkpt>
      <trkpt lat="44.973030" lon="14.760191">
        <ele>77.610267</ele>
        <time>2026-03-24T13:35:53.586Z</time>
      </trkpt>
      <trkpt lat="44.973008" lon="14.760255">
        <ele>78.108666</ele>
        <time>2026-03-24T13:35:55.991Z</time>
      </trkpt>
      <trkpt lat="44.973022" lon="14.760273">
        <ele>78.296041</ele>
        <time>2026-03-24T13:35:56.842Z</time>
      </trkpt>
      <trkpt lat="44.973239" lon="14.760121">
        <ele>80.693880</ele>
        <time>2026-03-24T13:36:09.953Z</time>
      </trkpt>
      <trkpt lat="44.973925" lon="14.759652">
        <ele>88.238666</ele>
        <time>2026-03-24T13:36:58.112Z</time>
      </trkpt>
      <trkpt lat="44.974008" lon="14.759654">
        <ele>89.060568</ele>
        <time>2026-03-24T13:37:04.494Z</time>
      </trkpt>
      <trkpt lat="44.974041" lon="14.759738">
        <ele>89.733560</ele>
        <time>2026-03-24T13:37:10.144Z</time>
      </trkpt>
      <trkpt lat="44.973676" lon="14.760282">
        <ele>95.656858</ele>
        <time>2026-03-24T13:37:46.741Z</time>
      </trkpt>
      <trkpt lat="44.973483" lon="14.760473">
        <ele>98.571922</ele>
        <time>2026-03-24T13:38:03.349Z</time>
      </trkpt>
      <trkpt lat="44.973316" lon="14.760779">
        <ele>101.954781</ele>
        <time>2026-03-24T13:38:23.426Z</time>
      </trkpt>
      <trkpt lat="44.973298" lon="14.760819">
        <ele>102.369739</ele>
        <time>2026-03-24T13:38:26.488Z</time>
      </trkpt>
      <trkpt lat="44.973149" lon="14.761158">
        <ele>105.863133</ele>
        <time>2026-03-24T13:38:50.544Z</time>
      </trkpt>
      <trkpt lat="44.973106" lon="14.761259">
        <ele>106.894951</ele>
        <time>2026-03-24T13:38:58.201Z</time>
      </trkpt>
      <trkpt lat="44.973088" lon="14.761342">
        <ele>107.654835</ele>
        <time>2026-03-24T13:39:02.744Z</time>
      </trkpt>
      <trkpt lat="44.973175" lon="14.761308">
        <ele>108.771673</ele>
        <time>2026-03-24T13:39:10.835Z</time>
      </trkpt>
      <trkpt lat="44.973598" lon="14.760863">
        <ele>115.228030</ele>
        <time>2026-03-24T13:39:52.530Z</time>
      </trkpt>
      <trkpt lat="44.973877" lon="14.760820">
        <ele>118.385151</ele>
        <time>2026-03-24T13:40:10.441Z</time>
      </trkpt>
      <trkpt lat="44.974224" lon="14.760850">
        <ele>122.295910</ele>
        <time>2026-03-24T13:40:35.229Z</time>
      </trkpt>
      <trkpt lat="44.974461" lon="14.760747">
        <ele>125.085122</ele>
        <time>2026-03-24T13:40:52.916Z</time>
      </trkpt>
      <trkpt lat="44.974808" lon="14.760693">
        <ele>129.012170</ele>
        <time>2026-03-24T13:41:18.169Z</time>
      </trkpt>
      <trkpt lat="44.975155" lon="14.760590">
        <ele>133.000763</ele>
        <time>2026-03-24T13:41:43.504Z</time>
      </trkpt>
      <trkpt lat="44.975312" lon="14.760618">
        <ele>134.780884</ele>
        <time>2026-03-24T13:41:53.769Z</time>
      </trkpt>
      <trkpt lat="44.975407" lon="14.760792">
        <ele>136.272235</ele>
        <time>2026-03-24T13:42:03.322Z</time>
      </trkpt>
      <trkpt lat="44.975509" lon="14.761178">
        <ele>139.067609</ele>
        <time>2026-03-24T13:42:21.858Z</time>
      </trkpt>
      <trkpt lat="44.975451" lon="14.761404">
        <ele>140.698579</ele>
        <time>2026-03-24T13:42:33.503Z</time>
      </trkpt>
      <trkpt lat="44.975392" lon="14.761532">
        <ele>141.735008</ele>
        <time>2026-03-24T13:42:41.153Z</time>
      </trkpt>
      <trkpt lat="44.975396" lon="14.761646">
        <ele>142.509341</ele>
        <time>2026-03-24T13:42:46.815Z</time>
      </trkpt>
      <trkpt lat="44.975437" lon="14.761768">
        <ele>143.425643</ele>
        <time>2026-03-24T13:42:52.869Z</time>
      </trkpt>
      <trkpt lat="44.975436" lon="14.761922">
        <ele>144.470431</ele>
        <time>2026-03-24T13:42:59.604Z</time>
      </trkpt>
      <trkpt lat="44.975502" lon="14.762553">
        <ele>148.797702</ele>
        <time>2026-03-24T13:43:27.580Z</time>
      </trkpt>
      <trkpt lat="44.975455" lon="14.762812">
        <ele>150.611660</ele>
        <time>2026-03-24T13:43:38.359Z</time>
      </trkpt>
      <trkpt lat="44.975441" lon="14.763118">
        <ele>152.649908</ele>
        <time>2026-03-24T13:43:50.590Z</time>
      </trkpt>
      <trkpt lat="44.975358" lon="14.763227">
        <ele>153.667255</ele>
        <time>2026-03-24T13:43:56.914Z</time>
      </trkpt>
      <trkpt lat="44.975332" lon="14.763332">
        <ele>154.373958</ele>
        <time>2026-03-24T13:44:01.231Z</time>
      </trkpt>
      <trkpt lat="44.975469" lon="14.763249">
        <ele>155.712449</ele>
        <time>2026-03-24T13:44:09.783Z</time>
      </trkpt>
      <trkpt lat="44.975526" lon="14.763147">
        <ele>156.538194</ele>
        <time>2026-03-24T13:44:15.223Z</time>
      </trkpt>
      <trkpt lat="44.975622" lon="14.762871">
        <ele>158.491975</ele>
        <time>2026-03-24T13:44:28.007Z</time>
      </trkpt>
      <trkpt lat="44.975734" lon="14.762814">
        <ele>159.560933</ele>
        <time>2026-03-24T13:44:35.500Z</time>
      </trkpt>
      <trkpt lat="44.975780" lon="14.762756">
        <ele>160.114458</ele>
        <time>2026-03-24T13:44:39.265Z</time>
      </trkpt>
      <trkpt lat="44.975898" lon="14.762054">
        <ele>164.698091</ele>
        <time>2026-03-24T13:45:11.393Z</time>
      </trkpt>
      <trkpt lat="44.976016" lon="14.761779">
        <ele>166.741285</ele>
        <time>2026-03-24T13:45:25.710Z</time>
      </trkpt>
      <trkpt lat="44.976090" lon="14.761716">
        <ele>167.517014</ele>
        <time>2026-03-24T13:45:30.919Z</time>
      </trkpt>
      <trkpt lat="44.976249" lon="14.761404">
        <ele>169.779912</ele>
        <time>2026-03-24T13:45:47.532Z</time>
      </trkpt>
      <trkpt lat="44.976399" lon="14.761190">
        <ele>171.499937</ele>
        <time>2026-03-24T13:46:00.572Z</time>
      </trkpt>
      <trkpt lat="44.976770" lon="14.760797">
        <ele>175.241673</ele>
        <time>2026-03-24T13:46:28.182Z</time>
      </trkpt>
      <trkpt lat="44.977244" lon="14.759974">
        <ele>181.300886</ele>
        <time>2026-03-24T13:47:08.570Z</time>
      </trkpt>
      <trkpt lat="44.977385" lon="14.759595">
        <ele>183.745231</ele>
        <time>2026-03-24T13:47:23.513Z</time>
      </trkpt>
      <trkpt lat="44.977478" lon="14.759529">
        <ele>184.584714</ele>
        <time>2026-03-24T13:47:28.547Z</time>
      </trkpt>
      <trkpt lat="44.977591" lon="14.759527">
        <ele>185.496382</ele>
        <time>2026-03-24T13:47:34.043Z</time>
      </trkpt>
      <trkpt lat="44.977678" lon="14.759408">
        <ele>186.472983</ele>
        <time>2026-03-24T13:47:39.891Z</time>
      </trkpt>
      <trkpt lat="44.977642" lon="14.759251">
        <ele>187.414815</ele>
        <time>2026-03-24T13:47:45.608Z</time>
      </trkpt>
      <trkpt lat="44.977638" lon="14.758967">
        <ele>189.035814</ele>
        <time>2026-03-24T13:47:55.807Z</time>
      </trkpt>
      <trkpt lat="44.977499" lon="14.758391">
        <ele>192.508832</ele>
        <time>2026-03-24T13:48:19.626Z</time>
      </trkpt>
      <trkpt lat="44.977526" lon="14.758149">
        <ele>193.906907</ele>
        <time>2026-03-24T13:48:29.823Z</time>
      </trkpt>
      <trkpt lat="44.977503" lon="14.757973">
        <ele>194.928268</ele>
        <time>2026-03-24T13:48:37.485Z</time>
      </trkpt>
      <trkpt lat="44.977564" lon="14.757661">
        <ele>196.775488</ele>
        <time>2026-03-24T13:48:51.761Z</time>
      </trkpt>
      <trkpt lat="44.977768" lon="14.757433">
        <ele>199.737687</ele>
        <time>2026-03-24T13:49:09.076Z</time>
      </trkpt>
      <trkpt lat="44.977871" lon="14.757396">
        <ele>201.040525</ele>
        <time>2026-03-24T13:49:16.593Z</time>
      </trkpt>
      <trkpt lat="44.978046" lon="14.757160">
        <ele>204.005516</ele>
        <time>2026-03-24T13:49:34.583Z</time>
      </trkpt>
      <trkpt lat="44.978313" lon="14.756881">
        <ele>208.075887</ele>
        <time>2026-03-24T13:50:02.295Z</time>
      </trkpt>
      <trkpt lat="44.978391" lon="14.756724">
        <ele>209.739625</ele>
        <time>2026-03-24T13:50:14.193Z</time>
      </trkpt>
      <trkpt lat="44.978431" lon="14.756386">
        <ele>212.711466</ele>
        <time>2026-03-24T13:50:35.302Z</time>
      </trkpt>
      <trkpt lat="44.978627" lon="14.756184">
        <ele>215.685033</ele>
        <time>2026-03-24T13:50:54.986Z</time>
      </trkpt>
      <trkpt lat="44.978752" lon="14.756110">
        <ele>217.346386</ele>
        <time>2026-03-24T13:51:05.349Z</time>
      </trkpt>
      <trkpt lat="44.978841" lon="14.756122">
        <ele>218.442416</ele>
        <time>2026-03-24T13:51:11.948Z</time>
      </trkpt>
      <trkpt lat="44.978952" lon="14.756223">
        <ele>219.868958</ele>
        <time>2026-03-24T13:51:21.158Z</time>
      </trkpt>
      <trkpt lat="44.979095" lon="14.756255">
        <ele>221.218662</ele>
        <time>2026-03-24T13:51:30.681Z</time>
      </trkpt>
      <trkpt lat="44.979419" lon="14.756164">
        <ele>224.298160</ele>
        <time>2026-03-24T13:51:51.789Z</time>
      </trkpt>
      <trkpt lat="44.979212" lon="14.756334">
        <ele>226.529890</ele>
        <time>2026-03-24T13:52:06.373Z</time>
      </trkpt>
      <trkpt lat="44.979031" lon="14.756342">
        <ele>228.218073</ele>
        <time>2026-03-24T13:52:17.369Z</time>
      </trkpt>
      <trkpt lat="44.978879" lon="14.756304">
        <ele>229.657067</ele>
        <time>2026-03-24T13:52:26.253Z</time>
      </trkpt>
      <trkpt lat="44.978813" lon="14.756506">
        <ele>231.124366</ele>
        <time>2026-03-24T13:52:34.724Z</time>
      </trkpt>
      <trkpt lat="44.978775" lon="14.757273">
        <ele>236.283374</ele>
        <time>2026-03-24T13:53:02.771Z</time>
      </trkpt>
      <trkpt lat="44.978713" lon="14.757410">
        <ele>237.926925</ele>
        <time>2026-03-24T13:53:09.297Z</time>
      </trkpt>
      <trkpt lat="44.978650" lon="14.757546">
        <ele>239.569757</ele>
        <time>2026-03-24T13:53:16.231Z</time>
      </trkpt>
      <trkpt lat="44.978476" lon="14.758103">
        <ele>245.723014</ele>
        <time>2026-03-24T13:53:48.139Z</time>
      </trkpt>
      <trkpt lat="44.978335" lon="14.758279">
        <ele>248.410194</ele>
        <time>2026-03-24T13:54:04.797Z</time>
      </trkpt>
      <trkpt lat="44.978312" lon="14.758344">
        <ele>249.144657</ele>
        <time>2026-03-24T13:54:09.477Z</time>
      </trkpt>
      <trkpt lat="44.978335" lon="14.758426">
        <ele>250.036085</ele>
        <time>2026-03-24T13:54:15.297Z</time>
      </trkpt>
      <trkpt lat="44.978554" lon="14.758738">
        <ele>254.477882</ele>
        <time>2026-03-24T13:54:46.129Z</time>
      </trkpt>
      <trkpt lat="44.978690" lon="14.758812">
        <ele>256.559737</ele>
        <time>2026-03-24T13:55:01.137Z</time>
      </trkpt>
      <trkpt lat="44.978998" lon="14.759091">
        <ele>261.774870</ele>
        <time>2026-03-24T13:55:39.584Z</time>
      </trkpt>
      <trkpt lat="44.979131" lon="14.759165">
        <ele>263.461610</ele>
        <time>2026-03-24T13:55:54.541Z</time>
      </trkpt>
      <trkpt lat="44.979192" lon="14.759254">
        <ele>264.496107</ele>
        <time>2026-03-24T13:56:03.496Z</time>
      </trkpt>
      <trkpt lat="44.979304" lon="14.759754">
        <ele>268.874233</ele>
        <time>2026-03-24T13:56:39.461Z</time>
      </trkpt>
      <trkpt lat="44.979437" lon="14.760176">
        <ele>272.730795</ele>
        <time>2026-03-24T13:57:06.082Z</time>
      </trkpt>
      <trkpt lat="44.979495" lon="14.760585">
        <ele>276.212926</ele>
        <time>2026-03-24T13:57:24.775Z</time>
      </trkpt>
      <trkpt lat="44.979459" lon="14.760739">
        <ele>277.566848</ele>
        <time>2026-03-24T13:57:30.785Z</time>
      </trkpt>
      <trkpt lat="44.979358" lon="14.760910">
        <ele>279.426495</ele>
        <time>2026-03-24T13:57:38.532Z</time>
      </trkpt>
      <trkpt lat="44.979075" lon="14.761050">
        <ele>282.960227</ele>
        <time>2026-03-24T13:57:51.656Z</time>
      </trkpt>
      <trkpt lat="44.978933" lon="14.761053">
        <ele>284.129274</ele>
        <time>2026-03-24T13:57:57.453Z</time>
      </trkpt>
      <trkpt lat="44.978889" lon="14.761125">
        <ele>284.683312</ele>
        <time>2026-03-24T13:58:00.169Z</time>
      </trkpt>
      <trkpt lat="44.978869" lon="14.761285">
        <ele>285.629412</ele>
        <time>2026-03-24T13:58:04.736Z</time>
      </trkpt>
      <trkpt lat="44.978868" lon="14.761733">
        <ele>288.238088</ele>
        <time>2026-03-24T13:58:18.736Z</time>
      </trkpt>
      <trkpt lat="44.978794" lon="14.762077">
        <ele>290.331746</ele>
        <time>2026-03-24T13:58:31.781Z</time>
      </trkpt>
      <trkpt lat="44.978800" lon="14.762284">
        <ele>291.538101</ele>
        <time>2026-03-24T13:58:39.959Z</time>
      </trkpt>
      <trkpt lat="44.978937" lon="14.762102">
        <ele>293.085662</ele>
        <time>2026-03-24T13:58:51.065Z</time>
      </trkpt>
      <trkpt lat="44.979086" lon="14.762052">
        <ele>294.346282</ele>
        <time>2026-03-24T13:59:00.948Z</time>
      </trkpt>
      <trkpt lat="44.979287" lon="14.761496">
        <ele>298.103813</ele>
        <time>2026-03-24T13:59:33.658Z</time>
      </trkpt>
      <trkpt lat="44.979632" lon="14.761347">
        <ele>302.670107</ele>
        <time>2026-03-24T14:00:01.353Z</time>
      </trkpt>
      <trkpt lat="44.979788" lon="14.761161">
        <ele>305.253304</ele>
        <time>2026-03-24T14:00:16.909Z</time>
      </trkpt>
      <trkpt lat="44.979889" lon="14.761113">
        <ele>306.602081</ele>
        <time>2026-03-24T14:00:25.106Z</time>
      </trkpt>
      <trkpt lat="44.979932" lon="14.761005">
        <ele>307.711752</ele>
        <time>2026-03-24T14:00:31.949Z</time>
      </trkpt>
      <trkpt lat="44.979912" lon="14.760802">
        <ele>309.546916</ele>
        <time>2026-03-24T14:00:43.059Z</time>
      </trkpt>
      <trkpt lat="44.979994" lon="14.760547">
        <ele>312.054990</ele>
        <time>2026-03-24T14:00:58.059Z</time>
      </trkpt>
      <trkpt lat="44.980072" lon="14.760516">
        <ele>313.080598</ele>
        <time>2026-03-24T14:01:04.050Z</time>
      </trkpt>
      <trkpt lat="44.980139" lon="14.760540">
        <ele>313.955494</ele>
        <time>2026-03-24T14:01:09.293Z</time>
      </trkpt>
      <trkpt lat="44.980221" lon="14.760505">
        <ele>315.039736</ele>
        <time>2026-03-24T14:01:15.744Z</time>
      </trkpt>
      <trkpt lat="44.980294" lon="14.760297">
        <ele>317.118751</ele>
        <time>2026-03-24T14:01:28.416Z</time>
      </trkpt>
      <trkpt lat="44.980275" lon="14.760076">
        <ele>319.112087</ele>
        <time>2026-03-24T14:01:41.042Z</time>
      </trkpt>
      <trkpt lat="44.980411" lon="14.759793">
        <ele>322.333022</ele>
        <time>2026-03-24T14:02:01.261Z</time>
      </trkpt>
      <trkpt lat="44.980489" lon="14.759529">
        <ele>325.139009</ele>
        <time>2026-03-24T14:02:18.603Z</time>
      </trkpt>
      <trkpt lat="44.980612" lon="14.759774">
        <ele>328.085561</ele>
        <time>2026-03-24T14:02:37.443Z</time>
      </trkpt>
      <trkpt lat="44.980663" lon="14.759956">
        <ele>330.005496</ele>
        <time>2026-03-24T14:02:49.923Z</time>
      </trkpt>
      <trkpt lat="44.980753" lon="14.760079">
        <ele>331.741125</ele>
        <time>2026-03-24T14:03:01.169Z</time>
      </trkpt>
      <trkpt lat="44.980988" lon="14.760572">
        <ele>337.571638</ele>
        <time>2026-03-24T14:03:38.896Z</time>
      </trkpt>
      <trkpt lat="44.981027" lon="14.760734">
        <ele>339.249948</ele>
        <time>2026-03-24T14:03:49.063Z</time>
      </trkpt>
      <trkpt lat="44.981106" lon="14.760895">
        <ele>341.171678</ele>
        <time>2026-03-24T14:04:00.267Z</time>
      </trkpt>
      <trkpt lat="44.981133" lon="14.761078">
        <ele>343.005069</ele>
        <time>2026-03-24T14:04:10.527Z</time>
      </trkpt>
      <trkpt lat="44.981232" lon="14.761235">
        <ele>345.067854</ele>
        <time>2026-03-24T14:04:21.602Z</time>
      </trkpt>
      <trkpt lat="44.981381" lon="14.761309">
        <ele>346.526017</ele>
        <time>2026-03-24T14:04:33.033Z</time>
      </trkpt>
      <trkpt lat="44.981475" lon="14.761422">
        <ele>347.539869</ele>
        <time>2026-03-24T14:04:41.761Z</time>
      </trkpt>
      <trkpt lat="44.981528" lon="14.761565">
        <ele>348.478169</ele>
        <time>2026-03-24T14:04:49.619Z</time>
      </trkpt>
      <trkpt lat="44.981528" lon="14.761616">
        <ele>348.774582</ele>
        <time>2026-03-24T14:04:51.997Z</time>
      </trkpt>
      <trkpt lat="44.981530" lon="14.761781">
        <ele>349.733704</ele>
        <time>2026-03-24T14:04:59.664Z</time>
      </trkpt>
      <trkpt lat="44.981653" lon="14.762015">
        <ele>351.428125</ele>
        <time>2026-03-24T14:05:12.406Z</time>
      </trkpt>
      <trkpt lat="44.981749" lon="14.762336">
        <ele>353.453678</ele>
        <time>2026-03-24T14:05:26.366Z</time>
      </trkpt>
      <trkpt lat="44.981768" lon="14.762433">
        <ele>354.038658</ele>
        <time>2026-03-24T14:05:30.107Z</time>
      </trkpt>
      <trkpt lat="44.981975" lon="14.762588">
        <ele>355.963367</ele>
        <time>2026-03-24T14:05:41.904Z</time>
      </trkpt>
      <trkpt lat="44.982023" lon="14.762586">
        <ele>356.357944</ele>
        <time>2026-03-24T14:05:44.147Z</time>
      </trkpt>
      <trkpt lat="44.982145" lon="14.762502">
        <ele>357.472951</ele>
        <time>2026-03-24T14:05:50.574Z</time>
      </trkpt>
      <trkpt lat="44.982349" lon="14.762456">
        <ele>359.170359</ele>
        <time>2026-03-24T14:05:59.878Z</time>
      </trkpt>
      <trkpt lat="44.982411" lon="14.762364">
        <ele>359.908891</ele>
        <time>2026-03-24T14:06:03.850Z</time>
      </trkpt>
      <trkpt lat="44.982491" lon="14.762318">
        <ele>360.328555</ele>
        <time>2026-03-24T14:06:07.639Z</time>
      </trkpt>
      <trkpt lat="44.982772" lon="14.762448">
        <ele>360.892416</ele>
        <time>2026-03-24T14:06:19.651Z</time>
      </trkpt>
      <trkpt lat="44.982936" lon="14.762495">
        <ele>361.211544</ele>
        <time>2026-03-24T14:06:28.038Z</time>
      </trkpt>
      <trkpt lat="44.983077" lon="14.762481">
        <ele>361.481110</ele>
        <time>2026-03-24T14:06:34.299Z</time>
      </trkpt>
      <trkpt lat="44.983126" lon="14.762424">
        <ele>361.602124</ele>
        <time>2026-03-24T14:06:36.820Z</time>
      </trkpt>
      <trkpt lat="44.983258" lon="14.762361">
        <ele>361.867821</ele>
        <time>2026-03-24T14:06:41.985Z</time>
      </trkpt>
      <trkpt lat="44.983322" lon="14.762266">
        <ele>362.044794</ele>
        <time>2026-03-24T14:06:45.302Z</time>
      </trkpt>
      <trkpt lat="44.983400" lon="14.762128">
        <ele>362.283080</ele>
        <time>2026-03-24T14:06:49.536Z</time>
      </trkpt>
      <trkpt lat="44.983415" lon="14.762101">
        <ele>362.329392</ele>
        <time>2026-03-24T14:06:51.394Z</time>
      </trkpt>
      <trkpt lat="44.983844" lon="14.762516">
        <ele>363.320730</ele>
        <time>2026-03-24T14:07:10.581Z</time>
      </trkpt>
      <trkpt lat="44.984012" lon="14.762926">
        <ele>364.132662</ele>
        <time>2026-03-24T14:07:23.313Z</time>
      </trkpt>
      <trkpt lat="44.984223" lon="14.762645">
        <ele>365.016243</ele>
        <time>2026-03-24T14:07:29.282Z</time>
      </trkpt>
      <trkpt lat="44.984880" lon="14.761883">
        <ele>367.606564</ele>
        <time>2026-03-24T14:07:56.720Z</time>
      </trkpt>
      <trkpt lat="44.985007" lon="14.761708">
        <ele>368.147136</ele>
        <time>2026-03-24T14:08:04.805Z</time>
      </trkpt>
      <trkpt lat="44.985146" lon="14.761453">
        <ele>368.841237</ele>
        <time>2026-03-24T14:08:15.300Z</time>
      </trkpt>
      <trkpt lat="44.985395" lon="14.761092">
        <ele>370.323474</ele>
        <time>2026-03-24T14:08:31.814Z</time>
      </trkpt>
      <trkpt lat="44.985901" lon="14.760635">
        <ele>373.087301</ele>
        <time>2026-03-24T14:08:57.780Z</time>
      </trkpt>
      <trkpt lat="44.986095" lon="14.760405">
        <ele>374.252703</ele>
        <time>2026-03-24T14:09:08.067Z</time>
      </trkpt>
      <trkpt lat="44.986136" lon="14.760265">
        <ele>374.746025</ele>
        <time>2026-03-24T14:09:12.242Z</time>
      </trkpt>
      <trkpt lat="44.986149" lon="14.759941">
        <ele>375.802558</ele>
        <time>2026-03-24T14:09:20.760Z</time>
      </trkpt>
      <trkpt lat="44.986215" lon="14.759690">
        <ele>376.674378</ele>
        <time>2026-03-24T14:09:27.524Z</time>
      </trkpt>
      <trkpt lat="44.986562" lon="14.758977">
        <ele>378.314453</ele>
        <time>2026-03-24T14:09:48.204Z</time>
      </trkpt>
      <trkpt lat="44.986656" lon="14.758719">
        <ele>378.718886</ele>
        <time>2026-03-24T14:09:54.677Z</time>
      </trkpt>
      <trkpt lat="44.986691" lon="14.758504">
        <ele>379.026330</ele>
        <time>2026-03-24T14:09:59.373Z</time>
      </trkpt>
      <trkpt lat="44.986680" lon="14.757972">
        <ele>379.768008</ele>
        <time>2026-03-24T14:10:09.743Z</time>
      </trkpt>
      <trkpt lat="44.986734" lon="14.757620">
        <ele>380.269939</ele>
        <time>2026-03-24T14:10:16.147Z</time>
      </trkpt>
      <trkpt lat="44.986859" lon="14.757180">
        <ele>380.930709</ele>
        <time>2026-03-24T14:10:23.737Z</time>
      </trkpt>
      <trkpt lat="44.986904" lon="14.757125">
        <ele>380.970218</ele>
        <time>2026-03-24T14:10:24.969Z</time>
      </trkpt>
      <trkpt lat="44.987031" lon="14.757123">
        <ele>380.946296</ele>
        <time>2026-03-24T14:10:27.490Z</time>
      </trkpt>
      <trkpt lat="44.988316" lon="14.757177">
        <ele>380.704159</ele>
        <time>2026-03-24T14:10:50.176Z</time>
      </trkpt>
      <trkpt lat="44.988601" lon="14.757122">
        <ele>380.649982</ele>
        <time>2026-03-24T14:10:55.445Z</time>
      </trkpt>
      <trkpt lat="44.988840" lon="14.757044">
        <ele>380.871453</ele>
        <time>2026-03-24T14:11:00.232Z</time>
      </trkpt>
      <trkpt lat="44.989247" lon="14.756815">
        <ele>381.430193</ele>
        <time>2026-03-24T14:11:09.941Z</time>
      </trkpt>
      <trkpt lat="44.989378" lon="14.756685">
        <ele>381.634336</ele>
        <time>2026-03-24T14:11:13.840Z</time>
      </trkpt>
      <trkpt lat="44.989578" lon="14.756399">
        <ele>381.997167</ele>
        <time>2026-03-24T14:11:21.147Z</time>
      </trkpt>
      <trkpt lat="44.989629" lon="14.756325">
        <ele>382.090378</ele>
        <time>2026-03-24T14:11:23.123Z</time>
      </trkpt>
      <trkpt lat="44.989839" lon="14.756051">
        <ele>382.454861</ele>
        <time>2026-03-24T14:11:30.984Z</time>
      </trkpt>
      <trkpt lat="44.989879" lon="14.755898">
        <ele>382.602012</ele>
        <time>2026-03-24T14:11:34.319Z</time>
      </trkpt>
      <trkpt lat="44.989998" lon="14.755673">
        <ele>382.855464</ele>
        <time>2026-03-24T14:11:40.049Z</time>
      </trkpt>
      <trkpt lat="44.990145" lon="14.755579">
        <ele>383.168350</ele>
        <time>2026-03-24T14:11:44.845Z</time>
      </trkpt>
      <trkpt lat="44.990729" lon="14.754966">
        <ele>384.867608</ele>
        <time>2026-03-24T14:12:07.116Z</time>
      </trkpt>
      <trkpt lat="44.991147" lon="14.754542">
        <ele>386.069480</ele>
        <time>2026-03-24T14:12:22.526Z</time>
      </trkpt>
      <trkpt lat="44.991268" lon="14.754366">
        <ele>386.475042</ele>
        <time>2026-03-24T14:12:27.683Z</time>
      </trkpt>
      <trkpt lat="44.991459" lon="14.753853">
        <ele>387.331887</ele>
        <time>2026-03-24T14:12:39.707Z</time>
      </trkpt>
      <trkpt lat="44.991678" lon="14.753571">
        <ele>387.789456</ele>
        <time>2026-03-24T14:12:48.259Z</time>
      </trkpt>
      <trkpt lat="44.991759" lon="14.753395">
        <ele>388.018865</ele>
        <time>2026-03-24T14:12:52.561Z</time>
      </trkpt>
      <trkpt lat="44.991798" lon="14.753070">
        <ele>388.379000</ele>
        <time>2026-03-24T14:12:59.064Z</time>
      </trkpt>
      <trkpt lat="44.991596" lon="14.752369">
        <ele>389.205972</ele>
        <time>2026-03-24T14:13:12.896Z</time>
      </trkpt>
      <trkpt lat="44.991527" lon="14.751984">
        <ele>389.639879</ele>
        <time>2026-03-24T14:13:19.426Z</time>
      </trkpt>
      <trkpt lat="44.991521" lon="14.751911">
        <ele>389.720168</ele>
        <time>2026-03-24T14:13:20.590Z</time>
      </trkpt>
      <trkpt lat="44.991568" lon="14.751735">
        <ele>389.920333</ele>
        <time>2026-03-24T14:13:23.488Z</time>
      </trkpt>
      <trkpt lat="44.991732" lon="14.751332">
        <ele>390.210364</ele>
        <time>2026-03-24T14:13:30.433Z</time>
      </trkpt>
      <trkpt lat="44.992021" lon="14.750902">
        <ele>390.580394</ele>
        <time>2026-03-24T14:13:38.904Z</time>
      </trkpt>
      <trkpt lat="44.992138" lon="14.750858">
        <ele>390.687178</ele>
        <time>2026-03-24T14:13:41.382Z</time>
      </trkpt>
      <trkpt lat="44.992333" lon="14.750886">
        <ele>390.860059</ele>
        <time>2026-03-24T14:13:45.482Z</time>
      </trkpt>
      <trkpt lat="44.992879" lon="14.751106">
        <ele>391.360817</ele>
        <time>2026-03-24T14:13:58.924Z</time>
      </trkpt>
      <trkpt lat="44.993058" lon="14.751079">
        <ele>391.539714</ele>
        <time>2026-03-24T14:14:03.798Z</time>
      </trkpt>
      <trkpt lat="44.993499" lon="14.750516">
        <ele>392.592288</ele>
        <time>2026-03-24T14:14:21.465Z</time>
      </trkpt>
      <trkpt lat="44.993639" lon="14.750411">
        <ele>392.873038</ele>
        <time>2026-03-24T14:14:26.216Z</time>
      </trkpt>
      <trkpt lat="44.993885" lon="14.750395">
        <ele>393.309310</ele>
        <time>2026-03-24T14:14:33.558Z</time>
      </trkpt>
      <trkpt lat="44.994092" lon="14.750329">
        <ele>393.685236</ele>
        <time>2026-03-24T14:14:39.719Z</time>
      </trkpt>
      <trkpt lat="44.994259" lon="14.750185">
        <ele>394.031758</ele>
        <time>2026-03-24T14:14:45.188Z</time>
      </trkpt>
      <trkpt lat="44.994421" lon="14.750001">
        <ele>394.399871</ele>
        <time>2026-03-24T14:14:50.635Z</time>
      </trkpt>
      <trkpt lat="44.994548" lon="14.749832">
        <ele>394.679650</ele>
        <time>2026-03-24T14:14:54.911Z</time>
      </trkpt>
      <trkpt lat="44.994844" lon="14.749082">
        <ele>394.373599</ele>
        <time>2026-03-24T14:15:07.436Z</time>
      </trkpt>
      <trkpt lat="44.994981" lon="14.748867">
        <ele>394.270475</ele>
        <time>2026-03-24T14:15:11.032Z</time>
      </trkpt>
      <trkpt lat="44.995117" lon="14.748707">
        <ele>394.181332</ele>
        <time>2026-03-24T14:15:14.056Z</time>
      </trkpt>
      <trkpt lat="44.995195" lon="14.748547">
        <ele>394.112085</ele>
        <time>2026-03-24T14:15:16.374Z</time>
      </trkpt>
      <trkpt lat="44.995207" lon="14.748366">
        <ele>394.047307</ele>
        <time>2026-03-24T14:15:18.535Z</time>
      </trkpt>
      <trkpt lat="44.995020" lon="14.747908">
        <ele>393.858860</ele>
        <time>2026-03-24T14:15:24.651Z</time>
      </trkpt>
      <trkpt lat="44.995012" lon="14.747698">
        <ele>393.783922</ele>
        <time>2026-03-24T14:15:27.028Z</time>
      </trkpt>
      <trkpt lat="44.995152" lon="14.747312">
        <ele>393.296489</ele>
        <time>2026-03-24T14:15:31.887Z</time>
      </trkpt>
      <trkpt lat="44.995211" lon="14.747070">
        <ele>393.003496</ele>
        <time>2026-03-24T14:15:34.729Z</time>
      </trkpt>
      <trkpt lat="44.995168" lon="14.746060">
        <ele>391.845354</ele>
        <time>2026-03-24T14:15:45.935Z</time>
      </trkpt>
      <trkpt lat="44.995250" lon="14.745740">
        <ele>391.455776</ele>
        <time>2026-03-24T14:15:49.748Z</time>
      </trkpt>
      <trkpt lat="44.995351" lon="14.745641">
        <ele>391.256867</ele>
        <time>2026-03-24T14:15:51.721Z</time>
      </trkpt>
      <trkpt lat="44.995453" lon="14.745415">
        <ele>390.949993</ele>
        <time>2026-03-24T14:15:54.778Z</time>
      </trkpt>
      <trkpt lat="44.995492" lon="14.745189">
        <ele>390.779505</ele>
        <time>2026-03-24T14:15:57.467Z</time>
      </trkpt>
      <trkpt lat="44.995433" lon="14.744709">
        <ele>390.510820</ele>
        <time>2026-03-24T14:16:03.196Z</time>
      </trkpt>
      <trkpt lat="44.995435" lon="14.744509">
        <ele>390.400511</ele>
        <time>2026-03-24T14:16:05.606Z</time>
      </trkpt>
      <trkpt lat="44.995437" lon="14.744340">
        <ele>390.307296</ele>
        <time>2026-03-24T14:16:07.672Z</time>
      </trkpt>
      <trkpt lat="44.996041" lon="14.743772">
        <ele>389.741612</ele>
        <time>2026-03-24T14:16:20.717Z</time>
      </trkpt>
      <trkpt lat="44.996151" lon="14.743639">
        <ele>389.628745</ele>
        <time>2026-03-24T14:16:23.387Z</time>
      </trkpt>
      <trkpt lat="44.996276" lon="14.743336">
        <ele>389.394370</ele>
        <time>2026-03-24T14:16:27.982Z</time>
      </trkpt>
      <trkpt lat="44.996822" lon="14.742652">
        <ele>388.064310</ele>
        <time>2026-03-24T14:16:40.305Z</time>
      </trkpt>
      <trkpt lat="44.997169" lon="14.742426">
        <ele>387.367704</ele>
        <time>2026-03-24T14:16:46.264Z</time>
      </trkpt>
      <trkpt lat="44.997390" lon="14.742244">
        <ele>386.901377</ele>
        <time>2026-03-24T14:16:50.118Z</time>
      </trkpt>
      <trkpt lat="44.997948" lon="14.742123">
        <ele>385.583804</ele>
        <time>2026-03-24T14:16:58.311Z</time>
      </trkpt>
      <trkpt lat="44.998931" lon="14.742123">
        <ele>382.147074</ele>
        <time>2026-03-24T14:17:12.170Z</time>
      </trkpt>
      <trkpt lat="44.999239" lon="14.742046">
        <ele>381.053558</ele>
        <time>2026-03-24T14:17:16.576Z</time>
      </trkpt>
      <trkpt lat="44.999512" lon="14.741908">
        <ele>380.039965</ele>
        <time>2026-03-24T14:17:20.642Z</time>
      </trkpt>
      <trkpt lat="44.999727" lon="14.741704">
        <ele>379.106664</ele>
        <time>2026-03-24T14:17:24.262Z</time>
      </trkpt>
      <trkpt lat="44.999957" lon="14.741163">
        <ele>377.488598</ele>
        <time>2026-03-24T14:17:30.524Z</time>
      </trkpt>
      <trkpt lat="45.000093" lon="14.740970">
        <ele>376.790184</ele>
        <time>2026-03-24T14:17:33.226Z</time>
      </trkpt>
      <trkpt lat="45.000191" lon="14.740766">
        <ele>376.158022</ele>
        <time>2026-03-24T14:17:35.667Z</time>
      </trkpt>
      <trkpt lat="45.000257" lon="14.740501">
        <ele>375.437860</ele>
        <time>2026-03-24T14:17:38.455Z</time>
      </trkpt>
      <trkpt lat="45.000283" lon="14.740230">
        <ele>374.736857</ele>
        <time>2026-03-24T14:17:41.185Z</time>
      </trkpt>
      <trkpt lat="45.000658" lon="14.739868">
        <ele>373.104335</ele>
        <time>2026-03-24T14:17:47.626Z</time>
      </trkpt>
      <trkpt lat="45.000892" lon="14.739697">
        <ele>372.193957</ele>
        <time>2026-03-24T14:17:51.410Z</time>
      </trkpt>
      <trkpt lat="45.001063" lon="14.739657">
        <ele>371.594893</ele>
        <time>2026-03-24T14:17:53.901Z</time>
      </trkpt>
      <trkpt lat="45.001505" lon="14.739194">
        <ele>369.693767</ele>
        <time>2026-03-24T14:18:01.763Z</time>
      </trkpt>
      <trkpt lat="45.001711" lon="14.739083">
        <ele>368.931832</ele>
        <time>2026-03-24T14:18:04.909Z</time>
      </trkpt>
      <trkpt lat="45.002010" lon="14.739073">
        <ele>367.898097</ele>
        <time>2026-03-24T14:18:09.158Z</time>
      </trkpt>
      <trkpt lat="45.002267" lon="14.739294">
        <ele>366.741764</ele>
        <time>2026-03-24T14:18:13.394Z</time>
      </trkpt>
      <trkpt lat="45.002658" lon="14.739395">
        <ele>364.837901</ele>
        <time>2026-03-24T14:18:18.918Z</time>
      </trkpt>
      <trkpt lat="45.003114" lon="14.739405">
        <ele>362.653410</ele>
        <time>2026-03-24T14:18:25.102Z</time>
      </trkpt>
      <trkpt lat="45.003377" lon="14.739294">
        <ele>361.338750</ele>
        <time>2026-03-24T14:18:28.768Z</time>
      </trkpt>
      <trkpt lat="45.003449" lon="14.739012">
        <ele>360.323306</ele>
        <time>2026-03-24T14:18:31.562Z</time>
      </trkpt>
      <trkpt lat="45.003527" lon="14.738871">
        <ele>359.716976</ele>
        <time>2026-03-24T14:18:33.228Z</time>
      </trkpt>
      <trkpt lat="45.003689" lon="14.738349">
        <ele>357.376149</ele>
        <time>2026-03-24T14:18:38.474Z</time>
      </trkpt>
      <trkpt lat="45.003775" lon="14.737698">
        <ele>353.921785</ele>
        <time>2026-03-24T14:18:44.452Z</time>
      </trkpt>
      <trkpt lat="45.003757" lon="14.737343">
        <ele>352.065357</ele>
        <time>2026-03-24T14:18:47.608Z</time>
      </trkpt>
      <trkpt lat="45.003807" lon="14.737028">
        <ele>350.381430</ele>
        <time>2026-03-24T14:18:50.448Z</time>
      </trkpt>
      <trkpt lat="45.003935" lon="14.736583">
        <ele>347.875605</ele>
        <time>2026-03-24T14:18:54.605Z</time>
      </trkpt>
      <trkpt lat="45.004081" lon="14.736267">
        <ele>345.906665</ele>
        <time>2026-03-24T14:18:57.849Z</time>
      </trkpt>
      <trkpt lat="45.004240" lon="14.736067">
        <ele>344.288652</ele>
        <time>2026-03-24T14:19:00.442Z</time>
      </trkpt>
      <trkpt lat="45.004452" lon="14.735295">
        <ele>339.747027</ele>
        <time>2026-03-24T14:19:07.664Z</time>
      </trkpt>
      <trkpt lat="45.004637" lon="14.734824">
        <ele>336.792358</ele>
        <time>2026-03-24T14:19:12.386Z</time>
      </trkpt>
      <trkpt lat="45.004693" lon="14.734473">
        <ele>334.819144</ele>
        <time>2026-03-24T14:19:15.552Z</time>
      </trkpt>
      <trkpt lat="45.004660" lon="14.733949">
        <ele>331.934248</ele>
        <time>2026-03-24T14:19:20.209Z</time>
      </trkpt>
      <trkpt lat="45.004759" lon="14.733690">
        <ele>330.566651</ele>
        <time>2026-03-24T14:19:22.844Z</time>
      </trkpt>
      <trkpt lat="45.004974" lon="14.733379">
        <ele>328.766316</ele>
        <time>2026-03-24T14:19:26.789Z</time>
      </trkpt>
      <trkpt lat="45.005209" lon="14.733180">
        <ele>327.162871</ele>
        <time>2026-03-24T14:19:30.301Z</time>
      </trkpt>
      <trkpt lat="45.005453" lon="14.733037">
        <ele>325.616695</ele>
        <time>2026-03-24T14:19:33.683Z</time>
      </trkpt>
      <trkpt lat="45.005706" lon="14.732845">
        <ele>323.935872</ele>
        <time>2026-03-24T14:19:37.380Z</time>
      </trkpt>
      <trkpt lat="45.005879" lon="14.732646">
        <ele>322.630454</ele>
        <time>2026-03-24T14:19:40.300Z</time>
      </trkpt>
      <trkpt lat="45.006015" lon="14.732288">
        <ele>320.948333</ele>
        <time>2026-03-24T14:19:44.156Z</time>
      </trkpt>
      <trkpt lat="45.006039" lon="14.732150">
        <ele>320.670532</ele>
        <time>2026-03-24T14:19:45.531Z</time>
      </trkpt>
      <trkpt lat="45.006212" lon="14.731472">
        <ele>319.804717</ele>
        <time>2026-03-24T14:19:52.852Z</time>
      </trkpt>
      <trkpt lat="45.006348" lon="14.731167">
        <ele>319.371584</ele>
        <time>2026-03-24T14:19:56.788Z</time>
      </trkpt>
      <trkpt lat="45.006704" lon="14.730643">
        <ele>318.498679</ele>
        <time>2026-03-24T14:20:05.310Z</time>
      </trkpt>
      <trkpt lat="45.006841" lon="14.729841">
        <ele>318.212749</ele>
        <time>2026-03-24T14:20:17.179Z</time>
      </trkpt>
      <trkpt lat="45.006986" lon="14.729370">
        <ele>319.454387</ele>
        <time>2026-03-24T14:20:26.939Z</time>
      </trkpt>
      <trkpt lat="45.007023" lon="14.729045">
        <ele>320.250024</ele>
        <time>2026-03-24T14:20:34.105Z</time>
      </trkpt>
      <trkpt lat="45.007178" lon="14.728408">
        <ele>321.878269</ele>
        <time>2026-03-24T14:20:51.166Z</time>
      </trkpt>
      <trkpt lat="45.007248" lon="14.727579">
        <ele>323.900563</ele>
        <time>2026-03-24T14:21:16.870Z</time>
      </trkpt>
      <trkpt lat="45.007206" lon="14.727009">
        <ele>326.346943</ele>
        <time>2026-03-24T14:21:36.500Z</time>
      </trkpt>
      <trkpt lat="45.007194" lon="14.726230">
        <ele>329.673109</ele>
        <time>2026-03-24T14:22:04.070Z</time>
      </trkpt>
      <trkpt lat="45.007220" lon="14.725954">
        <ele>330.861703</ele>
        <time>2026-03-24T14:22:13.783Z</time>
      </trkpt>
      <trkpt lat="45.007521" lon="14.725215">
        <ele>334.502360</ele>
        <time>2026-03-24T14:22:42.219Z</time>
      </trkpt>
      <trkpt lat="45.008120" lon="14.724228">
        <ele>336.605689</ele>
        <time>2026-03-24T14:23:16.965Z</time>
      </trkpt>
      <trkpt lat="45.008254" lon="14.724090">
        <ele>336.955750</ele>
        <time>2026-03-24T14:23:21.468Z</time>
      </trkpt>
      <trkpt lat="45.008469" lon="14.724006">
        <ele>337.426812</ele>
        <time>2026-03-24T14:23:26.627Z</time>
      </trkpt>
      <trkpt lat="45.008555" lon="14.723916">
        <ele>337.652744</ele>
        <time>2026-03-24T14:23:28.788Z</time>
      </trkpt>
      <trkpt lat="45.008607" lon="14.723799">
        <ele>337.859089</ele>
        <time>2026-03-24T14:23:30.619Z</time>
      </trkpt>
      <trkpt lat="45.008671" lon="14.723768">
        <ele>338.001956</ele>
        <time>2026-03-24T14:23:31.834Z</time>
      </trkpt>
      <trkpt lat="45.008804" lon="14.723727">
        <ele>338.289432</ele>
        <time>2026-03-24T14:23:34.176Z</time>
      </trkpt>
      <trkpt lat="45.008965" lon="14.723727">
        <ele>338.428748</ele>
        <time>2026-03-24T14:23:36.797Z</time>
      </trkpt>
      <trkpt lat="45.009100" lon="14.723830">
        <ele>337.947379</ele>
        <time>2026-03-24T14:23:39.171Z</time>
      </trkpt>
      <trkpt lat="45.009399" lon="14.724246">
        <ele>336.631179</ele>
        <time>2026-03-24T14:23:45.343Z</time>
      </trkpt>
      <trkpt lat="45.009788" lon="14.724606">
        <ele>335.172318</ele>
        <time>2026-03-24T14:23:51.835Z</time>
      </trkpt>
      <trkpt lat="45.009990" lon="14.724931">
        <ele>334.212207</ele>
        <time>2026-03-24T14:23:56.042Z</time>
      </trkpt>
      <trkpt lat="45.010270" lon="14.725273">
        <ele>333.051219</ele>
        <time>2026-03-24T14:24:01.167Z</time>
      </trkpt>
      <trkpt lat="45.010628" lon="14.725797">
        <ele>331.933253</ele>
        <time>2026-03-24T14:24:08.389Z</time>
      </trkpt>
      <trkpt lat="45.010697" lon="14.725958">
        <ele>331.657304</ele>
        <time>2026-03-24T14:24:10.303Z</time>
      </trkpt>
      <trkpt lat="45.010703" lon="14.726200">
        <ele>331.302390</ele>
        <time>2026-03-24T14:24:12.835Z</time>
      </trkpt>
      <trkpt lat="45.010736" lon="14.726351">
        <ele>331.070738</ele>
        <time>2026-03-24T14:24:14.510Z</time>
      </trkpt>
      <trkpt lat="45.010835" lon="14.726541">
        <ele>330.724795</ele>
        <time>2026-03-24T14:24:17.079Z</time>
      </trkpt>
      <trkpt lat="45.011066" lon="14.726766">
        <ele>330.143328</ele>
        <time>2026-03-24T14:24:21.571Z</time>
      </trkpt>
      <trkpt lat="45.011346" lon="14.726963">
        <ele>329.494992</ele>
        <time>2026-03-24T14:24:26.931Z</time>
      </trkpt>
      <trkpt lat="45.011547" lon="14.727023">
        <ele>329.237902</ele>
        <time>2026-03-24T14:24:30.799Z</time>
      </trkpt>
      <trkpt lat="45.012098" lon="14.727099">
        <ele>329.916034</ele>
        <time>2026-03-24T14:24:43.497Z</time>
      </trkpt>
      <trkpt lat="45.012261" lon="14.727270">
        <ele>330.164615</ele>
        <time>2026-03-24T14:24:51.563Z</time>
      </trkpt>
      <trkpt lat="45.012382" lon="14.727306">
        <ele>330.316074</ele>
        <time>2026-03-24T14:24:56.547Z</time>
      </trkpt>
      <trkpt lat="45.012476" lon="14.727308">
        <ele>330.431229</ele>
        <time>2026-03-24T14:25:00.386Z</time>
      </trkpt>
      <trkpt lat="45.012797" lon="14.727211">
        <ele>330.833301</ele>
        <time>2026-03-24T14:25:13.600Z</time>
      </trkpt>
      <trkpt lat="45.013398" lon="14.727290">
        <ele>331.656781</ele>
        <time>2026-03-24T14:25:37.312Z</time>
      </trkpt>
      <trkpt lat="45.013486" lon="14.727267">
        <ele>331.813876</ele>
        <time>2026-03-24T14:25:40.731Z</time>
      </trkpt>
      <trkpt lat="45.013720" lon="14.727111">
        <ele>332.267987</ele>
        <time>2026-03-24T14:25:50.586Z</time>
      </trkpt>
      <trkpt lat="45.013827" lon="14.727096">
        <ele>332.456741</ele>
        <time>2026-03-24T14:25:54.646Z</time>
      </trkpt>
      <trkpt lat="45.014169" lon="14.727250">
        <ele>333.086792</ele>
        <time>2026-03-24T14:26:08.205Z</time>
      </trkpt>
      <trkpt lat="45.014314" lon="14.727262">
        <ele>333.341769</ele>
        <time>2026-03-24T14:26:13.719Z</time>
      </trkpt>
      <trkpt lat="45.014678" lon="14.727106">
        <ele>334.009438</ele>
        <time>2026-03-24T14:26:28.667Z</time>
      </trkpt>
      <trkpt lat="45.014794" lon="14.727111">
        <ele>334.213166</ele>
        <time>2026-03-24T14:26:33.398Z</time>
      </trkpt>
      <trkpt lat="45.014963" lon="14.727201">
        <ele>334.530165</ele>
        <time>2026-03-24T14:26:40.952Z</time>
      </trkpt>
      <trkpt lat="45.015183" lon="14.727215">
        <ele>335.334822</ele>
        <time>2026-03-24T14:26:50.492Z</time>
      </trkpt>
      <trkpt lat="45.015369" lon="14.727179">
        <ele>336.026083</ele>
        <time>2026-03-24T14:26:59.024Z</time>
      </trkpt>
      <trkpt lat="45.016040" lon="14.727235">
        <ele>338.501103</ele>
        <time>2026-03-24T14:27:32.190Z</time>
      </trkpt>
      <trkpt lat="45.016435" lon="14.727343">
        <ele>339.982471</ele>
        <time>2026-03-24T14:27:53.370Z</time>
      </trkpt>
      <trkpt lat="45.016621" lon="14.727356">
        <ele>340.668187</ele>
        <time>2026-03-24T14:28:03.149Z</time>
      </trkpt>
      <trkpt lat="45.017355" lon="14.727298">
        <ele>343.223314</ele>
        <time>2026-03-24T14:28:39.989Z</time>
      </trkpt>
      <trkpt lat="45.017674" lon="14.726922">
        <ele>344.647504</ele>
        <time>2026-03-24T14:28:59.492Z</time>
      </trkpt>
      <trkpt lat="45.017979" lon="14.726665">
        <ele>345.865167</ele>
        <time>2026-03-24T14:29:11.049Z</time>
      </trkpt>
      <trkpt lat="45.018263" lon="14.726369">
        <ele>347.075113</ele>
        <time>2026-03-24T14:29:22.046Z</time>
      </trkpt>
      <trkpt lat="45.018722" lon="14.725359">
        <ele>349.704261</ele>
        <time>2026-03-24T14:29:49.107Z</time>
      </trkpt>
      <trkpt lat="45.019563" lon="14.724633">
        <ele>352.724914</ele>
        <time>2026-03-24T14:30:22.655Z</time>
      </trkpt>
      <trkpt lat="45.020443" lon="14.723477">
        <ele>355.976269</ele>
        <time>2026-03-24T14:31:01.844Z</time>
      </trkpt>
      <trkpt lat="45.020826" lon="14.722973">
        <ele>357.386287</ele>
        <time>2026-03-24T14:31:17.269Z</time>
      </trkpt>
      <trkpt lat="45.021063" lon="14.722480">
        <ele>358.161923</ele>
        <time>2026-03-24T14:31:29.022Z</time>
      </trkpt>
      <trkpt lat="45.021221" lon="14.722044">
        <ele>358.690689</ele>
        <time>2026-03-24T14:31:38.142Z</time>
      </trkpt>
      <trkpt lat="45.021306" lon="14.721611">
        <ele>359.175670</ele>
        <time>2026-03-24T14:31:46.338Z</time>
      </trkpt>
      <trkpt lat="45.021230" lon="14.721118">
        <ele>359.720222</ele>
        <time>2026-03-24T14:31:55.395Z</time>
      </trkpt>
      <trkpt lat="45.021215" lon="14.720539">
        <ele>360.345500</ele>
        <time>2026-03-24T14:32:05.535Z</time>
      </trkpt>
      <trkpt lat="45.021245" lon="14.720260">
        <ele>360.606187</ele>
        <time>2026-03-24T14:32:10.409Z</time>
      </trkpt>
      <trkpt lat="45.021336" lon="14.719916">
        <ele>360.920832</ele>
        <time>2026-03-24T14:32:16.710Z</time>
      </trkpt>
      <trkpt lat="45.021306" lon="14.719337">
        <ele>361.418157</ele>
        <time>2026-03-24T14:32:26.719Z</time>
      </trkpt>
      <trkpt lat="45.021326" lon="14.719031">
        <ele>361.681407</ele>
        <time>2026-03-24T14:32:32.063Z</time>
      </trkpt>
      <trkpt lat="45.021412" lon="14.718715">
        <ele>361.971477</ele>
        <time>2026-03-24T14:32:38.026Z</time>
      </trkpt>
      <trkpt lat="45.021415" lon="14.718418">
        <ele>362.225924</ele>
        <time>2026-03-24T14:32:43.297Z</time>
      </trkpt>
      <trkpt lat="45.021230" lon="14.716977">
        <ele>363.144102</ele>
        <time>2026-03-24T14:33:08.628Z</time>
      </trkpt>
      <trkpt lat="45.021534" lon="14.716204">
        <ele>363.606602</ele>
        <time>2026-03-24T14:33:22.993Z</time>
      </trkpt>
      <trkpt lat="45.021701" lon="14.715947">
        <ele>363.789123</ele>
        <time>2026-03-24T14:33:28.233Z</time>
      </trkpt>
      <trkpt lat="45.021999" lon="14.715022">
        <ele>363.495683</ele>
        <time>2026-03-24T14:33:41.808Z</time>
      </trkpt>
      <trkpt lat="45.022071" lon="14.714189">
        <ele>362.964209</ele>
        <time>2026-03-24T14:33:51.987Z</time>
      </trkpt>
      <trkpt lat="45.022133" lon="14.713746">
        <ele>362.678208</ele>
        <time>2026-03-24T14:33:57.173Z</time>
      </trkpt>
      <trkpt lat="45.022628" lon="14.711112">
        <ele>359.921301</ele>
        <time>2026-03-24T14:34:27.321Z</time>
      </trkpt>
      <trkpt lat="45.022609" lon="14.710878">
        <ele>359.661022</ele>
        <time>2026-03-24T14:34:30.131Z</time>
      </trkpt>
      <trkpt lat="45.022674" lon="14.710923">
        <ele>359.547888</ele>
        <time>2026-03-24T14:34:31.423Z</time>
      </trkpt>
      <trkpt lat="45.022772" lon="14.710900">
        <ele>359.522958</ele>
        <time>2026-03-24T14:34:33.227Z</time>
      </trkpt>
      <trkpt lat="45.023096" lon="14.710411">
        <ele>359.516726</ele>
        <time>2026-03-24T14:34:42.203Z</time>
      </trkpt>
      <trkpt lat="45.023429" lon="14.709960">
        <ele>359.510662</ele>
        <time>2026-03-24T14:34:51.796Z</time>
      </trkpt>
      <trkpt lat="45.023672" lon="14.709681">
        <ele>359.506545</ele>
        <time>2026-03-24T14:34:58.630Z</time>
      </trkpt>
      <trkpt lat="45.024158" lon="14.708864">
        <ele>359.657330</ele>
        <time>2026-03-24T14:35:15.116Z</time>
      </trkpt>
      <trkpt lat="45.024621" lon="14.708317">
        <ele>359.986112</ele>
        <time>2026-03-24T14:35:28.189Z</time>
      </trkpt>
      <trkpt lat="45.025288" lon="14.707823">
        <ele>360.396471</ele>
        <time>2026-03-24T14:35:45.257Z</time>
      </trkpt>
      <trkpt lat="45.025288" lon="14.707823">
        <ele>360.396471</ele>
        <time>2026-03-24T14:35:45.264Z</time>
      </trkpt>
      <trkpt lat="45.025637" lon="14.707190">
        <ele>360.642308</ele>
        <time>2026-03-24T14:35:58.761Z</time>
      </trkpt>
      <trkpt lat="45.026153" lon="14.706954">
        <ele>360.854532</ele>
        <time>2026-03-24T14:36:11.188Z</time>
      </trkpt>
      <trkpt lat="45.026417" lon="14.706741">
        <ele>360.973466</ele>
        <time>2026-03-24T14:36:17.680Z</time>
      </trkpt>
      <trkpt lat="45.026631" lon="14.706461">
        <ele>361.087535</ele>
        <time>2026-03-24T14:36:23.476Z</time>
      </trkpt>
      <trkpt lat="45.026858" lon="14.705871">
        <ele>361.141034</ele>
        <time>2026-03-24T14:36:32.569Z</time>
      </trkpt>
      <trkpt lat="45.026934" lon="14.705516">
        <ele>361.090529</ele>
        <time>2026-03-24T14:36:37.493Z</time>
      </trkpt>
      <trkpt lat="45.026904" lon="14.704926">
        <ele>361.009988</ele>
        <time>2026-03-24T14:36:45.418Z</time>
      </trkpt>
      <trkpt lat="45.026904" lon="14.704283">
        <ele>360.922438</ele>
        <time>2026-03-24T14:36:54.143Z</time>
      </trkpt>
      <trkpt lat="45.026767" lon="14.703800">
        <ele>360.851575</ele>
        <time>2026-03-24T14:37:01.309Z</time>
      </trkpt>
      <trkpt lat="45.026842" lon="14.703394">
        <ele>360.760356</ele>
        <time>2026-03-24T14:37:07.244Z</time>
      </trkpt>
      <trkpt lat="45.027130" lon="14.702922">
        <ele>360.609293</ele>
        <time>2026-03-24T14:37:16.367Z</time>
      </trkpt>
      <trkpt lat="45.027343" lon="14.702834">
        <ele>360.533235</ele>
        <time>2026-03-24T14:37:20.893Z</time>
      </trkpt>
      <trkpt lat="45.027677" lon="14.702845">
        <ele>360.418721</ele>
        <time>2026-03-24T14:37:27.325Z</time>
      </trkpt>
      <trkpt lat="45.027912" lon="14.702684">
        <ele>360.329225</ele>
        <time>2026-03-24T14:37:32.166Z</time>
      </trkpt>
      <trkpt lat="45.028156" lon="14.702372">
        <ele>360.194618</ele>
        <time>2026-03-24T14:37:38.105Z</time>
      </trkpt>
      <trkpt lat="45.028946" lon="14.701668">
        <ele>358.518886</ele>
        <time>2026-03-24T14:37:53.345Z</time>
      </trkpt>
      <trkpt lat="45.029588" lon="14.700925">
        <ele>357.030227</ele>
        <time>2026-03-24T14:38:06.428Z</time>
      </trkpt>
      <trkpt lat="45.029773" lon="14.700497">
        <ele>356.600233</ele>
        <time>2026-03-24T14:38:12.280Z</time>
      </trkpt>
      <trkpt lat="45.029800" lon="14.699508">
        <ele>355.777008</ele>
        <time>2026-03-24T14:38:24.638Z</time>
      </trkpt>
      <trkpt lat="45.029870" lon="14.699297">
        <ele>355.583133</ele>
        <time>2026-03-24T14:38:27.705Z</time>
      </trkpt>
      <trkpt lat="45.030358" lon="14.698804">
        <ele>354.877444</ele>
        <time>2026-03-24T14:38:38.571Z</time>
      </trkpt>
      <trkpt lat="45.030569" lon="14.698516">
        <ele>354.417993</ele>
        <time>2026-03-24T14:38:43.541Z</time>
      </trkpt>
      <trkpt lat="45.030960" lon="14.697373">
        <ele>353.010602</ele>
        <time>2026-03-24T14:38:58.065Z</time>
      </trkpt>
      <trkpt lat="45.031165" lon="14.697009">
        <ele>352.494752</ele>
        <time>2026-03-24T14:39:03.395Z</time>
      </trkpt>
      <trkpt lat="45.031408" lon="14.696886">
        <ele>352.090025</ele>
        <time>2026-03-24T14:39:07.669Z</time>
      </trkpt>
      <trkpt lat="45.031817" lon="14.696901">
        <ele>352.112797</ele>
        <time>2026-03-24T14:39:14.745Z</time>
      </trkpt>
      <trkpt lat="45.032515" lon="14.696708">
        <ele>352.217352</ele>
        <time>2026-03-24T14:39:28.458Z</time>
      </trkpt>
      <trkpt lat="45.033007" lon="14.696333">
        <ele>352.299507</ele>
        <time>2026-03-24T14:39:42.008Z</time>
      </trkpt>
      <trkpt lat="45.033523" lon="14.696182">
        <ele>353.375118</ele>
        <time>2026-03-24T14:39:56.859Z</time>
      </trkpt>
      <trkpt lat="45.034524" lon="14.696139">
        <ele>356.114288</ele>
        <time>2026-03-24T14:40:30.299Z</time>
      </trkpt>
      <trkpt lat="45.035168" lon="14.696225">
        <ele>357.893941</ele>
        <time>2026-03-24T14:40:53.527Z</time>
      </trkpt>
      <trkpt lat="45.036283" lon="14.696579">
        <ele>361.069851</ele>
        <time>2026-03-24T14:41:31.809Z</time>
      </trkpt>
      <trkpt lat="45.036821" lon="14.696805">
        <ele>362.376800</ele>
        <time>2026-03-24T14:41:47.953Z</time>
      </trkpt>
      <trkpt lat="45.037541" lon="14.696934">
        <ele>363.089190</ele>
        <time>2026-03-24T14:42:06.568Z</time>
      </trkpt>
      <trkpt lat="45.038315" lon="14.696901">
        <ele>363.849289</ele>
        <time>2026-03-24T14:42:24.469Z</time>
      </trkpt>
      <trkpt lat="45.039202" lon="14.697030">
        <ele>363.087003</ele>
        <time>2026-03-24T14:42:41.716Z</time>
      </trkpt>
      <trkpt lat="45.039588" lon="14.697223">
        <ele>362.575203</ele>
        <time>2026-03-24T14:42:48.737Z</time>
      </trkpt>
      <trkpt lat="45.040513" lon="14.697974">
        <ele>360.293427</ele>
        <time>2026-03-24T14:43:05.353Z</time>
      </trkpt>
      <trkpt lat="45.041051" lon="14.698360">
        <ele>358.146837</ele>
        <time>2026-03-24T14:43:14.228Z</time>
      </trkpt>
      <trkpt lat="45.042954" lon="14.698951">
        <ele>350.195678</ele>
        <time>2026-03-24T14:43:42.077Z</time>
      </trkpt>
      <trkpt lat="45.043107" lon="14.698972">
        <ele>349.514202</ele>
        <time>2026-03-24T14:43:44.242Z</time>
      </trkpt>
      <trkpt lat="45.043712" lon="14.699058">
        <ele>346.581725</ele>
        <time>2026-03-24T14:43:52.780Z</time>
      </trkpt>
      <trkpt lat="45.044417" lon="14.698886">
        <ele>342.074322</ele>
        <time>2026-03-24T14:44:02.682Z</time>
      </trkpt>
      <trkpt lat="45.044720" lon="14.698629">
        <ele>339.848682</ele>
        <time>2026-03-24T14:44:07.415Z</time>
      </trkpt>
      <trkpt lat="45.044865" lon="14.698382">
        <ele>338.419111</ele>
        <time>2026-03-24T14:44:10.398Z</time>
      </trkpt>
      <trkpt lat="45.045149" lon="14.698344">
        <ele>336.621776</ele>
        <time>2026-03-24T14:44:16.825Z</time>
      </trkpt>
      <trkpt lat="45.045568" lon="14.698099">
        <ele>332.884574</ele>
        <time>2026-03-24T14:44:26.771Z</time>
      </trkpt>
      <trkpt lat="45.045968" lon="14.697455">
        <ele>327.594728</ele>
        <time>2026-03-24T14:44:39.651Z</time>
      </trkpt>
      <trkpt lat="45.046132" lon="14.697352">
        <ele>326.028114</ele>
        <time>2026-03-24T14:44:43.500Z</time>
      </trkpt>
      <trkpt lat="45.046405" lon="14.697377">
        <ele>323.639434</ele>
        <time>2026-03-24T14:44:49.454Z</time>
      </trkpt>
      <trkpt lat="45.046525" lon="14.697266">
        <ele>322.387736</ele>
        <time>2026-03-24T14:44:52.607Z</time>
      </trkpt>
      <trkpt lat="45.046707" lon="14.697191">
        <ele>320.732619</ele>
        <time>2026-03-24T14:44:55.049Z</time>
      </trkpt>
      <trkpt lat="45.047601" lon="14.696097">
        <ele>315.325240</ele>
        <time>2026-03-24T14:45:11.536Z</time>
      </trkpt>
      <trkpt lat="45.048003" lon="14.695710">
        <ele>313.179908</ele>
        <time>2026-03-24T14:45:19.212Z</time>
      </trkpt>
      <trkpt lat="45.049519" lon="14.695195">
        <ele>308.593718</ele>
        <time>2026-03-24T14:45:43.174Z</time>
      </trkpt>
      <trkpt lat="45.049913" lon="14.694949">
        <ele>307.374932</ele>
        <time>2026-03-24T14:45:49.883Z</time>
      </trkpt>
      <trkpt lat="45.050337" lon="14.693790">
        <ele>302.955496</ele>
        <time>2026-03-24T14:46:03.550Z</time>
      </trkpt>
      <trkpt lat="45.050587" lon="14.693672">
        <ele>301.692415</ele>
        <time>2026-03-24T14:46:07.239Z</time>
      </trkpt>
      <trkpt lat="45.051315" lon="14.692996">
        <ele>296.373647</ele>
        <time>2026-03-24T14:46:18.739Z</time>
      </trkpt>
      <trkpt lat="45.051982" lon="14.692588">
        <ele>289.846701</ele>
        <time>2026-03-24T14:46:27.886Z</time>
      </trkpt>
      <trkpt lat="45.052346" lon="14.692438">
        <ele>286.441271</ele>
        <time>2026-03-24T14:46:32.601Z</time>
      </trkpt>
      <trkpt lat="45.052979" lon="14.691813">
        <ele>279.461640</ele>
        <time>2026-03-24T14:46:42.229Z</time>
      </trkpt>
      <trkpt lat="45.053077" lon="14.691916">
        <ele>278.348931</ele>
        <time>2026-03-24T14:46:43.760Z</time>
      </trkpt>
      <trkpt lat="45.053117" lon="14.692188">
        <ele>276.559684</ele>
        <time>2026-03-24T14:46:46.226Z</time>
      </trkpt>
      <trkpt lat="45.053126" lon="14.692494">
        <ele>274.587320</ele>
        <time>2026-03-24T14:46:48.974Z</time>
      </trkpt>
      <trkpt lat="45.053097" lon="14.692775">
        <ele>272.758455</ele>
        <time>2026-03-24T14:46:51.532Z</time>
      </trkpt>
      <trkpt lat="45.053145" lon="14.693258">
        <ele>269.617281</ele>
        <time>2026-03-24T14:46:55.929Z</time>
      </trkpt>
      <trkpt lat="45.053196" lon="14.693424">
        <ele>268.451514</ele>
        <time>2026-03-24T14:46:57.566Z</time>
      </trkpt>
      <trkpt lat="45.053258" lon="14.693514">
        <ele>267.641953</ele>
        <time>2026-03-24T14:46:58.697Z</time>
      </trkpt>
      <trkpt lat="45.053376" lon="14.693454">
        <ele>266.498962</ele>
        <time>2026-03-24T14:47:00.294Z</time>
      </trkpt>
      <trkpt lat="45.053473" lon="14.693075">
        <ele>264.103412</ele>
        <time>2026-03-24T14:47:03.879Z</time>
      </trkpt>
      <trkpt lat="45.053470" lon="14.692671">
        <ele>261.721208</ele>
        <time>2026-03-24T14:47:07.445Z</time>
      </trkpt>
      <trkpt lat="45.053494" lon="14.692576">
        <ele>261.126328</ele>
        <time>2026-03-24T14:47:08.338Z</time>
      </trkpt>
      <trkpt lat="45.053590" lon="14.692503">
        <ele>260.216791</ele>
        <time>2026-03-24T14:47:09.713Z</time>
      </trkpt>
      <trkpt lat="45.053849" lon="14.692534">
        <ele>258.047384</ele>
        <time>2026-03-24T14:47:12.984Z</time>
      </trkpt>
      <trkpt lat="45.054000" lon="14.692512">
        <ele>256.780434</ele>
        <time>2026-03-24T14:47:14.899Z</time>
      </trkpt>
      <trkpt lat="45.054000" lon="14.692512">
        <ele>256.780434</ele>
        <time>2026-03-24T14:47:14.899Z</time>
      </trkpt>
      <trkpt lat="45.054142" lon="14.692429">
        <ele>255.498196</ele>
        <time>2026-03-24T14:47:16.840Z</time>
      </trkpt>
      <trkpt lat="45.054258" lon="14.692293">
        <ele>254.241072</ele>
        <time>2026-03-24T14:47:18.752Z</time>
      </trkpt>
      <trkpt lat="45.054336" lon="14.692136">
        <ele>253.109381</ele>
        <time>2026-03-24T14:47:20.476Z</time>
      </trkpt>
      <trkpt lat="45.054695" lon="14.690557">
        <ele>247.956297</ele>
        <time>2026-03-24T14:47:36.608Z</time>
      </trkpt>
      <trkpt lat="45.054683" lon="14.690306">
        <ele>247.337874</ele>
        <time>2026-03-24T14:47:39.477Z</time>
      </trkpt>
      <trkpt lat="45.054614" lon="14.689854">
        <ele>246.201112</ele>
        <time>2026-03-24T14:47:44.995Z</time>
      </trkpt>
      <trkpt lat="45.054642" lon="14.689595">
        <ele>245.557021</ele>
        <time>2026-03-24T14:47:48.318Z</time>
      </trkpt>
      <trkpt lat="45.054711" lon="14.689295">
        <ele>245.021173</ele>
        <time>2026-03-24T14:47:52.494Z</time>
      </trkpt>
      <trkpt lat="45.054741" lon="14.688694">
        <ele>245.120940</ele>
        <time>2026-03-24T14:48:01.589Z</time>
      </trkpt>
      <trkpt lat="45.054680" lon="14.687385">
        <ele>245.338165</ele>
        <time>2026-03-24T14:48:19.775Z</time>
      </trkpt>
      <trkpt lat="45.054741" lon="14.686848">
        <ele>245.434044</ele>
        <time>2026-03-24T14:48:28.386Z</time>
      </trkpt>
      <trkpt lat="45.054741" lon="14.686280">
        <ele>246.470092</ele>
        <time>2026-03-24T14:48:39.554Z</time>
      </trkpt>
      <trkpt lat="45.054870" lon="14.685754">
        <ele>247.485704</ele>
        <time>2026-03-24T14:48:53.283Z</time>
      </trkpt>
      <trkpt lat="45.055181" lon="14.685103">
        <ele>248.919174</ele>
        <time>2026-03-24T14:49:13.901Z</time>
      </trkpt>
      <trkpt lat="45.055453" lon="14.684735">
        <ele>249.890668</ele>
        <time>2026-03-24T14:49:26.883Z</time>
      </trkpt>
      <trkpt lat="45.055706" lon="14.684623">
        <ele>249.711363</ele>
        <time>2026-03-24T14:49:35.068Z</time>
      </trkpt>
      <trkpt lat="45.056133" lon="14.684697">
        <ele>248.915900</ele>
        <time>2026-03-24T14:49:44.931Z</time>
      </trkpt>
      <trkpt lat="45.056924" lon="14.685078">
        <ele>247.370909</ele>
        <time>2026-03-24T14:49:57.090Z</time>
      </trkpt>
      <trkpt lat="45.057265" lon="14.685593">
        <ele>245.546765</ele>
        <time>2026-03-24T14:50:03.708Z</time>
      </trkpt>
      <trkpt lat="45.058015" lon="14.686537">
        <ele>238.054949</ele>
        <time>2026-03-24T14:50:16.422Z</time>
      </trkpt>
      <trkpt lat="45.058258" lon="14.687020">
        <ele>234.928003</ele>
        <time>2026-03-24T14:50:21.507Z</time>
      </trkpt>
      <trkpt lat="45.058349" lon="14.687513">
        <ele>231.665327</ele>
        <time>2026-03-24T14:50:26.001Z</time>
      </trkpt>
      <trkpt lat="45.058318" lon="14.687900">
        <ele>228.514598</ele>
        <time>2026-03-24T14:50:29.392Z</time>
      </trkpt>
      <trkpt lat="45.058386" lon="14.688147">
        <ele>226.370085</ele>
        <time>2026-03-24T14:50:31.687Z</time>
      </trkpt>
      <trkpt lat="45.058811" lon="14.688576">
        <ele>220.392409</ele>
        <time>2026-03-24T14:50:38.052Z</time>
      </trkpt>
      <trkpt lat="45.059773" lon="14.689048">
        <ele>208.126800</ele>
        <time>2026-03-24T14:50:50.365Z</time>
      </trkpt>
      <trkpt lat="45.060456" lon="14.689595">
        <ele>197.775015</ele>
        <time>2026-03-24T14:50:59.722Z</time>
      </trkpt>
      <trkpt lat="45.060592" lon="14.689810">
        <ele>195.085719</ele>
        <time>2026-03-24T14:51:02.155Z</time>
      </trkpt>
      <trkpt lat="45.060910" lon="14.689970">
        <ele>190.633685</ele>
        <time>2026-03-24T14:51:06.199Z</time>
      </trkpt>
      <trkpt lat="45.061168" lon="14.689949">
        <ele>187.699076</ele>
        <time>2026-03-24T14:51:09.307Z</time>
      </trkpt>
      <trkpt lat="45.061653" lon="14.689595">
        <ele>182.431680</ele>
        <time>2026-03-24T14:51:15.950Z</time>
      </trkpt>
      <trkpt lat="45.062244" lon="14.689219">
        <ele>176.177063</ele>
        <time>2026-03-24T14:51:24.035Z</time>
      </trkpt>
      <trkpt lat="45.062562" lon="14.688844">
        <ele>172.181954</ele>
        <time>2026-03-24T14:51:29.444Z</time>
      </trkpt>
      <trkpt lat="45.062767" lon="14.688361">
        <ele>171.024363</ele>
        <time>2026-03-24T14:51:34.943Z</time>
      </trkpt>
      <trkpt lat="45.063267" lon="14.687900">
        <ele>169.962942</ele>
        <time>2026-03-24T14:51:43.891Z</time>
      </trkpt>
      <trkpt lat="45.063570" lon="14.687406">
        <ele>169.140883</ele>
        <time>2026-03-24T14:51:53.071Z</time>
      </trkpt>
      <trkpt lat="45.063767" lon="14.686666">
        <ele>168.403501</ele>
        <time>2026-03-24T14:52:07.899Z</time>
      </trkpt>
      <trkpt lat="45.064002" lon="14.686087">
        <ele>168.321521</ele>
        <time>2026-03-24T14:52:20.390Z</time>
      </trkpt>
      <trkpt lat="45.064229" lon="14.685700">
        <ele>168.259765</ele>
        <time>2026-03-24T14:52:28.402Z</time>
      </trkpt>
      <trkpt lat="45.064449" lon="14.684713">
        <ele>168.132708</ele>
        <time>2026-03-24T14:52:41.055Z</time>
      </trkpt>
      <trkpt lat="45.065364" lon="14.683078">
        <ele>161.594055</ele>
        <time>2026-03-24T14:53:01.358Z</time>
      </trkpt>
      <trkpt lat="45.065596" lon="14.682707">
        <ele>159.954061</ele>
        <time>2026-03-24T14:53:05.782Z</time>
      </trkpt>
      <trkpt lat="45.065754" lon="14.682555">
        <ele>158.461142</ele>
        <time>2026-03-24T14:53:08.164Z</time>
      </trkpt>
      <trkpt lat="45.066045" lon="14.682272">
        <ele>155.240454</ele>
        <time>2026-03-24T14:53:12.701Z</time>
      </trkpt>
      <trkpt lat="45.066401" lon="14.681843">
        <ele>150.975634</ele>
        <time>2026-03-24T14:53:18.593Z</time>
      </trkpt>
      <trkpt lat="45.066540" lon="14.681645">
        <ele>149.176843</ele>
        <time>2026-03-24T14:53:21.051Z</time>
      </trkpt>
      <trkpt lat="45.066638" lon="14.681456">
        <ele>147.666106</ele>
        <time>2026-03-24T14:53:23.106Z</time>
      </trkpt>
      <trkpt lat="45.066718" lon="14.681166">
        <ele>145.660067</ele>
        <time>2026-03-24T14:53:25.853Z</time>
      </trkpt>
      <trkpt lat="45.067106" lon="14.680162">
        <ele>136.358618</ele>
        <time>2026-03-24T14:53:35.833Z</time>
      </trkpt>
      <trkpt lat="45.067234" lon="14.679832">
        <ele>132.996907</ele>
        <time>2026-03-24T14:53:39.042Z</time>
      </trkpt>
      <trkpt lat="45.067500" lon="14.678985">
        <ele>124.720043</ele>
        <time>2026-03-24T14:53:46.863Z</time>
      </trkpt>
      <trkpt lat="45.067799" lon="14.678281">
        <ele>117.849043</ele>
        <time>2026-03-24T14:53:53.765Z</time>
      </trkpt>
      <trkpt lat="45.067931" lon="14.677907">
        <ele>114.664561</ele>
        <time>2026-03-24T14:53:57.271Z</time>
      </trkpt>
      <trkpt lat="45.068043" lon="14.677437">
        <ele>110.886504</ele>
        <time>2026-03-24T14:54:01.472Z</time>
      </trkpt>
      <trkpt lat="45.068118" lon="14.677328">
        <ele>109.727442</ele>
        <time>2026-03-24T14:54:02.783Z</time>
      </trkpt>
      <trkpt lat="45.068266" lon="14.677169">
        <ele>107.723939</ele>
        <time>2026-03-24T14:54:04.703Z</time>
      </trkpt>
      <trkpt lat="45.068331" lon="14.677179">
        <ele>107.018837</ele>
        <time>2026-03-24T14:54:05.379Z</time>
      </trkpt>
      <trkpt lat="45.068426" lon="14.677121">
        <ele>105.903151</ele>
        <time>2026-03-24T14:54:06.471Z</time>
      </trkpt>
      <trkpt lat="45.069329" lon="14.676335">
        <ele>99.921410</ele>
        <time>2026-03-24T14:54:18.693Z</time>
      </trkpt>
      <trkpt lat="45.069728" lon="14.676069">
        <ele>99.049185</ele>
        <time>2026-03-24T14:54:26.503Z</time>
      </trkpt>
      <trkpt lat="45.070285" lon="14.675662">
        <ele>97.809529</ele>
        <time>2026-03-24T14:54:39.767Z</time>
      </trkpt>
      <trkpt lat="45.070834" lon="14.675538">
        <ele>95.455147</ele>
        <time>2026-03-24T14:54:49.114Z</time>
      </trkpt>
      <trkpt lat="45.071537" lon="14.675555">
        <ele>92.076966</ele>
        <time>2026-03-24T14:54:57.731Z</time>
      </trkpt>
      <trkpt lat="45.072108" lon="14.675282">
        <ele>89.181327</ele>
        <time>2026-03-24T14:55:04.239Z</time>
      </trkpt>
      <trkpt lat="45.072256" lon="14.675195">
        <ele>87.387296</ele>
        <time>2026-03-24T14:55:05.902Z</time>
      </trkpt>
      <trkpt lat="45.072330" lon="14.675196">
        <ele>86.350655</ele>
        <time>2026-03-24T14:55:06.670Z</time>
      </trkpt>
      <trkpt lat="45.072644" lon="14.675334">
        <ele>81.745148</ele>
        <time>2026-03-24T14:55:10.025Z</time>
      </trkpt>
      <trkpt lat="45.072822" lon="14.675415">
        <ele>79.126128</ele>
        <time>2026-03-24T14:55:11.911Z</time>
      </trkpt>
      <trkpt lat="45.072944" lon="14.675430">
        <ele>77.410719</ele>
        <time>2026-03-24T14:55:13.148Z</time>
      </trkpt>
      <trkpt lat="45.073141" lon="14.675386">
        <ele>74.617022</ele>
        <time>2026-03-24T14:55:15.149Z</time>
      </trkpt>
      <trkpt lat="45.073665" lon="14.675100">
        <ele>66.750433</ele>
        <time>2026-03-24T14:55:20.730Z</time>
      </trkpt>
      <trkpt lat="45.073955" lon="14.674891">
        <ele>62.366702</ele>
        <time>2026-03-24T14:55:23.946Z</time>
      </trkpt>
      <trkpt lat="45.074322" lon="14.674746">
        <ele>57.626919</ele>
        <time>2026-03-24T14:55:27.714Z</time>
      </trkpt>
      <trkpt lat="45.074519" lon="14.674655">
        <ele>55.049184</ele>
        <time>2026-03-24T14:55:29.791Z</time>
      </trkpt>
      <trkpt lat="45.074717" lon="14.674591">
        <ele>52.522750</ele>
        <time>2026-03-24T14:55:31.851Z</time>
      </trkpt>
      <trkpt lat="45.074969" lon="14.674425">
        <ele>49.065334</ele>
        <time>2026-03-24T14:55:34.678Z</time>
      </trkpt>
      <trkpt lat="45.075107" lon="14.674231">
        <ele>46.646353</ele>
        <time>2026-03-24T14:55:36.676Z</time>
      </trkpt>
      <trkpt lat="45.075196" lon="14.674106">
        <ele>45.087005</ele>
        <time>2026-03-24T14:55:37.978Z</time>
      </trkpt>
      <trkpt lat="45.075242" lon="14.674035">
        <ele>44.240560</ele>
        <time>2026-03-24T14:55:38.683Z</time>
      </trkpt>
      <trkpt lat="45.075032" lon="14.673728">
        <ele>41.440130</ele>
        <time>2026-03-24T14:55:41.948Z</time>
      </trkpt>
      <trkpt lat="45.074973" lon="14.673578">
        <ele>41.549113</ele>
        <time>2026-03-24T14:55:43.386Z</time>
      </trkpt>
      <trkpt lat="45.074993" lon="14.673507">
        <ele>41.597633</ele>
        <time>2026-03-24T14:55:44.035Z</time>
      </trkpt>
      <trkpt lat="45.075084" lon="14.673293">
        <ele>41.756192</ele>
        <time>2026-03-24T14:55:46.404Z</time>
      </trkpt>
      <trkpt lat="45.075084" lon="14.673167">
        <ele>41.836169</ele>
        <time>2026-03-24T14:55:47.782Z</time>
      </trkpt>
      <trkpt lat="45.075069" lon="14.673050">
        <ele>41.911648</ele>
        <time>2026-03-24T14:55:49.129Z</time>
      </trkpt>
      <trkpt lat="45.074898" lon="14.672647">
        <ele>42.210072</ele>
        <time>2026-03-24T14:55:57.361Z</time>
      </trkpt>
      <trkpt lat="45.074610" lon="14.672018">
        <ele>42.685901</ele>
        <time>2026-03-24T14:56:15.467Z</time>
      </trkpt>
      <trkpt lat="45.074408" lon="14.671236">
        <ele>43.757874</ele>
        <time>2026-03-24T14:56:42.952Z</time>
      </trkpt>
      <trkpt lat="45.074250" lon="14.671109">
        <ele>44.321047</ele>
        <time>2026-03-24T14:56:52.092Z</time>
      </trkpt>
      <trkpt lat="45.074061" lon="14.671080">
        <ele>44.910340</ele>
        <time>2026-03-24T14:57:00.098Z</time>
      </trkpt>
      <trkpt lat="45.073844" lon="14.670952">
        <ele>45.639025</ele>
        <time>2026-03-24T14:57:07.697Z</time>
      </trkpt>
      <trkpt lat="45.073598" lon="14.670782">
        <ele>46.487539</ele>
        <time>2026-03-24T14:57:15.116Z</time>
      </trkpt>
      <trkpt lat="45.073212" lon="14.670469">
        <ele>47.866361</ele>
        <time>2026-03-24T14:57:25.541Z</time>
      </trkpt>
      <trkpt lat="45.073165" lon="14.670392">
        <ele>48.089158</ele>
        <time>2026-03-24T14:57:26.766Z</time>
      </trkpt>
      <trkpt lat="45.073141" lon="14.670276">
        <ele>48.353767</ele>
        <time>2026-03-24T14:57:28.225Z</time>
      </trkpt>
      <trkpt lat="45.073157" lon="14.670116">
        <ele>48.475613</ele>
        <time>2026-03-24T14:57:30.021Z</time>
      </trkpt>
      <trkpt lat="45.073175" lon="14.670077">
        <ele>48.408129</ele>
        <time>2026-03-24T14:57:30.544Z</time>
      </trkpt>
      <trkpt lat="45.073250" lon="14.670034">
        <ele>48.242170</ele>
        <time>2026-03-24T14:57:31.756Z</time>
      </trkpt>
      <trkpt lat="45.073405" lon="14.670044">
        <ele>47.923929</ele>
        <time>2026-03-24T14:57:34.901Z</time>
      </trkpt>
      <trkpt lat="45.073791" lon="14.670172">
        <ele>47.110809</ele>
        <time>2026-03-24T14:57:41.327Z</time>
      </trkpt>
      <trkpt lat="45.073969" lon="14.670219">
        <ele>46.739431</ele>
        <time>2026-03-24T14:57:43.747Z</time>
      </trkpt>
      <trkpt lat="45.074292" lon="14.670303">
        <ele>46.065865</ele>
        <time>2026-03-24T14:57:47.896Z</time>
      </trkpt>
      <trkpt lat="45.074365" lon="14.670245">
        <ele>45.894181</ele>
        <time>2026-03-24T14:57:48.973Z</time>
      </trkpt>
      <trkpt lat="45.074371" lon="14.670195">
        <ele>45.820722</ele>
        <time>2026-03-24T14:57:49.436Z</time>
      </trkpt>
      <trkpt lat="45.074453" lon="14.670251">
        <ele>45.633999</ele>
        <time>2026-03-24T14:57:50.528Z</time>
      </trkpt>
      <trkpt lat="45.075472" lon="14.671284">
        <ele>43.545968</ele>
        <time>2026-03-24T14:58:05.578Z</time>
      </trkpt>
      <trkpt lat="45.075648" lon="14.671420">
        <ele>43.244008</ele>
        <time>2026-03-24T14:58:08.312Z</time>
      </trkpt>
      <trkpt lat="45.075828" lon="14.671509">
        <ele>42.956869</ele>
        <time>2026-03-24T14:58:11.307Z</time>
      </trkpt>
      <trkpt lat="45.076043" lon="14.671486">
        <ele>42.632146</ele>
        <time>2026-03-24T14:58:15.687Z</time>
      </trkpt>
      <trkpt lat="45.076123" lon="14.671387">
        <ele>42.472139</ele>
        <time>2026-03-24T14:58:18.264Z</time>
      </trkpt>
      <trkpt lat="45.076257" lon="14.671156">
        <ele>42.189303</ele>
        <time>2026-03-24T14:58:24.356Z</time>
      </trkpt>
      <trkpt lat="45.076374" lon="14.671032">
        <ele>42.457660</ele>
        <time>2026-03-24T14:58:29.152Z</time>
      </trkpt>
      <trkpt lat="45.076636" lon="14.670886">
        <ele>42.974686</ele>
        <time>2026-03-24T14:58:39.855Z</time>
      </trkpt>
      <trkpt lat="45.077001" lon="14.670240">
        <ele>44.047518</ele>
        <time>2026-03-24T14:58:59.497Z</time>
      </trkpt>
      <trkpt lat="45.077287" lon="14.669702">
        <ele>44.920743</ele>
        <time>2026-03-24T14:59:07.107Z</time>
      </trkpt>
      <trkpt lat="45.077413" lon="14.669612">
        <ele>45.179886</ele>
        <time>2026-03-24T14:59:09.370Z</time>
      </trkpt>
      <trkpt lat="45.077835" lon="14.669508">
        <ele>45.868395</ele>
        <time>2026-03-24T14:59:16.985Z</time>
      </trkpt>
      <trkpt lat="45.077973" lon="14.669553">
        <ele>46.076771</ele>
        <time>2026-03-24T14:59:19.718Z</time>
      </trkpt>
      <trkpt lat="45.078092" lon="14.669541">
        <ele>46.252318</ele>
        <time>2026-03-24T14:59:22.118Z</time>
      </trkpt>
      <trkpt lat="45.078144" lon="14.669518">
        <ele>46.332479</ele>
        <time>2026-03-24T14:59:23.219Z</time>
      </trkpt>
      <trkpt lat="45.078279" lon="14.669419">
        <ele>46.556181</ele>
        <time>2026-03-24T14:59:26.280Z</time>
      </trkpt>
      <trkpt lat="45.078655" lon="14.668877">
        <ele>47.345652</ele>
        <time>2026-03-24T14:59:38.589Z</time>
      </trkpt>
      <trkpt lat="45.078925" lon="14.668578">
        <ele>47.849995</ele>
        <time>2026-03-24T14:59:48.642Z</time>
      </trkpt>
      <trkpt lat="45.079004" lon="14.668526">
        <ele>47.978183</ele>
        <time>2026-03-24T14:59:51.553Z</time>
      </trkpt>
      <trkpt lat="45.079101" lon="14.668462">
        <ele>48.159185</ele>
        <time>2026-03-24T14:59:55.067Z</time>
      </trkpt>
      <trkpt lat="45.079139" lon="14.668378">
        <ele>48.414318</ele>
        <time>2026-03-24T14:59:57.529Z</time>
      </trkpt>
      <trkpt lat="45.079189" lon="14.668139">
        <ele>49.051817</ele>
        <time>2026-03-24T15:00:03.457Z</time>
      </trkpt>
      <trkpt lat="45.079399" lon="14.667882">
        <ele>50.057048</ele>
        <time>2026-03-24T15:00:12.597Z</time>
      </trkpt>
      <trkpt lat="45.079458" lon="14.667558">
        <ele>50.912776</ele>
        <time>2026-03-24T15:00:20.222Z</time>
      </trkpt>
      <trkpt lat="45.079544" lon="14.667433">
        <ele>51.359111</ele>
        <time>2026-03-24T15:00:24.444Z</time>
      </trkpt>
      <trkpt lat="45.079710" lon="14.667283">
        <ele>52.072295</ele>
        <time>2026-03-24T15:00:31.041Z</time>
      </trkpt>
      <trkpt lat="45.079773" lon="14.667053">
        <ele>52.703214</ele>
        <time>2026-03-24T15:00:37.051Z</time>
      </trkpt>
      <trkpt lat="45.079824" lon="14.666970">
        <ele>52.984598</ele>
        <time>2026-03-24T15:00:39.724Z</time>
      </trkpt>
      <trkpt lat="45.079936" lon="14.666973">
        <ele>53.390315</ele>
        <time>2026-03-24T15:00:43.558Z</time>
      </trkpt>
      <trkpt lat="45.080148" lon="14.667096">
        <ele>54.220079</ele>
        <time>2026-03-24T15:00:51.418Z</time>
      </trkpt>
      <trkpt lat="45.080186" lon="14.667065">
        <ele>54.378910</ele>
        <time>2026-03-24T15:00:53.003Z</time>
      </trkpt>
      <trkpt lat="45.080327" lon="14.666843">
        <ele>54.989431</ele>
        <time>2026-03-24T15:01:00.512Z</time>
      </trkpt>
      <trkpt lat="45.080562" lon="14.667196">
        <ele>55.856678</ele>
        <time>2026-03-24T15:01:12.919Z</time>
      </trkpt>
      <trkpt lat="45.080792" lon="14.667435">
        <ele>56.578868</ele>
        <time>2026-03-24T15:01:22.686Z</time>
      </trkpt>
      <trkpt lat="45.080908" lon="14.667495">
        <ele>56.891505</ele>
        <time>2026-03-24T15:01:26.700Z</time>
      </trkpt>
      <trkpt lat="45.081314" lon="14.667606">
        <ele>57.938306</ele>
        <time>2026-03-24T15:01:38.698Z</time>
      </trkpt>
      <trkpt lat="45.081561" lon="14.667593">
        <ele>58.564039</ele>
        <time>2026-03-24T15:01:44.344Z</time>
      </trkpt>
      <trkpt lat="45.082043" lon="14.667378">
        <ele>59.015107</ele>
        <time>2026-03-24T15:01:53.261Z</time>
      </trkpt>
      <trkpt lat="45.082254" lon="14.667325">
        <ele>58.872691</ele>
        <time>2026-03-24T15:01:56.490Z</time>
      </trkpt>
      <trkpt lat="45.083176" lon="14.667390">
        <ele>58.259182</ele>
        <time>2026-03-24T15:02:09.164Z</time>
      </trkpt>
      <trkpt lat="45.083481" lon="14.667460">
        <ele>58.053839</ele>
        <time>2026-03-24T15:02:13.527Z</time>
      </trkpt>
      <trkpt lat="45.083832" lon="14.667462">
        <ele>59.531131</ele>
        <time>2026-03-24T15:02:19.905Z</time>
      </trkpt>
      <trkpt lat="45.084327" lon="14.667524">
        <ele>62.496725</ele>
        <time>2026-03-24T15:02:36.623Z</time>
      </trkpt>
      <trkpt lat="45.084811" lon="14.667528">
        <ele>65.385192</ele>
        <time>2026-03-24T15:03:01.836Z</time>
      </trkpt>
      <trkpt lat="45.084914" lon="14.667476">
        <ele>66.037760</ele>
        <time>2026-03-24T15:03:08.547Z</time>
      </trkpt>
      <trkpt lat="45.085627" lon="14.666732">
        <ele>71.659350</ele>
        <time>2026-03-24T15:04:06.110Z</time>
      </trkpt>
      <trkpt lat="45.085718" lon="14.666601">
        <ele>72.533998</ele>
        <time>2026-03-24T15:04:13.987Z</time>
      </trkpt>
      <trkpt lat="45.085819" lon="14.666316">
        <ele>74.051695</ele>
        <time>2026-03-24T15:04:26.939Z</time>
      </trkpt>
      <trkpt lat="45.086106" lon="14.665803">
        <ele>77.166812</ele>
        <time>2026-03-24T15:04:48.528Z</time>
      </trkpt>
      <trkpt lat="45.086365" lon="14.665259">
        <ele>80.289541</ele>
        <time>2026-03-24T15:05:03.667Z</time>
      </trkpt>
      <trkpt lat="45.086582" lon="14.664970">
        <ele>81.392691</ele>
        <time>2026-03-24T15:05:10.802Z</time>
      </trkpt>
      <trkpt lat="45.086660" lon="14.664751">
        <ele>81.830222</ele>
        <time>2026-03-24T15:05:14.685Z</time>
      </trkpt>
      <trkpt lat="45.086843" lon="14.664412">
        <ele>82.591409</ele>
        <time>2026-03-24T15:05:21.619Z</time>
      </trkpt>
      <trkpt lat="45.086905" lon="14.664208">
        <ele>82.987574</ele>
        <time>2026-03-24T15:05:25.468Z</time>
      </trkpt>
      <trkpt lat="45.086970" lon="14.664132">
        <ele>83.200518</ele>
        <time>2026-03-24T15:05:27.625Z</time>
      </trkpt>
      <trkpt lat="45.087042" lon="14.663986">
        <ele>83.518182</ele>
        <time>2026-03-24T15:05:30.851Z</time>
      </trkpt>
      <trkpt lat="45.087146" lon="14.663615">
        <ele>84.230201</ele>
        <time>2026-03-24T15:05:38.584Z</time>
      </trkpt>
      <trkpt lat="45.087309" lon="14.663240">
        <ele>85.015702</ele>
        <time>2026-03-24T15:05:48.208Z</time>
      </trkpt>
      <trkpt lat="45.087371" lon="14.662969">
        <ele>85.647560</ele>
        <time>2026-03-24T15:05:55.113Z</time>
      </trkpt>
      <trkpt lat="45.087375" lon="14.662733">
        <ele>86.471385</ele>
        <time>2026-03-24T15:06:01.071Z</time>
      </trkpt>
      <trkpt lat="45.087255" lon="14.662394">
        <ele>87.794787</ele>
        <time>2026-03-24T15:06:11.108Z</time>
      </trkpt>
      <trkpt lat="45.087277" lon="14.662265">
        <ele>88.257916</ele>
        <time>2026-03-24T15:06:14.758Z</time>
      </trkpt>
      <trkpt lat="45.087412" lon="14.662043">
        <ele>89.280401</ele>
        <time>2026-03-24T15:06:23.072Z</time>
      </trkpt>
      <trkpt lat="45.087536" lon="14.661758">
        <ele>90.448674</ele>
        <time>2026-03-24T15:06:32.802Z</time>
      </trkpt>
      <trkpt lat="45.087539" lon="14.661052">
        <ele>92.912496</ele>
        <time>2026-03-24T15:06:53.914Z</time>
      </trkpt>
      <trkpt lat="45.087729" lon="14.660584">
        <ele>94.504834</ele>
        <time>2026-03-24T15:07:11.495Z</time>
      </trkpt>
      <trkpt lat="45.088131" lon="14.660144">
        <ele>95.584486</ele>
        <time>2026-03-24T15:07:30.438Z</time>
      </trkpt>
      <trkpt lat="45.088242" lon="14.659808">
        <ele>96.141071</ele>
        <time>2026-03-24T15:07:38.900Z</time>
      </trkpt>
      <trkpt lat="45.088338" lon="14.659662">
        <ele>96.440413</ele>
        <time>2026-03-24T15:07:42.971Z</time>
      </trkpt>
      <trkpt lat="45.088549" lon="14.659569">
        <ele>96.910023</ele>
        <time>2026-03-24T15:07:48.538Z</time>
      </trkpt>
      <trkpt lat="45.088645" lon="14.659593">
        <ele>97.117188</ele>
        <time>2026-03-24T15:07:50.769Z</time>
      </trkpt>
      <trkpt lat="45.088704" lon="14.659682">
        <ele>97.300359</ele>
        <time>2026-03-24T15:07:52.465Z</time>
      </trkpt>
      <trkpt lat="45.088744" lon="14.660023">
        <ele>97.818995</ele>
        <time>2026-03-24T15:07:56.610Z</time>
      </trkpt>
      <trkpt lat="45.088772" lon="14.660050">
        <ele>97.890979</ele>
        <time>2026-03-24T15:07:57.113Z</time>
      </trkpt>
      <trkpt lat="45.088842" lon="14.660034">
        <ele>98.041662</ele>
        <time>2026-03-24T15:07:58.145Z</time>
      </trkpt>
      <trkpt lat="45.088897" lon="14.659872">
        <ele>97.588545</ele>
        <time>2026-03-24T15:07:59.827Z</time>
      </trkpt>
      <trkpt lat="45.088943" lon="14.659343">
        <ele>95.556738</ele>
        <time>2026-03-24T15:08:04.296Z</time>
      </trkpt>
      <trkpt lat="45.088963" lon="14.659296">
        <ele>95.347544</ele>
        <time>2026-03-24T15:08:04.738Z</time>
      </trkpt>
      <trkpt lat="45.089081" lon="14.659293">
        <ele>94.710309</ele>
        <time>2026-03-24T15:08:06.071Z</time>
      </trkpt>
      <trkpt lat="45.089304" lon="14.659401">
        <ele>93.437798</ele>
        <time>2026-03-24T15:08:08.760Z</time>
      </trkpt>
      <trkpt lat="45.089688" lon="14.659421">
        <ele>91.363018</ele>
        <time>2026-03-24T15:08:13.080Z</time>
      </trkpt>
      <trkpt lat="45.089922" lon="14.659394">
        <ele>90.095367</ele>
        <time>2026-03-24T15:08:15.693Z</time>
      </trkpt>
      <trkpt lat="45.090153" lon="14.659313">
        <ele>88.810449</ele>
        <time>2026-03-24T15:08:18.331Z</time>
      </trkpt>
      <trkpt lat="45.090506" lon="14.659076">
        <ele>85.255491</ele>
        <time>2026-03-24T15:08:22.597Z</time>
      </trkpt>
      <trkpt lat="45.090683" lon="14.659012">
        <ele>83.427580</ele>
        <time>2026-03-24T15:08:24.563Z</time>
      </trkpt>
      <trkpt lat="45.090749" lon="14.658853">
        <ele>82.124590</ele>
        <time>2026-03-24T15:08:25.962Z</time>
      </trkpt>
      <trkpt lat="45.090894" lon="14.658264">
        <ele>77.718004</ele>
        <time>2026-03-24T15:08:30.614Z</time>
      </trkpt>
      <trkpt lat="45.090956" lon="14.658224">
        <ele>77.036292</ele>
        <time>2026-03-24T15:08:31.329Z</time>
      </trkpt>
      <trkpt lat="45.091066" lon="14.658311">
        <ele>75.775638</ele>
        <time>2026-03-24T15:08:32.638Z</time>
      </trkpt>
      <trkpt lat="45.091397" lon="14.659003">
        <ele>69.637997</ele>
        <time>2026-03-24T15:08:38.678Z</time>
      </trkpt>
      <trkpt lat="45.091883" lon="14.659862">
        <ele>58.426239</ele>
        <time>2026-03-24T15:08:46.484Z</time>
      </trkpt>
      <trkpt lat="45.091992" lon="14.659950">
        <ele>56.616227</ele>
        <time>2026-03-24T15:08:47.742Z</time>
      </trkpt>
      <trkpt lat="45.092218" lon="14.660063">
        <ele>53.158601</ele>
        <time>2026-03-24T15:08:50.125Z</time>
      </trkpt>
      <trkpt lat="45.092579" lon="14.660103">
        <ele>47.934605</ele>
        <time>2026-03-24T15:08:53.732Z</time>
      </trkpt>
      <trkpt lat="45.092648" lon="14.660167">
        <ele>46.744730</ele>
        <time>2026-03-24T15:08:54.554Z</time>
      </trkpt>
      <trkpt lat="45.092701" lon="14.660311">
        <ele>45.090766</ele>
        <time>2026-03-24T15:08:55.702Z</time>
      </trkpt>
      <trkpt lat="45.092755" lon="14.660570">
        <ele>43.024174</ele>
        <time>2026-03-24T15:08:57.621Z</time>
      </trkpt>
      <trkpt lat="45.092822" lon="14.660728">
        <ele>41.755771</ele>
        <time>2026-03-24T15:08:58.937Z</time>
      </trkpt>
      <trkpt lat="45.092984" lon="14.660937">
        <ele>39.619757</ele>
        <time>2026-03-24T15:09:01.166Z</time>
      </trkpt>
      <trkpt lat="45.093106" lon="14.661144">
        <ele>37.764051</ele>
        <time>2026-03-24T15:09:03.128Z</time>
      </trkpt>
      <trkpt lat="45.093158" lon="14.661505">
        <ele>35.228549</ele>
        <time>2026-03-24T15:09:05.863Z</time>
      </trkpt>
      <trkpt lat="45.093182" lon="14.661537">
        <ele>34.907255</ele>
        <time>2026-03-24T15:09:06.216Z</time>
      </trkpt>
      <trkpt lat="45.093423" lon="14.661510">
        <ele>32.550618</ele>
        <time>2026-03-24T15:09:08.817Z</time>
      </trkpt>
      <trkpt lat="45.093529" lon="14.661456">
        <ele>31.452524</ele>
        <time>2026-03-24T15:09:10.060Z</time>
      </trkpt>
      <trkpt lat="45.093570" lon="14.661404">
        <ele>30.916059</ele>
        <time>2026-03-24T15:09:10.676Z</time>
      </trkpt>
      <trkpt lat="45.093739" lon="14.661121">
        <ele>28.365202</ele>
        <time>2026-03-24T15:09:13.638Z</time>
      </trkpt>
      <trkpt lat="45.093839" lon="14.660559">
        <ele>25.107161</ele>
        <time>2026-03-24T15:09:18.389Z</time>
      </trkpt>
      <trkpt lat="45.093926" lon="14.660412">
        <ele>24.166856</ele>
        <time>2026-03-24T15:09:19.957Z</time>
      </trkpt>
      <trkpt lat="45.094080" lon="14.660265">
        <ele>22.877398</ele>
        <time>2026-03-24T15:09:22.097Z</time>
      </trkpt>
      <trkpt lat="45.094175" lon="14.660260">
        <ele>22.217290</ele>
        <time>2026-03-24T15:09:23.181Z</time>
      </trkpt>
      <trkpt lat="45.094218" lon="14.660357">
        <ele>21.655835</ele>
        <time>2026-03-24T15:09:24.093Z</time>
      </trkpt>
      <trkpt lat="45.094220" lon="14.660512">
        <ele>20.895919</ele>
        <time>2026-03-24T15:09:25.319Z</time>
      </trkpt>
      <trkpt lat="45.094178" lon="14.660700">
        <ele>19.929323</ele>
        <time>2026-03-24T15:09:26.858Z</time>
      </trkpt>
      <trkpt lat="45.094173" lon="14.660891">
        <ele>18.992423</ele>
        <time>2026-03-24T15:09:28.325Z</time>
      </trkpt>
      <trkpt lat="45.094248" lon="14.661375">
        <ele>16.563435</ele>
        <time>2026-03-24T15:09:32.017Z</time>
      </trkpt>
      <trkpt lat="45.094237" lon="14.661606">
        <ele>15.428532</ele>
        <time>2026-03-24T15:09:33.739Z</time>
      </trkpt>
      <trkpt lat="45.094269" lon="14.661869">
        <ele>14.277332</ele>
        <time>2026-03-24T15:09:35.754Z</time>
      </trkpt>
      <trkpt lat="45.094330" lon="14.662001">
        <ele>13.900651</ele>
        <time>2026-03-24T15:09:36.969Z</time>
      </trkpt>
      <trkpt lat="45.094486" lon="14.662207">
        <ele>13.179349</ele>
        <time>2026-03-24T15:09:39.693Z</time>
      </trkpt>
      <trkpt lat="45.094666" lon="14.662369">
        <ele>12.458090</ele>
        <time>2026-03-24T15:09:42.577Z</time>
      </trkpt>
      <trkpt lat="45.094763" lon="14.662418">
        <ele>12.109790</ele>
        <time>2026-03-24T15:09:44.033Z</time>
      </trkpt>
      <trkpt lat="45.094894" lon="14.662425">
        <ele>11.666419</ele>
        <time>2026-03-24T15:09:46.008Z</time>
      </trkpt>
      <trkpt lat="45.095017" lon="14.662331">
        <ele>11.193742</ele>
        <time>2026-03-24T15:09:48.283Z</time>
      </trkpt>
      <trkpt lat="45.095388" lon="14.661985">
        <ele>9.691462</ele>
        <time>2026-03-24T15:09:56.056Z</time>
      </trkpt>
      <trkpt lat="45.095768" lon="14.661482">
        <ele>8.046002</ele>
        <time>2026-03-24T15:10:04.535Z</time>
      </trkpt>
      <trkpt lat="45.095877" lon="14.661395">
        <ele>7.739799</ele>
        <time>2026-03-24T15:10:06.737Z</time>
      </trkpt>
      <trkpt lat="45.095929" lon="14.661392">
        <ele>7.612426</ele>
        <time>2026-03-24T15:10:07.592Z</time>
      </trkpt>
      <trkpt lat="45.096030" lon="14.661405">
        <ele>7.364216</ele>
        <time>2026-03-24T15:10:09.220Z</time>
      </trkpt>
      <trkpt lat="45.096072" lon="14.661441">
        <ele>7.244071</ele>
        <time>2026-03-24T15:10:09.986Z</time>
      </trkpt>
      <trkpt lat="45.096091" lon="14.661525">
        <ele>7.091677</ele>
        <time>2026-03-24T15:10:10.953Z</time>
      </trkpt>
      <trkpt lat="45.096037" lon="14.662170">
        <ele>5.969501</ele>
        <time>2026-03-24T15:10:17.624Z</time>
      </trkpt>
      <trkpt lat="45.095960" lon="14.662726">
        <ele>4.990588</ele>
        <time>2026-03-24T15:10:23.152Z</time>
      </trkpt>
      <trkpt lat="45.095829" lon="14.663013">
        <ele>4.400112</ele>
        <time>2026-03-24T15:10:26.464Z</time>
      </trkpt>
      <trkpt lat="45.095688" lon="14.663405">
        <ele>4.006968</ele>
        <time>2026-03-24T15:10:30.994Z</time>
      </trkpt>
      <trkpt lat="45.095595" lon="14.663744">
        <ele>4.144329</ele>
        <time>2026-03-24T15:10:35.938Z</time>
      </trkpt>
      <trkpt lat="45.095587" lon="14.663872">
        <ele>4.192861</ele>
        <time>2026-03-24T15:10:38.037Z</time>
      </trkpt>
      <trkpt lat="45.095630" lon="14.664036">
        <ele>4.258934</ele>
        <time>2026-03-24T15:10:41.036Z</time>
      </trkpt>
      <trkpt lat="45.095753" lon="14.664200">
        <ele>4.349305</ele>
        <time>2026-03-24T15:10:45.376Z</time>
      </trkpt>
      <trkpt lat="45.095906" lon="14.664306">
        <ele>4.440427</ele>
        <time>2026-03-24T15:10:49.944Z</time>
      </trkpt>
      <trkpt lat="45.096098" lon="14.664338">
        <ele>4.543858</ele>
        <time>2026-03-24T15:10:55.151Z</time>
      </trkpt>
      <trkpt lat="45.096356" lon="14.664315">
        <ele>4.682164</ele>
        <time>2026-03-24T15:11:02.096Z</time>
      </trkpt>
      <trkpt lat="45.096971" lon="14.664142">
        <ele>5.121116</ele>
        <time>2026-03-24T15:11:18.222Z</time>
      </trkpt>
      <trkpt lat="45.097704" lon="14.664102">
        <ele>5.869278</ele>
        <time>2026-03-24T15:11:35.310Z</time>
      </trkpt>
      <trkpt lat="45.097717" lon="14.664097">
        <ele>5.883018</ele>
        <time>2026-03-24T15:11:35.626Z</time>
      </trkpt>
      <trkpt lat="45.097989" lon="14.663994">
        <ele>6.170179</ele>
        <time>2026-03-24T15:11:41.841Z</time>
      </trkpt>
      <trkpt lat="45.098404" lon="14.663782">
        <ele>6.620128</ele>
        <time>2026-03-24T15:11:51.689Z</time>
      </trkpt>
      <trkpt lat="45.098706" lon="14.663565">
        <ele>7.191212</ele>
        <time>2026-03-24T15:11:59.928Z</time>
      </trkpt>
      <trkpt lat="45.099163" lon="14.663148">
        <ele>8.295505</ele>
        <time>2026-03-24T15:12:14.514Z</time>
      </trkpt>
      <trkpt lat="45.099379" lon="14.662813">
        <ele>8.946128</ele>
        <time>2026-03-24T15:12:23.420Z</time>
      </trkpt>
      <trkpt lat="45.099575" lon="14.662286">
        <ele>9.800309</ele>
        <time>2026-03-24T15:12:35.899Z</time>
      </trkpt>
      <trkpt lat="45.099687" lon="14.662159">
        <ele>10.091741</ele>
        <time>2026-03-24T15:12:40.412Z</time>
      </trkpt>
      <trkpt lat="45.099784" lon="14.662061">
        <ele>10.333770</ele>
        <time>2026-03-24T15:12:44.211Z</time>
      </trkpt>
      <trkpt lat="45.099876" lon="14.661886">
        <ele>10.514361</ele>
        <time>2026-03-24T15:12:49.297Z</time>
      </trkpt>
      <trkpt lat="45.099974" lon="14.661423">
        <ele>10.847662</ele>
        <time>2026-03-24T15:13:01.391Z</time>
      </trkpt>
      <trkpt lat="45.100302" lon="14.660955">
        <ele>11.302415</ele>
        <time>2026-03-24T15:13:17.677Z</time>
      </trkpt>
      <trkpt lat="45.100339" lon="14.660786">
        <ele>11.424422</ele>
        <time>2026-03-24T15:13:21.078Z</time>
      </trkpt>
      <trkpt lat="45.100323" lon="14.660472">
        <ele>11.641499</ele>
        <time>2026-03-24T15:13:26.136Z</time>
      </trkpt>
      <trkpt lat="45.100345" lon="14.660377">
        <ele>11.710440</ele>
        <time>2026-03-24T15:13:27.457Z</time>
      </trkpt>
      <trkpt lat="45.100512" lon="14.660274">
        <ele>11.888366</ele>
        <time>2026-03-24T15:13:30.502Z</time>
      </trkpt>
      <trkpt lat="45.100640" lon="14.659984">
        <ele>12.124205</ele>
        <time>2026-03-24T15:13:34.061Z</time>
      </trkpt>
      <trkpt lat="45.100703" lon="14.659945">
        <ele>11.945425</ele>
        <time>2026-03-24T15:13:35.013Z</time>
      </trkpt>
      <trkpt lat="45.100780" lon="14.660024">
        <ele>11.501243</ele>
        <time>2026-03-24T15:13:36.327Z</time>
      </trkpt>
      <trkpt lat="45.100862" lon="14.660243">
        <ele>10.683693</ele>
        <time>2026-03-24T15:13:38.709Z</time>
      </trkpt>
      <trkpt lat="45.100963" lon="14.660701">
        <ele>9.101284</ele>
        <time>2026-03-24T15:13:43.225Z</time>
      </trkpt>
      <trkpt lat="45.100981" lon="14.661402">
        <ele>6.787968</ele>
        <time>2026-03-24T15:13:49.546Z</time>
      </trkpt>
      <trkpt lat="45.101073" lon="14.661654">
        <ele>5.852335</ele>
        <time>2026-03-24T15:13:52.094Z</time>
      </trkpt>
      <trkpt lat="45.101200" lon="14.661803">
        <ele>5.081931</ele>
        <time>2026-03-24T15:13:54.247Z</time>
      </trkpt>
      <trkpt lat="45.101242" lon="14.661931">
        <ele>4.616429</ele>
        <time>2026-03-24T15:13:55.559Z</time>
      </trkpt>
      <trkpt lat="45.101260" lon="14.662095">
        <ele>4.069086</ele>
        <time>2026-03-24T15:13:57.163Z</time>
      </trkpt>
      <trkpt lat="45.101231" lon="14.662409">
        <ele>3.584164</ele>
        <time>2026-03-24T15:14:00.333Z</time>
      </trkpt>
      <trkpt lat="45.101165" lon="14.662693">
        <ele>3.363544</ele>
        <time>2026-03-24T15:14:03.555Z</time>
      </trkpt>
      <trkpt lat="45.101171" lon="14.662836">
        <ele>3.257843</ele>
        <time>2026-03-24T15:14:05.206Z</time>
      </trkpt>
      <trkpt lat="45.101254" lon="14.663252">
        <ele>2.938863</ele>
        <time>2026-03-24T15:14:10.505Z</time>
      </trkpt>
      <trkpt lat="45.101264" lon="14.663508">
        <ele>2.749680</ele>
        <time>2026-03-24T15:14:13.694Z</time>
      </trkpt>
      <trkpt lat="45.101201" lon="14.663983">
        <ele>2.393060</ele>
        <time>2026-03-24T15:14:20.192Z</time>
      </trkpt>
      <trkpt lat="45.101202" lon="14.664121">
        <ele>2.291228</ele>
        <time>2026-03-24T15:14:22.155Z</time>
      </trkpt>
      <trkpt lat="45.101262" lon="14.664378">
        <ele>2.091493</ele>
        <time>2026-03-24T15:14:26.188Z</time>
      </trkpt>
      <trkpt lat="45.101348" lon="14.664511">
        <ele>1.958404</ele>
        <time>2026-03-24T15:14:28.931Z</time>
      </trkpt>
      <trkpt lat="45.101427" lon="14.664575">
        <ele>1.865849</ele>
        <time>2026-03-24T15:14:30.929Z</time>
      </trkpt>
      <trkpt lat="45.101531" lon="14.664609">
        <ele>1.903776</ele>
        <time>2026-03-24T15:14:33.281Z</time>
      </trkpt>
      <trkpt lat="45.101632" lon="14.664595">
        <ele>1.939836</ele>
        <time>2026-03-24T15:14:35.524Z</time>
      </trkpt>
      <trkpt lat="45.101840" lon="14.664495">
        <ele>2.017886</ele>
        <time>2026-03-24T15:14:40.400Z</time>
      </trkpt>
      <trkpt lat="45.102162" lon="14.664245">
        <ele>2.148360</ele>
        <time>2026-03-24T15:14:48.409Z</time>
      </trkpt>
      <trkpt lat="45.102314" lon="14.664173">
        <ele>2.205310</ele>
        <time>2026-03-24T15:14:51.872Z</time>
      </trkpt>
      <trkpt lat="45.102763" lon="14.664118">
        <ele>2.365452</ele>
        <time>2026-03-24T15:15:01.578Z</time>
      </trkpt>
      <trkpt lat="45.103336" lon="14.663975">
        <ele>2.413094</ele>
        <time>2026-03-24T15:15:12.923Z</time>
      </trkpt>
      <trkpt lat="45.104155" lon="14.663946">
        <ele>2.021820</ele>
        <time>2026-03-24T15:15:27.012Z</time>
      </trkpt>
      <trkpt lat="45.104965" lon="14.663999">
        <ele>1.706808</ele>
        <time>2026-03-24T15:15:41.113Z</time>
      </trkpt>
      <trkpt lat="45.105508" lon="14.663922">
        <ele>3.199547</ele>
        <time>2026-03-24T15:15:52.277Z</time>
      </trkpt>
      <trkpt lat="45.105674" lon="14.663955">
        <ele>3.658070</ele>
        <time>2026-03-24T15:15:56.119Z</time>
      </trkpt>
      <trkpt lat="45.105819" lon="14.664065">
        <ele>4.107979</ele>
        <time>2026-03-24T15:16:00.376Z</time>
      </trkpt>
      <trkpt lat="45.105858" lon="14.664227">
        <ele>4.438436</ele>
        <time>2026-03-24T15:16:04.030Z</time>
      </trkpt>
      <trkpt lat="45.105924" lon="14.664283">
        <ele>4.648869</ele>
        <time>2026-03-24T15:16:06.320Z</time>
      </trkpt>
      <trkpt lat="45.106069" lon="14.664274">
        <ele>5.045882</ele>
        <time>2026-03-24T15:16:11.215Z</time>
      </trkpt>
      <trkpt lat="45.106167" lon="14.664349">
        <ele>5.350557</ele>
        <time>2026-03-24T15:16:15.326Z</time>
      </trkpt>
      <trkpt lat="45.106263" lon="14.664440">
        <ele>5.666505</ele>
        <time>2026-03-24T15:16:19.828Z</time>
      </trkpt>
      <trkpt lat="45.106270" lon="14.664444">
        <ele>5.687152</ele>
        <time>2026-03-24T15:16:20.135Z</time>
      </trkpt>
      <trkpt lat="45.106362" lon="14.664488">
        <ele>5.952758</ele>
        <time>2026-03-24T15:16:24.069Z</time>
      </trkpt>
      <trkpt lat="45.106411" lon="14.664512">
        <ele>6.094576</ele>
        <time>2026-03-24T15:16:26.345Z</time>
      </trkpt>
      <trkpt lat="45.106455" lon="14.664523">
        <ele>6.216792</ele>
        <time>2026-03-24T15:16:28.240Z</time>
      </trkpt>
      <trkpt lat="45.106556" lon="14.664548">
        <ele>6.497251</ele>
        <time>2026-03-24T15:16:32.966Z</time>
      </trkpt>
      <trkpt lat="45.106635" lon="14.664567">
        <ele>7.075704</ele>
        <time>2026-03-24T15:16:36.773Z</time>
      </trkpt>
      <trkpt lat="45.106807" lon="14.664538">
        <ele>8.675704</ele>
        <time>2026-03-24T15:16:45.645Z</time>
      </trkpt>
      <trkpt lat="45.106987" lon="14.664390">
        <ele>10.598079</ele>
        <time>2026-03-24T15:16:56.952Z</time>
      </trkpt>
      <trkpt lat="45.107153" lon="14.664034">
        <ele>13.379785</ele>
        <time>2026-03-24T15:17:14.048Z</time>
      </trkpt>
      <trkpt lat="45.107234" lon="14.663732">
        <ele>15.486026</ele>
        <time>2026-03-24T15:17:27.647Z</time>
      </trkpt>
      <trkpt lat="45.107337" lon="14.663128">
        <ele>19.537063</ele>
        <time>2026-03-24T15:17:56.557Z</time>
      </trkpt>
      <trkpt lat="45.107507" lon="14.660740">
        <ele>37.345652</ele>
        <time>2026-03-24T15:19:49.103Z</time>
      </trkpt>
      <trkpt lat="45.107748" lon="14.659031">
        <ele>50.730897</ele>
        <time>2026-03-24T15:21:11.026Z</time>
      </trkpt>
      <trkpt lat="45.107853" lon="14.658715">
        <ele>53.410394</ele>
        <time>2026-03-24T15:21:28.045Z</time>
      </trkpt>
      <trkpt lat="45.108056" lon="14.658280">
        <ele>57.411128</ele>
        <time>2026-03-24T15:21:54.031Z</time>
      </trkpt>
      <trkpt lat="45.108398" lon="14.657858">
        <ele>62.339567</ele>
        <time>2026-03-24T15:22:24.052Z</time>
      </trkpt>
      <trkpt lat="45.108677" lon="14.657604">
        <ele>65.014993</ele>
        <time>2026-03-24T15:22:43.906Z</time>
      </trkpt>
      <trkpt lat="45.108925" lon="14.657403">
        <ele>67.319943</ele>
        <time>2026-03-24T15:22:59.475Z</time>
      </trkpt>
      <trkpt lat="45.108994" lon="14.657186">
        <ele>68.675101</ele>
        <time>2026-03-24T15:23:08.049Z</time>
      </trkpt>
      <trkpt lat="45.108999" lon="14.656755">
        <ele>71.129447</ele>
        <time>2026-03-24T15:23:24.104Z</time>
      </trkpt>
      <trkpt lat="45.109011" lon="14.655741">
        <ele>76.899445</ele>
        <time>2026-03-24T15:24:00.417Z</time>
      </trkpt>
      <trkpt lat="45.109068" lon="14.655465">
        <ele>78.413110</ele>
        <time>2026-03-24T15:24:10.838Z</time>
      </trkpt>
      <trkpt lat="45.109201" lon="14.655022">
        <ele>80.947075</ele>
        <time>2026-03-24T15:24:29.902Z</time>
      </trkpt>
      <trkpt lat="45.109282" lon="14.654301">
        <ele>84.789872</ele>
        <time>2026-03-24T15:25:00.171Z</time>
      </trkpt>
      <trkpt lat="45.109285" lon="14.653950">
        <ele>86.637511</ele>
        <time>2026-03-24T15:25:14.396Z</time>
      </trkpt>
      <trkpt lat="45.109266" lon="14.653635">
        <ele>88.301572</ele>
        <time>2026-03-24T15:25:26.739Z</time>
      </trkpt>
      <trkpt lat="45.109195" lon="14.653169">
        <ele>90.574213</ele>
        <time>2026-03-24T15:25:43.587Z</time>
      </trkpt>
      <trkpt lat="45.109051" lon="14.652674">
        <ele>92.178906</ele>
        <time>2026-03-24T15:25:59.328Z</time>
      </trkpt>
      <trkpt lat="45.108690" lon="14.652048">
        <ele>94.601836</ele>
        <time>2026-03-24T15:26:19.167Z</time>
      </trkpt>
      <trkpt lat="45.108527" lon="14.651887">
        <ele>95.445649</ele>
        <time>2026-03-24T15:26:25.372Z</time>
      </trkpt>
      <trkpt lat="45.108432" lon="14.651730">
        <ele>96.065482</ele>
        <time>2026-03-24T15:26:29.970Z</time>
      </trkpt>
      <trkpt lat="45.108429" lon="14.651659">
        <ele>96.278665</ele>
        <time>2026-03-24T15:26:31.586Z</time>
      </trkpt>
      <trkpt lat="45.108483" lon="14.651520">
        <ele>96.754222</ele>
        <time>2026-03-24T15:26:35.215Z</time>
      </trkpt>
      <trkpt lat="45.108444" lon="14.651317">
        <ele>97.384795</ele>
        <time>2026-03-24T15:26:40.227Z</time>
      </trkpt>
      <trkpt lat="45.107886" lon="14.650153">
        <ele>103.407652</ele>
        <time>2026-03-24T15:27:23.087Z</time>
      </trkpt>
      <trkpt lat="45.107827" lon="14.649964">
        <ele>104.329095</ele>
        <time>2026-03-24T15:27:30.525Z</time>
      </trkpt>
      <trkpt lat="45.107665" lon="14.649254">
        <ele>107.656088</ele>
        <time>2026-03-24T15:27:57.150Z</time>
      </trkpt>
      <trkpt lat="45.107571" lon="14.648945">
        <ele>109.156359</ele>
        <time>2026-03-24T15:28:09.505Z</time>
      </trkpt>
      <trkpt lat="45.107525" lon="14.648884">
        <ele>109.743658</ele>
        <time>2026-03-24T15:28:13.006Z</time>
      </trkpt>
      <trkpt lat="45.107266" lon="14.648713">
        <ele>112.718975</ele>
        <time>2026-03-24T15:28:29.551Z</time>
      </trkpt>
      <trkpt lat="45.107124" lon="14.648418">
        <ele>115.343179</ele>
        <time>2026-03-24T15:28:44.970Z</time>
      </trkpt>
      <trkpt lat="45.106818" lon="14.648154">
        <ele>119.073692</ele>
        <time>2026-03-24T15:29:07.731Z</time>
      </trkpt>
      <trkpt lat="45.106725" lon="14.647995">
        <ele>120.591321</ele>
        <time>2026-03-24T15:29:17.471Z</time>
      </trkpt>
      <trkpt lat="45.106638" lon="14.646760">
        <ele>129.070134</ele>
        <time>2026-03-24T15:30:20.890Z</time>
      </trkpt>
      <trkpt lat="45.106559" lon="14.646413">
        <ele>130.749588</ele>
        <time>2026-03-24T15:30:38.555Z</time>
      </trkpt>
      <trkpt lat="45.106457" lon="14.646244">
        <ele>131.773855</ele>
        <time>2026-03-24T15:30:48.062Z</time>
      </trkpt>
      <trkpt lat="45.106175" lon="14.645983">
        <ele>133.972151</ele>
        <time>2026-03-24T15:31:05.472Z</time>
      </trkpt>
      <trkpt lat="45.106022" lon="14.645748">
        <ele>135.444835</ele>
        <time>2026-03-24T15:31:15.303Z</time>
      </trkpt>
      <trkpt lat="45.106216" lon="14.645656">
        <ele>136.779979</ele>
        <time>2026-03-24T15:31:23.345Z</time>
      </trkpt>
      <trkpt lat="45.106440" lon="14.645656">
        <ele>138.241876</ele>
        <time>2026-03-24T15:31:30.967Z</time>
      </trkpt>
      <trkpt lat="45.106700" lon="14.645783">
        <ele>139.553798</ele>
        <time>2026-03-24T15:31:38.629Z</time>
      </trkpt>
      <trkpt lat="45.106811" lon="14.645760">
        <ele>139.134382</ele>
        <time>2026-03-24T15:31:41.243Z</time>
      </trkpt>
      <trkpt lat="45.107074" lon="14.645629">
        <ele>138.092099</ele>
        <time>2026-03-24T15:31:46.193Z</time>
      </trkpt>
      <trkpt lat="45.107177" lon="14.645578">
        <ele>137.684170</ele>
        <time>2026-03-24T15:31:47.834Z</time>
      </trkpt>
      <trkpt lat="45.107714" lon="14.645183">
        <ele>135.422030</ele>
        <time>2026-03-24T15:31:56.587Z</time>
      </trkpt>
      <trkpt lat="45.107924" lon="14.645118">
        <ele>134.618376</ele>
        <time>2026-03-24T15:31:59.543Z</time>
      </trkpt>
      <trkpt lat="45.108047" lon="14.645192">
        <ele>134.118772</ele>
        <time>2026-03-24T15:32:01.341Z</time>
      </trkpt>
      <trkpt lat="45.108143" lon="14.645350">
        <ele>133.568643</ele>
        <time>2026-03-24T15:32:03.281Z</time>
      </trkpt>
      <trkpt lat="45.108308" lon="14.645478">
        <ele>132.724002</ele>
        <time>2026-03-24T15:32:05.728Z</time>
      </trkpt>
      <trkpt lat="45.108953" lon="14.645839">
        <ele>127.507499</ele>
        <time>2026-03-24T15:32:14.399Z</time>
      </trkpt>
      <trkpt lat="45.109662" lon="14.646181">
        <ele>121.873810</ele>
        <time>2026-03-24T15:32:23.994Z</time>
      </trkpt>
      <trkpt lat="45.109905" lon="14.646040">
        <ele>119.898632</ele>
        <time>2026-03-24T15:32:30.184Z</time>
      </trkpt>
      <trkpt lat="45.109956" lon="14.645973">
        <ele>119.442872</ele>
        <time>2026-03-24T15:32:31.865Z</time>
      </trkpt>
      <trkpt lat="45.110186" lon="14.645219">
        <ele>118.017944</ele>
        <time>2026-03-24T15:32:46.565Z</time>
      </trkpt>
      <trkpt lat="45.110300" lon="14.645046">
        <ele>117.607357</ele>
        <time>2026-03-24T15:32:51.164Z</time>
      </trkpt>
      <trkpt lat="45.110372" lon="14.644990">
        <ele>117.405472</ele>
        <time>2026-03-24T15:32:53.493Z</time>
      </trkpt>
      <trkpt lat="45.110591" lon="14.644947">
        <ele>116.862028</ele>
        <time>2026-03-24T15:32:59.965Z</time>
      </trkpt>
      <trkpt lat="45.110829" lon="14.644837">
        <ele>116.246691</ele>
        <time>2026-03-24T15:33:07.393Z</time>
      </trkpt>
      <trkpt lat="45.110956" lon="14.644882">
        <ele>115.924914</ele>
        <time>2026-03-24T15:33:11.248Z</time>
      </trkpt>
      <trkpt lat="45.111019" lon="14.644866">
        <ele>115.767592</ele>
        <time>2026-03-24T15:33:13.137Z</time>
      </trkpt>
      <trkpt lat="45.111105" lon="14.644805">
        <ele>115.531199</ele>
        <time>2026-03-24T15:33:15.921Z</time>
      </trkpt>
      <trkpt lat="45.111407" lon="14.644699">
        <ele>114.808497</ele>
        <time>2026-03-24T15:33:24.814Z</time>
      </trkpt>
      <trkpt lat="45.111655" lon="14.644526">
        <ele>114.228221</ele>
        <time>2026-03-24T15:33:32.549Z</time>
      </trkpt>
      <trkpt lat="45.111929" lon="14.644397">
        <ele>113.622115</ele>
        <time>2026-03-24T15:33:40.499Z</time>
      </trkpt>
      <trkpt lat="45.112175" lon="14.644408">
        <ele>113.105449</ele>
        <time>2026-03-24T15:33:47.161Z</time>
      </trkpt>
      <trkpt lat="45.112414" lon="14.644529">
        <ele>112.572672</ele>
        <time>2026-03-24T15:33:53.996Z</time>
      </trkpt>
      <trkpt lat="45.112550" lon="14.644557">
        <ele>112.284180</ele>
        <time>2026-03-24T15:33:57.657Z</time>
      </trkpt>
      <trkpt lat="45.113045" lon="14.644559">
        <ele>111.246862</ele>
        <time>2026-03-24T15:34:10.710Z</time>
      </trkpt>
      <trkpt lat="45.113677" lon="14.644634">
        <ele>109.986749</ele>
        <time>2026-03-24T15:34:27.678Z</time>
      </trkpt>
      <trkpt lat="45.113952" lon="14.644581">
        <ele>109.435322</ele>
        <time>2026-03-24T15:34:35.293Z</time>
      </trkpt>
      <trkpt lat="45.114185" lon="14.644388">
        <ele>108.899084</ele>
        <time>2026-03-24T15:34:42.858Z</time>
      </trkpt>
      <trkpt lat="45.114896" lon="14.644110">
        <ele>107.448737</ele>
        <time>2026-03-24T15:35:03.748Z</time>
      </trkpt>
      <trkpt lat="45.115818" lon="14.643900">
        <ele>105.696696</ele>
        <time>2026-03-24T15:35:29.607Z</time>
      </trkpt>
      <trkpt lat="45.115902" lon="14.643867">
        <ele>105.533153</ele>
        <time>2026-03-24T15:35:31.953Z</time>
      </trkpt>
      <trkpt lat="45.116021" lon="14.643820">
        <ele>105.301378</ele>
        <time>2026-03-24T15:35:35.248Z</time>
      </trkpt>
      <trkpt lat="45.116503" lon="14.643837">
        <ele>104.396779</ele>
        <time>2026-03-24T15:35:48.161Z</time>
      </trkpt>
      <trkpt lat="45.116739" lon="14.643873">
        <ele>104.327672</ele>
        <time>2026-03-24T15:35:54.664Z</time>
      </trkpt>
      <trkpt lat="45.117284" lon="14.644027">
        <ele>104.319973</ele>
        <time>2026-03-24T15:36:11.000Z</time>
      </trkpt>
      <trkpt lat="45.117564" lon="14.644038">
        <ele>104.316092</ele>
        <time>2026-03-24T15:36:20.207Z</time>
      </trkpt>
      <trkpt lat="45.117640" lon="14.644011">
        <ele>104.315006</ele>
        <time>2026-03-24T15:36:22.951Z</time>
      </trkpt>
      <trkpt lat="45.117700" lon="14.643942">
        <ele>104.313936</ele>
        <time>2026-03-24T15:36:25.705Z</time>
      </trkpt>
      <trkpt lat="45.118265" lon="14.643106">
        <ele>104.666423</ele>
        <time>2026-03-24T15:36:57.178Z</time>
      </trkpt>
      <trkpt lat="45.118399" lon="14.642965">
        <ele>104.950951</ele>
        <time>2026-03-24T15:37:03.688Z</time>
      </trkpt>
      <trkpt lat="45.118594" lon="14.642899">
        <ele>105.292736</ele>
        <time>2026-03-24T15:37:11.445Z</time>
      </trkpt>
      <trkpt lat="45.119113" lon="14.642896">
        <ele>106.177530</ele>
        <time>2026-03-24T15:37:30.374Z</time>
      </trkpt>
      <trkpt lat="45.119253" lon="14.643023">
        <ele>106.460910</ele>
        <time>2026-03-24T15:37:36.228Z</time>
      </trkpt>
      <trkpt lat="45.119308" lon="14.643117">
        <ele>106.607805</ele>
        <time>2026-03-24T15:37:39.297Z</time>
      </trkpt>
      <trkpt lat="45.119366" lon="14.643271">
        <ele>106.817796</ele>
        <time>2026-03-24T15:37:43.924Z</time>
      </trkpt>
      <trkpt lat="45.119380" lon="14.643431">
        <ele>107.011743</ele>
        <time>2026-03-24T15:37:48.326Z</time>
      </trkpt>
      <trkpt lat="45.119349" lon="14.643688">
        <ele>107.325388</ele>
        <time>2026-03-24T15:37:55.908Z</time>
      </trkpt>
      <trkpt lat="45.119211" lon="14.644126">
        <ele>109.976143</ele>
        <time>2026-03-24T15:38:12.135Z</time>
      </trkpt>
      <trkpt lat="45.119129" lon="14.644314">
        <ele>111.281203</ele>
        <time>2026-03-24T15:38:20.661Z</time>
      </trkpt>
      <trkpt lat="45.119057" lon="14.644562">
        <ele>112.864702</ele>
        <time>2026-03-24T15:38:32.120Z</time>
      </trkpt>
      <trkpt lat="45.119057" lon="14.644650">
        <ele>113.384326</ele>
        <time>2026-03-24T15:38:36.145Z</time>
      </trkpt>
      <trkpt lat="45.119168" lon="14.644752">
        <ele>114.491365</ele>
        <time>2026-03-24T15:38:45.106Z</time>
      </trkpt>
      <trkpt lat="45.119240" lon="14.644752">
        <ele>115.093868</ele>
        <time>2026-03-24T15:38:50.177Z</time>
      </trkpt>
      <trkpt lat="45.119635" lon="14.644559">
        <ele>118.590208</ele>
        <time>2026-03-24T15:39:22.885Z</time>
      </trkpt>
      <trkpt lat="45.119738" lon="14.644604">
        <ele>119.492150</ele>
        <time>2026-03-24T15:39:32.073Z</time>
      </trkpt>
      <trkpt lat="45.119788" lon="14.644703">
        <ele>120.211028</ele>
        <time>2026-03-24T15:39:39.625Z</time>
      </trkpt>
      <trkpt lat="45.119849" lon="14.645081">
        <ele>122.525554</ele>
        <time>2026-03-24T15:40:04.729Z</time>
      </trkpt>
      <trkpt lat="45.119839" lon="14.645362">
        <ele>124.720278</ele>
        <time>2026-03-24T15:40:23.506Z</time>
      </trkpt>
      <trkpt lat="45.119890" lon="14.645676">
        <ele>127.233680</ele>
        <time>2026-03-24T15:40:45.197Z</time>
      </trkpt>
      <trkpt lat="45.119991" lon="14.645836">
        <ele>128.908291</ele>
        <time>2026-03-24T15:40:59.628Z</time>
      </trkpt>
      <trkpt lat="45.120166" lon="14.646032">
        <ele>131.374073</ele>
        <time>2026-03-24T15:41:20.324Z</time>
      </trkpt>
      <trkpt lat="45.120324" lon="14.646305">
        <ele>134.128272</ele>
        <time>2026-03-24T15:41:42.445Z</time>
      </trkpt>
      <trkpt lat="45.120415" lon="14.646358">
        <ele>135.215889</ele>
        <time>2026-03-24T15:41:50.905Z</time>
      </trkpt>
      <trkpt lat="45.120925" lon="14.646589">
        <ele>141.134733</ele>
        <time>2026-03-24T15:42:33.152Z</time>
      </trkpt>
      <trkpt lat="45.121786" lon="14.647219">
        <ele>141.702018</ele>
        <time>2026-03-24T15:43:20.584Z</time>
      </trkpt>
      <trkpt lat="45.122040" lon="14.647436">
        <ele>141.494258</ele>
        <time>2026-03-24T15:43:28.388Z</time>
      </trkpt>
      <trkpt lat="45.122181" lon="14.647505">
        <ele>141.389762</ele>
        <time>2026-03-24T15:43:32.024Z</time>
      </trkpt>
      <trkpt lat="45.122377" lon="14.647563">
        <ele>141.249500</ele>
        <time>2026-03-24T15:43:36.725Z</time>
      </trkpt>
      <trkpt lat="45.123587" lon="14.647695">
        <ele>133.228052</ele>
        <time>2026-03-24T15:44:03.227Z</time>
      </trkpt>
      <trkpt lat="45.124331" lon="14.647709">
        <ele>126.931352</ele>
        <time>2026-03-24T15:44:19.468Z</time>
      </trkpt>
      <trkpt lat="45.125181" lon="14.647985">
        <ele>120.155684</ele>
        <time>2026-03-24T15:44:39.260Z</time>
      </trkpt>
      <trkpt lat="45.125399" lon="14.648001">
        <ele>118.486188</ele>
        <time>2026-03-24T15:44:44.167Z</time>
      </trkpt>
      <trkpt lat="45.125768" lon="14.647915">
        <ele>115.626178</ele>
        <time>2026-03-24T15:44:52.529Z</time>
      </trkpt>
      <trkpt lat="45.125807" lon="14.647950">
        <ele>115.273141</ele>
        <time>2026-03-24T15:44:53.549Z</time>
      </trkpt>
      <trkpt lat="45.126165" lon="14.648043">
        <ele>112.489550</ele>
        <time>2026-03-24T15:45:01.622Z</time>
      </trkpt>
      <trkpt lat="45.126211" lon="14.648065">
        <ele>112.118253</ele>
        <time>2026-03-24T15:45:02.714Z</time>
      </trkpt>
      <trkpt lat="45.127149" lon="14.648511">
        <ele>107.350856</ele>
        <time>2026-03-24T15:45:25.140Z</time>
      </trkpt>
      <trkpt lat="45.127310" lon="14.648543">
        <ele>106.570458</ele>
        <time>2026-03-24T15:45:29.099Z</time>
      </trkpt>
      <trkpt lat="45.127615" lon="14.648496">
        <ele>105.097763</ele>
        <time>2026-03-24T15:45:36.979Z</time>
      </trkpt>
      <trkpt lat="45.128181" lon="14.648317">
        <ele>103.881534</ele>
        <time>2026-03-24T15:45:54.367Z</time>
      </trkpt>
      <trkpt lat="45.128613" lon="14.648180">
        <ele>104.726561</ele>
        <time>2026-03-24T15:46:13.545Z</time>
      </trkpt>
      <trkpt lat="45.128777" lon="14.648173">
        <ele>105.039761</ele>
        <time>2026-03-24T15:46:21.180Z</time>
      </trkpt>
      <trkpt lat="45.129006" lon="14.648231">
        <ele>105.483819</ele>
        <time>2026-03-24T15:46:31.693Z</time>
      </trkpt>
      <trkpt lat="45.129207" lon="14.648147">
        <ele>105.883835</ele>
        <time>2026-03-24T15:46:40.804Z</time>
      </trkpt>
      <trkpt lat="45.129457" lon="14.648103">
        <ele>106.364721</ele>
        <time>2026-03-24T15:46:52.011Z</time>
      </trkpt>
      <trkpt lat="45.129686" lon="14.648202">
        <ele>106.821737</ele>
        <time>2026-03-24T15:47:02.184Z</time>
      </trkpt>
      <trkpt lat="45.129743" lon="14.648199">
        <ele>106.923320</ele>
        <time>2026-03-24T15:47:04.808Z</time>
      </trkpt>
      <trkpt lat="45.129692" lon="14.648243">
        <ele>107.023801</ele>
        <time>2026-03-24T15:47:06.462Z</time>
      </trkpt>
      <trkpt lat="45.129632" lon="14.648407">
        <ele>107.243152</ele>
        <time>2026-03-24T15:47:10.600Z</time>
      </trkpt>
      <trkpt lat="45.129621" lon="14.648504">
        <ele>107.359804</ele>
        <time>2026-03-24T15:47:12.825Z</time>
      </trkpt>
      <trkpt lat="45.129647" lon="14.648680">
        <ele>107.573310</ele>
        <time>2026-03-24T15:47:17.016Z</time>
      </trkpt>
      <trkpt lat="45.129788" lon="14.648871">
        <ele>107.901551</ele>
        <time>2026-03-24T15:47:23.239Z</time>
      </trkpt>
      <trkpt lat="45.129878" lon="14.649049">
        <ele>108.161571</ele>
        <time>2026-03-24T15:47:27.834Z</time>
      </trkpt>
      <trkpt lat="45.129924" lon="14.649365">
        <ele>108.544676</ele>
        <time>2026-03-24T15:47:34.014Z</time>
      </trkpt>
      <trkpt lat="45.130034" lon="14.649681">
        <ele>108.963063</ele>
        <time>2026-03-24T15:47:40.060Z</time>
      </trkpt>
      <trkpt lat="45.130085" lon="14.649753">
        <ele>109.084206</ele>
        <time>2026-03-24T15:47:41.870Z</time>
      </trkpt>
      <trkpt lat="45.130215" lon="14.649845">
        <ele>109.328747</ele>
        <time>2026-03-24T15:47:45.634Z</time>
      </trkpt>
      <trkpt lat="45.130256" lon="14.649844">
        <ele>109.397759</ele>
        <time>2026-03-24T15:47:46.702Z</time>
      </trkpt>
      <trkpt lat="45.130331" lon="14.650097">
        <ele>109.723597</ele>
        <time>2026-03-24T15:47:53.724Z</time>
      </trkpt>
      <trkpt lat="45.130581" lon="14.650577">
        <ele>109.584950</ele>
        <time>2026-03-24T15:48:08.216Z</time>
      </trkpt>
      <trkpt lat="45.130722" lon="14.650967">
        <ele>109.282951</ele>
        <time>2026-03-24T15:48:17.956Z</time>
      </trkpt>
      <trkpt lat="45.130949" lon="14.651309">
        <ele>108.959356</ele>
        <time>2026-03-24T15:48:27.591Z</time>
      </trkpt>
      <trkpt lat="45.131034" lon="14.651479">
        <ele>108.815764</ele>
        <time>2026-03-24T15:48:31.741Z</time>
      </trkpt>
      <trkpt lat="45.131129" lon="14.652015">
        <ele>108.434912</ele>
        <time>2026-03-24T15:48:42.626Z</time>
      </trkpt>
      <trkpt lat="45.131168" lon="14.652499">
        <ele>107.982261</ele>
        <time>2026-03-24T15:48:52.013Z</time>
      </trkpt>
      <trkpt lat="45.131256" lon="14.652857">
        <ele>106.955002</ele>
        <time>2026-03-24T15:48:59.059Z</time>
      </trkpt>
      <trkpt lat="45.131353" lon="14.653055">
        <ele>106.301818</ele>
        <time>2026-03-24T15:49:03.442Z</time>
      </trkpt>
      <trkpt lat="45.131522" lon="14.653295">
        <ele>105.382986</ele>
        <time>2026-03-24T15:49:09.566Z</time>
      </trkpt>
      <trkpt lat="45.131716" lon="14.653826">
        <ele>103.762669</ele>
        <time>2026-03-24T15:49:20.199Z</time>
      </trkpt>
      <trkpt lat="45.131880" lon="14.654153">
        <ele>102.675533</ele>
        <time>2026-03-24T15:49:27.149Z</time>
      </trkpt>
      <trkpt lat="45.131937" lon="14.654300">
        <ele>102.221016</ele>
        <time>2026-03-24T15:49:28.814Z</time>
      </trkpt>
      <trkpt lat="45.132123" lon="14.655003">
        <ele>99.715362</ele>
        <time>2026-03-24T15:49:36.066Z</time>
      </trkpt>
      <trkpt lat="45.132165" lon="14.655085">
        <ele>99.316875</ele>
        <time>2026-03-24T15:49:37.024Z</time>
      </trkpt>
      <trkpt lat="45.132212" lon="14.655153">
        <ele>98.942517</ele>
        <time>2026-03-24T15:49:37.936Z</time>
      </trkpt>
      <trkpt lat="45.132589" lon="14.655474">
        <ele>96.491061</ele>
        <time>2026-03-24T15:49:43.879Z</time>
      </trkpt>
      <trkpt lat="45.132715" lon="14.655656">
        <ele>95.488304</ele>
        <time>2026-03-24T15:49:46.348Z</time>
      </trkpt>
      <trkpt lat="45.132953" lon="14.656123">
        <ele>93.222796</ele>
        <time>2026-03-24T15:49:51.957Z</time>
      </trkpt>
      <trkpt lat="45.133092" lon="14.656282">
        <ele>92.227167</ele>
        <time>2026-03-24T15:49:54.404Z</time>
      </trkpt>
      <trkpt lat="45.133461" lon="14.656825">
        <ele>88.849355</ele>
        <time>2026-03-24T15:50:01.589Z</time>
      </trkpt>
      <trkpt lat="45.133696" lon="14.657074">
        <ele>86.866187</ele>
        <time>2026-03-24T15:50:05.489Z</time>
      </trkpt>
      <trkpt lat="45.133780" lon="14.657270">
        <ele>85.772623</ele>
        <time>2026-03-24T15:50:07.641Z</time>
      </trkpt>
      <trkpt lat="45.133896" lon="14.657782">
        <ele>83.208375</ele>
        <time>2026-03-24T15:50:12.656Z</time>
      </trkpt>
      <trkpt lat="45.133871" lon="14.657998">
        <ele>82.164627</ele>
        <time>2026-03-24T15:50:14.684Z</time>
      </trkpt>
      <trkpt lat="45.133950" lon="14.658539">
        <ele>79.530229</ele>
        <time>2026-03-24T15:50:19.756Z</time>
      </trkpt>
      <trkpt lat="45.134034" lon="14.658707">
        <ele>78.474276</ele>
        <time>2026-03-24T15:50:21.624Z</time>
      </trkpt>
      <trkpt lat="45.134412" lon="14.659136">
        <ele>74.715235</ele>
        <time>2026-03-24T15:50:27.834Z</time>
      </trkpt>
      <trkpt lat="45.134746" lon="14.659314">
        <ele>71.945204</ele>
        <time>2026-03-24T15:50:32.426Z</time>
      </trkpt>
      <trkpt lat="45.134946" lon="14.659458">
        <ele>70.203810</ele>
        <time>2026-03-24T15:50:35.295Z</time>
      </trkpt>
      <trkpt lat="45.135025" lon="14.659547">
        <ele>69.420444</ele>
        <time>2026-03-24T15:50:36.599Z</time>
      </trkpt>
      <trkpt lat="45.135379" lon="14.659972">
        <ele>65.819191</ele>
        <time>2026-03-24T15:50:42.582Z</time>
      </trkpt>
      <trkpt lat="45.135624" lon="14.660514">
        <ele>63.195806</ele>
        <time>2026-03-24T15:50:48.559Z</time>
      </trkpt>
      <trkpt lat="45.135756" lon="14.660979">
        <ele>61.338102</ele>
        <time>2026-03-24T15:50:53.322Z</time>
      </trkpt>
      <trkpt lat="45.135886" lon="14.661947">
        <ele>57.686036</ele>
        <time>2026-03-24T15:51:03.025Z</time>
      </trkpt>
      <trkpt lat="45.135996" lon="14.662316">
        <ele>56.201343</ele>
        <time>2026-03-24T15:51:07.209Z</time>
      </trkpt>
      <trkpt lat="45.136170" lon="14.662663">
        <ele>54.905324</ele>
        <time>2026-03-24T15:51:11.766Z</time>
      </trkpt>
      <trkpt lat="45.136226" lon="14.662749">
        <ele>54.592498</ele>
        <time>2026-03-24T15:51:12.985Z</time>
      </trkpt>
      <trkpt lat="45.136348" lon="14.662935">
        <ele>53.913647</ele>
        <time>2026-03-24T15:51:15.636Z</time>
      </trkpt>
      <trkpt lat="45.136661" lon="14.663209">
        <ele>52.519790</ele>
        <time>2026-03-24T15:51:20.971Z</time>
      </trkpt>
      <trkpt lat="45.136855" lon="14.663472">
        <ele>51.502704</ele>
        <time>2026-03-24T15:51:24.812Z</time>
      </trkpt>
      <trkpt lat="45.136933" lon="14.663497">
        <ele>51.199703</ele>
        <time>2026-03-24T15:51:25.951Z</time>
      </trkpt>
      <trkpt lat="45.137112" lon="14.663684">
        <ele>50.357199</ele>
        <time>2026-03-24T15:51:29.140Z</time>
      </trkpt>
      <trkpt lat="45.137389" lon="14.663872">
        <ele>49.193562</ele>
        <time>2026-03-24T15:51:33.552Z</time>
      </trkpt>
      <trkpt lat="45.138061" lon="14.663898">
        <ele>47.874589</ele>
        <time>2026-03-24T15:51:43.558Z</time>
      </trkpt>
      <trkpt lat="45.138356" lon="14.663983">
        <ele>47.378690</ele>
        <time>2026-03-24T15:51:48.395Z</time>
      </trkpt>
      <trkpt lat="45.139006" lon="14.664118">
        <ele>46.296496</ele>
        <time>2026-03-24T15:52:00.755Z</time>
      </trkpt>
      <trkpt lat="45.139205" lon="14.664048">
        <ele>45.958737</ele>
        <time>2026-03-24T15:52:05.726Z</time>
      </trkpt>
      <trkpt lat="45.139314" lon="14.664062">
        <ele>45.648954</ele>
        <time>2026-03-24T15:52:08.078Z</time>
      </trkpt>
      <trkpt lat="45.139719" lon="14.664187">
        <ele>43.830916</ele>
        <time>2026-03-24T15:52:15.816Z</time>
      </trkpt>
      <trkpt lat="45.139961" lon="14.664125">
        <ele>42.752253</ele>
        <time>2026-03-24T15:52:19.720Z</time>
      </trkpt>
      <trkpt lat="45.140111" lon="14.664018">
        <ele>42.015724</ele>
        <time>2026-03-24T15:52:22.200Z</time>
      </trkpt>
      <trkpt lat="45.140225" lon="14.664274">
        <ele>41.079042</ele>
        <time>2026-03-24T15:52:25.180Z</time>
      </trkpt>
      <trkpt lat="45.140420" lon="14.664532">
        <ele>39.909109</ele>
        <time>2026-03-24T15:52:28.760Z</time>
      </trkpt>
      <trkpt lat="45.140517" lon="14.664814">
        <ele>38.938411</ele>
        <time>2026-03-24T15:52:31.640Z</time>
      </trkpt>
      <trkpt lat="45.140511" lon="14.665355">
        <ele>36.645397</ele>
        <time>2026-03-24T15:52:36.171Z</time>
      </trkpt>
      <trkpt lat="45.140463" lon="14.665551">
        <ele>35.437989</ele>
        <time>2026-03-24T15:52:37.876Z</time>
      </trkpt>
      <trkpt lat="45.140441" lon="14.665690">
        <ele>34.608969</ele>
        <time>2026-03-24T15:52:39.055Z</time>
      </trkpt>
      <trkpt lat="45.140475" lon="14.665852">
        <ele>33.625367</ele>
        <time>2026-03-24T15:52:40.445Z</time>
      </trkpt>
      <trkpt lat="45.140494" lon="14.666112">
        <ele>32.104205</ele>
        <time>2026-03-24T15:52:42.609Z</time>
      </trkpt>
      <trkpt lat="45.140628" lon="14.666374">
        <ele>30.220880</ele>
        <time>2026-03-24T15:52:45.299Z</time>
      </trkpt>
      <trkpt lat="45.140716" lon="14.666477">
        <ele>29.279397</ele>
        <time>2026-03-24T15:52:46.720Z</time>
      </trkpt>
      <trkpt lat="45.140916" lon="14.666682">
        <ele>27.243256</ele>
        <time>2026-03-24T15:52:49.865Z</time>
      </trkpt>
      <trkpt lat="45.141037" lon="14.666752">
        <ele>26.165062</ele>
        <time>2026-03-24T15:52:51.558Z</time>
      </trkpt>
      <trkpt lat="45.141257" lon="14.667078">
        <ele>23.539514</ele>
        <time>2026-03-24T15:52:55.763Z</time>
      </trkpt>
      <trkpt lat="45.141406" lon="14.667568">
        <ele>21.994116</ele>
        <time>2026-03-24T15:53:00.988Z</time>
      </trkpt>
      <trkpt lat="45.141485" lon="14.667647">
        <ele>21.658406</ele>
        <time>2026-03-24T15:53:02.396Z</time>
      </trkpt>
      <trkpt lat="45.141991" lon="14.668408">
        <ele>19.096786</ele>
        <time>2026-03-24T15:53:13.302Z</time>
      </trkpt>
      <trkpt lat="45.142139" lon="14.668480">
        <ele>18.553431</ele>
        <time>2026-03-24T15:53:15.652Z</time>
      </trkpt>
      <trkpt lat="45.142215" lon="14.668568">
        <ele>18.212681</ele>
        <time>2026-03-24T15:53:17.145Z</time>
      </trkpt>
      <trkpt lat="45.142356" lon="14.668820">
        <ele>17.424821</ele>
        <time>2026-03-24T15:53:20.726Z</time>
      </trkpt>
      <trkpt lat="45.142436" lon="14.668938">
        <ele>17.023933</ele>
        <time>2026-03-24T15:53:22.614Z</time>
      </trkpt>
      <trkpt lat="45.142524" lon="14.669133">
        <ele>16.943290</ele>
        <time>2026-03-24T15:53:25.396Z</time>
      </trkpt>
      <trkpt lat="45.142626" lon="14.669462">
        <ele>17.070391</ele>
        <time>2026-03-24T15:53:30.134Z</time>
      </trkpt>
      <trkpt lat="45.142675" lon="14.669868">
        <ele>17.216066</ele>
        <time>2026-03-24T15:53:36.841Z</time>
      </trkpt>
      <trkpt lat="45.142759" lon="14.670060">
        <ele>17.295972</ele>
        <time>2026-03-24T15:53:40.634Z</time>
      </trkpt>
      <trkpt lat="45.142988" lon="14.670391">
        <ele>17.459948</ele>
        <time>2026-03-24T15:53:48.545Z</time>
      </trkpt>
      <trkpt lat="45.143147" lon="14.670537">
        <ele>17.554933</ele>
        <time>2026-03-24T15:53:53.400Z</time>
      </trkpt>
      <trkpt lat="45.143252" lon="14.670550">
        <ele>17.607781</ele>
        <time>2026-03-24T15:53:56.184Z</time>
      </trkpt>
      <trkpt lat="45.143335" lon="14.670614">
        <ele>17.655155</ele>
        <time>2026-03-24T15:53:58.856Z</time>
      </trkpt>
      <trkpt lat="45.143437" lon="14.670595">
        <ele>17.706738</ele>
        <time>2026-03-24T15:54:01.782Z</time>
      </trkpt>
      <trkpt lat="45.143492" lon="14.670582">
        <ele>17.734697</ele>
        <time>2026-03-24T15:54:03.379Z</time>
      </trkpt>
      <trkpt lat="45.143600" lon="14.670617">
        <ele>17.778693</ele>
        <time>2026-03-24T15:54:06.620Z</time>
      </trkpt>
      <trkpt lat="45.143747" lon="14.670745">
        <ele>17.710619</ele>
        <time>2026-03-24T15:54:11.631Z</time>
      </trkpt>
      <trkpt lat="45.143861" lon="14.670786">
        <ele>17.664208</ele>
        <time>2026-03-24T15:54:14.822Z</time>
      </trkpt>
      <trkpt lat="45.143982" lon="14.670779">
        <ele>17.616421</ele>
        <time>2026-03-24T15:54:17.760Z</time>
      </trkpt>
      <trkpt lat="45.144313" lon="14.670896">
        <ele>17.481807</ele>
        <time>2026-03-24T15:54:24.729Z</time>
      </trkpt>
      <trkpt lat="45.144517" lon="14.670913">
        <ele>17.401168</ele>
        <time>2026-03-24T15:54:28.311Z</time>
      </trkpt>
      <trkpt lat="45.144699" lon="14.670904">
        <ele>17.329305</ele>
        <time>2026-03-24T15:54:31.277Z</time>
      </trkpt>
      <trkpt lat="45.144834" lon="14.670879">
        <ele>17.275580</ele>
        <time>2026-03-24T15:54:33.458Z</time>
      </trkpt>
      <trkpt lat="45.144950" lon="14.670858">
        <ele>17.229434</ele>
        <time>2026-03-24T15:54:35.290Z</time>
      </trkpt>
      <trkpt lat="45.145099" lon="14.670864">
        <ele>17.170613</ele>
        <time>2026-03-24T15:54:37.699Z</time>
      </trkpt>
      <trkpt lat="45.145164" lon="14.670877">
        <ele>17.144710</ele>
        <time>2026-03-24T15:54:38.805Z</time>
      </trkpt>
      <trkpt lat="45.145482" lon="14.670953">
        <ele>16.803755</ele>
        <time>2026-03-24T15:54:44.386Z</time>
      </trkpt>
      <trkpt lat="45.145576" lon="14.671026">
        <ele>16.601683</ele>
        <time>2026-03-24T15:54:46.276Z</time>
      </trkpt>
      <trkpt lat="45.145755" lon="14.671002">
        <ele>16.262689</ele>
        <time>2026-03-24T15:54:49.520Z</time>
      </trkpt>
      <trkpt lat="45.145886" lon="14.670922">
        <ele>15.993764</ele>
        <time>2026-03-24T15:54:52.104Z</time>
      </trkpt>
      <trkpt lat="45.145981" lon="14.670843">
        <ele>15.786116</ele>
        <time>2026-03-24T15:54:54.075Z</time>
      </trkpt>
      <trkpt lat="45.146031" lon="14.670788">
        <ele>15.666801</ele>
        <time>2026-03-24T15:54:55.231Z</time>
      </trkpt>
      <trkpt lat="45.146391" lon="14.670427">
        <ele>14.835450</ele>
        <time>2026-03-24T15:55:01.918Z</time>
      </trkpt>
      <trkpt lat="45.146705" lon="14.670090">
        <ele>14.092949</ele>
        <time>2026-03-24T15:55:07.203Z</time>
      </trkpt>
      <trkpt lat="45.146824" lon="14.669945">
        <ele>13.797116</ele>
        <time>2026-03-24T15:55:09.172Z</time>
      </trkpt>
      <trkpt lat="45.146824" lon="14.669779">
        <ele>13.446206</ele>
        <time>2026-03-24T15:55:10.615Z</time>
      </trkpt>
      <trkpt lat="45.146860" lon="14.669421">
        <ele>12.377425</ele>
        <time>2026-03-24T15:55:13.594Z</time>
      </trkpt>
      <trkpt lat="45.146990" lon="14.669028">
        <ele>11.094496</ele>
        <time>2026-03-24T15:55:17.021Z</time>
      </trkpt>
      <trkpt lat="45.147097" lon="14.668627">
        <ele>9.827348</ele>
        <time>2026-03-24T15:55:20.416Z</time>
      </trkpt>
      <trkpt lat="45.146962" lon="14.668394">
        <ele>8.936136</ele>
        <time>2026-03-24T15:55:22.879Z</time>
      </trkpt>
      <trkpt lat="45.146934" lon="14.668306">
        <ele>8.650808</ele>
        <time>2026-03-24T15:55:23.679Z</time>
      </trkpt>
      <trkpt lat="45.146836" lon="14.667931">
        <ele>7.468847</ele>
        <time>2026-03-24T15:55:27.053Z</time>
      </trkpt>
      <trkpt lat="45.146824" lon="14.667590">
        <ele>6.459756</ele>
        <time>2026-03-24T15:55:30.141Z</time>
      </trkpt>
      <trkpt lat="45.146865" lon="14.667460">
        <ele>6.148709</ele>
        <time>2026-03-24T15:55:31.505Z</time>
      </trkpt>
      <trkpt lat="45.146864" lon="14.667050">
        <ele>6.183843</ele>
        <time>2026-03-24T15:55:35.693Z</time>
      </trkpt>
      <trkpt lat="45.146855" lon="14.666918">
        <ele>6.195207</ele>
        <time>2026-03-24T15:55:37.217Z</time>
      </trkpt>
      <trkpt lat="45.146819" lon="14.666455">
        <ele>6.235122</ele>
        <time>2026-03-24T15:55:44.483Z</time>
      </trkpt>
      <trkpt lat="45.146798" lon="14.666197">
        <ele>6.257377</ele>
        <time>2026-03-24T15:55:49.838Z</time>
      </trkpt>
      <trkpt lat="45.146777" lon="14.665968">
        <ele>6.277166</ele>
        <time>2026-03-24T15:55:54.579Z</time>
      </trkpt>
      <trkpt lat="45.146787" lon="14.665707">
        <ele>6.299564</ele>
        <time>2026-03-24T15:55:59.514Z</time>
      </trkpt>
      <trkpt lat="45.146793" lon="14.665460">
        <ele>6.320743</ele>
        <time>2026-03-24T15:56:03.358Z</time>
      </trkpt>
      <trkpt lat="45.146782" lon="14.664982">
        <ele>6.361725</ele>
        <time>2026-03-24T15:56:09.083Z</time>
      </trkpt>
      <trkpt lat="45.146767" lon="14.664701">
        <ele>6.240903</ele>
        <time>2026-03-24T15:56:12.107Z</time>
      </trkpt>
      <trkpt lat="45.146764" lon="14.664555">
        <ele>6.169909</ele>
        <time>2026-03-24T15:56:13.547Z</time>
      </trkpt>
      <trkpt lat="45.146854" lon="14.664038">
        <ele>5.911080</ele>
        <time>2026-03-24T15:56:18.456Z</time>
      </trkpt>
      <trkpt lat="45.146854" lon="14.664038">
        <ele>5.911080</ele>
        <time>2026-03-24T15:56:18.458Z</time>
      </trkpt>
      <trkpt lat="45.147279" lon="14.663294">
        <ele>5.445729</ele>
        <time>2026-03-24T15:56:32.900Z</time>
      </trkpt>
      <trkpt lat="45.147279" lon="14.663294">
        <ele>5.445729</ele>
        <time>2026-03-24T15:56:32.902Z</time>
      </trkpt>
      <trkpt lat="45.147359" lon="14.663267">
        <ele>5.389057</ele>
        <time>2026-03-24T15:56:38.618Z</time>
      </trkpt>
      <trkpt lat="45.147514" lon="14.663381">
        <ele>5.268723</ele>
        <time>2026-03-24T15:56:50.721Z</time>
      </trkpt>
      <trkpt lat="45.147578" lon="14.663388">
        <ele>5.224487</ele>
        <time>2026-03-24T15:56:55.212Z</time>
      </trkpt>
      <trkpt lat="45.147591" lon="14.663379">
        <ele>5.214517</ele>
        <time>2026-03-24T15:56:56.214Z</time>
      </trkpt>
      <trkpt lat="45.147661" lon="14.663325">
        <ele>5.159599</ele>
        <time>2026-03-24T15:57:01.762Z</time>
      </trkpt>
      <trkpt lat="45.147658" lon="14.663235">
        <ele>5.199076</ele>
        <time>2026-03-24T15:57:06.199Z</time>
      </trkpt>
      <trkpt lat="45.147655" lon="14.663151">
        <ele>5.544571</ele>
        <time>2026-03-24T15:57:10.298Z</time>
      </trkpt>
      <trkpt lat="45.147625" lon="14.663087">
        <ele>5.860238</ele>
        <time>2026-03-24T15:57:14.078Z</time>
      </trkpt>
      <trkpt lat="45.147558" lon="14.663000">
        <ele>6.389384</ele>
        <time>2026-03-24T15:57:20.394Z</time>
      </trkpt>
      <trkpt lat="45.147330" lon="14.662684">
        <ele>8.246368</ele>
        <time>2026-03-24T15:57:27.215Z</time>
      </trkpt>
      <trkpt lat="45.147233" lon="14.662583">
        <ele>8.947301</ele>
        <time>2026-03-24T15:57:35.559Z</time>
      </trkpt>
      <trkpt lat="45.146997" lon="14.662371">
        <ele>10.574488</ele>
        <time>2026-03-24T15:57:55.030Z</time>
      </trkpt>
      <trkpt lat="45.146997" lon="14.662371">
        <ele>10.574488</ele>
        <time>2026-03-24T15:57:55.035Z</time>
      </trkpt>
      <trkpt lat="45.146246" lon="14.661760">
        <ele>15.620626</ele>
        <time>2026-03-24T15:58:13.600Z</time>
      </trkpt>
      <trkpt lat="45.145495" lon="14.661150">
        <ele>21.589495</ele>
        <time>2026-03-24T15:58:32.166Z</time>
      </trkpt>
      <trkpt lat="45.145495" lon="14.661150">
        <ele>21.589495</ele>
        <time>2026-03-24T15:58:32.167Z</time>
      </trkpt>
      <trkpt lat="45.145495" lon="14.661150">
        <ele>21.589495</ele>
        <time>2026-03-24T15:58:32.168Z</time>
      </trkpt>
      <trkpt lat="45.144886" lon="14.660609">
        <ele>26.545683</ele>
        <time>2026-03-24T15:58:47.553Z</time>
      </trkpt>
      <trkpt lat="45.144278" lon="14.660069">
        <ele>28.081699</ele>
        <time>2026-03-24T15:59:02.913Z</time>
      </trkpt>
      <trkpt lat="45.144278" lon="14.660069">
        <ele>28.081699</ele>
        <time>2026-03-24T15:59:02.924Z</time>
      </trkpt>
      <trkpt lat="45.144227" lon="14.659958">
        <ele>28.095943</ele>
        <time>2026-03-24T15:59:04.781Z</time>
      </trkpt>
      <trkpt lat="45.144122" lon="14.659757">
        <ele>28.122838</ele>
        <time>2026-03-24T15:59:10.667Z</time>
      </trkpt>
      <trkpt lat="45.144086" lon="14.659638">
        <ele>28.136760</ele>
        <time>2026-03-24T15:59:13.546Z</time>
      </trkpt>
      <trkpt lat="45.143976" lon="14.659116">
        <ele>28.195340</ele>
        <time>2026-03-24T15:59:24.990Z</time>
      </trkpt>
      <trkpt lat="45.143910" lon="14.658912">
        <ele>28.219473</ele>
        <time>2026-03-24T15:59:29.583Z</time>
      </trkpt>
      <trkpt lat="45.143982" lon="14.658618">
        <ele>28.252937</ele>
        <time>2026-03-24T15:59:35.830Z</time>
      </trkpt>
      <trkpt lat="45.144241" lon="14.658083">
        <ele>27.964968</ele>
        <time>2026-03-24T15:59:48.903Z</time>
      </trkpt>
      <trkpt lat="45.144438" lon="14.657498">
        <ele>27.467112</ele>
        <time>2026-03-24T16:00:02.770Z</time>
      </trkpt>
      <trkpt lat="45.144539" lon="14.657393">
        <ele>27.330742</ele>
        <time>2026-03-24T16:00:06.788Z</time>
      </trkpt>
      <trkpt lat="45.144911" lon="14.657378">
        <ele>26.925525</ele>
        <time>2026-03-24T16:00:18.755Z</time>
      </trkpt>
      <trkpt lat="45.145162" lon="14.657272">
        <ele>26.640357</ele>
        <time>2026-03-24T16:00:27.319Z</time>
      </trkpt>
      <trkpt lat="45.145320" lon="14.657156">
        <ele>26.446621</ele>
        <time>2026-03-24T16:00:33.156Z</time>
      </trkpt>
      <trkpt lat="45.145485" lon="14.656936">
        <ele>26.313008</ele>
        <time>2026-03-24T16:00:40.580Z</time>
      </trkpt>
      <trkpt lat="45.145536" lon="14.656819">
        <ele>26.306591</ele>
        <time>2026-03-24T16:00:43.734Z</time>
      </trkpt>
      <trkpt lat="45.145553" lon="14.656685">
        <ele>26.300239</ele>
        <time>2026-03-24T16:00:46.851Z</time>
      </trkpt>
      <trkpt lat="45.145445" lon="14.656281">
        <ele>26.280081</ele>
        <time>2026-03-24T16:00:56.632Z</time>
      </trkpt>
      <trkpt lat="45.145404" lon="14.655521">
        <ele>26.244518</ele>
        <time>2026-03-24T16:01:13.512Z</time>
      </trkpt>
      <trkpt lat="45.145364" lon="14.655320">
        <ele>26.234774</ele>
        <time>2026-03-24T16:01:18.119Z</time>
      </trkpt>
      <trkpt lat="45.145172" lon="14.654734">
        <ele>26.204627</ele>
        <time>2026-03-24T16:01:33.495Z</time>
      </trkpt>
      <trkpt lat="45.145126" lon="14.654337">
        <ele>27.270907</ele>
        <time>2026-03-24T16:01:45.113Z</time>
      </trkpt>
      <trkpt lat="45.145145" lon="14.654225">
        <ele>27.642243</ele>
        <time>2026-03-24T16:01:48.806Z</time>
      </trkpt>
      <trkpt lat="45.145232" lon="14.654023">
        <ele>28.405209</ele>
        <time>2026-03-24T16:01:56.924Z</time>
      </trkpt>
      <trkpt lat="45.145429" lon="14.653343">
        <ele>30.774940</ele>
        <time>2026-03-24T16:02:26.929Z</time>
      </trkpt>
      <trkpt lat="45.145509" lon="14.653168">
        <ele>31.447190</ele>
        <time>2026-03-24T16:02:36.856Z</time>
      </trkpt>
      <trkpt lat="45.145648" lon="14.652939">
        <ele>32.421109</ele>
        <time>2026-03-24T16:02:50.936Z</time>
      </trkpt>
      <trkpt lat="45.145683" lon="14.652839">
        <ele>32.780971</ele>
        <time>2026-03-24T16:02:56.044Z</time>
      </trkpt>
      <trkpt lat="45.145678" lon="14.652735">
        <ele>33.116997</ele>
        <time>2026-03-24T16:03:00.604Z</time>
      </trkpt>
      <trkpt lat="45.145561" lon="14.652147">
        <ele>34.591940</ele>
        <time>2026-03-24T16:03:26.340Z</time>
      </trkpt>
      <trkpt lat="45.145609" lon="14.651777">
        <ele>34.902288</ele>
        <time>2026-03-24T16:03:40.580Z</time>
      </trkpt>
      <trkpt lat="45.146137" lon="14.651790">
        <ele>35.519939</ele>
        <time>2026-03-24T16:03:56.498Z</time>
      </trkpt>
      <trkpt lat="45.146412" lon="14.651831">
        <ele>35.843357</ele>
        <time>2026-03-24T16:04:01.696Z</time>
      </trkpt>
      <trkpt lat="45.146548" lon="14.651882">
        <ele>36.007894</ele>
        <time>2026-03-24T16:04:04.000Z</time>
      </trkpt>
      <trkpt lat="45.147120" lon="14.652369">
        <ele>36.815256</ele>
        <time>2026-03-24T16:04:13.877Z</time>
      </trkpt>
      <trkpt lat="45.147283" lon="14.652591">
        <ele>37.106773</ele>
        <time>2026-03-24T16:04:17.457Z</time>
      </trkpt>
      <trkpt lat="45.147541" lon="14.653033">
        <ele>37.628691</ele>
        <time>2026-03-24T16:04:24.843Z</time>
      </trkpt>
      <trkpt lat="45.147648" lon="14.653153">
        <ele>37.804652</ele>
        <time>2026-03-24T16:04:28.219Z</time>
      </trkpt>
      <trkpt lat="45.147725" lon="14.653178">
        <ele>37.906537</ele>
        <time>2026-03-24T16:04:30.532Z</time>
      </trkpt>
      <trkpt lat="45.148171" lon="14.653470">
        <ele>38.540150</ele>
        <time>2026-03-24T16:04:48.511Z</time>
      </trkpt>
      <trkpt lat="45.148270" lon="14.653486">
        <ele>38.668666</ele>
        <time>2026-03-24T16:04:52.842Z</time>
      </trkpt>
      <trkpt lat="45.148432" lon="14.653401">
        <ele>38.994620</ele>
        <time>2026-03-24T16:05:00.768Z</time>
      </trkpt>
      <trkpt lat="45.148485" lon="14.653334">
        <ele>39.291662</ele>
        <time>2026-03-24T16:05:04.174Z</time>
      </trkpt>
      <trkpt lat="45.148929" lon="14.652781">
        <ele>41.763887</ele>
        <time>2026-03-24T16:05:34.999Z</time>
      </trkpt>
      <trkpt lat="45.149500" lon="14.652023">
        <ele>45.036058</ele>
        <time>2026-03-24T16:06:08.318Z</time>
      </trkpt>
      <trkpt lat="45.150087" lon="14.651481">
        <ele>44.741539</ele>
        <time>2026-03-24T16:06:21.965Z</time>
      </trkpt>
      <trkpt lat="45.150541" lon="14.651132">
        <ele>42.538382</ele>
        <time>2026-03-24T16:06:29.385Z</time>
      </trkpt>
      <trkpt lat="45.150592" lon="14.651038">
        <ele>42.181558</ele>
        <time>2026-03-24T16:06:30.500Z</time>
      </trkpt>
      <trkpt lat="45.150730" lon="14.650595">
        <ele>40.724478</ele>
        <time>2026-03-24T16:06:34.989Z</time>
      </trkpt>
      <trkpt lat="45.150926" lon="14.650095">
        <ele>39.003373</ele>
        <time>2026-03-24T16:06:40.290Z</time>
      </trkpt>
      <trkpt lat="45.151044" lon="14.650539">
        <ele>37.519654</ele>
        <time>2026-03-24T16:06:44.678Z</time>
      </trkpt>
      <trkpt lat="45.151066" lon="14.650731">
        <ele>36.905085</ele>
        <time>2026-03-24T16:06:46.481Z</time>
      </trkpt>
      <trkpt lat="45.151117" lon="14.650222">
        <ele>35.280776</ele>
        <time>2026-03-24T16:06:51.289Z</time>
      </trkpt>
      <trkpt lat="45.151208" lon="14.649966">
        <ele>34.375024</ele>
        <time>2026-03-24T16:06:54.014Z</time>
      </trkpt>
      <trkpt lat="45.151329" lon="14.649791">
        <ele>33.600721</ele>
        <time>2026-03-24T16:06:56.388Z</time>
      </trkpt>
      <trkpt lat="45.151938" lon="14.649458">
        <ele>30.676598</ele>
        <time>2026-03-24T16:07:07.163Z</time>
      </trkpt>
      <trkpt lat="45.152264" lon="14.649233">
        <ele>30.132285</ele>
        <time>2026-03-24T16:07:14.562Z</time>
      </trkpt>
      <trkpt lat="45.152411" lon="14.649013">
        <ele>29.826649</ele>
        <time>2026-03-24T16:07:18.784Z</time>
      </trkpt>
      <trkpt lat="45.152464" lon="14.648750">
        <ele>29.550803</ele>
        <time>2026-03-24T16:07:22.386Z</time>
      </trkpt>
      <trkpt lat="45.152468" lon="14.648257">
        <ele>29.053590</ele>
        <time>2026-03-24T16:07:28.550Z</time>
      </trkpt>
      <trkpt lat="45.152495" lon="14.647989">
        <ele>28.780574</ele>
        <time>2026-03-24T16:07:31.779Z</time>
      </trkpt>
      <trkpt lat="45.152582" lon="14.647822">
        <ele>28.571189</ele>
        <time>2026-03-24T16:07:34.207Z</time>
      </trkpt>
      <trkpt lat="45.152737" lon="14.647806">
        <ele>28.348950</ele>
        <time>2026-03-24T16:07:36.760Z</time>
      </trkpt>
      <trkpt lat="45.152858" lon="14.647881">
        <ele>28.160110</ele>
        <time>2026-03-24T16:07:38.860Z</time>
      </trkpt>
      <trkpt lat="45.152998" lon="14.648091">
        <ele>27.346218</ele>
        <time>2026-03-24T16:07:41.968Z</time>
      </trkpt>
      <trkpt lat="45.153179" lon="14.648262">
        <ele>26.214015</ele>
        <time>2026-03-24T16:07:45.130Z</time>
      </trkpt>
      <trkpt lat="45.153380" lon="14.648300">
        <ele>25.158413</ele>
        <time>2026-03-24T16:07:47.923Z</time>
      </trkpt>
      <trkpt lat="45.153845" lon="14.648176">
        <ele>22.695337</ele>
        <time>2026-03-24T16:07:54.266Z</time>
      </trkpt>
      <trkpt lat="45.154019" lon="14.648193">
        <ele>21.787400</ele>
        <time>2026-03-24T16:07:56.605Z</time>
      </trkpt>
      <trkpt lat="45.154136" lon="14.648343">
        <ele>20.966311</ele>
        <time>2026-03-24T16:07:58.730Z</time>
      </trkpt>
      <trkpt lat="45.154299" lon="14.648767">
        <ele>19.193523</ele>
        <time>2026-03-24T16:08:03.306Z</time>
      </trkpt>
      <trkpt lat="45.154466" lon="14.649062">
        <ele>18.122495</ele>
        <time>2026-03-24T16:08:06.858Z</time>
      </trkpt>
      <trkpt lat="45.155260" lon="14.649797">
        <ele>14.931616</ele>
        <time>2026-03-24T16:08:19.795Z</time>
      </trkpt>
      <trkpt lat="45.155585" lon="14.649904">
        <ele>13.808841</ele>
        <time>2026-03-24T16:08:25.241Z</time>
      </trkpt>
      <trkpt lat="45.155820" lon="14.649931">
        <ele>13.015430</ele>
        <time>2026-03-24T16:08:30.097Z</time>
      </trkpt>
      <trkpt lat="45.156032" lon="14.649866">
        <ele>12.855771</ele>
        <time>2026-03-24T16:08:36.012Z</time>
      </trkpt>
      <trkpt lat="45.156777" lon="14.649002">
        <ele>14.675737</ele>
        <time>2026-03-24T16:09:10.672Z</time>
      </trkpt>
      <trkpt lat="45.156936" lon="14.648650">
        <ele>15.233176</ele>
        <time>2026-03-24T16:09:20.017Z</time>
      </trkpt>
      <trkpt lat="45.157159" lon="14.648155">
        <ele>16.016467</ele>
        <time>2026-03-24T16:09:30.248Z</time>
      </trkpt>
      <trkpt lat="45.157693" lon="14.647419">
        <ele>15.302393</ele>
        <time>2026-03-24T16:09:42.893Z</time>
      </trkpt>
      <trkpt lat="45.157848" lon="14.647206">
        <ele>15.079530</ele>
        <time>2026-03-24T16:09:46.206Z</time>
      </trkpt>
      <trkpt lat="45.158018" lon="14.647007">
        <ele>14.851918</ele>
        <time>2026-03-24T16:09:49.627Z</time>
      </trkpt>
      <trkpt lat="45.158733" lon="14.646615">
        <ele>14.301624</ele>
        <time>2026-03-24T16:10:03.033Z</time>
      </trkpt>
      <trkpt lat="45.158922" lon="14.646422">
        <ele>14.492997</ele>
        <time>2026-03-24T16:10:08.236Z</time>
      </trkpt>
      <trkpt lat="45.159028" lon="14.646025">
        <ele>14.738962</ele>
        <time>2026-03-24T16:10:15.662Z</time>
      </trkpt>
      <trkpt lat="45.159031" lon="14.645655">
        <ele>14.953359</ele>
        <time>2026-03-24T16:10:22.421Z</time>
      </trkpt>
      <trkpt lat="45.158850" lon="14.645172">
        <ele>15.270281</ele>
        <time>2026-03-24T16:10:32.393Z</time>
      </trkpt>
      <trkpt lat="45.158581" lon="14.644770">
        <ele>15.591390</ele>
        <time>2026-03-24T16:10:42.262Z</time>
      </trkpt>
      <trkpt lat="45.158540" lon="14.644620">
        <ele>15.711671</ele>
        <time>2026-03-24T16:10:45.070Z</time>
      </trkpt>
      <trkpt lat="45.158548" lon="14.644457">
        <ele>16.020907</ele>
        <time>2026-03-24T16:10:47.869Z</time>
      </trkpt>
      <trkpt lat="45.158622" lon="14.644367">
        <ele>16.282554</ele>
        <time>2026-03-24T16:10:50.244Z</time>
      </trkpt>
      <trkpt lat="45.158848" lon="14.644233">
        <ele>16.940005</ele>
        <time>2026-03-24T16:10:56.537Z</time>
      </trkpt>
      <trkpt lat="45.158873" lon="14.644172">
        <ele>17.073534</ele>
        <time>2026-03-24T16:10:57.867Z</time>
      </trkpt>
      <trkpt lat="45.158913" lon="14.643868">
        <ele>17.658803</ele>
        <time>2026-03-24T16:11:04.006Z</time>
      </trkpt>
      <trkpt lat="45.158910" lon="14.643728">
        <ele>17.923884</ele>
        <time>2026-03-24T16:11:06.993Z</time>
      </trkpt>
      <trkpt lat="45.158759" lon="14.643300">
        <ele>18.829629</ele>
        <time>2026-03-24T16:11:18.260Z</time>
      </trkpt>
      <trkpt lat="45.158581" lon="14.643214">
        <ele>19.334334</ele>
        <time>2026-03-24T16:11:25.411Z</time>
      </trkpt>
      <trkpt lat="45.157812" lon="14.643222">
        <ele>20.723310</ele>
        <time>2026-03-24T16:11:55.956Z</time>
      </trkpt>
      <trkpt lat="45.157629" lon="14.643190">
        <ele>20.846284</ele>
        <time>2026-03-24T16:12:02.506Z</time>
      </trkpt>
      <trkpt lat="45.157586" lon="14.643139">
        <ele>20.883670</ele>
        <time>2026-03-24T16:12:04.472Z</time>
      </trkpt>
      <trkpt lat="45.157570" lon="14.643074">
        <ele>20.916048</ele>
        <time>2026-03-24T16:12:05.997Z</time>
      </trkpt>
      <trkpt lat="45.157534" lon="14.642696">
        <ele>21.095435</ele>
        <time>2026-03-24T16:12:14.255Z</time>
      </trkpt>
      <trkpt lat="45.157708" lon="14.642503">
        <ele>21.242763</ele>
        <time>2026-03-24T16:12:19.529Z</time>
      </trkpt>
      <trkpt lat="45.158075" lon="14.641988">
        <ele>21.587107</ele>
        <time>2026-03-24T16:12:28.423Z</time>
      </trkpt>
      <trkpt lat="45.158206" lon="14.641761">
        <ele>21.454769</ele>
        <time>2026-03-24T16:12:30.942Z</time>
      </trkpt>
      <trkpt lat="45.158212" lon="14.641581">
        <ele>20.636537</ele>
        <time>2026-03-24T16:12:32.434Z</time>
      </trkpt>
      <trkpt lat="45.158269" lon="14.641505">
        <ele>20.132747</ele>
        <time>2026-03-24T16:12:33.318Z</time>
      </trkpt>
      <trkpt lat="45.158625" lon="14.640870">
        <ele>16.449204</ele>
        <time>2026-03-24T16:12:40.913Z</time>
      </trkpt>
      <trkpt lat="45.158817" lon="14.640279">
        <ele>13.494588</ele>
        <time>2026-03-24T16:12:46.854Z</time>
      </trkpt>
      <trkpt lat="45.158956" lon="14.639621">
        <ele>10.375676</ele>
        <time>2026-03-24T16:12:53.071Z</time>
      </trkpt>
      <trkpt lat="45.159100" lon="14.639379">
        <ele>9.337490</ele>
        <time>2026-03-24T16:12:55.949Z</time>
      </trkpt>
      <trkpt lat="45.159117" lon="14.639276">
        <ele>9.019847</ele>
        <time>2026-03-24T16:12:57.773Z</time>
      </trkpt>
      <trkpt lat="45.159597" lon="14.638585">
        <ele>6.107253</ele>
        <time>2026-03-24T16:13:15.059Z</time>
      </trkpt>
      <trkpt lat="45.159764" lon="14.638273">
        <ele>4.931065</ele>
        <time>2026-03-24T16:13:22.637Z</time>
      </trkpt>
      <trkpt lat="45.159889" lon="14.637876">
        <ele>3.625542</ele>
        <time>2026-03-24T16:13:27.573Z</time>
      </trkpt>
      <trkpt lat="45.160078" lon="14.637667">
        <ele>2.604956</ele>
        <time>2026-03-24T16:13:31.680Z</time>
      </trkpt>
      <trkpt lat="45.160516" lon="14.637184">
        <ele>2.426089</ele>
        <time>2026-03-24T16:13:42.394Z</time>
      </trkpt>
      <trkpt lat="45.160751" lon="14.636729">
        <ele>2.401371</ele>
        <time>2026-03-24T16:13:50.593Z</time>
      </trkpt>
      <trkpt lat="45.160813" lon="14.636172">
        <ele>2.376658</ele>
        <time>2026-03-24T16:13:58.602Z</time>
      </trkpt>
      <trkpt lat="45.160783" lon="14.635297">
        <ele>2.504205</ele>
        <time>2026-03-24T16:14:11.717Z</time>
      </trkpt>
      <trkpt lat="45.160666" lon="14.634556">
        <ele>3.130086</ele>
        <time>2026-03-24T16:14:24.143Z</time>
      </trkpt>
      <trkpt lat="45.160541" lon="14.634384">
        <ele>3.333674</ele>
        <time>2026-03-24T16:14:28.432Z</time>
      </trkpt>
      <trkpt lat="45.160340" lon="14.634191">
        <ele>3.617415</ele>
        <time>2026-03-24T16:14:34.625Z</time>
      </trkpt>
      <trkpt lat="45.160231" lon="14.634030">
        <ele>3.801382</ele>
        <time>2026-03-24T16:14:38.764Z</time>
      </trkpt>
      <trkpt lat="45.160174" lon="14.633945">
        <ele>3.898066</ele>
        <time>2026-03-24T16:14:40.980Z</time>
      </trkpt>
      <trkpt lat="45.159894" lon="14.633102">
        <ele>4.878691</ele>
        <time>2026-03-24T16:14:59.568Z</time>
      </trkpt>
      <trkpt lat="45.159686" lon="14.632378">
        <ele>6.154252</ele>
        <time>2026-03-24T16:15:15.313Z</time>
      </trkpt>
      <trkpt lat="45.159663" lon="14.631911">
        <ele>6.918066</ele>
        <time>2026-03-24T16:15:24.750Z</time>
      </trkpt>
      <trkpt lat="45.159487" lon="14.631121">
        <ele>8.269838</ele>
        <time>2026-03-24T16:15:42.720Z</time>
      </trkpt>
      <trkpt lat="45.159190" lon="14.630538">
        <ele>9.848607</ele>
        <time>2026-03-24T16:16:00.495Z</time>
      </trkpt>
      <trkpt lat="45.159047" lon="14.630408">
        <ele>10.433004</ele>
        <time>2026-03-24T16:16:06.982Z</time>
      </trkpt>
      <trkpt lat="45.158570" lon="14.630463">
        <ele>12.079532</ele>
        <time>2026-03-24T16:16:25.591Z</time>
      </trkpt>
      <trkpt lat="45.158404" lon="14.630426">
        <ele>12.657665</ele>
        <time>2026-03-24T16:16:32.155Z</time>
      </trkpt>
      <trkpt lat="45.158203" lon="14.630163">
        <ele>13.598589</ele>
        <time>2026-03-24T16:16:42.493Z</time>
      </trkpt>
      <trkpt lat="45.158139" lon="14.629943">
        <ele>14.175959</ele>
        <time>2026-03-24T16:16:48.576Z</time>
      </trkpt>
      <trkpt lat="45.158154" lon="14.629691">
        <ele>14.789503</ele>
        <time>2026-03-24T16:16:54.575Z</time>
      </trkpt>
      <trkpt lat="45.158206" lon="14.629485">
        <ele>14.854180</ele>
        <time>2026-03-24T16:16:59.296Z</time>
      </trkpt>
      <trkpt lat="45.158194" lon="14.629338">
        <ele>14.892060</ele>
        <time>2026-03-24T16:17:02.258Z</time>
      </trkpt>
      <trkpt lat="45.158136" lon="14.629178">
        <ele>14.938112</ele>
        <time>2026-03-24T16:17:05.578Z</time>
      </trkpt>
      <trkpt lat="45.157956" lon="14.629024">
        <ele>15.014424</ele>
        <time>2026-03-24T16:17:10.456Z</time>
      </trkpt>
      <trkpt lat="45.157958" lon="14.628776">
        <ele>15.077911</ele>
        <time>2026-03-24T16:17:13.432Z</time>
      </trkpt>
      <trkpt lat="45.157937" lon="14.628575">
        <ele>15.129925</ele>
        <time>2026-03-24T16:17:15.698Z</time>
      </trkpt>
      <trkpt lat="45.157885" lon="14.627879">
        <ele>15.309084</ele>
        <time>2026-03-24T16:17:23.147Z</time>
      </trkpt>
      <trkpt lat="45.157900" lon="14.627470">
        <ele>15.413921</ele>
        <time>2026-03-24T16:17:27.570Z</time>
      </trkpt>
      <trkpt lat="45.157901" lon="14.627403">
        <ele>15.431075</ele>
        <time>2026-03-24T16:17:28.285Z</time>
      </trkpt>
      <trkpt lat="45.157907" lon="14.627283">
        <ele>15.426948</ele>
        <time>2026-03-24T16:17:29.591Z</time>
      </trkpt>
      <trkpt lat="45.157932" lon="14.626974">
        <ele>15.221319</ele>
        <time>2026-03-24T16:17:33.056Z</time>
      </trkpt>
      <trkpt lat="45.157920" lon="14.626820">
        <ele>15.118885</ele>
        <time>2026-03-24T16:17:34.863Z</time>
      </trkpt>
      <trkpt lat="45.157813" lon="14.626308">
        <ele>14.765833</ele>
        <time>2026-03-24T16:17:41.089Z</time>
      </trkpt>
      <trkpt lat="45.157808" lon="14.626199">
        <ele>14.693618</ele>
        <time>2026-03-24T16:17:42.381Z</time>
      </trkpt>
      <trkpt lat="45.157822" lon="14.625748">
        <ele>14.395159</ele>
        <time>2026-03-24T16:17:48.417Z</time>
      </trkpt>
      <trkpt lat="45.157781" lon="14.625477">
        <ele>14.211915</ele>
        <time>2026-03-24T16:17:51.988Z</time>
      </trkpt>
      <trkpt lat="45.157723" lon="14.625378">
        <ele>14.126821</ele>
        <time>2026-03-24T16:17:53.628Z</time>
      </trkpt>
      <trkpt lat="45.157689" lon="14.625125">
        <ele>13.956544</ele>
        <time>2026-03-24T16:17:56.733Z</time>
      </trkpt>
      <trkpt lat="45.157739" lon="14.624885">
        <ele>13.791092</ele>
        <time>2026-03-24T16:17:59.611Z</time>
      </trkpt>
      <trkpt lat="45.157744" lon="14.624741">
        <ele>13.453937</ele>
        <time>2026-03-24T16:18:01.225Z</time>
      </trkpt>
      <trkpt lat="45.157761" lon="14.624500">
        <ele>12.740611</ele>
        <time>2026-03-24T16:18:03.430Z</time>
      </trkpt>
      <trkpt lat="45.157771" lon="14.624397">
        <ele>12.434398</ele>
        <time>2026-03-24T16:18:04.358Z</time>
      </trkpt>
      <trkpt lat="45.157803" lon="14.624277">
        <ele>12.056552</ele>
        <time>2026-03-24T16:18:05.486Z</time>
      </trkpt>
      <trkpt lat="45.157868" lon="14.624161">
        <ele>11.620183</ele>
        <time>2026-03-24T16:18:06.750Z</time>
      </trkpt>
      <trkpt lat="45.157949" lon="14.623926">
        <ele>10.849815</ele>
        <time>2026-03-24T16:18:08.934Z</time>
      </trkpt>
      <trkpt lat="45.158051" lon="14.623453">
        <ele>9.393076</ele>
        <time>2026-03-24T16:18:12.984Z</time>
      </trkpt>
      <trkpt lat="45.158019" lon="14.622886">
        <ele>7.717838</ele>
        <time>2026-03-24T16:18:17.594Z</time>
      </trkpt>
      <trkpt lat="45.158008" lon="14.622617">
        <ele>6.924263</ele>
        <time>2026-03-24T16:18:19.767Z</time>
      </trkpt>
      <trkpt lat="45.157956" lon="14.622471">
        <ele>6.442535</ele>
        <time>2026-03-24T16:18:21.102Z</time>
      </trkpt>
      <trkpt lat="45.157717" lon="14.622138">
        <ele>5.455278</ele>
        <time>2026-03-24T16:18:25.132Z</time>
      </trkpt>
      <trkpt lat="45.157310" lon="14.621683">
        <ele>4.027713</ele>
        <time>2026-03-24T16:18:31.532Z</time>
      </trkpt>
      <trkpt lat="45.157209" lon="14.621581">
        <ele>3.686168</ele>
        <time>2026-03-24T16:18:33.132Z</time>
      </trkpt>
      <trkpt lat="45.157115" lon="14.621506">
        <ele>3.389072</ele>
        <time>2026-03-24T16:18:34.581Z</time>
      </trkpt>
      <trkpt lat="45.156920" lon="14.621443">
        <ele>2.838174</ele>
        <time>2026-03-24T16:18:37.343Z</time>
      </trkpt>
      <trkpt lat="45.156859" lon="14.621373">
        <ele>2.622024</ele>
        <time>2026-03-24T16:18:38.448Z</time>
      </trkpt>
      <trkpt lat="45.156818" lon="14.621279">
        <ele>2.407333</ele>
        <time>2026-03-24T16:18:39.524Z</time>
      </trkpt>
      <trkpt lat="45.156797" lon="14.621217">
        <ele>2.273731</ele>
        <time>2026-03-24T16:18:40.212Z</time>
      </trkpt>
      <trkpt lat="45.156825" lon="14.620963">
        <ele>1.774365</ele>
        <time>2026-03-24T16:18:42.804Z</time>
      </trkpt>
      <trkpt lat="45.156855" lon="14.620811">
        <ele>1.467772</ele>
        <time>2026-03-24T16:18:44.413Z</time>
      </trkpt>
      <trkpt lat="45.156811" lon="14.620643">
        <ele>1.262608</ele>
        <time>2026-03-24T16:18:46.309Z</time>
      </trkpt>
      <trkpt lat="45.156696" lon="14.620496">
        <ele>1.175826</ele>
        <time>2026-03-24T16:18:48.720Z</time>
      </trkpt>
      <trkpt lat="45.156551" lon="14.620384">
        <ele>1.083275</ele>
        <time>2026-03-24T16:18:51.321Z</time>
      </trkpt>
      <trkpt lat="45.156474" lon="14.620300">
        <ele>1.028822</ele>
        <time>2026-03-24T16:18:52.851Z</time>
      </trkpt>
      <trkpt lat="45.156498" lon="14.620178">
        <ele>0.978758</ele>
        <time>2026-03-24T16:18:54.204Z</time>
      </trkpt>
      <trkpt lat="45.156516" lon="14.620012">
        <ele>0.912373</ele>
        <time>2026-03-24T16:18:55.961Z</time>
      </trkpt>
      <trkpt lat="45.156474" lon="14.619882">
        <ele>0.855852</ele>
        <time>2026-03-24T16:18:57.463Z</time>
      </trkpt>
      <trkpt lat="45.156425" lon="14.619843">
        <ele>0.824356</ele>
        <time>2026-03-24T16:18:58.273Z</time>
      </trkpt>
      <trkpt lat="45.156244" lon="14.619801">
        <ele>0.721552</ele>
        <time>2026-03-24T16:19:01.126Z</time>
      </trkpt>
      <trkpt lat="45.155849" lon="14.619825">
        <ele>0.499941</ele>
        <time>2026-03-24T16:19:07.629Z</time>
      </trkpt>
      <trkpt lat="45.154840" lon="14.620046">
        <ele>1.206550</ele>
        <time>2026-03-24T16:19:24.909Z</time>
      </trkpt>
      <trkpt lat="45.154826" lon="14.619964">
        <ele>1.290604</ele>
        <time>2026-03-24T16:19:26.109Z</time>
      </trkpt>
      <trkpt lat="45.154752" lon="14.619899">
        <ele>1.413578</ele>
        <time>2026-03-24T16:19:27.972Z</time>
      </trkpt>
      <trkpt lat="45.154694" lon="14.619917">
        <ele>1.497456</ele>
        <time>2026-03-24T16:19:29.208Z</time>
      </trkpt>
      <trkpt lat="45.154654" lon="14.619979">
        <ele>1.581174</ele>
        <time>2026-03-24T16:19:30.463Z</time>
      </trkpt>
      <trkpt lat="45.154652" lon="14.620086">
        <ele>1.687811</ele>
        <time>2026-03-24T16:19:32.076Z</time>
      </trkpt>
      <trkpt lat="45.154530" lon="14.620104">
        <ele>1.861097</ele>
        <time>2026-03-24T16:19:34.640Z</time>
      </trkpt>
      <trkpt lat="45.154495" lon="14.620106">
        <ele>1.910583</ele>
        <time>2026-03-24T16:19:35.377Z</time>
      </trkpt>
      <trkpt lat="45.154368" lon="14.620084">
        <ele>2.091335</ele>
        <time>2026-03-24T16:19:38.334Z</time>
      </trkpt>
      <trkpt lat="45.154188" lon="14.619919">
        <ele>2.394135</ele>
        <time>2026-03-24T16:19:43.955Z</time>
      </trkpt>
      <trkpt lat="45.154056" lon="14.619615">
        <ele>2.749808</ele>
        <time>2026-03-24T16:19:51.906Z</time>
      </trkpt>
      <trkpt lat="45.154052" lon="14.619520">
        <ele>2.884907</ele>
        <time>2026-03-24T16:19:54.201Z</time>
      </trkpt>
      <trkpt lat="45.154080" lon="14.619394">
        <ele>3.435483</ele>
        <time>2026-03-24T16:19:57.631Z</time>
      </trkpt>
      <trkpt lat="45.154140" lon="14.619231">
        <ele>4.201782</ele>
        <time>2026-03-24T16:20:02.647Z</time>
      </trkpt>
      <trkpt lat="45.154215" lon="14.619029">
        <ele>5.153194</ele>
        <time>2026-03-24T16:20:09.201Z</time>
      </trkpt>
      <trkpt lat="45.154215" lon="14.618940">
        <ele>5.524112</ele>
        <time>2026-03-24T16:20:11.825Z</time>
      </trkpt>
      <trkpt lat="45.154147" lon="14.618767">
        <ele>6.349542</ele>
        <time>2026-03-24T16:20:18.010Z</time>
      </trkpt>
      <trkpt lat="45.153894" lon="14.618461">
        <ele>8.314729</ele>
        <time>2026-03-24T16:20:33.969Z</time>
      </trkpt>
      <trkpt lat="45.153549" lon="14.618291">
        <ele>10.473211</ele>
        <time>2026-03-24T16:20:52.308Z</time>
      </trkpt>
      <trkpt lat="45.153467" lon="14.618254">
        <ele>10.981759</ele>
        <time>2026-03-24T16:20:56.639Z</time>
      </trkpt>
      <trkpt lat="45.153225" lon="14.618137">
        <ele>12.492779</ele>
        <time>2026-03-24T16:21:10.468Z</time>
      </trkpt>
      <trkpt lat="45.152895" lon="14.617841">
        <ele>13.787532</ele>
        <time>2026-03-24T16:21:29.221Z</time>
      </trkpt>
      <trkpt lat="45.152494" lon="14.617484">
        <ele>14.468678</ele>
        <time>2026-03-24T16:21:43.213Z</time>
      </trkpt>
      <trkpt lat="45.152284" lon="14.617260">
        <ele>14.846714</ele>
        <time>2026-03-24T16:21:49.343Z</time>
      </trkpt>
      <trkpt lat="45.152232" lon="14.617151">
        <ele>14.980223</ele>
        <time>2026-03-24T16:21:51.338Z</time>
      </trkpt>
      <trkpt lat="45.152271" lon="14.616607">
        <ele>15.534971</ele>
        <time>2026-03-24T16:21:57.584Z</time>
      </trkpt>
      <trkpt lat="45.152234" lon="14.616426">
        <ele>15.726160</ele>
        <time>2026-03-24T16:21:59.482Z</time>
      </trkpt>
      <trkpt lat="45.152194" lon="14.616347">
        <ele>15.824826</ele>
        <time>2026-03-24T16:22:00.422Z</time>
      </trkpt>
      <trkpt lat="45.151973" lon="14.616137">
        <ele>15.696904</ele>
        <time>2026-03-24T16:22:03.863Z</time>
      </trkpt>
      <trkpt lat="45.151727" lon="14.615979">
        <ele>14.832963</ele>
        <time>2026-03-24T16:22:07.128Z</time>
      </trkpt>
      <trkpt lat="45.151607" lon="14.615841">
        <ele>14.338690</ele>
        <time>2026-03-24T16:22:08.941Z</time>
      </trkpt>
      <trkpt lat="45.151589" lon="14.615768">
        <ele>14.164218</ele>
        <time>2026-03-24T16:22:09.592Z</time>
      </trkpt>
      <trkpt lat="45.151593" lon="14.615659">
        <ele>13.917970</ele>
        <time>2026-03-24T16:22:10.523Z</time>
      </trkpt>
      <trkpt lat="45.151634" lon="14.615502">
        <ele>13.540257</ele>
        <time>2026-03-24T16:22:11.966Z</time>
      </trkpt>
      <trkpt lat="45.152050" lon="14.614624">
        <ele>11.153870</ele>
        <time>2026-03-24T16:22:21.403Z</time>
      </trkpt>
      <trkpt lat="45.152102" lon="14.614252">
        <ele>10.298279</ele>
        <time>2026-03-24T16:22:24.736Z</time>
      </trkpt>
      <trkpt lat="45.152090" lon="14.614032">
        <ele>9.982959</ele>
        <time>2026-03-24T16:22:26.684Z</time>
      </trkpt>
      <trkpt lat="45.152062" lon="14.613834">
        <ele>9.695448</ele>
        <time>2026-03-24T16:22:28.485Z</time>
      </trkpt>
      <trkpt lat="45.151906" lon="14.613177">
        <ele>8.708459</ele>
        <time>2026-03-24T16:22:34.862Z</time>
      </trkpt>
      <trkpt lat="45.151674" lon="14.612370">
        <ele>7.467703</ele>
        <time>2026-03-24T16:22:43.373Z</time>
      </trkpt>
      <trkpt lat="45.151598" lon="14.612104">
        <ele>7.059087</ele>
        <time>2026-03-24T16:22:46.374Z</time>
      </trkpt>
      <trkpt lat="45.151376" lon="14.611522">
        <ele>6.634705</ele>
        <time>2026-03-24T16:22:53.371Z</time>
      </trkpt>
      <trkpt lat="45.150987" lon="14.610869">
        <ele>6.569578</ele>
        <time>2026-03-24T16:23:03.145Z</time>
      </trkpt>
      <trkpt lat="45.150826" lon="14.610675">
        <ele>6.546752</ele>
        <time>2026-03-24T16:23:06.926Z</time>
      </trkpt>
      <trkpt lat="45.150547" lon="14.610407">
        <ele>6.510344</ele>
        <time>2026-03-24T16:23:13.300Z</time>
      </trkpt>
      <trkpt lat="45.150406" lon="14.610223">
        <ele>6.489642</ele>
        <time>2026-03-24T16:23:16.862Z</time>
      </trkpt>
      <trkpt lat="45.150359" lon="14.610098">
        <ele>6.478849</ele>
        <time>2026-03-24T16:23:18.744Z</time>
      </trkpt>
      <trkpt lat="45.150322" lon="14.609841">
        <ele>6.717201</ele>
        <time>2026-03-24T16:23:22.289Z</time>
      </trkpt>
      <trkpt lat="45.150324" lon="14.609468">
        <ele>7.369088</ele>
        <time>2026-03-24T16:23:27.477Z</time>
      </trkpt>
      <trkpt lat="45.150319" lon="14.609126">
        <ele>7.966907</ele>
        <time>2026-03-24T16:23:32.548Z</time>
      </trkpt>
      <trkpt lat="45.150274" lon="14.608790">
        <ele>8.564607</ele>
        <time>2026-03-24T16:23:38.041Z</time>
      </trkpt>
      <trkpt lat="45.150059" lon="14.608082">
        <ele>9.911765</ele>
        <time>2026-03-24T16:23:52.966Z</time>
      </trkpt>
      <trkpt lat="45.149877" lon="14.607684">
        <ele>10.740747</ele>
        <time>2026-03-24T16:24:05.157Z</time>
      </trkpt>
      <trkpt lat="45.149668" lon="14.607330">
        <ele>11.949075</ele>
        <time>2026-03-24T16:24:20.150Z</time>
      </trkpt>
      <trkpt lat="45.149550" lon="14.607209">
        <ele>12.543312</ele>
        <time>2026-03-24T16:24:27.295Z</time>
      </trkpt>
      <trkpt lat="45.149381" lon="14.607103">
        <ele>13.297397</ele>
        <time>2026-03-24T16:24:36.609Z</time>
      </trkpt>
      <trkpt lat="45.149243" lon="14.607075">
        <ele>13.866260</ele>
        <time>2026-03-24T16:24:44.005Z</time>
      </trkpt>
      <trkpt lat="45.148815" lon="14.607136">
        <ele>15.621570</ele>
        <time>2026-03-24T16:25:04.053Z</time>
      </trkpt>
      <trkpt lat="45.148410" lon="14.607330">
        <ele>17.365986</ele>
        <time>2026-03-24T16:25:16.744Z</time>
      </trkpt>
      <trkpt lat="45.148241" lon="14.607391">
        <ele>18.077607</ele>
        <time>2026-03-24T16:25:20.132Z</time>
      </trkpt>
      <trkpt lat="45.148161" lon="14.607383">
        <ele>18.080624</ele>
        <time>2026-03-24T16:25:21.422Z</time>
      </trkpt>
      <trkpt lat="45.148175" lon="14.607177">
        <ele>17.281961</ele>
        <time>2026-03-24T16:25:23.501Z</time>
      </trkpt>
      <trkpt lat="45.148255" lon="14.606852">
        <ele>15.953549</ele>
        <time>2026-03-24T16:25:26.526Z</time>
      </trkpt>
      <trkpt lat="45.148271" lon="14.606633">
        <ele>15.103878</ele>
        <time>2026-03-24T16:25:28.315Z</time>
      </trkpt>
      <trkpt lat="45.148341" lon="14.606333">
        <ele>13.884427</ele>
        <time>2026-03-24T16:25:30.818Z</time>
      </trkpt>
      <trkpt lat="45.148397" lon="14.606193">
        <ele>13.263305</ele>
        <time>2026-03-24T16:25:32.067Z</time>
      </trkpt>
      <trkpt lat="45.148788" lon="14.605621">
        <ele>10.189221</ele>
        <time>2026-03-24T16:25:38.069Z</time>
      </trkpt>
      <trkpt lat="45.148901" lon="14.605320">
        <ele>8.873322</ele>
        <time>2026-03-24T16:25:40.668Z</time>
      </trkpt>
      <trkpt lat="45.148909" lon="14.605251">
        <ele>8.603471</ele>
        <time>2026-03-24T16:25:41.209Z</time>
      </trkpt>
      <trkpt lat="45.148941" lon="14.604972">
        <ele>7.762864</ele>
        <time>2026-03-24T16:25:43.430Z</time>
      </trkpt>
      <trkpt lat="45.148908" lon="14.604691">
        <ele>6.965186</ele>
        <time>2026-03-24T16:25:45.716Z</time>
      </trkpt>
      <trkpt lat="45.148835" lon="14.604369">
        <ele>6.018095</ele>
        <time>2026-03-24T16:25:48.492Z</time>
      </trkpt>
      <trkpt lat="45.148772" lon="14.604041">
        <ele>5.066190</ele>
        <time>2026-03-24T16:25:51.370Z</time>
      </trkpt>
      <trkpt lat="45.148753" lon="14.603495">
        <ele>3.535439</ele>
        <time>2026-03-24T16:25:56.192Z</time>
      </trkpt>
      <trkpt lat="45.148824" lon="14.602428">
        <ele>1.149210</ele>
        <time>2026-03-24T16:26:06.604Z</time>
      </trkpt>
      <trkpt lat="45.148829" lon="14.602367">
        <ele>1.118424</ele>
        <time>2026-03-24T16:26:07.246Z</time>
      </trkpt>
      <trkpt lat="45.148908" lon="14.601948">
        <ele>0.900996</ele>
        <time>2026-03-24T16:26:11.963Z</time>
      </trkpt>
      <trkpt lat="45.149002" lon="14.601644">
        <ele>0.734592</ele>
        <time>2026-03-24T16:26:15.701Z</time>
      </trkpt>
      <trkpt lat="45.149117" lon="14.601356">
        <ele>0.568679</ele>
        <time>2026-03-24T16:26:19.422Z</time>
      </trkpt>
      <trkpt lat="45.149261" lon="14.601077">
        <ele>0.395359</ele>
        <time>2026-03-24T16:26:23.336Z</time>
      </trkpt>
      <trkpt lat="45.149368" lon="14.600908">
        <ele>0.281506</ele>
        <time>2026-03-24T16:26:25.892Z</time>
      </trkpt>
      <trkpt lat="45.149462" lon="14.600753">
        <ele>0.179026</ele>
        <time>2026-03-24T16:26:28.219Z</time>
      </trkpt>
      <trkpt lat="45.149711" lon="14.600345">
        <ele>-0.014287</ele>
        <time>2026-03-24T16:26:34.444Z</time>
      </trkpt>
      <trkpt lat="45.149747" lon="14.600286">
        <ele>-0.022036</ele>
        <time>2026-03-24T16:26:35.354Z</time>
      </trkpt>
      <trkpt lat="45.149899" lon="14.600036">
        <ele>-0.054818</ele>
        <time>2026-03-24T16:26:39.229Z</time>
      </trkpt>
      <trkpt lat="45.150231" lon="14.599494">
        <ele>-0.126117</ele>
        <time>2026-03-24T16:26:47.678Z</time>
      </trkpt>
      <trkpt lat="45.150967" lon="14.598331">
        <ele>-0.109615</ele>
        <time>2026-03-24T16:27:06.225Z</time>
      </trkpt>
      <trkpt lat="45.151052" lon="14.598120">
        <ele>-0.007394</ele>
        <time>2026-03-24T16:27:09.238Z</time>
      </trkpt>
      <trkpt lat="45.151075" lon="14.597984">
        <ele>0.051439</ele>
        <time>2026-03-24T16:27:11.005Z</time>
      </trkpt>
      <trkpt lat="45.151066" lon="14.597727">
        <ele>0.159684</ele>
        <time>2026-03-24T16:27:14.288Z</time>
      </trkpt>
      <trkpt lat="45.151040" lon="14.597604">
        <ele>0.213701</ele>
        <time>2026-03-24T16:27:15.982Z</time>
      </trkpt>
      <trkpt lat="45.150836" lon="14.597108">
        <ele>0.455244</ele>
        <time>2026-03-24T16:27:23.952Z</time>
      </trkpt>
      <trkpt lat="45.150785" lon="14.596906">
        <ele>0.545500</ele>
        <time>2026-03-24T16:27:27.134Z</time>
      </trkpt>
      <trkpt lat="45.150660" lon="14.596599">
        <ele>0.694625</ele>
        <time>2026-03-24T16:27:32.586Z</time>
      </trkpt>
      <trkpt lat="45.150520" lon="14.596453">
        <ele>0.798287</ele>
        <time>2026-03-24T16:27:36.528Z</time>
      </trkpt>
      <trkpt lat="45.149185" lon="14.595601">
        <ele>3.336911</ele>
        <time>2026-03-24T16:28:12.738Z</time>
      </trkpt>
      <trkpt lat="45.148479" lon="14.595216">
        <ele>4.955508</ele>
        <time>2026-03-24T16:28:32.980Z</time>
      </trkpt>
      <trkpt lat="45.148513" lon="14.595142">
        <ele>5.111908</ele>
        <time>2026-03-24T16:28:34.952Z</time>
      </trkpt>
      <trkpt lat="45.148503" lon="14.595035">
        <ele>5.303047</ele>
        <time>2026-03-24T16:28:37.334Z</time>
      </trkpt>
      <trkpt lat="45.148355" lon="14.594391">
        <ele>6.502506</ele>
        <time>2026-03-24T16:28:52.844Z</time>
      </trkpt>
      <trkpt lat="45.148336" lon="14.594185">
        <ele>6.870412</ele>
        <time>2026-03-24T16:28:57.746Z</time>
      </trkpt>
      <trkpt lat="45.148340" lon="14.593458">
        <ele>8.157877</ele>
        <time>2026-03-24T16:29:14.934Z</time>
      </trkpt>
      <trkpt lat="45.148372" lon="14.592891">
        <ele>8.847783</ele>
        <time>2026-03-24T16:29:26.937Z</time>
      </trkpt>
      <trkpt lat="45.148475" lon="14.592143">
        <ele>9.530922</ele>
        <time>2026-03-24T16:29:40.934Z</time>
      </trkpt>
      <trkpt lat="45.148521" lon="14.591953">
        <ele>9.710986</ele>
        <time>2026-03-24T16:29:45.904Z</time>
      </trkpt>
      <trkpt lat="45.148451" lon="14.591750">
        <ele>9.913532</ele>
        <time>2026-03-24T16:29:51.288Z</time>
      </trkpt>
      <trkpt lat="45.148462" lon="14.591551">
        <ele>10.092455</ele>
        <time>2026-03-24T16:29:55.939Z</time>
      </trkpt>
      <trkpt lat="45.148664" lon="14.590813">
        <ele>10.802040</ele>
        <time>2026-03-24T16:30:14.723Z</time>
      </trkpt>
      <trkpt lat="45.148872" lon="14.590187">
        <ele>12.194119</ele>
        <time>2026-03-24T16:30:32.751Z</time>
      </trkpt>
      <trkpt lat="45.149093" lon="14.588799">
        <ele>15.073153</ele>
        <time>2026-03-24T16:31:20.146Z</time>
      </trkpt>
      <trkpt lat="45.149203" lon="14.588585">
        <ele>15.608938</ele>
        <time>2026-03-24T16:31:29.790Z</time>
      </trkpt>
      <trkpt lat="45.149363" lon="14.588419">
        <ele>16.263281</ele>
        <time>2026-03-24T16:31:40.084Z</time>
      </trkpt>
      <trkpt lat="45.149510" lon="14.588571">
        <ele>16.998707</ele>
        <time>2026-03-24T16:31:49.404Z</time>
      </trkpt>
      <trkpt lat="45.149687" lon="14.588215">
        <ele>18.240441</ele>
        <time>2026-03-24T16:32:05.123Z</time>
      </trkpt>
      <trkpt lat="45.149886" lon="14.587956">
        <ele>19.332336</ele>
        <time>2026-03-24T16:32:19.005Z</time>
      </trkpt>
      <trkpt lat="45.150044" lon="14.587630">
        <ele>20.459992</ele>
        <time>2026-03-24T16:32:33.084Z</time>
      </trkpt>
      <trkpt lat="45.150375" lon="14.587103">
        <ele>22.471774</ele>
        <time>2026-03-24T16:32:57.323Z</time>
      </trkpt>
      <trkpt lat="45.150494" lon="14.586859">
        <ele>23.326219</ele>
        <time>2026-03-24T16:33:07.469Z</time>
      </trkpt>
      <trkpt lat="45.150602" lon="14.586463">
        <ele>24.671308</ele>
        <time>2026-03-24T16:33:21.968Z</time>
      </trkpt>
      <trkpt lat="45.150662" lon="14.585823">
        <ele>26.716697</ele>
        <time>2026-03-24T16:33:44.211Z</time>
      </trkpt>
      <trkpt lat="45.150736" lon="14.585619">
        <ele>27.443458</ele>
        <time>2026-03-24T16:33:52.361Z</time>
      </trkpt>
      <trkpt lat="45.150984" lon="14.585212">
        <ele>29.147462</ele>
        <time>2026-03-24T16:34:12.442Z</time>
      </trkpt>
      <trkpt lat="45.151443" lon="14.584812">
        <ele>31.594877</ele>
        <time>2026-03-24T16:34:42.351Z</time>
      </trkpt>
      <trkpt lat="45.151833" lon="14.584389">
        <ele>34.042085</ele>
        <time>2026-03-24T16:35:11.208Z</time>
      </trkpt>
      <trkpt lat="45.151979" lon="14.584184">
        <ele>35.066143</ele>
        <time>2026-03-24T16:35:23.564Z</time>
      </trkpt>
      <trkpt lat="45.152283" lon="14.583460">
        <ele>38.027813</ele>
        <time>2026-03-24T16:35:57.732Z</time>
      </trkpt>
      <trkpt lat="45.152408" lon="14.583256">
        <ele>38.977690</ele>
        <time>2026-03-24T16:36:07.470Z</time>
      </trkpt>
      <trkpt lat="45.152637" lon="14.582881">
        <ele>40.467021</ele>
        <time>2026-03-24T16:36:23.571Z</time>
      </trkpt>
      <trkpt lat="45.152716" lon="14.582820">
        <ele>40.655141</ele>
        <time>2026-03-24T16:36:27.415Z</time>
      </trkpt>
      <trkpt lat="45.152838" lon="14.582832">
        <ele>40.910894</ele>
        <time>2026-03-24T16:36:32.505Z</time>
      </trkpt>
      <trkpt lat="45.153330" lon="14.583204">
        <ele>42.076950</ele>
        <time>2026-03-24T16:36:54.085Z</time>
      </trkpt>
      <trkpt lat="45.153455" lon="14.583248">
        <ele>42.346297</ele>
        <time>2026-03-24T16:36:58.925Z</time>
      </trkpt>
      <trkpt lat="45.153578" lon="14.583222">
        <ele>42.606371</ele>
        <time>2026-03-24T16:37:03.592Z</time>
      </trkpt>
      <trkpt lat="45.153931" lon="14.582913">
        <ele>43.473933</ele>
        <time>2026-03-24T16:37:19.463Z</time>
      </trkpt>
      <trkpt lat="45.154384" lon="14.582774">
        <ele>44.354891</ele>
        <time>2026-03-24T16:37:39.096Z</time>
      </trkpt>
      <trkpt lat="45.155082" lon="14.582471">
        <ele>45.543077</ele>
        <time>2026-03-24T16:38:11.964Z</time>
      </trkpt>
      <trkpt lat="45.155410" lon="14.582387">
        <ele>46.085604</ele>
        <time>2026-03-24T16:38:25.863Z</time>
      </trkpt>
      <trkpt lat="45.155566" lon="14.582387">
        <ele>46.339527</ele>
        <time>2026-03-24T16:38:31.830Z</time>
      </trkpt>
      <trkpt lat="45.155800" lon="14.582497">
        <ele>46.740794</ele>
        <time>2026-03-24T16:38:40.395Z</time>
      </trkpt>
      <trkpt lat="45.155946" lon="14.582532">
        <ele>46.963534</ele>
        <time>2026-03-24T16:38:44.955Z</time>
      </trkpt>
      <trkpt lat="45.156174" lon="14.582430">
        <ele>46.594614</ele>
        <time>2026-03-24T16:38:51.812Z</time>
      </trkpt>
      <trkpt lat="45.156393" lon="14.582256">
        <ele>46.207247</ele>
        <time>2026-03-24T16:38:58.600Z</time>
      </trkpt>
      <trkpt lat="45.156535" lon="14.582209">
        <ele>45.982237</ele>
        <time>2026-03-24T16:39:02.416Z</time>
      </trkpt>
      <trkpt lat="45.156691" lon="14.582253">
        <ele>45.736797</ele>
        <time>2026-03-24T16:39:06.537Z</time>
      </trkpt>
      <trkpt lat="45.157360" lon="14.582695">
        <ele>44.597919</ele>
        <time>2026-03-24T16:39:26.151Z</time>
      </trkpt>
      <trkpt lat="45.157682" lon="14.582881">
        <ele>44.253603</ele>
        <time>2026-03-24T16:39:36.585Z</time>
      </trkpt>
      <trkpt lat="45.157840" lon="14.582940">
        <ele>44.359021</ele>
        <time>2026-03-24T16:39:42.167Z</time>
      </trkpt>
      <trkpt lat="45.157979" lon="14.582905">
        <ele>44.450108</ele>
        <time>2026-03-24T16:39:47.266Z</time>
      </trkpt>
      <trkpt lat="45.158369" lon="14.582587">
        <ele>44.740369</ele>
        <time>2026-03-24T16:40:03.542Z</time>
      </trkpt>
      <trkpt lat="45.158679" lon="14.582483">
        <ele>44.945905</ele>
        <time>2026-03-24T16:40:15.605Z</time>
      </trkpt>
      <trkpt lat="45.158889" lon="14.582458">
        <ele>45.081876</ele>
        <time>2026-03-24T16:40:23.986Z</time>
      </trkpt>
      <trkpt lat="45.159120" lon="14.582602">
        <ele>45.244683</ele>
        <time>2026-03-24T16:40:33.692Z</time>
      </trkpt>
      <trkpt lat="45.159253" lon="14.582893">
        <ele>45.427718</ele>
        <time>2026-03-24T16:40:42.480Z</time>
      </trkpt>
      <trkpt lat="45.159311" lon="14.582960">
        <ele>45.503067</ele>
        <time>2026-03-24T16:40:45.062Z</time>
      </trkpt>
      <trkpt lat="45.159425" lon="14.582983">
        <ele>45.619051</ele>
        <time>2026-03-24T16:40:48.872Z</time>
      </trkpt>
      <trkpt lat="45.159747" lon="14.582937">
        <ele>45.945031</ele>
        <time>2026-03-24T16:40:58.781Z</time>
      </trkpt>
      <trkpt lat="45.160134" lon="14.582763">
        <ele>46.353963</ele>
        <time>2026-03-24T16:41:10.773Z</time>
      </trkpt>
      <trkpt lat="45.160531" lon="14.582381">
        <ele>46.837199</ele>
        <time>2026-03-24T16:41:28.095Z</time>
      </trkpt>
      <trkpt lat="45.160793" lon="14.582084">
        <ele>47.206736</ele>
        <time>2026-03-24T16:41:41.999Z</time>
      </trkpt>
      <trkpt lat="45.161400" lon="14.581199">
        <ele>52.789376</ele>
        <time>2026-03-24T16:42:28.221Z</time>
      </trkpt>
      <trkpt lat="45.161810" lon="14.580443">
        <ele>57.101959</ele>
        <time>2026-03-24T16:43:14.789Z</time>
      </trkpt>
      <trkpt lat="45.161941" lon="14.580245">
        <ele>58.329669</ele>
        <time>2026-03-24T16:43:29.297Z</time>
      </trkpt>
      <trkpt lat="45.162189" lon="14.580012">
        <ele>60.043464</ele>
        <time>2026-03-24T16:43:52.220Z</time>
      </trkpt>
      <trkpt lat="45.162224" lon="14.579881">
        <ele>60.596835</ele>
        <time>2026-03-24T16:43:59.806Z</time>
      </trkpt>
      <trkpt lat="45.162060" lon="14.578880">
        <ele>64.656268</ele>
        <time>2026-03-24T16:44:50.580Z</time>
      </trkpt>
      <trkpt lat="45.162017" lon="14.577993">
        <ele>68.168324</ele>
        <time>2026-03-24T16:45:19.971Z</time>
      </trkpt>
      <trkpt lat="45.161964" lon="14.577775">
        <ele>68.430584</ele>
        <time>2026-03-24T16:45:25.048Z</time>
      </trkpt>
      <trkpt lat="45.161859" lon="14.577520">
        <ele>67.069902</ele>
        <time>2026-03-24T16:45:30.759Z</time>
      </trkpt>
      <trkpt lat="45.161849" lon="14.577404">
        <ele>66.531412</ele>
        <time>2026-03-24T16:45:32.904Z</time>
      </trkpt>
      <trkpt lat="45.161946" lon="14.576440">
        <ele>62.044449</ele>
        <time>2026-03-24T16:45:48.831Z</time>
      </trkpt>
      <trkpt lat="45.162057" lon="14.575807">
        <ele>59.038843</ele>
        <time>2026-03-24T16:45:58.707Z</time>
      </trkpt>
      <trkpt lat="45.162208" lon="14.575156">
        <ele>55.614602</ele>
        <time>2026-03-24T16:46:08.897Z</time>
      </trkpt>
      <trkpt lat="45.162241" lon="14.574803">
        <ele>53.591953</ele>
        <time>2026-03-24T16:46:14.163Z</time>
      </trkpt>
      <trkpt lat="45.162264" lon="14.574377">
        <ele>51.165114</ele>
        <time>2026-03-24T16:46:20.531Z</time>
      </trkpt>
      <trkpt lat="45.162213" lon="14.573395">
        <ele>45.572070</ele>
        <time>2026-03-24T16:46:35.748Z</time>
      </trkpt>
      <trkpt lat="45.162121" lon="14.572493">
        <ele>43.316970</ele>
        <time>2026-03-24T16:46:51.937Z</time>
      </trkpt>
      <trkpt lat="45.161887" lon="14.571508">
        <ele>45.470081</ele>
        <time>2026-03-24T16:47:22.714Z</time>
      </trkpt>
      <trkpt lat="45.161672" lon="14.570766">
        <ele>47.131853</ele>
        <time>2026-03-24T16:47:57.040Z</time>
      </trkpt>
      <trkpt lat="45.161595" lon="14.570566">
        <ele>47.603888</ele>
        <time>2026-03-24T16:48:07.656Z</time>
      </trkpt>
      <trkpt lat="45.161457" lon="14.570052">
        <ele>50.006028</ele>
        <time>2026-03-24T16:48:33.927Z</time>
      </trkpt>
      <trkpt lat="45.161431" lon="14.569830">
        <ele>51.110078</ele>
        <time>2026-03-24T16:48:44.900Z</time>
      </trkpt>
      <trkpt lat="45.161431" lon="14.569547">
        <ele>52.498472</ele>
        <time>2026-03-24T16:48:58.587Z</time>
      </trkpt>
      <trkpt lat="45.161474" lon="14.568963">
        <ele>55.379146</ele>
        <time>2026-03-24T16:49:26.275Z</time>
      </trkpt>
      <trkpt lat="45.161444" lon="14.567980">
        <ele>60.206245</ele>
        <time>2026-03-24T16:50:09.028Z</time>
      </trkpt>
      <trkpt lat="45.161572" lon="14.566956">
        <ele>62.354784</ele>
        <time>2026-03-24T16:50:46.477Z</time>
      </trkpt>
      <trkpt lat="45.161657" lon="14.566501">
        <ele>63.292671</ele>
        <time>2026-03-24T16:51:00.670Z</time>
      </trkpt>
      <trkpt lat="45.161807" lon="14.565950">
        <ele>64.469547</ele>
        <time>2026-03-24T16:51:16.454Z</time>
      </trkpt>
      <trkpt lat="45.162248" lon="14.564540">
        <ele>66.109923</ele>
        <time>2026-03-24T16:51:53.427Z</time>
      </trkpt>
      <trkpt lat="45.162363" lon="14.564202">
        <ele>66.353514</ele>
        <time>2026-03-24T16:52:02.588Z</time>
      </trkpt>
      <trkpt lat="45.162549" lon="14.563678">
        <ele>66.734293</ele>
        <time>2026-03-24T16:52:17.462Z</time>
      </trkpt>
      <trkpt lat="45.162693" lon="14.562941">
        <ele>67.583095</ele>
        <time>2026-03-24T16:52:38.190Z</time>
      </trkpt>
      <trkpt lat="45.162657" lon="14.562153">
        <ele>69.243043</ele>
        <time>2026-03-24T16:53:00.863Z</time>
      </trkpt>
      <trkpt lat="45.162637" lon="14.560860">
        <ele>71.961745</ele>
        <time>2026-03-24T16:53:43.614Z</time>
      </trkpt>
      <trkpt lat="45.162614" lon="14.560707">
        <ele>72.290599</ele>
        <time>2026-03-24T16:53:49.338Z</time>
      </trkpt>
      <trkpt lat="45.162353" lon="14.559784">
        <ele>75.129783</ele>
        <time>2026-03-24T16:54:27.811Z</time>
      </trkpt>
      <trkpt lat="45.161994" lon="14.558616">
        <ele>78.839003</ele>
        <time>2026-03-24T16:55:15.266Z</time>
      </trkpt>
      <trkpt lat="45.161971" lon="14.558213">
        <ele>79.926247</ele>
        <time>2026-03-24T16:55:27.901Z</time>
      </trkpt>
      <trkpt lat="45.162007" lon="14.557467">
        <ele>80.837289</ele>
        <time>2026-03-24T16:55:48.449Z</time>
      </trkpt>
      <trkpt lat="45.161997" lon="14.557300">
        <ele>81.041492</ele>
        <time>2026-03-24T16:55:52.733Z</time>
      </trkpt>
      <trkpt lat="45.161856" lon="14.556873">
        <ele>81.615968</ele>
        <time>2026-03-24T16:56:04.339Z</time>
      </trkpt>
      <trkpt lat="45.161804" lon="14.556479">
        <ele>82.104351</ele>
        <time>2026-03-24T16:56:14.297Z</time>
      </trkpt>
      <trkpt lat="45.161774" lon="14.556419">
        <ele>82.193969</ele>
        <time>2026-03-24T16:56:16.154Z</time>
      </trkpt>
      <trkpt lat="45.161500" lon="14.556289">
        <ele>82.693219</ele>
        <time>2026-03-24T16:56:26.886Z</time>
      </trkpt>
      <trkpt lat="45.160715" lon="14.555514">
        <ele>84.214897</ele>
        <time>2026-03-24T16:57:09.524Z</time>
      </trkpt>
      <trkpt lat="45.160436" lon="14.555043">
        <ele>84.893025</ele>
        <time>2026-03-24T16:57:29.578Z</time>
      </trkpt>
      <trkpt lat="45.160093" lon="14.554826">
        <ele>85.480211</ele>
        <time>2026-03-24T16:57:43.795Z</time>
      </trkpt>
      <trkpt lat="45.159874" lon="14.554616">
        <ele>85.270396</ele>
        <time>2026-03-24T16:57:51.742Z</time>
      </trkpt>
      <trkpt lat="45.159587" lon="14.554308">
        <ele>82.700341</ele>
        <time>2026-03-24T16:58:01.166Z</time>
      </trkpt>
      <trkpt lat="45.159437" lon="14.554203">
        <ele>81.505847</ele>
        <time>2026-03-24T16:58:05.169Z</time>
      </trkpt>
      <trkpt lat="45.159513" lon="14.553471">
        <ele>77.780321</ele>
        <time>2026-03-24T16:58:16.785Z</time>
      </trkpt>
      <trkpt lat="45.159636" lon="14.553273">
        <ele>76.451639</ele>
        <time>2026-03-24T16:58:20.740Z</time>
      </trkpt>
      <trkpt lat="45.159664" lon="14.553015">
        <ele>75.137258</ele>
        <time>2026-03-24T16:58:24.611Z</time>
      </trkpt>
      <trkpt lat="45.159798" lon="14.552672">
        <ele>73.162826</ele>
        <time>2026-03-24T16:58:30.409Z</time>
      </trkpt>
      <trkpt lat="45.160025" lon="14.552404">
        <ele>70.391167</ele>
        <time>2026-03-24T16:58:36.602Z</time>
      </trkpt>
      <trkpt lat="45.160129" lon="14.552235">
        <ele>68.864597</ele>
        <time>2026-03-24T16:58:39.935Z</time>
      </trkpt>
      <trkpt lat="45.160266" lon="14.551908">
        <ele>66.275964</ele>
        <time>2026-03-24T16:58:45.619Z</time>
      </trkpt>
      <trkpt lat="45.160399" lon="14.551015">
        <ele>60.064452</ele>
        <time>2026-03-24T16:58:59.637Z</time>
      </trkpt>
      <trkpt lat="45.160433" lon="14.550603">
        <ele>57.241402</ele>
        <time>2026-03-24T16:59:06.191Z</time>
      </trkpt>
      <trkpt lat="45.160420" lon="14.550314">
        <ele>55.281706</ele>
        <time>2026-03-24T16:59:10.762Z</time>
      </trkpt>
      <trkpt lat="45.160442" lon="14.550172">
        <ele>54.328066</ele>
        <time>2026-03-24T16:59:13.026Z</time>
      </trkpt>
      <trkpt lat="45.160740" lon="14.550690">
        <ele>49.942976</ele>
        <time>2026-03-24T16:59:18.055Z</time>
      </trkpt>
      <trkpt lat="45.160829" lon="14.550777">
        <ele>48.937450</ele>
        <time>2026-03-24T16:59:19.197Z</time>
      </trkpt>
      <trkpt lat="45.160930" lon="14.550831">
        <ele>47.933364</ele>
        <time>2026-03-24T16:59:20.338Z</time>
      </trkpt>
      <trkpt lat="45.161092" lon="14.550841">
        <ele>46.424956</ele>
        <time>2026-03-24T16:59:22.046Z</time>
      </trkpt>
      <trkpt lat="45.161197" lon="14.550800">
        <ele>45.411863</ele>
        <time>2026-03-24T16:59:23.194Z</time>
      </trkpt>
      <trkpt lat="45.161292" lon="14.550722">
        <ele>44.390726</ele>
        <time>2026-03-24T16:59:24.340Z</time>
      </trkpt>
      <trkpt lat="45.161654" lon="14.550122">
        <ele>39.211149</ele>
        <time>2026-03-24T16:59:30.170Z</time>
      </trkpt>
      <trkpt lat="45.161842" lon="14.549953">
        <ele>37.830238</ele>
        <time>2026-03-24T16:59:32.509Z</time>
      </trkpt>
      <trkpt lat="45.161977" lon="14.549900">
        <ele>37.054016</ele>
        <time>2026-03-24T16:59:33.988Z</time>
      </trkpt>
      <trkpt lat="45.162107" lon="14.549892">
        <ele>36.332957</ele>
        <time>2026-03-24T16:59:35.388Z</time>
      </trkpt>
      <trkpt lat="45.162370" lon="14.549960">
        <ele>34.851549</ele>
        <time>2026-03-24T16:59:38.350Z</time>
      </trkpt>
      <trkpt lat="45.162534" lon="14.550050">
        <ele>33.877097</ele>
        <time>2026-03-24T16:59:40.363Z</time>
      </trkpt>
      <trkpt lat="45.162976" lon="14.550322">
        <ele>31.207169</ele>
        <time>2026-03-24T16:59:46.187Z</time>
      </trkpt>
      <trkpt lat="45.163093" lon="14.550296">
        <ele>30.550915</ele>
        <time>2026-03-24T16:59:47.698Z</time>
      </trkpt>
      <trkpt lat="45.163176" lon="14.550167">
        <ele>29.868577</ele>
        <time>2026-03-24T16:59:49.320Z</time>
      </trkpt>
      <trkpt lat="45.163250" lon="14.549951">
        <ele>28.930278</ele>
        <time>2026-03-24T16:59:51.608Z</time>
      </trkpt>
      <trkpt lat="45.163388" lon="14.549684">
        <ele>28.629907</ele>
        <time>2026-03-24T16:59:54.900Z</time>
      </trkpt>
      <trkpt lat="45.163403" lon="14.549583">
        <ele>28.548941</ele>
        <time>2026-03-24T16:59:55.949Z</time>
      </trkpt>
      <trkpt lat="45.163465" lon="14.549176">
        <ele>28.222313</ele>
        <time>2026-03-24T17:00:00.195Z</time>
      </trkpt>
      <trkpt lat="45.163454" lon="14.548854">
        <ele>27.969431</ele>
        <time>2026-03-24T17:00:03.541Z</time>
      </trkpt>
      <trkpt lat="45.163322" lon="14.548478">
        <ele>27.639949</ele>
        <time>2026-03-24T17:00:07.893Z</time>
      </trkpt>
      <trkpt lat="45.163166" lon="14.547998">
        <ele>27.225349</ele>
        <time>2026-03-24T17:00:13.561Z</time>
      </trkpt>
      <trkpt lat="45.163134" lon="14.547782">
        <ele>27.052213</ele>
        <time>2026-03-24T17:00:16.170Z</time>
      </trkpt>
      <trkpt lat="45.163067" lon="14.547090">
        <ele>26.133367</ele>
        <time>2026-03-24T17:00:24.882Z</time>
      </trkpt>
      <trkpt lat="45.163063" lon="14.546741">
        <ele>25.588045</ele>
        <time>2026-03-24T17:00:28.714Z</time>
      </trkpt>
      <trkpt lat="45.163164" lon="14.546444">
        <ele>25.072887</ele>
        <time>2026-03-24T17:00:32.056Z</time>
      </trkpt>
      <trkpt lat="45.163190" lon="14.546395">
        <ele>24.977078</ele>
        <time>2026-03-24T17:00:32.671Z</time>
      </trkpt>
      <trkpt lat="45.163385" lon="14.545999">
        <ele>24.222459</ele>
        <time>2026-03-24T17:00:37.215Z</time>
      </trkpt>
      <trkpt lat="45.163404" lon="14.545852">
        <ele>23.988972</ele>
        <time>2026-03-24T17:00:38.579Z</time>
      </trkpt>
      <trkpt lat="45.163403" lon="14.545683">
        <ele>23.724932</ele>
        <time>2026-03-24T17:00:40.069Z</time>
      </trkpt>
      <trkpt lat="45.163338" lon="14.545216">
        <ele>22.981252</ele>
        <time>2026-03-24T17:00:44.152Z</time>
      </trkpt>
      <trkpt lat="45.163178" lon="14.543846">
        <ele>19.340857</ele>
        <time>2026-03-24T17:00:55.293Z</time>
      </trkpt>
      <trkpt lat="45.163167" lon="14.543777">
        <ele>19.152228</ele>
        <time>2026-03-24T17:00:55.869Z</time>
      </trkpt>
      <trkpt lat="45.163080" lon="14.543352">
        <ele>17.972195</ele>
        <time>2026-03-24T17:00:59.612Z</time>
      </trkpt>
      <trkpt lat="45.163024" lon="14.543110">
        <ele>17.293051</ele>
        <time>2026-03-24T17:01:01.861Z</time>
      </trkpt>
      <trkpt lat="45.162931" lon="14.542872">
        <ele>16.567496</ele>
        <time>2026-03-24T17:01:04.467Z</time>
      </trkpt>
      <trkpt lat="45.162888" lon="14.542763">
        <ele>16.234454</ele>
        <time>2026-03-24T17:01:05.738Z</time>
      </trkpt>
      <trkpt lat="45.162812" lon="14.542568">
        <ele>16.420347</ele>
        <time>2026-03-24T17:01:08.252Z</time>
      </trkpt>
      <trkpt lat="45.162435" lon="14.541797">
        <ele>18.248627</ele>
        <time>2026-03-24T17:01:25.841Z</time>
      </trkpt>
      <trkpt lat="45.162379" lon="14.541672">
        <ele>18.537210</ele>
        <time>2026-03-24T17:01:29.339Z</time>
      </trkpt>
      <trkpt lat="45.161817" lon="14.540580">
        <ele>21.180295</ele>
        <time>2026-03-24T17:02:04.402Z</time>
      </trkpt>
      <trkpt lat="45.161527" lon="14.540147">
        <ele>22.435821</ele>
        <time>2026-03-24T17:02:21.913Z</time>
      </trkpt>
      <trkpt lat="45.161296" lon="14.539884">
        <ele>23.319059</ele>
        <time>2026-03-24T17:02:32.489Z</time>
      </trkpt>
      <trkpt lat="45.161225" lon="14.539806">
        <ele>23.586839</ele>
        <time>2026-03-24T17:02:35.541Z</time>
      </trkpt>
      <trkpt lat="45.160866" lon="14.539398">
        <ele>24.958531</ele>
        <time>2026-03-24T17:02:48.571Z</time>
      </trkpt>
      <trkpt lat="45.160806" lon="14.539330">
        <ele>25.187534</ele>
        <time>2026-03-24T17:02:50.500Z</time>
      </trkpt>
      <trkpt lat="45.160765" lon="14.539282">
        <ele>25.346053</ele>
        <time>2026-03-24T17:02:52.024Z</time>
      </trkpt>
      <trkpt lat="45.160476" lon="14.538803">
        <ele>26.313463</ele>
        <time>2026-03-24T17:03:02.832Z</time>
      </trkpt>
      <trkpt lat="45.160014" lon="14.538215">
        <ele>25.480223</ele>
        <time>2026-03-24T17:03:13.347Z</time>
      </trkpt>
      <trkpt lat="45.159709" lon="14.537859">
        <ele>24.949998</ele>
        <time>2026-03-24T17:03:18.974Z</time>
      </trkpt>
      <trkpt lat="45.159029" lon="14.537430">
        <ele>23.944738</ele>
        <time>2026-03-24T17:03:29.147Z</time>
      </trkpt>
      <trkpt lat="45.158911" lon="14.537360">
        <ele>23.754907</ele>
        <time>2026-03-24T17:03:30.883Z</time>
      </trkpt>
      <trkpt lat="45.158773" lon="14.537279">
        <ele>23.533249</ele>
        <time>2026-03-24T17:03:32.911Z</time>
      </trkpt>
      <trkpt lat="45.158268" lon="14.537041">
        <ele>22.743462</ele>
        <time>2026-03-24T17:03:40.361Z</time>
      </trkpt>
      <trkpt lat="45.157730" lon="14.536884">
        <ele>21.928273</ele>
        <time>2026-03-24T17:03:48.416Z</time>
      </trkpt>
      <trkpt lat="45.157054" lon="14.536849">
        <ele>21.696649</ele>
        <time>2026-03-24T17:04:01.681Z</time>
      </trkpt>
      <trkpt lat="45.156284" lon="14.536852">
        <ele>22.672606</ele>
        <time>2026-03-24T17:04:21.200Z</time>
      </trkpt>
      <trkpt lat="45.156160" lon="14.536853">
        <ele>22.829776</ele>
        <time>2026-03-24T17:04:24.270Z</time>
      </trkpt>
      <trkpt lat="45.155383" lon="14.536854">
        <ele>24.010588</ele>
        <time>2026-03-24T17:04:42.601Z</time>
      </trkpt>
      <trkpt lat="45.154798" lon="14.536867">
        <ele>25.501402</ele>
        <time>2026-03-24T17:05:00.370Z</time>
      </trkpt>
      <trkpt lat="45.154686" lon="14.536876">
        <ele>25.787245</ele>
        <time>2026-03-24T17:05:03.832Z</time>
      </trkpt>
      <trkpt lat="45.154513" lon="14.536957">
        <ele>26.251472</ele>
        <time>2026-03-24T17:05:09.455Z</time>
      </trkpt>
      <trkpt lat="45.154441" lon="14.537038">
        <ele>26.485657</ele>
        <time>2026-03-24T17:05:12.398Z</time>
      </trkpt>
      <trkpt lat="45.154354" lon="14.537266">
        <ele>26.951483</ele>
        <time>2026-03-24T17:05:18.012Z</time>
      </trkpt>
      <trkpt lat="45.154330" lon="14.537405">
        <ele>27.208631</ele>
        <time>2026-03-24T17:05:21.309Z</time>
      </trkpt>
      <trkpt lat="45.154040" lon="14.537440">
        <ele>27.950248</ele>
        <time>2026-03-24T17:05:30.832Z</time>
      </trkpt>
      <trkpt lat="45.153802" lon="14.537449">
        <ele>28.057478</ele>
        <time>2026-03-24T17:05:38.712Z</time>
      </trkpt>
      <trkpt lat="45.153058" lon="14.537428">
        <ele>27.272297</ele>
        <time>2026-03-24T17:05:55.369Z</time>
      </trkpt>
      <trkpt lat="45.152973" lon="14.537407">
        <ele>27.181259</ele>
        <time>2026-03-24T17:05:56.554Z</time>
      </trkpt>
      <trkpt lat="45.152780" lon="14.537337">
        <ele>26.971060</ele>
        <time>2026-03-24T17:05:59.183Z</time>
      </trkpt>
      <trkpt lat="45.152590" lon="14.537268">
        <ele>26.764113</ele>
        <time>2026-03-24T17:06:01.664Z</time>
      </trkpt>
      <trkpt lat="45.152246" lon="14.537014">
        <ele>26.354884</ele>
        <time>2026-03-24T17:06:06.285Z</time>
      </trkpt>
      <trkpt lat="45.152012" lon="14.536547">
        <ele>24.657957</ele>
        <time>2026-03-24T17:06:10.901Z</time>
      </trkpt>
      <trkpt lat="45.151890" lon="14.536543">
        <ele>24.095566</ele>
        <time>2026-03-24T17:06:12.286Z</time>
      </trkpt>
      <trkpt lat="45.151737" lon="14.536479">
        <ele>23.360421</ele>
        <time>2026-03-24T17:06:14.076Z</time>
      </trkpt>
      <trkpt lat="45.151555" lon="14.536364">
        <ele>22.442161</ele>
        <time>2026-03-24T17:06:16.326Z</time>
      </trkpt>
      <trkpt lat="45.151026" lon="14.536033">
        <ele>19.777442</ele>
        <time>2026-03-24T17:06:23.106Z</time>
      </trkpt>
      <trkpt lat="45.150825" lon="14.535825">
        <ele>18.630678</ele>
        <time>2026-03-24T17:06:26.158Z</time>
      </trkpt>
      <trkpt lat="45.150759" lon="14.535705">
        <ele>18.136079</ele>
        <time>2026-03-24T17:06:27.516Z</time>
      </trkpt>
      <trkpt lat="45.150734" lon="14.535601">
        <ele>17.909363</ele>
        <time>2026-03-24T17:06:28.519Z</time>
      </trkpt>
      <trkpt lat="45.150739" lon="14.535436">
        <ele>17.666877</ele>
        <time>2026-03-24T17:06:30.081Z</time>
      </trkpt>
      <trkpt lat="45.150916" lon="14.534747">
        <ele>16.590222</ele>
        <time>2026-03-24T17:06:37.257Z</time>
      </trkpt>
      <trkpt lat="45.150902" lon="14.534659">
        <ele>16.457769</ele>
        <time>2026-03-24T17:06:38.136Z</time>
      </trkpt>
      <trkpt lat="45.150806" lon="14.534439">
        <ele>16.077920</ele>
        <time>2026-03-24T17:06:40.660Z</time>
      </trkpt>
      <trkpt lat="45.150590" lon="14.533984">
        <ele>15.272608</ele>
        <time>2026-03-24T17:06:45.917Z</time>
      </trkpt>
      <trkpt lat="45.150529" lon="14.533790">
        <ele>14.960737</ele>
        <time>2026-03-24T17:06:47.928Z</time>
      </trkpt>
      <trkpt lat="45.150270" lon="14.532328">
        <ele>13.657206</ele>
        <time>2026-03-24T17:07:02.875Z</time>
      </trkpt>
      <trkpt lat="45.150027" lon="14.531435">
        <ele>13.090371</ele>
        <time>2026-03-24T17:07:13.459Z</time>
      </trkpt>
      <trkpt lat="45.149920" lon="14.531145">
        <ele>12.896549</ele>
        <time>2026-03-24T17:07:17.403Z</time>
      </trkpt>
      <trkpt lat="45.149547" lon="14.530393">
        <ele>12.302704</ele>
        <time>2026-03-24T17:07:29.132Z</time>
      </trkpt>
      <trkpt lat="45.149554" lon="14.530248">
        <ele>12.206257</ele>
        <time>2026-03-24T17:07:30.826Z</time>
      </trkpt>
      <trkpt lat="45.149689" lon="14.529950">
        <ele>11.971223</ele>
        <time>2026-03-24T17:07:34.745Z</time>
      </trkpt>
      <trkpt lat="45.149850" lon="14.529373">
        <ele>11.559451</ele>
        <time>2026-03-24T17:07:41.092Z</time>
      </trkpt>
      <trkpt lat="45.150061" lon="14.528211">
        <ele>10.512690</ele>
        <time>2026-03-24T17:07:52.696Z</time>
      </trkpt>
      <trkpt lat="45.150094" lon="14.527923">
        <ele>10.160690</ele>
        <time>2026-03-24T17:07:55.485Z</time>
      </trkpt>
      <trkpt lat="45.150092" lon="14.527614">
        <ele>9.787895</ele>
        <time>2026-03-24T17:07:58.373Z</time>
      </trkpt>
      <trkpt lat="45.150025" lon="14.527505">
        <ele>9.613461</ele>
        <time>2026-03-24T17:07:59.988Z</time>
      </trkpt>
      <trkpt lat="45.149929" lon="14.527214">
        <ele>9.225887</ele>
        <time>2026-03-24T17:08:03.647Z</time>
      </trkpt>
      <trkpt lat="45.149905" lon="14.526939">
        <ele>8.891594</ele>
        <time>2026-03-24T17:08:06.739Z</time>
      </trkpt>
      <trkpt lat="45.149606" lon="14.526585">
        <ele>8.225269</ele>
        <time>2026-03-24T17:08:13.091Z</time>
      </trkpt>
      <trkpt lat="45.149494" lon="14.526520">
        <ele>8.018254</ele>
        <time>2026-03-24T17:08:15.152Z</time>
      </trkpt>
      <trkpt lat="45.148780" lon="14.526933">
        <ele>7.815070</ele>
        <time>2026-03-24T17:08:28.225Z</time>
      </trkpt>
      <trkpt lat="45.148365" lon="14.527130">
        <ele>7.712263</ele>
        <time>2026-03-24T17:08:36.232Z</time>
      </trkpt>
      <trkpt lat="45.148006" lon="14.527559">
        <ele>7.601973</ele>
        <time>2026-03-24T17:08:46.968Z</time>
      </trkpt>
      <trkpt lat="45.147835" lon="14.527851">
        <ele>7.787609</ele>
        <time>2026-03-24T17:08:53.001Z</time>
      </trkpt>
      <trkpt lat="45.147712" lon="14.528075">
        <ele>8.116488</ele>
        <time>2026-03-24T17:08:57.389Z</time>
      </trkpt>
      <trkpt lat="45.147465" lon="14.528436">
        <ele>8.699168</ele>
        <time>2026-03-24T17:09:06.085Z</time>
      </trkpt>
      <trkpt lat="45.147333" lon="14.528574">
        <ele>8.968559</ele>
        <time>2026-03-24T17:09:10.419Z</time>
      </trkpt>
      <trkpt lat="45.146875" lon="14.528893">
        <ele>9.806741</ele>
        <time>2026-03-24T17:09:25.546Z</time>
      </trkpt>
      <trkpt lat="45.146410" lon="14.529513">
        <ele>10.929727</ele>
        <time>2026-03-24T17:09:44.042Z</time>
      </trkpt>
      <trkpt lat="45.146273" lon="14.529662">
        <ele>11.277256</ele>
        <time>2026-03-24T17:09:48.800Z</time>
      </trkpt>
      <trkpt lat="45.146034" lon="14.529849">
        <ele>11.826690</ele>
        <time>2026-03-24T17:09:56.449Z</time>
      </trkpt>
      <trkpt lat="45.146025" lon="14.529856">
        <ele>11.847351</ele>
        <time>2026-03-24T17:09:56.757Z</time>
      </trkpt>
      <trkpt lat="45.145868" lon="14.529871">
        <ele>12.164069</ele>
        <time>2026-03-24T17:10:01.491Z</time>
      </trkpt>
      <trkpt lat="45.145735" lon="14.529841">
        <ele>12.435131</ele>
        <time>2026-03-24T17:10:05.571Z</time>
      </trkpt>
      <trkpt lat="45.145447" lon="14.529714">
        <ele>13.042193</ele>
        <time>2026-03-24T17:10:14.823Z</time>
      </trkpt>
      <trkpt lat="45.145067" lon="14.529639">
        <ele>13.814412</ele>
        <time>2026-03-24T17:10:26.298Z</time>
      </trkpt>
      <trkpt lat="45.144580" lon="14.529461">
        <ele>13.910203</ele>
        <time>2026-03-24T17:10:38.139Z</time>
      </trkpt>
      <trkpt lat="45.144456" lon="14.529436">
        <ele>13.823446</ele>
        <time>2026-03-24T17:10:40.625Z</time>
      </trkpt>
      <trkpt lat="45.144321" lon="14.529459">
        <ele>13.729260</ele>
        <time>2026-03-24T17:10:43.162Z</time>
      </trkpt>
      <trkpt lat="45.144169" lon="14.529464">
        <ele>13.623942</ele>
        <time>2026-03-24T17:10:45.879Z</time>
      </trkpt>
      <trkpt lat="45.144070" lon="14.529427">
        <ele>13.553024</ele>
        <time>2026-03-24T17:10:47.672Z</time>
      </trkpt>
      <trkpt lat="45.143981" lon="14.529309">
        <ele>13.468618</ele>
        <time>2026-03-24T17:10:49.720Z</time>
      </trkpt>
      <trkpt lat="45.143813" lon="14.528944">
        <ele>13.255676</ele>
        <time>2026-03-24T17:10:54.667Z</time>
      </trkpt>
      <trkpt lat="45.143521" lon="14.528708">
        <ele>13.022854</ele>
        <time>2026-03-24T17:10:59.736Z</time>
      </trkpt>
      <trkpt lat="45.143101" lon="14.528542">
        <ele>12.948805</ele>
        <time>2026-03-24T17:11:06.152Z</time>
      </trkpt>
      <trkpt lat="45.142969" lon="14.528543">
        <ele>12.974399</ele>
        <time>2026-03-24T17:11:08.193Z</time>
      </trkpt>
      <trkpt lat="45.142559" lon="14.528719">
        <ele>13.057457</ele>
        <time>2026-03-24T17:11:16.446Z</time>
      </trkpt>
      <trkpt lat="45.142056" lon="14.529200">
        <ele>13.175093</ele>
        <time>2026-03-24T17:11:34.310Z</time>
      </trkpt>
      <trkpt lat="45.141747" lon="14.529458">
        <ele>13.244623</ele>
        <time>2026-03-24T17:11:42.313Z</time>
      </trkpt>
      <trkpt lat="45.141642" lon="14.529585">
        <ele>13.310584</ele>
        <time>2026-03-24T17:11:45.212Z</time>
      </trkpt>
      <trkpt lat="45.141496" lon="14.529782">
        <ele>13.414304</ele>
        <time>2026-03-24T17:11:49.382Z</time>
      </trkpt>
      <trkpt lat="45.141444" lon="14.529745">
        <ele>13.444244</ele>
        <time>2026-03-24T17:11:50.542Z</time>
      </trkpt>
      <trkpt lat="45.141400" lon="14.529666">
        <ele>13.480781</ele>
        <time>2026-03-24T17:11:52.092Z</time>
      </trkpt>
      <trkpt lat="45.141344" lon="14.529427">
        <ele>13.572194</ele>
        <time>2026-03-24T17:11:55.883Z</time>
      </trkpt>
      <trkpt lat="45.141310" lon="14.529340">
        <ele>13.608296</ele>
        <time>2026-03-24T17:11:57.313Z</time>
      </trkpt>
      <trkpt lat="45.141252" lon="14.529279">
        <ele>13.645459</ele>
        <time>2026-03-24T17:11:58.980Z</time>
      </trkpt>
      <trkpt lat="45.140706" lon="14.529073">
        <ele>13.936209</ele>
        <time>2026-03-24T17:12:10.068Z</time>
      </trkpt>
      <trkpt lat="45.140191" lon="14.529147">
        <ele>14.278790</ele>
        <time>2026-03-24T17:12:19.568Z</time>
      </trkpt>
      <trkpt lat="45.139997" lon="14.529237">
        <ele>14.656825</ele>
        <time>2026-03-24T17:12:25.301Z</time>
      </trkpt>
      <trkpt lat="45.139912" lon="14.529344">
        <ele>14.867347</ele>
        <time>2026-03-24T17:12:28.652Z</time>
      </trkpt>
      <trkpt lat="45.139833" lon="14.529513">
        <ele>15.132200</ele>
        <time>2026-03-24T17:12:32.967Z</time>
      </trkpt>
      <trkpt lat="45.139768" lon="14.529571">
        <ele>15.274440</ele>
        <time>2026-03-24T17:12:35.337Z</time>
      </trkpt>
      <trkpt lat="45.139711" lon="14.529578">
        <ele>15.380400</ele>
        <time>2026-03-24T17:12:37.218Z</time>
      </trkpt>
      <trkpt lat="45.139452" lon="14.529361">
        <ele>15.937573</ele>
        <time>2026-03-24T17:12:46.882Z</time>
      </trkpt>
      <trkpt lat="45.139177" lon="14.529328">
        <ele>16.448694</ele>
        <time>2026-03-24T17:12:55.392Z</time>
      </trkpt>
      <trkpt lat="45.138787" lon="14.529344">
        <ele>17.171275</ele>
        <time>2026-03-24T17:13:06.452Z</time>
      </trkpt>
      <trkpt lat="45.138478" lon="14.529353">
        <ele>17.632160</ele>
        <time>2026-03-24T17:13:14.436Z</time>
      </trkpt>
      <trkpt lat="45.138300" lon="14.529312">
        <ele>17.810531</ele>
        <time>2026-03-24T17:13:18.826Z</time>
      </trkpt>
      <trkpt lat="45.138148" lon="14.529313">
        <ele>17.960878</ele>
        <time>2026-03-24T17:13:22.409Z</time>
      </trkpt>
      <trkpt lat="45.137264" lon="14.529561">
        <ele>18.852213</ele>
        <time>2026-03-24T17:13:43.552Z</time>
      </trkpt>
      <trkpt lat="45.136517" lon="14.529387">
        <ele>19.685096</ele>
        <time>2026-03-24T17:13:59.340Z</time>
      </trkpt>
      <trkpt lat="45.135649" lon="14.529101">
        <ele>20.799971</ele>
        <time>2026-03-24T17:14:20.198Z</time>
      </trkpt>
      <trkpt lat="45.135288" lon="14.529012">
        <ele>21.258386</ele>
        <time>2026-03-24T17:14:30.646Z</time>
      </trkpt>
      <trkpt lat="45.135036" lon="14.528952">
        <ele>21.625143</ele>
        <time>2026-03-24T17:14:37.964Z</time>
      </trkpt>
      <trkpt lat="45.134847" lon="14.528900">
        <ele>22.121158</ele>
        <time>2026-03-24T17:14:43.127Z</time>
      </trkpt>
      <trkpt lat="45.134769" lon="14.528874">
        <ele>22.327593</ele>
        <time>2026-03-24T17:14:45.191Z</time>
      </trkpt>
      <trkpt lat="45.134452" lon="14.528779">
        <ele>23.162344</ele>
        <time>2026-03-24T17:14:57.616Z</time>
      </trkpt>
      <trkpt lat="45.133925" lon="14.528835">
        <ele>24.523883</ele>
        <time>2026-03-24T17:15:19.829Z</time>
      </trkpt>
      <trkpt lat="45.133738" lon="14.528808">
        <ele>25.008151</ele>
        <time>2026-03-24T17:15:27.226Z</time>
      </trkpt>
      <trkpt lat="45.133172" lon="14.529149">
        <ele>26.269688</ele>
        <time>2026-03-24T17:15:43.844Z</time>
      </trkpt>
      <trkpt lat="45.132705" lon="14.529290">
        <ele>26.565294</ele>
        <time>2026-03-24T17:15:56.135Z</time>
      </trkpt>
      <trkpt lat="45.131793" lon="14.529265">
        <ele>27.130020</ele>
        <time>2026-03-24T17:16:13.102Z</time>
      </trkpt>
      <trkpt lat="45.131753" lon="14.529257">
        <ele>27.155029</ele>
        <time>2026-03-24T17:16:13.677Z</time>
      </trkpt>
      <trkpt lat="45.131628" lon="14.529250">
        <ele>27.232477</ele>
        <time>2026-03-24T17:16:15.498Z</time>
      </trkpt>
      <trkpt lat="45.131566" lon="14.529246">
        <ele>27.270901</ele>
        <time>2026-03-24T17:16:16.355Z</time>
      </trkpt>
      <trkpt lat="45.130423" lon="14.529121">
        <ele>25.475529</ele>
        <time>2026-03-24T17:16:32.357Z</time>
      </trkpt>
      <trkpt lat="45.130238" lon="14.529115">
        <ele>25.179836</ele>
        <time>2026-03-24T17:16:34.884Z</time>
      </trkpt>
      <trkpt lat="45.130002" lon="14.529110">
        <ele>24.802684</ele>
        <time>2026-03-24T17:16:38.084Z</time>
      </trkpt>
      <trkpt lat="45.129897" lon="14.529108">
        <ele>24.634887</ele>
        <time>2026-03-24T17:16:39.517Z</time>
      </trkpt>
      <trkpt lat="45.129269" lon="14.529230">
        <ele>24.040007</ele>
        <time>2026-03-24T17:16:48.332Z</time>
      </trkpt>
      <trkpt lat="45.128725" lon="14.529511">
        <ele>23.607469</ele>
        <time>2026-03-24T17:16:56.745Z</time>
      </trkpt>
      <trkpt lat="45.128268" lon="14.529851">
        <ele>23.221897</ele>
        <time>2026-03-24T17:17:05.236Z</time>
      </trkpt>
      <trkpt lat="45.126237" lon="14.531654">
        <ele>23.261744</ele>
        <time>2026-03-24T17:17:56.713Z</time>
      </trkpt>
      <trkpt lat="45.126098" lon="14.531702">
        <ele>22.824720</ele>
        <time>2026-03-24T17:17:58.756Z</time>
      </trkpt>
      <trkpt lat="45.125914" lon="14.531681">
        <ele>22.260836</ele>
        <time>2026-03-24T17:18:01.291Z</time>
      </trkpt>
      <trkpt lat="45.125793" lon="14.531543">
        <ele>21.786411</ele>
        <time>2026-03-24T17:18:03.341Z</time>
      </trkpt>
      <trkpt lat="45.125782" lon="14.531530">
        <ele>21.742660</ele>
        <time>2026-03-24T17:18:03.530Z</time>
      </trkpt>
      <trkpt lat="45.125661" lon="14.531383">
        <ele>21.255840</ele>
        <time>2026-03-24T17:18:05.535Z</time>
      </trkpt>
      <trkpt lat="45.125501" lon="14.531159">
        <ele>20.568851</ele>
        <time>2026-03-24T17:18:08.232Z</time>
      </trkpt>
      <trkpt lat="45.125385" lon="14.530964">
        <ele>20.019131</ele>
        <time>2026-03-24T17:18:10.327Z</time>
      </trkpt>
      <trkpt lat="45.125245" lon="14.530492">
        <ele>18.881861</ele>
        <time>2026-03-24T17:18:14.347Z</time>
      </trkpt>
      <trkpt lat="45.125208" lon="14.530273">
        <ele>17.844223</ele>
        <time>2026-03-24T17:18:16.086Z</time>
      </trkpt>
      <trkpt lat="45.125058" lon="14.529385">
        <ele>13.636852</ele>
        <time>2026-03-24T17:18:23.086Z</time>
      </trkpt>
      <trkpt lat="45.125033" lon="14.529046">
        <ele>12.066290</ele>
        <time>2026-03-24T17:18:25.691Z</time>
      </trkpt>
      <trkpt lat="45.125036" lon="14.528997">
        <ele>11.839659</ele>
        <time>2026-03-24T17:18:26.064Z</time>
      </trkpt>
      <trkpt lat="45.125133" lon="14.528648">
        <ele>10.111256</ele>
        <time>2026-03-24T17:18:28.959Z</time>
      </trkpt>
      <trkpt lat="45.125153" lon="14.528450">
        <ele>9.189606</ele>
        <time>2026-03-24T17:18:30.529Z</time>
      </trkpt>
      <trkpt lat="45.125127" lon="14.528412">
        <ele>8.945699</ele>
        <time>2026-03-24T17:18:30.941Z</time>
      </trkpt>
      <trkpt lat="45.125019" lon="14.528371">
        <ele>8.215519</ele>
        <time>2026-03-24T17:18:32.225Z</time>
      </trkpt>
      <trkpt lat="45.124989" lon="14.528379">
        <ele>8.016160</ele>
        <time>2026-03-24T17:18:32.578Z</time>
      </trkpt>
      <trkpt lat="45.124850" lon="14.528413">
        <ele>7.195088</ele>
        <time>2026-03-24T17:18:34.252Z</time>
      </trkpt>
      <trkpt lat="45.124499" lon="14.528725">
        <ele>7.097415</ele>
        <time>2026-03-24T17:18:39.673Z</time>
      </trkpt>
      <trkpt lat="45.124396" lon="14.528793">
        <ele>7.070629</ele>
        <time>2026-03-24T17:18:41.388Z</time>
      </trkpt>
      <trkpt lat="45.124147" lon="14.528833">
        <ele>7.011553</ele>
        <time>2026-03-24T17:18:45.580Z</time>
      </trkpt>
      <trkpt lat="45.124071" lon="14.528825">
        <ele>6.993587</ele>
        <time>2026-03-24T17:18:47.018Z</time>
      </trkpt>
      <trkpt lat="45.123998" lon="14.528744">
        <ele>6.971731</ele>
        <time>2026-03-24T17:18:49.017Z</time>
      </trkpt>
      <trkpt lat="45.123847" lon="14.528443">
        <ele>6.910299</ele>
        <time>2026-03-24T17:18:55.332Z</time>
      </trkpt>
      <trkpt lat="45.123640" lon="14.528235">
        <ele>6.850480</ele>
        <time>2026-03-24T17:19:01.922Z</time>
      </trkpt>
      <trkpt lat="45.123422" lon="14.528016">
        <ele>6.787488</ele>
        <time>2026-03-24T17:19:09.546Z</time>
      </trkpt>
      <trkpt lat="45.123397" lon="14.527949">
        <ele>6.774881</ele>
        <time>2026-03-24T17:19:11.057Z</time>
      </trkpt>
      <trkpt lat="45.123330" lon="14.527779">
        <ele>6.981556</ele>
        <time>2026-03-24T17:19:14.894Z</time>
      </trkpt>
      <trkpt lat="45.123288" lon="14.527671">
        <ele>7.112727</ele>
        <time>2026-03-24T17:19:17.278Z</time>
      </trkpt>
      <trkpt lat="45.123259" lon="14.527599">
        <ele>7.200912</ele>
        <time>2026-03-24T17:19:18.783Z</time>
      </trkpt>
      <trkpt lat="45.123089" lon="14.527197">
        <ele>7.699432</ele>
        <time>2026-03-24T17:19:26.150Z</time>
      </trkpt>
      <trkpt lat="45.123026" lon="14.527027">
        <ele>7.903683</ele>
        <time>2026-03-24T17:19:28.892Z</time>
      </trkpt>
      <trkpt lat="45.122925" lon="14.526812">
        <ele>8.178425</ele>
        <time>2026-03-24T17:19:32.632Z</time>
      </trkpt>
      <trkpt lat="45.122742" lon="14.526514">
        <ele>8.598645</ele>
        <time>2026-03-24T17:19:38.037Z</time>
      </trkpt>
      <trkpt lat="45.122616" lon="14.526362">
        <ele>8.848087</ele>
        <time>2026-03-24T17:19:41.437Z</time>
      </trkpt>
      <trkpt lat="45.122361" lon="14.526181">
        <ele>9.278023</ele>
        <time>2026-03-24T17:19:48.158Z</time>
      </trkpt>
      <trkpt lat="45.122278" lon="14.526100">
        <ele>9.429942</ele>
        <time>2026-03-24T17:19:50.873Z</time>
      </trkpt>
      <trkpt lat="45.122057" lon="14.525854">
        <ele>10.650482</ele>
        <time>2026-03-24T17:19:58.711Z</time>
      </trkpt>
      <trkpt lat="45.121881" lon="14.525597">
        <ele>11.858057</ele>
        <time>2026-03-24T17:20:06.755Z</time>
      </trkpt>
      <trkpt lat="45.121679" lon="14.525318">
        <ele>13.205918</ele>
        <time>2026-03-24T17:20:17.152Z</time>
      </trkpt>
      <trkpt lat="45.121518" lon="14.525209">
        <ele>14.058549</ele>
        <time>2026-03-24T17:20:24.533Z</time>
      </trkpt>
      <trkpt lat="45.121402" lon="14.525185">
        <ele>14.618742</ele>
        <time>2026-03-24T17:20:29.577Z</time>
      </trkpt>
      <trkpt lat="45.121309" lon="14.525190">
        <ele>15.063471</ele>
        <time>2026-03-24T17:20:33.667Z</time>
      </trkpt>
      <trkpt lat="45.121248" lon="14.525193">
        <ele>15.355140</ele>
        <time>2026-03-24T17:20:36.322Z</time>
      </trkpt>
      <trkpt lat="45.121093" lon="14.525195">
        <ele>16.095853</ele>
        <time>2026-03-24T17:20:43.162Z</time>
      </trkpt>
      <trkpt lat="45.120640" lon="14.525274">
        <ele>18.352098</ele>
        <time>2026-03-24T17:21:04.420Z</time>
      </trkpt>
      <trkpt lat="45.120180" lon="14.525573">
        <ele>21.700443</ele>
        <time>2026-03-24T17:21:28.790Z</time>
      </trkpt>
      <trkpt lat="45.120019" lon="14.525750">
        <ele>23.048606</ele>
        <time>2026-03-24T17:21:38.788Z</time>
      </trkpt>
      <trkpt lat="45.119865" lon="14.526001">
        <ele>24.601456</ele>
        <time>2026-03-24T17:21:50.072Z</time>
      </trkpt>
      <trkpt lat="45.119730" lon="14.526193">
        <ele>25.866880</ele>
        <time>2026-03-24T17:21:59.003Z</time>
      </trkpt>
      <trkpt lat="45.119540" lon="14.526404">
        <ele>27.463965</ele>
        <time>2026-03-24T17:22:10.115Z</time>
      </trkpt>
      <trkpt lat="45.119266" lon="14.526616">
        <ele>29.529417</ele>
        <time>2026-03-24T17:22:24.665Z</time>
      </trkpt>
      <trkpt lat="45.119142" lon="14.526652">
        <ele>30.269238</ele>
        <time>2026-03-24T17:22:30.541Z</time>
      </trkpt>
      <trkpt lat="45.118873" lon="14.526781">
        <ele>31.671937</ele>
        <time>2026-03-24T17:22:43.650Z</time>
      </trkpt>
      <trkpt lat="45.118126" lon="14.526923">
        <ele>35.394685</ele>
        <time>2026-03-24T17:23:15.742Z</time>
      </trkpt>
      <trkpt lat="45.117840" lon="14.526911">
        <ele>36.807960</ele>
        <time>2026-03-24T17:23:26.523Z</time>
      </trkpt>
      <trkpt lat="45.117713" lon="14.526903">
        <ele>37.435878</ele>
        <time>2026-03-24T17:23:30.901Z</time>
      </trkpt>
      <trkpt lat="45.117423" lon="14.526883">
        <ele>38.867245</ele>
        <time>2026-03-24T17:23:40.104Z</time>
      </trkpt>
      <trkpt lat="45.117271" lon="14.526853">
        <ele>39.129890</ele>
        <time>2026-03-24T17:23:44.516Z</time>
      </trkpt>
      <trkpt lat="45.117199" lon="14.526838">
        <ele>39.254435</ele>
        <time>2026-03-24T17:23:46.521Z</time>
      </trkpt>
      <trkpt lat="45.117157" lon="14.526687">
        <ele>39.450448</ele>
        <time>2026-03-24T17:23:49.517Z</time>
      </trkpt>
      <trkpt lat="45.117087" lon="14.526641">
        <ele>39.582500</ele>
        <time>2026-03-24T17:23:51.436Z</time>
      </trkpt>
      <trkpt lat="45.117011" lon="14.526659">
        <ele>39.714371</ele>
        <time>2026-03-24T17:23:53.400Z</time>
      </trkpt>
      <trkpt lat="45.116974" lon="14.526561">
        <ele>39.848598</ele>
        <time>2026-03-24T17:23:55.323Z</time>
      </trkpt>
      <trkpt lat="45.116846" lon="14.526367">
        <ele>40.169344</ele>
        <time>2026-03-24T17:23:59.928Z</time>
      </trkpt>
      <trkpt lat="45.116465" lon="14.525638">
        <ele>41.264910</ele>
        <time>2026-03-24T17:24:14.497Z</time>
      </trkpt>
      <trkpt lat="45.116129" lon="14.525060">
        <ele>42.175268</ele>
        <time>2026-03-24T17:24:26.678Z</time>
      </trkpt>
      <trkpt lat="45.115818" lon="14.524429">
        <ele>43.129399</ele>
        <time>2026-03-24T17:24:40.621Z</time>
      </trkpt>
      <trkpt lat="45.115529" lon="14.523948">
        <ele>43.912534</ele>
        <time>2026-03-24T17:24:52.431Z</time>
      </trkpt>
      <trkpt lat="45.115151" lon="14.523485">
        <ele>44.790251</ele>
        <time>2026-03-24T17:25:06.225Z</time>
      </trkpt>
      <trkpt lat="45.115011" lon="14.523363">
        <ele>45.078973</ele>
        <time>2026-03-24T17:25:10.749Z</time>
      </trkpt>
      <trkpt lat="45.115026" lon="14.523213">
        <ele>45.228409</ele>
        <time>2026-03-24T17:25:13.400Z</time>
      </trkpt>
      <trkpt lat="45.114981" lon="14.523209">
        <ele>45.288979</ele>
        <time>2026-03-24T17:25:14.655Z</time>
      </trkpt>
      <trkpt lat="45.114338" lon="14.522469">
        <ele>46.401743</ele>
        <time>2026-03-24T17:25:33.744Z</time>
      </trkpt>
      <trkpt lat="45.113952" lon="14.521798">
        <ele>47.222425</ele>
        <time>2026-03-24T17:25:47.114Z</time>
      </trkpt>
      <trkpt lat="45.113830" lon="14.521492">
        <ele>47.564705</ele>
        <time>2026-03-24T17:25:52.492Z</time>
      </trkpt>
      <trkpt lat="45.113638" lon="14.521424">
        <ele>47.898308</ele>
        <time>2026-03-24T17:25:56.894Z</time>
      </trkpt>
      <trkpt lat="45.113366" lon="14.521131">
        <ele>48.474249</ele>
        <time>2026-03-24T17:26:04.709Z</time>
      </trkpt>
      <trkpt lat="45.113155" lon="14.521009">
        <ele>48.858394</ele>
        <time>2026-03-24T17:26:10.433Z</time>
      </trkpt>
      <trkpt lat="45.113085" lon="14.521009">
        <ele>48.976390</ele>
        <time>2026-03-24T17:26:12.313Z</time>
      </trkpt>
      <trkpt lat="45.112568" lon="14.521007">
        <ele>49.847881</ele>
        <time>2026-03-24T17:26:26.097Z</time>
      </trkpt>
      <trkpt lat="45.112181" lon="14.521145">
        <ele>50.520572</ele>
        <time>2026-03-24T17:26:37.661Z</time>
      </trkpt>
      <trkpt lat="45.112004" lon="14.521160">
        <ele>50.644686</ele>
        <time>2026-03-24T17:26:44.804Z</time>
      </trkpt>
      <trkpt lat="45.111833" lon="14.521105">
        <ele>50.747237</ele>
        <time>2026-03-24T17:26:51.756Z</time>
      </trkpt>
      <trkpt lat="45.111382" lon="14.520686">
        <ele>51.062639</ele>
        <time>2026-03-24T17:27:11.961Z</time>
      </trkpt>
      <trkpt lat="45.111198" lon="14.520580">
        <ele>51.178803</ele>
        <time>2026-03-24T17:27:18.775Z</time>
      </trkpt>
      <trkpt lat="45.110965" lon="14.520531">
        <ele>51.316563</ele>
        <time>2026-03-24T17:27:26.325Z</time>
      </trkpt>
      <trkpt lat="45.110758" lon="14.520357">
        <ele>51.457324</ele>
        <time>2026-03-24T17:27:33.751Z</time>
      </trkpt>
      <trkpt lat="45.110661" lon="14.520149">
        <ele>51.560225</ele>
        <time>2026-03-24T17:27:39.027Z</time>
      </trkpt>
      <trkpt lat="45.110560" lon="14.519270">
        <ele>50.722110</ele>
        <time>2026-03-24T17:27:57.170Z</time>
      </trkpt>
      <trkpt lat="45.110239" lon="14.517521">
        <ele>48.708761</ele>
        <time>2026-03-24T17:28:32.229Z</time>
      </trkpt>
      <trkpt lat="45.110163" lon="14.516551">
        <ele>47.969229</ele>
        <time>2026-03-24T17:28:51.601Z</time>
      </trkpt>
      <trkpt lat="45.110075" lon="14.516149">
        <ele>47.650297</ele>
        <time>2026-03-24T17:29:00.262Z</time>
      </trkpt>
      <trkpt lat="45.109911" lon="14.515673">
        <ele>47.248921</ele>
        <time>2026-03-24T17:29:11.483Z</time>
      </trkpt>
      <trkpt lat="45.109787" lon="14.515159">
        <ele>46.837309</ele>
        <time>2026-03-24T17:29:23.139Z</time>
      </trkpt>
      <trkpt lat="45.109710" lon="14.514591">
        <ele>46.563431</ele>
        <time>2026-03-24T17:29:35.632Z</time>
      </trkpt>
      <trkpt lat="45.109627" lon="14.514168">
        <ele>46.363594</ele>
        <time>2026-03-24T17:29:45.174Z</time>
      </trkpt>
      <trkpt lat="45.109642" lon="14.513569">
        <ele>46.090781</ele>
        <time>2026-03-24T17:29:59.057Z</time>
      </trkpt>
      <trkpt lat="45.109849" lon="14.512104">
        <ele>44.730812</ele>
        <time>2026-03-24T17:30:32.043Z</time>
      </trkpt>
      <trkpt lat="45.110302" lon="14.512566">
        <ele>43.350961</ele>
        <time>2026-03-24T17:30:39.577Z</time>
      </trkpt>
      <trkpt lat="45.110459" lon="14.512552">
        <ele>42.962053</ele>
        <time>2026-03-24T17:30:41.617Z</time>
      </trkpt>
      <trkpt lat="45.110690" lon="14.512471">
        <ele>42.373741</ele>
        <time>2026-03-24T17:30:44.658Z</time>
      </trkpt>
      <trkpt lat="45.111029" lon="14.512430">
        <ele>41.532608</ele>
        <time>2026-03-24T17:30:48.899Z</time>
      </trkpt>
      <trkpt lat="45.111374" lon="14.512359">
        <ele>40.259867</ele>
        <time>2026-03-24T17:30:53.128Z</time>
      </trkpt>
      <trkpt lat="45.111462" lon="14.512351">
        <ele>39.873910</ele>
        <time>2026-03-24T17:30:54.163Z</time>
      </trkpt>
      <trkpt lat="45.111716" lon="14.511884">
        <ele>38.052710</ele>
        <time>2026-03-24T17:30:59.941Z</time>
      </trkpt>
      <trkpt lat="45.111784" lon="14.511816">
        <ele>37.688430</ele>
        <time>2026-03-24T17:31:01.102Z</time>
      </trkpt>
      <trkpt lat="45.112115" lon="14.511319">
        <ele>35.577601</ele>
        <time>2026-03-24T17:31:07.867Z</time>
      </trkpt>
      <trkpt lat="45.112172" lon="14.511014">
        <ele>34.603026</ele>
        <time>2026-03-24T17:31:10.891Z</time>
      </trkpt>
      <trkpt lat="45.112117" lon="14.510839">
        <ele>34.011297</ele>
        <time>2026-03-24T17:31:12.747Z</time>
      </trkpt>
      <trkpt lat="45.111966" lon="14.510664">
        <ele>33.237945</ele>
        <time>2026-03-24T17:31:15.433Z</time>
      </trkpt>
      <trkpt lat="45.111843" lon="14.510469">
        <ele>32.803373</ele>
        <time>2026-03-24T17:31:17.991Z</time>
      </trkpt>
      <trkpt lat="45.111815" lon="14.510274">
        <ele>32.472721</ele>
        <time>2026-03-24T17:31:19.947Z</time>
      </trkpt>
      <trkpt lat="45.111562" lon="14.509806">
        <ele>31.493153</ele>
        <time>2026-03-24T17:31:25.935Z</time>
      </trkpt>
      <trkpt lat="45.111161" lon="14.508926">
        <ele>29.752602</ele>
        <time>2026-03-24T17:31:37.684Z</time>
      </trkpt>
      <trkpt lat="45.109889" lon="14.504764">
        <ele>27.221381</ele>
        <time>2026-03-24T17:32:33.454Z</time>
      </trkpt>
      <trkpt lat="45.109601" lon="14.504332">
        <ele>27.039970</ele>
        <time>2026-03-24T17:32:41.312Z</time>
      </trkpt>
      <trkpt lat="45.109313" lon="14.504029">
        <ele>26.931252</ele>
        <time>2026-03-24T17:32:48.476Z</time>
      </trkpt>
      <trkpt lat="45.108481" lon="14.502634">
        <ele>26.953954</ele>
        <time>2026-03-24T17:33:14.719Z</time>
      </trkpt>
      <trkpt lat="45.109045" lon="14.501910">
        <ele>26.818811</ele>
        <time>2026-03-24T17:33:39.523Z</time>
      </trkpt>
      <trkpt lat="45.109481" lon="14.501100">
        <ele>26.530272</ele>
        <time>2026-03-24T17:34:02.223Z</time>
      </trkpt>
      <trkpt lat="45.109892" lon="14.500110">
        <ele>26.231079</ele>
        <time>2026-03-24T17:34:29.009Z</time>
      </trkpt>
      <trkpt lat="45.110863" lon="14.499626">
        <ele>26.132586</ele>
        <time>2026-03-24T17:34:48.831Z</time>
      </trkpt>
      <trkpt lat="45.111805" lon="14.498894">
        <ele>26.119241</ele>
        <time>2026-03-24T17:35:08.811Z</time>
      </trkpt>
      <trkpt lat="45.112653" lon="14.498618">
        <ele>26.235289</ele>
        <time>2026-03-24T17:35:25.047Z</time>
      </trkpt>
      <trkpt lat="45.113070" lon="14.498403">
        <ele>26.294474</ele>
        <time>2026-03-24T17:35:34.338Z</time>
      </trkpt>
      <trkpt lat="45.113527" lon="14.498111">
        <ele>26.857831</ele>
        <time>2026-03-24T17:35:46.590Z</time>
      </trkpt>
      <trkpt lat="45.113878" lon="14.497677">
        <ele>27.488189</ele>
        <time>2026-03-24T17:35:59.191Z</time>
      </trkpt>
      <trkpt lat="45.114050" lon="14.497485">
        <ele>27.784476</ele>
        <time>2026-03-24T17:36:05.277Z</time>
      </trkpt>
      <trkpt lat="45.114517" lon="14.496628">
        <ele>28.727015</ele>
        <time>2026-03-24T17:36:25.536Z</time>
      </trkpt>
      <trkpt lat="45.114655" lon="14.496314">
        <ele>28.663671</ele>
        <time>2026-03-24T17:36:31.889Z</time>
      </trkpt>
      <trkpt lat="45.114752" lon="14.496033">
        <ele>28.610105</ele>
        <time>2026-03-24T17:36:36.555Z</time>
      </trkpt>
      <trkpt lat="45.114902" lon="14.495716">
        <ele>28.544749</ele>
        <time>2026-03-24T17:36:41.593Z</time>
      </trkpt>
      <trkpt lat="45.115051" lon="14.495209">
        <ele>28.450703</ele>
        <time>2026-03-24T17:36:48.235Z</time>
      </trkpt>
      <trkpt lat="45.115191" lon="14.495045">
        <ele>28.406627</ele>
        <time>2026-03-24T17:36:51.225Z</time>
      </trkpt>
      <trkpt lat="45.115609" lon="14.494871">
        <ele>28.294601</ele>
        <time>2026-03-24T17:36:58.369Z</time>
      </trkpt>
      <trkpt lat="45.115777" lon="14.494767">
        <ele>28.171145</ele>
        <time>2026-03-24T17:37:01.390Z</time>
      </trkpt>
      <trkpt lat="45.115885" lon="14.494607">
        <ele>28.065930</ele>
        <time>2026-03-24T17:37:03.989Z</time>
      </trkpt>
      <trkpt lat="45.115895" lon="14.494590">
        <ele>28.055413</ele>
        <time>2026-03-24T17:37:04.245Z</time>
      </trkpt>
      <trkpt lat="45.116073" lon="14.494257">
        <ele>27.856896</ele>
        <time>2026-03-24T17:37:09.158Z</time>
      </trkpt>
      <trkpt lat="45.116321" lon="14.493632">
        <ele>27.516162</ele>
        <time>2026-03-24T17:37:17.946Z</time>
      </trkpt>
      <trkpt lat="45.116612" lon="14.493397">
        <ele>27.290615</ele>
        <time>2026-03-24T17:37:24.095Z</time>
      </trkpt>
      <trkpt lat="45.117022" lon="14.492232">
        <ele>27.536667</ele>
        <time>2026-03-24T17:37:42.079Z</time>
      </trkpt>
      <trkpt lat="45.117077" lon="14.492010">
        <ele>27.654350</ele>
        <time>2026-03-24T17:37:45.499Z</time>
      </trkpt>
      <trkpt lat="45.117046" lon="14.491667">
        <ele>27.827311</ele>
        <time>2026-03-24T17:37:50.689Z</time>
      </trkpt>
      <trkpt lat="45.117073" lon="14.491596">
        <ele>27.867652</ele>
        <time>2026-03-24T17:37:51.906Z</time>
      </trkpt>
      <trkpt lat="45.116979" lon="14.491267">
        <ele>28.045185</ele>
        <time>2026-03-24T17:37:57.534Z</time>
      </trkpt>
      <trkpt lat="45.116963" lon="14.491003">
        <ele>28.177718</ele>
        <time>2026-03-24T17:38:01.987Z</time>
      </trkpt>
      <trkpt lat="45.116985" lon="14.490715">
        <ele>28.322609</ele>
        <time>2026-03-24T17:38:07.129Z</time>
      </trkpt>
      <trkpt lat="45.117060" lon="14.490474">
        <ele>28.806068</ele>
        <time>2026-03-24T17:38:12.088Z</time>
      </trkpt>
      <trkpt lat="45.117158" lon="14.490270">
        <ele>29.433036</ele>
        <time>2026-03-24T17:38:17.121Z</time>
      </trkpt>
      <trkpt lat="45.117386" lon="14.489930">
        <ele>30.624641</ele>
        <time>2026-03-24T17:38:27.845Z</time>
      </trkpt>
      <trkpt lat="45.117720" lon="14.489237">
        <ele>32.756686</ele>
        <time>2026-03-24T17:38:50.004Z</time>
      </trkpt>
      <trkpt lat="45.118024" lon="14.488649">
        <ele>34.608541</ele>
        <time>2026-03-24T17:39:11.382Z</time>
      </trkpt>
      <trkpt lat="45.118068" lon="14.488306">
        <ele>35.434982</ele>
        <time>2026-03-24T17:39:21.512Z</time>
      </trkpt>
      <trkpt lat="45.118021" lon="14.487550">
        <ele>37.187485</ele>
        <time>2026-03-24T17:39:42.543Z</time>
      </trkpt>
      <trkpt lat="45.118063" lon="14.487288">
        <ele>37.807906</ele>
        <time>2026-03-24T17:39:49.280Z</time>
      </trkpt>
      <trkpt lat="45.118059" lon="14.487104">
        <ele>38.232996</ele>
        <time>2026-03-24T17:39:53.700Z</time>
      </trkpt>
      <trkpt lat="45.118295" lon="14.486879">
        <ele>39.163793</ele>
        <time>2026-03-24T17:40:02.655Z</time>
      </trkpt>
      <trkpt lat="45.118603" lon="14.486318">
        <ele>40.773293</ele>
        <time>2026-03-24T17:40:16.483Z</time>
      </trkpt>
      <trkpt lat="45.118827" lon="14.486012">
        <ele>41.362123</ele>
        <time>2026-03-24T17:40:23.977Z</time>
      </trkpt>
      <trkpt lat="45.119167" lon="14.485670">
        <ele>42.151212</ele>
        <time>2026-03-24T17:40:33.492Z</time>
      </trkpt>
      <trkpt lat="45.119715" lon="14.485116">
        <ele>43.425185</ele>
        <time>2026-03-24T17:40:51.492Z</time>
      </trkpt>
      <trkpt lat="45.119975" lon="14.484904">
        <ele>43.992887</ele>
        <time>2026-03-24T17:41:00.892Z</time>
      </trkpt>
      <trkpt lat="45.120058" lon="14.484509">
        <ele>44.737772</ele>
        <time>2026-03-24T17:41:10.857Z</time>
      </trkpt>
      <trkpt lat="45.120147" lon="14.483895">
        <ele>45.972315</ele>
        <time>2026-03-24T17:41:26.967Z</time>
      </trkpt>
      <trkpt lat="45.120249" lon="14.482989">
        <ele>47.779277</ele>
        <time>2026-03-24T17:41:50.544Z</time>
      </trkpt>
      <trkpt lat="45.120257" lon="14.482957">
        <ele>47.846141</ele>
        <time>2026-03-24T17:41:51.352Z</time>
      </trkpt>
      <trkpt lat="45.120336" lon="14.482452">
        <ele>48.864900</ele>
        <time>2026-03-24T17:42:02.306Z</time>
      </trkpt>
      <trkpt lat="45.120466" lon="14.481931">
        <ele>48.612819</ele>
        <time>2026-03-24T17:42:10.796Z</time>
      </trkpt>
      <trkpt lat="45.120737" lon="14.481241">
        <ele>47.559668</ele>
        <time>2026-03-24T17:42:19.741Z</time>
      </trkpt>
      <trkpt lat="45.120753" lon="14.481200">
        <ele>47.497184</ele>
        <time>2026-03-24T17:42:20.231Z</time>
      </trkpt>
      <trkpt lat="45.120792" lon="14.481065">
        <ele>47.302639</ele>
        <time>2026-03-24T17:42:21.746Z</time>
      </trkpt>
      <trkpt lat="45.120818" lon="14.480776">
        <ele>46.914101</ele>
        <time>2026-03-24T17:42:24.711Z</time>
      </trkpt>
      <trkpt lat="45.120762" lon="14.480126">
        <ele>46.040804</ele>
        <time>2026-03-24T17:42:31.189Z</time>
      </trkpt>
      <trkpt lat="45.120788" lon="14.479131">
        <ele>44.401111</ele>
        <time>2026-03-24T17:42:41.041Z</time>
      </trkpt>
      <trkpt lat="45.120759" lon="14.478896">
        <ele>43.987706</ele>
        <time>2026-03-24T17:42:43.477Z</time>
      </trkpt>
      <trkpt lat="45.120696" lon="14.478722">
        <ele>43.648808</ele>
        <time>2026-03-24T17:42:45.511Z</time>
      </trkpt>
      <trkpt lat="45.120559" lon="14.478506">
        <ele>43.145520</ele>
        <time>2026-03-24T17:42:48.571Z</time>
      </trkpt>
      <trkpt lat="45.120284" lon="14.478209">
        <ele>42.296413</ele>
        <time>2026-03-24T17:42:53.901Z</time>
      </trkpt>
      <trkpt lat="45.120113" lon="14.477938">
        <ele>41.666419</ele>
        <time>2026-03-24T17:42:58.045Z</time>
      </trkpt>
      <trkpt lat="45.120049" lon="14.477790">
        <ele>41.365622</ele>
        <time>2026-03-24T17:43:00.085Z</time>
      </trkpt>
      <trkpt lat="45.119887" lon="14.477063">
        <ele>41.239521</ele>
        <time>2026-03-24T17:43:09.621Z</time>
      </trkpt>
      <trkpt lat="45.119774" lon="14.476400">
        <ele>41.150057</ele>
        <time>2026-03-24T17:43:19.323Z</time>
      </trkpt>
      <trkpt lat="45.119628" lon="14.476212">
        <ele>41.113388</ele>
        <time>2026-03-24T17:43:23.576Z</time>
      </trkpt>
      <trkpt lat="45.119554" lon="14.476000">
        <ele>41.082364</ele>
        <time>2026-03-24T17:43:27.161Z</time>
      </trkpt>
      <trkpt lat="45.119471" lon="14.475975">
        <ele>41.066591</ele>
        <time>2026-03-24T17:43:28.956Z</time>
      </trkpt>
      <trkpt lat="45.119265" lon="14.475913">
        <ele>41.027444</ele>
        <time>2026-03-24T17:43:33.361Z</time>
      </trkpt>
      <trkpt lat="45.118834" lon="14.475836">
        <ele>40.745443</ele>
        <time>2026-03-24T17:43:41.525Z</time>
      </trkpt>
      <trkpt lat="45.118628" lon="14.475747">
        <ele>40.562430</ele>
        <time>2026-03-24T17:43:45.270Z</time>
      </trkpt>
      <trkpt lat="45.118260" lon="14.475383">
        <ele>40.181061</ele>
        <time>2026-03-24T17:43:52.607Z</time>
      </trkpt>
      <trkpt lat="45.117453" lon="14.474725">
        <ele>39.584090</ele>
        <time>2026-03-24T17:44:07.770Z</time>
      </trkpt>
      <trkpt lat="45.117311" lon="14.474836">
        <ele>39.762338</ele>
        <time>2026-03-24T17:44:10.648Z</time>
      </trkpt>
      <trkpt lat="45.117161" lon="14.474902">
        <ele>39.934973</ele>
        <time>2026-03-24T17:44:13.562Z</time>
      </trkpt>
      <trkpt lat="45.116980" lon="14.474902">
        <ele>40.133917</ele>
        <time>2026-03-24T17:44:17.351Z</time>
      </trkpt>
      <trkpt lat="45.116917" lon="14.474933">
        <ele>40.207218</ele>
        <time>2026-03-24T17:44:18.855Z</time>
      </trkpt>
      <trkpt lat="45.116857" lon="14.474985">
        <ele>40.284522</ele>
        <time>2026-03-24T17:44:20.496Z</time>
      </trkpt>
      <trkpt lat="45.116598" lon="14.475441">
        <ele>40.738542</ele>
        <time>2026-03-24T17:44:31.439Z</time>
      </trkpt>
      <trkpt lat="45.116481" lon="14.475510">
        <ele>40.877833</ele>
        <time>2026-03-24T17:44:35.228Z</time>
      </trkpt>
      <trkpt lat="45.116011" lon="14.475350">
        <ele>41.409125</ele>
        <time>2026-03-24T17:44:50.201Z</time>
      </trkpt>
      <trkpt lat="45.115665" lon="14.475294">
        <ele>42.313610</ele>
        <time>2026-03-24T17:45:00.695Z</time>
      </trkpt>
      <trkpt lat="45.115521" lon="14.475201">
        <ele>42.754142</ele>
        <time>2026-03-24T17:45:05.387Z</time>
      </trkpt>
      <trkpt lat="45.115206" lon="14.475096">
        <ele>43.654963</ele>
        <time>2026-03-24T17:45:14.985Z</time>
      </trkpt>
      <trkpt lat="45.115058" lon="14.474990">
        <ele>44.116594</ele>
        <time>2026-03-24T17:45:19.966Z</time>
      </trkpt>
      <trkpt lat="45.114850" lon="14.474608">
        <ele>45.064439</ele>
        <time>2026-03-24T17:45:30.461Z</time>
      </trkpt>
      <trkpt lat="45.114721" lon="14.474559">
        <ele>45.436223</ele>
        <time>2026-03-24T17:45:34.790Z</time>
      </trkpt>
      <trkpt lat="45.114631" lon="14.474577">
        <ele>45.689245</ele>
        <time>2026-03-24T17:45:37.783Z</time>
      </trkpt>
      <trkpt lat="45.114454" lon="14.474714">
        <ele>46.250684</ele>
        <time>2026-03-24T17:45:44.606Z</time>
      </trkpt>
      <trkpt lat="45.114395" lon="14.474810">
        <ele>46.527663</ele>
        <time>2026-03-24T17:45:47.712Z</time>
      </trkpt>
      <trkpt lat="45.114123" lon="14.475418">
        <ele>48.842102</ele>
        <time>2026-03-24T17:46:06.542Z</time>
      </trkpt>
      <trkpt lat="45.114016" lon="14.475602">
        <ele>49.608645</ele>
        <time>2026-03-24T17:46:13.206Z</time>
      </trkpt>
      <trkpt lat="45.113421" lon="14.475931">
        <ele>52.518443</ele>
        <time>2026-03-24T17:46:39.794Z</time>
      </trkpt>
      <trkpt lat="45.113351" lon="14.475935">
        <ele>52.837612</ele>
        <time>2026-03-24T17:46:42.778Z</time>
      </trkpt>
      <trkpt lat="45.112889" lon="14.475744">
        <ele>55.028918</ele>
        <time>2026-03-24T17:47:03.386Z</time>
      </trkpt>
      <trkpt lat="45.112702" lon="14.475737">
        <ele>55.878338</ele>
        <time>2026-03-24T17:47:11.291Z</time>
      </trkpt>
      <trkpt lat="45.112622" lon="14.475783">
        <ele>56.270367</ele>
        <time>2026-03-24T17:47:14.902Z</time>
      </trkpt>
      <trkpt lat="45.112235" lon="14.476147">
        <ele>58.379537</ele>
        <time>2026-03-24T17:47:33.912Z</time>
      </trkpt>
      <trkpt lat="45.112130" lon="14.476200">
        <ele>58.885664</ele>
        <time>2026-03-24T17:47:38.375Z</time>
      </trkpt>
      <trkpt lat="45.111988" lon="14.476204">
        <ele>59.530580</ele>
        <time>2026-03-24T17:47:44.030Z</time>
      </trkpt>
      <trkpt lat="45.111865" lon="14.476261">
        <ele>60.118204</ele>
        <time>2026-03-24T17:47:49.095Z</time>
      </trkpt>
      <trkpt lat="45.111615" lon="14.476600">
        <ele>61.689442</ele>
        <time>2026-03-24T17:48:02.502Z</time>
      </trkpt>
      <trkpt lat="45.111098" lon="14.477195">
        <ele>63.937228</ele>
        <time>2026-03-24T17:48:26.651Z</time>
      </trkpt>
      <trkpt lat="45.110771" lon="14.477634">
        <ele>65.143886</ele>
        <time>2026-03-24T17:48:41.489Z</time>
      </trkpt>
      <trkpt lat="45.110526" lon="14.477857">
        <ele>65.923908</ele>
        <time>2026-03-24T17:48:50.504Z</time>
      </trkpt>
      <trkpt lat="45.110392" lon="14.478218">
        <ele>66.695011</ele>
        <time>2026-03-24T17:48:59.044Z</time>
      </trkpt>
      <trkpt lat="45.110234" lon="14.478504">
        <ele>67.381641</ele>
        <time>2026-03-24T17:49:06.069Z</time>
      </trkpt>
      <trkpt lat="45.109825" lon="14.479064">
        <ele>67.660932</ele>
        <time>2026-03-24T17:49:19.328Z</time>
      </trkpt>
      <trkpt lat="45.109693" lon="14.479442">
        <ele>67.675280</ele>
        <time>2026-03-24T17:49:25.238Z</time>
      </trkpt>
      <trkpt lat="45.109779" lon="14.479977">
        <ele>67.693947</ele>
        <time>2026-03-24T17:49:32.392Z</time>
      </trkpt>
      <trkpt lat="45.109777" lon="14.480288">
        <ele>67.704528</ele>
        <time>2026-03-24T17:49:36.325Z</time>
      </trkpt>
      <trkpt lat="45.109725" lon="14.480529">
        <ele>67.713101</ele>
        <time>2026-03-24T17:49:39.417Z</time>
      </trkpt>
      <trkpt lat="45.109672" lon="14.480954">
        <ele>67.669169</ele>
        <time>2026-03-24T17:49:44.572Z</time>
      </trkpt>
      <trkpt lat="45.109422" lon="14.481502">
        <ele>67.250263</ele>
        <time>2026-03-24T17:49:52.290Z</time>
      </trkpt>
      <trkpt lat="45.109420" lon="14.481715">
        <ele>67.113509</ele>
        <time>2026-03-24T17:49:54.830Z</time>
      </trkpt>
      <trkpt lat="45.109447" lon="14.481764">
        <ele>67.073600</ele>
        <time>2026-03-24T17:49:55.584Z</time>
      </trkpt>
      <trkpt lat="45.109451" lon="14.481975">
        <ele>66.938093</ele>
        <time>2026-03-24T17:49:58.120Z</time>
      </trkpt>
      <trkpt lat="45.109420" lon="14.482086">
        <ele>66.861456</ele>
        <time>2026-03-24T17:49:59.555Z</time>
      </trkpt>
      <trkpt lat="45.108713" lon="14.483466">
        <ele>65.616051</ele>
        <time>2026-03-24T17:50:20.152Z</time>
      </trkpt>
      <trkpt lat="45.108663" lon="14.483785">
        <ele>65.308122</ele>
        <time>2026-03-24T17:50:24.066Z</time>
      </trkpt>
      <trkpt lat="45.108556" lon="14.484199">
        <ele>64.892657</ele>
        <time>2026-03-24T17:50:29.326Z</time>
      </trkpt>
      <trkpt lat="45.108624" lon="14.485691">
        <ele>63.203455</ele>
        <time>2026-03-24T17:50:46.245Z</time>
      </trkpt>
      <trkpt lat="45.108595" lon="14.486821">
        <ele>60.669564</ele>
        <time>2026-03-24T17:50:58.034Z</time>
      </trkpt>
      <trkpt lat="45.108567" lon="14.487021">
        <ele>60.212651</ele>
        <time>2026-03-24T17:51:00.092Z</time>
      </trkpt>
      <trkpt lat="45.108476" lon="14.487153">
        <ele>59.799151</ele>
        <time>2026-03-24T17:51:01.925Z</time>
      </trkpt>
      <trkpt lat="45.108037" lon="14.487472">
        <ele>58.232649</ele>
        <time>2026-03-24T17:51:08.759Z</time>
      </trkpt>
      <trkpt lat="45.107796" lon="14.487854">
        <ele>56.470052</ele>
        <time>2026-03-24T17:51:13.661Z</time>
      </trkpt>
      <trkpt lat="45.107470" lon="14.488862">
        <ele>52.273403</ele>
        <time>2026-03-24T17:51:24.023Z</time>
      </trkpt>
      <trkpt lat="45.107213" lon="14.489130">
        <ele>50.562144</ele>
        <time>2026-03-24T17:51:28.171Z</time>
      </trkpt>
      <trkpt lat="45.107166" lon="14.489246">
        <ele>50.055890</ele>
        <time>2026-03-24T17:51:29.397Z</time>
      </trkpt>
      <trkpt lat="45.107210" lon="14.489379">
        <ele>49.499938</ele>
        <time>2026-03-24T17:51:30.738Z</time>
      </trkpt>
      <trkpt lat="45.107715" lon="14.490259">
        <ele>45.013031</ele>
        <time>2026-03-24T17:51:40.996Z</time>
      </trkpt>
      <trkpt lat="45.107810" lon="14.490570">
        <ele>43.650691</ele>
        <time>2026-03-24T17:51:44.048Z</time>
      </trkpt>
      <trkpt lat="45.108022" lon="14.490878">
        <ele>41.921142</ele>
        <time>2026-03-24T17:51:47.955Z</time>
      </trkpt>
      <trkpt lat="45.108133" lon="14.491181">
        <ele>40.548734</ele>
        <time>2026-03-24T17:51:51.097Z</time>
      </trkpt>
      <trkpt lat="45.108275" lon="14.491404">
        <ele>39.341298</ele>
        <time>2026-03-24T17:51:53.892Z</time>
      </trkpt>
      <trkpt lat="45.108489" lon="14.491554">
        <ele>38.040711</ele>
        <time>2026-03-24T17:51:57.083Z</time>
      </trkpt>
      <trkpt lat="45.108570" lon="14.491764">
        <ele>37.627282</ele>
        <time>2026-03-24T17:51:59.374Z</time>
      </trkpt>
      <trkpt lat="45.108650" lon="14.493551">
        <ele>34.533948</ele>
        <time>2026-03-24T17:52:18.380Z</time>
      </trkpt>
      <trkpt lat="45.108628" lon="14.493815">
        <ele>34.074707</ele>
        <time>2026-03-24T17:52:21.688Z</time>
      </trkpt>
      <trkpt lat="45.108603" lon="14.493886">
        <ele>33.937634</ele>
        <time>2026-03-24T17:52:22.675Z</time>
      </trkpt>
      <trkpt lat="45.108557" lon="14.493909">
        <ele>33.818231</ele>
        <time>2026-03-24T17:52:23.539Z</time>
      </trkpt>
      <trkpt lat="45.108261" lon="14.493842">
        <ele>33.471770</ele>
        <time>2026-03-24T17:52:28.899Z</time>
      </trkpt>
      <trkpt lat="45.108148" lon="14.493866">
        <ele>33.373121</ele>
        <time>2026-03-24T17:52:30.953Z</time>
      </trkpt>
      <trkpt lat="45.108035" lon="14.493933">
        <ele>33.267366</ele>
        <time>2026-03-24T17:52:33.162Z</time>
      </trkpt>
      <trkpt lat="45.107931" lon="14.494146">
        <ele>33.109548</ele>
        <time>2026-03-24T17:52:36.450Z</time>
      </trkpt>
      <trkpt lat="45.107858" lon="14.494438">
        <ele>32.920792</ele>
        <time>2026-03-24T17:52:40.387Z</time>
      </trkpt>
      <trkpt lat="45.107763" lon="14.494708">
        <ele>32.736962</ele>
        <time>2026-03-24T17:52:44.103Z</time>
      </trkpt>
      <trkpt lat="45.107637" lon="14.494932">
        <ele>32.562426</ele>
        <time>2026-03-24T17:52:47.548Z</time>
      </trkpt>
      <trkpt lat="45.106725" lon="14.495916">
        <ele>32.082759</ele>
        <time>2026-03-24T17:53:06.577Z</time>
      </trkpt>
      <trkpt lat="45.106688" lon="14.496013">
        <ele>32.077070</ele>
        <time>2026-03-24T17:53:07.917Z</time>
      </trkpt>
      <trkpt lat="45.106444" lon="14.496105">
        <ele>32.058612</ele>
        <time>2026-03-24T17:53:12.669Z</time>
      </trkpt>
      <trkpt lat="45.106217" lon="14.496620">
        <ele>32.027286</ele>
        <time>2026-03-24T17:53:21.478Z</time>
      </trkpt>
      <trkpt lat="45.105762" lon="14.498058">
        <ele>32.966932</ele>
        <time>2026-03-24T17:53:51.151Z</time>
      </trkpt>
      <trkpt lat="45.105735" lon="14.498519">
        <ele>33.407414</ele>
        <time>2026-03-24T17:54:00.477Z</time>
      </trkpt>
      <trkpt lat="45.105806" lon="14.498935">
        <ele>33.814954</ele>
        <time>2026-03-24T17:54:08.632Z</time>
      </trkpt>
      <trkpt lat="45.105808" lon="14.499345">
        <ele>34.205373</ele>
        <time>2026-03-24T17:54:16.000Z</time>
      </trkpt>
      <trkpt lat="45.105734" lon="14.499251">
        <ele>34.339459</ele>
        <time>2026-03-24T17:54:18.327Z</time>
      </trkpt>
      <trkpt lat="45.105534" lon="14.499230">
        <ele>34.539987</ele>
        <time>2026-03-24T17:54:22.839Z</time>
      </trkpt>
      <trkpt lat="45.104824" lon="14.499314">
        <ele>35.137222</ele>
        <time>2026-03-24T17:54:37.325Z</time>
      </trkpt>
      <trkpt lat="45.104621" lon="14.499248">
        <ele>35.311811</ele>
        <time>2026-03-24T17:54:41.616Z</time>
      </trkpt>
      <trkpt lat="45.104222" lon="14.499119">
        <ele>35.654875</ele>
        <time>2026-03-24T17:54:50.642Z</time>
      </trkpt>
      <trkpt lat="45.103951" lon="14.499119">
        <ele>35.882043</ele>
        <time>2026-03-24T17:54:57.323Z</time>
      </trkpt>
      <trkpt lat="45.103680" lon="14.499230">
        <ele>36.558847</ele>
        <time>2026-03-24T17:55:04.919Z</time>
      </trkpt>
      <trkpt lat="45.103242" lon="14.499524">
        <ele>37.928395</ele>
        <time>2026-03-24T17:55:19.866Z</time>
      </trkpt>
      <trkpt lat="45.102788" lon="14.499777">
        <ele>39.306948</ele>
        <time>2026-03-24T17:55:36.711Z</time>
      </trkpt>
      <trkpt lat="45.102372" lon="14.500119">
        <ele>40.666027</ele>
        <time>2026-03-24T17:55:54.126Z</time>
      </trkpt>
      <trkpt lat="45.101590" lon="14.500943">
        <ele>42.527647</ele>
        <time>2026-03-24T17:56:25.572Z</time>
      </trkpt>
      <trkpt lat="45.101394" lon="14.500850">
        <ele>42.894998</ele>
        <time>2026-03-24T17:56:31.281Z</time>
      </trkpt>
      <trkpt lat="45.101114" lon="14.500518">
        <ele>43.543903</ele>
        <time>2026-03-24T17:56:40.174Z</time>
      </trkpt>
      <trkpt lat="45.101046" lon="14.499638">
        <ele>44.506505</ele>
        <time>2026-03-24T17:56:52.485Z</time>
      </trkpt>
      <trkpt lat="45.101077" lon="14.498704">
        <ele>45.287450</ele>
        <time>2026-03-24T17:57:05.379Z</time>
      </trkpt>
      <trkpt lat="45.100682" lon="14.497749">
        <ele>46.211924</ele>
        <time>2026-03-24T17:57:26.365Z</time>
      </trkpt>
      <trkpt lat="45.100243" lon="14.497063">
        <ele>48.841454</ele>
        <time>2026-03-24T17:57:51.191Z</time>
      </trkpt>
      <trkpt lat="45.099781" lon="14.496516">
        <ele>51.603415</ele>
        <time>2026-03-24T17:58:17.583Z</time>
      </trkpt>
      <trkpt lat="45.099584" lon="14.495861">
        <ele>53.908798</ele>
        <time>2026-03-24T17:58:40.039Z</time>
      </trkpt>
      <trkpt lat="45.099394" lon="14.495627">
        <ele>54.935747</ele>
        <time>2026-03-24T17:58:51.035Z</time>
      </trkpt>
      <trkpt lat="45.099236" lon="14.495432">
        <ele>55.636940</ele>
        <time>2026-03-24T17:58:59.770Z</time>
      </trkpt>
      <trkpt lat="45.098842" lon="14.494423">
        <ele>58.360589</ele>
        <time>2026-03-24T17:59:28.836Z</time>
      </trkpt>
      <trkpt lat="45.098526" lon="14.494107">
        <ele>59.654893</ele>
        <time>2026-03-24T17:59:40.343Z</time>
      </trkpt>
      <trkpt lat="45.098208" lon="14.493892">
        <ele>60.785293</ele>
        <time>2026-03-24T17:59:50.297Z</time>
      </trkpt>
      <trkpt lat="45.097918" lon="14.493737">
        <ele>61.597636</ele>
        <time>2026-03-24T17:59:59.134Z</time>
      </trkpt>
      <trkpt lat="45.097819" lon="14.493512">
        <ele>62.088142</ele>
        <time>2026-03-24T18:00:04.544Z</time>
      </trkpt>
      <trkpt lat="45.097630" lon="14.492900">
        <ele>63.323991</ele>
        <time>2026-03-24T18:00:19.074Z</time>
      </trkpt>
      <trkpt lat="45.097388" lon="14.492686">
        <ele>64.071665</ele>
        <time>2026-03-24T18:00:28.495Z</time>
      </trkpt>
      <trkpt lat="45.097168" lon="14.491870">
        <ele>65.758047</ele>
        <time>2026-03-24T18:00:49.870Z</time>
      </trkpt>
      <trkpt lat="45.097009" lon="14.491645">
        <ele>66.460830</ele>
        <time>2026-03-24T18:00:57.909Z</time>
      </trkpt>
      <trkpt lat="45.096184" lon="14.491409">
        <ele>69.092764</ele>
        <time>2026-03-24T18:01:27.917Z</time>
      </trkpt>
      <trkpt lat="45.096006" lon="14.491307">
        <ele>69.693205</ele>
        <time>2026-03-24T18:01:34.355Z</time>
      </trkpt>
      <trkpt lat="45.095706" lon="14.491001">
        <ele>70.849224</ele>
        <time>2026-03-24T18:01:46.254Z</time>
      </trkpt>
      <trkpt lat="45.095669" lon="14.490797">
        <ele>71.006951</ele>
        <time>2026-03-24T18:01:50.840Z</time>
      </trkpt>
      <trkpt lat="45.095896" lon="14.490175">
        <ele>71.255901</ele>
        <time>2026-03-24T18:02:04.852Z</time>
      </trkpt>
      <trkpt lat="45.095646" lon="14.489585">
        <ele>71.500557</ele>
        <time>2026-03-24T18:02:16.123Z</time>
      </trkpt>
      <trkpt lat="45.095434" lon="14.488566">
        <ele>71.823491</ele>
        <time>2026-03-24T18:02:29.274Z</time>
      </trkpt>
      <trkpt lat="45.095040" lon="14.487922">
        <ele>71.446467</ele>
        <time>2026-03-24T18:02:39.080Z</time>
      </trkpt>
      <trkpt lat="45.095025" lon="14.487643">
        <ele>71.322675</ele>
        <time>2026-03-24T18:02:42.400Z</time>
      </trkpt>
      <trkpt lat="45.094866" lon="14.487192">
        <ele>71.099647</ele>
        <time>2026-03-24T18:02:48.647Z</time>
      </trkpt>
      <trkpt lat="45.094570" lon="14.486860">
        <ele>70.863032</ele>
        <time>2026-03-24T18:02:56.091Z</time>
      </trkpt>
      <trkpt lat="45.094017" lon="14.486591">
        <ele>71.629984</ele>
        <time>2026-03-24T18:03:10.668Z</time>
      </trkpt>
      <trkpt lat="45.093445" lon="14.486239">
        <ele>73.164861</ele>
        <time>2026-03-24T18:03:29.505Z</time>
      </trkpt>
      <trkpt lat="45.092895" lon="14.486436">
        <ele>74.561091</ele>
        <time>2026-03-24T18:03:48.664Z</time>
      </trkpt>
      <trkpt lat="45.092489" lon="14.486582">
        <ele>75.932055</ele>
        <time>2026-03-24T18:04:03.605Z</time>
      </trkpt>
      <trkpt lat="45.091425" lon="14.487180">
        <ele>80.933158</ele>
        <time>2026-03-24T18:04:47.225Z</time>
      </trkpt>
      <trkpt lat="45.091384" lon="14.487760">
        <ele>82.731042</ele>
        <time>2026-03-24T18:05:04.693Z</time>
      </trkpt>
      <trkpt lat="45.091261" lon="14.487994">
        <ele>83.788846</ele>
        <time>2026-03-24T18:05:13.496Z</time>
      </trkpt>
      <trkpt lat="45.091216" lon="14.488080">
        <ele>84.203232</ele>
        <time>2026-03-24T18:05:16.707Z</time>
      </trkpt>
      <trkpt lat="45.090816" lon="14.488425">
        <ele>86.771163</ele>
        <time>2026-03-24T18:05:36.762Z</time>
      </trkpt>
      <trkpt lat="45.089831" lon="14.488743">
        <ele>92.310712</ele>
        <time>2026-03-24T18:06:21.604Z</time>
      </trkpt>
      <trkpt lat="45.089053" lon="14.488433">
        <ele>97.680817</ele>
        <time>2026-03-24T18:06:58.951Z</time>
      </trkpt>
      <trkpt lat="45.088641" lon="14.488434">
        <ele>100.488039</ele>
        <time>2026-03-24T18:07:19.994Z</time>
      </trkpt>
      <trkpt lat="45.088204" lon="14.488281">
        <ele>103.555214</ele>
        <time>2026-03-24T18:07:43.409Z</time>
      </trkpt>
      <trkpt lat="45.087975" lon="14.488349">
        <ele>105.146932</ele>
        <time>2026-03-24T18:07:55.720Z</time>
      </trkpt>
      <trkpt lat="45.087612" lon="14.488773">
        <ele>107.951668</ele>
        <time>2026-03-24T18:08:19.733Z</time>
      </trkpt>
      <trkpt lat="45.087539" lon="14.488858">
        <ele>108.514992</ele>
        <time>2026-03-24T18:08:24.392Z</time>
      </trkpt>
      <trkpt lat="45.087430" lon="14.489091">
        <ele>109.691334</ele>
        <time>2026-03-24T18:08:33.832Z</time>
      </trkpt>
      <trkpt lat="45.087352" lon="14.489256">
        <ele>110.527048</ele>
        <time>2026-03-24T18:08:40.574Z</time>
      </trkpt>
      <trkpt lat="45.086219" lon="14.491592">
        <ele>120.812858</ele>
        <time>2026-03-24T18:10:00.969Z</time>
      </trkpt>
      <trkpt lat="45.085559" lon="14.492126">
        <ele>124.073464</ele>
        <time>2026-03-24T18:10:30.524Z</time>
      </trkpt>
      <trkpt lat="45.085507" lon="14.492169">
        <ele>124.218226</ele>
        <time>2026-03-24T18:10:32.782Z</time>
      </trkpt>
      <trkpt lat="45.085082" lon="14.492259">
        <ele>125.251336</ele>
        <time>2026-03-24T18:10:48.051Z</time>
      </trkpt>
      <trkpt lat="45.084737" lon="14.492228">
        <ele>126.082426</ele>
        <time>2026-03-24T18:10:59.266Z</time>
      </trkpt>
      <trkpt lat="45.085042" lon="14.491902">
        <ele>127.001057</ele>
        <time>2026-03-24T18:11:09.493Z</time>
      </trkpt>
      <trkpt lat="45.085075" lon="14.491759">
        <ele>127.256428</ele>
        <time>2026-03-24T18:11:12.118Z</time>
      </trkpt>
      <trkpt lat="45.085086" lon="14.491709">
        <ele>127.345325</ele>
        <time>2026-03-24T18:11:12.968Z</time>
      </trkpt>
      <trkpt lat="45.085115" lon="14.491193">
        <ele>128.223977</ele>
        <time>2026-03-24T18:11:20.773Z</time>
      </trkpt>
      <trkpt lat="45.085269" lon="14.490852">
        <ele>128.173057</ele>
        <time>2026-03-24T18:11:25.551Z</time>
      </trkpt>
      <trkpt lat="45.085329" lon="14.490366">
        <ele>128.101650</ele>
        <time>2026-03-24T18:11:31.184Z</time>
      </trkpt>
      <trkpt lat="45.085337" lon="14.489958">
        <ele>128.042576</ele>
        <time>2026-03-24T18:11:35.870Z</time>
      </trkpt>
      <trkpt lat="45.085405" lon="14.489515">
        <ele>127.976962</ele>
        <time>2026-03-24T18:11:40.856Z</time>
      </trkpt>
      <trkpt lat="45.085424" lon="14.489206">
        <ele>127.932070</ele>
        <time>2026-03-24T18:11:44.125Z</time>
      </trkpt>
      <trkpt lat="45.085319" lon="14.488850">
        <ele>127.876231</ele>
        <time>2026-03-24T18:11:48.314Z</time>
      </trkpt>
      <trkpt lat="45.085158" lon="14.488574">
        <ele>128.134753</ele>
        <time>2026-03-24T18:11:52.383Z</time>
      </trkpt>
      <trkpt lat="45.085149" lon="14.487783">
        <ele>128.957174</ele>
        <time>2026-03-24T18:12:02.737Z</time>
      </trkpt>
      <trkpt lat="45.085284" lon="14.486362">
        <ele>130.447739</ele>
        <time>2026-03-24T18:12:31.832Z</time>
      </trkpt>
      <trkpt lat="45.085110" lon="14.485622">
        <ele>133.119753</ele>
        <time>2026-03-24T18:12:53.612Z</time>
      </trkpt>
      <trkpt lat="45.084845" lon="14.485236">
        <ele>135.072254</ele>
        <time>2026-03-24T18:13:10.087Z</time>
      </trkpt>
      <trkpt lat="45.084655" lon="14.484581">
        <ele>137.640314</ele>
        <time>2026-03-24T18:13:33.293Z</time>
      </trkpt>
      <trkpt lat="45.084511" lon="14.483948">
        <ele>140.127897</ele>
        <time>2026-03-24T18:13:55.929Z</time>
      </trkpt>
      <trkpt lat="45.084496" lon="14.483455">
        <ele>142.364756</ele>
        <time>2026-03-24T18:14:12.881Z</time>
      </trkpt>
      <trkpt lat="45.084239" lon="14.482328">
        <ele>147.733337</ele>
        <time>2026-03-24T18:14:53.453Z</time>
      </trkpt>
      <trkpt lat="45.084269" lon="14.482049">
        <ele>149.012640</ele>
        <time>2026-03-24T18:15:03.251Z</time>
      </trkpt>
      <trkpt lat="45.084421" lon="14.481577">
        <ele>151.359800</ele>
        <time>2026-03-24T18:15:21.568Z</time>
      </trkpt>
      <trkpt lat="45.084799" lon="14.480858">
        <ele>155.154346</ele>
        <time>2026-03-24T18:15:53.521Z</time>
      </trkpt>
      <trkpt lat="45.084814" lon="14.480665">
        <ele>155.976244</ele>
        <time>2026-03-24T18:16:00.427Z</time>
      </trkpt>
      <trkpt lat="45.084458" lon="14.479528">
        <ele>161.241147</ele>
        <time>2026-03-24T18:16:41.929Z</time>
      </trkpt>
      <trkpt lat="45.084049" lon="14.479217">
        <ele>162.790194</ele>
        <time>2026-03-24T18:17:00.239Z</time>
      </trkpt>
      <trkpt lat="45.083867" lon="14.478605">
        <ele>163.817112</ele>
        <time>2026-03-24T18:17:15.326Z</time>
      </trkpt>
      <trkpt lat="45.083860" lon="14.478026">
        <ele>164.712613</ele>
        <time>2026-03-24T18:17:25.820Z</time>
      </trkpt>
      <trkpt lat="45.083618" lon="14.477511">
        <ele>165.669260</ele>
        <time>2026-03-24T18:17:35.324Z</time>
      </trkpt>
      <trkpt lat="45.083565" lon="14.477039">
        <ele>166.302130</ele>
        <time>2026-03-24T18:17:42.575Z</time>
      </trkpt>
      <trkpt lat="45.083474" lon="14.476771">
        <ele>166.636487</ele>
        <time>2026-03-24T18:17:47.406Z</time>
      </trkpt>
      <trkpt lat="45.083322" lon="14.476535">
        <ele>166.995644</ele>
        <time>2026-03-24T18:17:52.987Z</time>
      </trkpt>
      <trkpt lat="45.083064" lon="14.475698">
        <ele>168.022494</ele>
        <time>2026-03-24T18:18:11.539Z</time>
      </trkpt>
      <trkpt lat="45.082709" lon="14.475065">
        <ele>168.931366</ele>
        <time>2026-03-24T18:18:29.256Z</time>
      </trkpt>
      <trkpt lat="45.082572" lon="14.474614">
        <ele>169.483039</ele>
        <time>2026-03-24T18:18:39.027Z</time>
      </trkpt>
      <trkpt lat="45.082547" lon="14.474322">
        <ele>169.813547</ele>
        <time>2026-03-24T18:18:44.418Z</time>
      </trkpt>
      <trkpt lat="45.082602" lon="14.474046">
        <ele>170.135788</ele>
        <time>2026-03-24T18:18:49.489Z</time>
      </trkpt>
      <trkpt lat="45.082732" lon="14.473705">
        <ele>170.571234</ele>
        <time>2026-03-24T18:18:56.214Z</time>
      </trkpt>
      <trkpt lat="45.082807" lon="14.473391">
        <ele>170.943699</ele>
        <time>2026-03-24T18:19:02.016Z</time>
      </trkpt>
      <trkpt lat="45.082876" lon="14.472979">
        <ele>171.419483</ele>
        <time>2026-03-24T18:19:09.714Z</time>
      </trkpt>
      <trkpt lat="45.082891" lon="14.472749">
        <ele>171.679021</ele>
        <time>2026-03-24T18:19:14.080Z</time>
      </trkpt>
      <trkpt lat="45.082864" lon="14.472342">
        <ele>171.971671</ele>
        <time>2026-03-24T18:19:22.340Z</time>
      </trkpt>
      <trkpt lat="45.082824" lon="14.472155">
        <ele>172.098033</ele>
        <time>2026-03-24T18:19:26.579Z</time>
      </trkpt>
      <trkpt lat="45.082644" lon="14.471591">
        <ele>172.498306</ele>
        <time>2026-03-24T18:19:40.426Z</time>
      </trkpt>
      <trkpt lat="45.082744" lon="14.470743">
        <ele>173.054312</ele>
        <time>2026-03-24T18:19:56.921Z</time>
      </trkpt>
      <trkpt lat="45.082754" lon="14.470291">
        <ele>173.346768</ele>
        <time>2026-03-24T18:20:02.894Z</time>
      </trkpt>
      <trkpt lat="45.082752" lon="14.470222">
        <ele>173.391429</ele>
        <time>2026-03-24T18:20:03.719Z</time>
      </trkpt>
      <trkpt lat="45.082861" lon="14.468567">
        <ele>169.307657</ele>
        <time>2026-03-24T18:20:20.782Z</time>
      </trkpt>
      <trkpt lat="45.082890" lon="14.467490">
        <ele>166.774502</ele>
        <time>2026-03-24T18:20:31.498Z</time>
      </trkpt>
      <trkpt lat="45.082868" lon="14.466630">
        <ele>165.198674</ele>
        <time>2026-03-24T18:20:40.588Z</time>
      </trkpt>
      <trkpt lat="45.082530" lon="14.465813">
        <ele>163.464729</ele>
        <time>2026-03-24T18:20:51.312Z</time>
      </trkpt>
      <trkpt lat="45.082322" lon="14.465388">
        <ele>162.517812</ele>
        <time>2026-03-24T18:20:57.461Z</time>
      </trkpt>
      <trkpt lat="45.082219" lon="14.465051">
        <ele>162.047653</ele>
        <time>2026-03-24T18:21:01.892Z</time>
      </trkpt>
      <trkpt lat="45.082171" lon="14.464755">
        <ele>161.675130</ele>
        <time>2026-03-24T18:21:05.567Z</time>
      </trkpt>
      <trkpt lat="45.082115" lon="14.464607">
        <ele>161.469172</ele>
        <time>2026-03-24T18:21:07.608Z</time>
      </trkpt>
      <trkpt lat="45.081967" lon="14.464358">
        <ele>161.069944</ele>
        <time>2026-03-24T18:21:11.567Z</time>
      </trkpt>
      <trkpt lat="45.081870" lon="14.464127">
        <ele>160.740282</ele>
        <time>2026-03-24T18:21:14.795Z</time>
      </trkpt>
      <trkpt lat="45.081350" lon="14.463314">
        <ele>159.394750</ele>
        <time>2026-03-24T18:21:27.437Z</time>
      </trkpt>
      <trkpt lat="45.081004" lon="14.462972">
        <ele>157.926598</ele>
        <time>2026-03-24T18:21:33.882Z</time>
      </trkpt>
      <trkpt lat="45.080821" lon="14.462599">
        <ele>156.759723</ele>
        <time>2026-03-24T18:21:38.612Z</time>
      </trkpt>
      <trkpt lat="45.080703" lon="14.462267">
        <ele>155.804827</ele>
        <time>2026-03-24T18:21:42.359Z</time>
      </trkpt>
      <trkpt lat="45.080644" lon="14.461911">
        <ele>154.865375</ele>
        <time>2026-03-24T18:21:46.011Z</time>
      </trkpt>
      <trkpt lat="45.080646" lon="14.461656">
        <ele>154.210215</ele>
        <time>2026-03-24T18:21:48.580Z</time>
      </trkpt>
      <trkpt lat="45.080680" lon="14.461339">
        <ele>153.386470</ele>
        <time>2026-03-24T18:21:51.799Z</time>
      </trkpt>
      <trkpt lat="45.080589" lon="14.460639">
        <ele>151.886706</ele>
        <time>2026-03-24T18:21:59.031Z</time>
      </trkpt>
      <trkpt lat="45.080700" lon="14.460406">
        <ele>151.357420</ele>
        <time>2026-03-24T18:22:01.487Z</time>
      </trkpt>
      <trkpt lat="45.080838" lon="14.460075">
        <ele>150.633571</ele>
        <time>2026-03-24T18:22:04.905Z</time>
      </trkpt>
      <trkpt lat="45.080858" lon="14.459797">
        <ele>150.107358</ele>
        <time>2026-03-24T18:22:07.473Z</time>
      </trkpt>
      <trkpt lat="45.080809" lon="14.459483">
        <ele>149.501796</ele>
        <time>2026-03-24T18:22:10.513Z</time>
      </trkpt>
      <trkpt lat="45.080604" lon="14.458684">
        <ele>147.976512</ele>
        <time>2026-03-24T18:22:19.092Z</time>
      </trkpt>
      <trkpt lat="45.080633" lon="14.458477">
        <ele>147.906685</ele>
        <time>2026-03-24T18:22:21.233Z</time>
      </trkpt>
      <trkpt lat="45.080792" lon="14.458153">
        <ele>147.776132</ele>
        <time>2026-03-24T18:22:25.302Z</time>
      </trkpt>
      <trkpt lat="45.080807" lon="14.458002">
        <ele>147.725678</ele>
        <time>2026-03-24T18:22:26.897Z</time>
      </trkpt>
      <trkpt lat="45.080771" lon="14.457814">
        <ele>147.661226</ele>
        <time>2026-03-24T18:22:28.968Z</time>
      </trkpt>
      <trkpt lat="45.080652" lon="14.457655">
        <ele>147.584563</ele>
        <time>2026-03-24T18:22:31.448Z</time>
      </trkpt>
      <trkpt lat="45.080532" lon="14.457611">
        <ele>147.526478</ele>
        <time>2026-03-24T18:22:33.355Z</time>
      </trkpt>
      <trkpt lat="45.080444" lon="14.457384">
        <ele>147.440794</ele>
        <time>2026-03-24T18:22:36.198Z</time>
      </trkpt>
      <trkpt lat="45.080266" lon="14.457517">
        <ele>147.346487</ele>
        <time>2026-03-24T18:22:39.381Z</time>
      </trkpt>
      <trkpt lat="45.078684" lon="14.459192">
        <ele>149.324226</ele>
        <time>2026-03-24T18:23:21.115Z</time>
      </trkpt>
      <trkpt lat="45.078396" lon="14.459511">
        <ele>150.071019</ele>
        <time>2026-03-24T18:23:33.126Z</time>
      </trkpt>
      <trkpt lat="45.077788" lon="14.460185">
        <ele>152.636097</ele>
        <time>2026-03-24T18:24:00.434Z</time>
      </trkpt>
      <trkpt lat="45.076474" lon="14.461606">
        <ele>157.720744</ele>
        <time>2026-03-24T18:24:51.747Z</time>
      </trkpt>
      <trkpt lat="45.074750" lon="14.463518">
        <ele>164.619282</ele>
        <time>2026-03-24T18:25:54.270Z</time>
      </trkpt>
      <trkpt lat="45.073791" lon="14.464727">
        <ele>168.931527</ele>
        <time>2026-03-24T18:26:45.916Z</time>
      </trkpt>
      <trkpt lat="45.073671" lon="14.464819">
        <ele>169.370503</ele>
        <time>2026-03-24T18:26:51.225Z</time>
      </trkpt>
      <trkpt lat="45.073391" lon="14.465105">
        <ele>170.481117</ele>
        <time>2026-03-24T18:27:03.329Z</time>
      </trkpt>
      <trkpt lat="45.073357" lon="14.465207">
        <ele>170.737355</ele>
        <time>2026-03-24T18:27:05.845Z</time>
      </trkpt>
      <trkpt lat="45.073104" lon="14.465486">
        <ele>171.768923</ele>
        <time>2026-03-24T18:27:14.648Z</time>
      </trkpt>
      <trkpt lat="45.072689" lon="14.465861">
        <ele>172.182685</ele>
        <time>2026-03-24T18:27:24.258Z</time>
      </trkpt>
      <trkpt lat="45.072462" lon="14.465985">
        <ele>171.552608</ele>
        <time>2026-03-24T18:27:27.768Z</time>
      </trkpt>
      <trkpt lat="45.071743" lon="14.466704">
        <ele>169.273138</ele>
        <time>2026-03-24T18:27:38.771Z</time>
      </trkpt>
      <trkpt lat="45.071215" lon="14.467257">
        <ele>167.284675</ele>
        <time>2026-03-24T18:27:46.646Z</time>
      </trkpt>
      <trkpt lat="45.071185" lon="14.467292">
        <ele>167.122929</ele>
        <time>2026-03-24T18:27:47.115Z</time>
      </trkpt>
      <trkpt lat="45.070836" lon="14.467699">
        <ele>165.241592</ele>
        <time>2026-03-24T18:27:52.506Z</time>
      </trkpt>
      <trkpt lat="45.070799" lon="14.467742">
        <ele>165.042416</ele>
        <time>2026-03-24T18:27:53.071Z</time>
      </trkpt>
      <trkpt lat="45.068960" lon="14.469876">
        <ele>155.520646</ele>
        <time>2026-03-24T18:28:21.778Z</time>
      </trkpt>
      <trkpt lat="45.064340" lon="14.474722">
        <ele>136.098902</ele>
        <time>2026-03-24T18:29:33.742Z</time>
      </trkpt>
      <trkpt lat="45.063948" lon="14.475177">
        <ele>134.025429</ele>
        <time>2026-03-24T18:29:40.108Z</time>
      </trkpt>
      <trkpt lat="45.062603" lon="14.476835">
        <ele>125.300411</ele>
        <time>2026-03-24T18:30:01.222Z</time>
      </trkpt>
      <trkpt lat="45.062382" lon="14.477106">
        <ele>123.248960</ele>
        <time>2026-03-24T18:30:04.449Z</time>
      </trkpt>
      <trkpt lat="45.061693" lon="14.477835">
        <ele>117.213620</ele>
        <time>2026-03-24T18:30:13.763Z</time>
      </trkpt>
      <trkpt lat="45.061549" lon="14.478044">
        <ele>115.766613</ele>
        <time>2026-03-24T18:30:15.982Z</time>
      </trkpt>
      <trkpt lat="45.061455" lon="14.478241">
        <ele>114.603342</ele>
        <time>2026-03-24T18:30:17.797Z</time>
      </trkpt>
      <trkpt lat="45.060984" lon="14.479483">
        <ele>107.813629</ele>
        <time>2026-03-24T18:30:28.771Z</time>
      </trkpt>
      <trkpt lat="45.060609" lon="14.480121">
        <ele>103.815933</ele>
        <time>2026-03-24T18:30:35.367Z</time>
      </trkpt>
      <trkpt lat="45.060373" lon="14.480451">
        <ele>101.916290</ele>
        <time>2026-03-24T18:30:39.125Z</time>
      </trkpt>
      <trkpt lat="45.060224" lon="14.480702">
        <ele>100.776617</ele>
        <time>2026-03-24T18:30:41.771Z</time>
      </trkpt>
      <trkpt lat="45.059889" lon="14.481448">
        <ele>97.703835</ele>
        <time>2026-03-24T18:30:48.994Z</time>
      </trkpt>
      <trkpt lat="45.059849" lon="14.481558">
        <ele>97.273777</ele>
        <time>2026-03-24T18:30:50.011Z</time>
      </trkpt>
      <trkpt lat="45.058964" lon="14.483545">
        <ele>90.868226</ele>
        <time>2026-03-24T18:31:10.264Z</time>
      </trkpt>
      <trkpt lat="45.058633" lon="14.484250">
        <ele>88.983314</ele>
        <time>2026-03-24T18:31:18.028Z</time>
      </trkpt>
      <trkpt lat="45.057823" lon="14.485977">
        <ele>86.263078</ele>
        <time>2026-03-24T18:31:38.235Z</time>
      </trkpt>
      <trkpt lat="45.057344" lon="14.486957">
        <ele>85.270166</ele>
        <time>2026-03-24T18:31:50.515Z</time>
      </trkpt>
      <trkpt lat="45.057124" lon="14.487397">
        <ele>85.138947</ele>
        <time>2026-03-24T18:31:56.554Z</time>
      </trkpt>
      <trkpt lat="45.056707" lon="14.487362">
        <ele>84.995000</ele>
        <time>2026-03-24T18:32:03.462Z</time>
      </trkpt>
      <trkpt lat="45.056089" lon="14.487330">
        <ele>84.781901</ele>
        <time>2026-03-24T18:32:14.173Z</time>
      </trkpt>
      <trkpt lat="45.055551" lon="14.487301">
        <ele>84.694937</ele>
        <time>2026-03-24T18:32:23.945Z</time>
      </trkpt>
      <trkpt lat="45.055108" lon="14.487314">
        <ele>84.637507</ele>
        <time>2026-03-24T18:32:31.719Z</time>
      </trkpt>
      <trkpt lat="45.054529" lon="14.487398">
        <ele>84.562069</ele>
        <time>2026-03-24T18:32:41.201Z</time>
      </trkpt>
      <trkpt lat="45.054281" lon="14.487434">
        <ele>84.529757</ele>
        <time>2026-03-24T18:32:45.163Z</time>
      </trkpt>
      <trkpt lat="45.053437" lon="14.487616">
        <ele>84.177909</ele>
        <time>2026-03-24T18:32:58.578Z</time>
      </trkpt>
      <trkpt lat="45.051985" lon="14.487929">
        <ele>83.392692</ele>
        <time>2026-03-24T18:33:22.247Z</time>
      </trkpt>
      <trkpt lat="45.050822" lon="14.488180">
        <ele>82.506995</ele>
        <time>2026-03-24T18:33:40.482Z</time>
      </trkpt>
      <trkpt lat="45.050744" lon="14.488196">
        <ele>82.447658</ele>
        <time>2026-03-24T18:33:41.638Z</time>
      </trkpt>
      <trkpt lat="45.049589" lon="14.488434">
        <ele>80.021776</ele>
        <time>2026-03-24T18:33:57.827Z</time>
      </trkpt>
      <trkpt lat="45.048938" lon="14.488568">
        <ele>78.585732</ele>
        <time>2026-03-24T18:34:06.195Z</time>
      </trkpt>
      <trkpt lat="45.048085" lon="14.488747">
        <ele>76.492422</ele>
        <time>2026-03-24T18:34:17.057Z</time>
      </trkpt>
      <trkpt lat="45.047542" lon="14.488872">
        <ele>75.147089</ele>
        <time>2026-03-24T18:34:24.161Z</time>
      </trkpt>
      <trkpt lat="45.047141" lon="14.489013">
        <ele>74.136652</ele>
        <time>2026-03-24T18:34:29.909Z</time>
      </trkpt>
      <trkpt lat="45.046398" lon="14.489372">
        <ele>74.164632</ele>
        <time>2026-03-24T18:34:42.849Z</time>
      </trkpt>
      <trkpt lat="45.045161" lon="14.490031">
        <ele>74.400143</ele>
        <time>2026-03-24T18:35:10.295Z</time>
      </trkpt>
      <trkpt lat="45.044204" lon="14.490554">
        <ele>74.728086</ele>
        <time>2026-03-24T18:35:29.174Z</time>
      </trkpt>
      <trkpt lat="45.043246" lon="14.491076">
        <ele>75.000480</ele>
        <time>2026-03-24T18:35:46.663Z</time>
      </trkpt>
      <trkpt lat="45.042879" lon="14.491314">
        <ele>75.087055</ele>
        <time>2026-03-24T18:35:53.653Z</time>
      </trkpt>
      <trkpt lat="45.042579" lon="14.491536">
        <ele>75.159656</ele>
        <time>2026-03-24T18:35:59.720Z</time>
      </trkpt>
      <trkpt lat="45.042134" lon="14.491958">
        <ele>75.279420</ele>
        <time>2026-03-24T18:36:09.951Z</time>
      </trkpt>
      <trkpt lat="45.041884" lon="14.492221">
        <ele>75.510249</ele>
        <time>2026-03-24T18:36:16.154Z</time>
      </trkpt>
      <trkpt lat="45.041567" lon="14.492554">
        <ele>75.802790</ele>
        <time>2026-03-24T18:36:24.411Z</time>
      </trkpt>
      <trkpt lat="45.041207" lon="14.492991">
        <ele>76.154245</ele>
        <time>2026-03-24T18:36:34.856Z</time>
      </trkpt>
      <trkpt lat="45.040673" lon="14.493704">
        <ele>76.519693</ele>
        <time>2026-03-24T18:36:50.199Z</time>
      </trkpt>
      <trkpt lat="45.040280" lon="14.494314">
        <ele>76.121017</ele>
        <time>2026-03-24T18:37:00.235Z</time>
      </trkpt>
      <trkpt lat="45.039111" lon="14.496132">
        <ele>73.965907</ele>
        <time>2026-03-24T18:37:25.072Z</time>
      </trkpt>
      <trkpt lat="45.038604" lon="14.496920">
        <ele>72.324415</ele>
        <time>2026-03-24T18:37:35.106Z</time>
      </trkpt>
      <trkpt lat="45.038263" lon="14.497430">
        <ele>71.076513</ele>
        <time>2026-03-24T18:37:41.468Z</time>
      </trkpt>
      <trkpt lat="45.037945" lon="14.497848">
        <ele>69.389397</ele>
        <time>2026-03-24T18:37:46.891Z</time>
      </trkpt>
      <trkpt lat="45.037605" lon="14.498164">
        <ele>67.808190</ele>
        <time>2026-03-24T18:37:51.878Z</time>
      </trkpt>
      <trkpt lat="45.037354" lon="14.498348">
        <ele>66.709358</ele>
        <time>2026-03-24T18:37:55.300Z</time>
      </trkpt>
      <trkpt lat="45.035186" lon="14.499302">
        <ele>56.309701</ele>
        <time>2026-03-24T18:38:22.066Z</time>
      </trkpt>
      <trkpt lat="45.034902" lon="14.499366">
        <ele>54.754870</ele>
        <time>2026-03-24T18:38:25.375Z</time>
      </trkpt>
      <trkpt lat="45.034606" lon="14.499378">
        <ele>53.052029</ele>
        <time>2026-03-24T18:38:28.775Z</time>
      </trkpt>
      <trkpt lat="45.034221" lon="14.499327">
        <ele>50.828413</ele>
        <time>2026-03-24T18:38:33.212Z</time>
      </trkpt>
      <trkpt lat="45.033140" lon="14.498950">
        <ele>44.036032</ele>
        <time>2026-03-24T18:38:45.849Z</time>
      </trkpt>
      <trkpt lat="45.032838" lon="14.498795">
        <ele>41.489102</ele>
        <time>2026-03-24T18:38:49.409Z</time>
      </trkpt>
      <trkpt lat="45.031481" lon="14.497796">
        <ele>28.999951</ele>
        <time>2026-03-24T18:39:05.819Z</time>
      </trkpt>
      <trkpt lat="45.031127" lon="14.497602">
        <ele>25.396881</ele>
        <time>2026-03-24T18:39:09.823Z</time>
      </trkpt>
      <trkpt lat="45.030948" lon="14.497544">
        <ele>23.653983</ele>
        <time>2026-03-24T18:39:11.738Z</time>
      </trkpt>
      <trkpt lat="45.030389" lon="14.497532">
        <ele>18.347800</ele>
        <time>2026-03-24T18:39:17.547Z</time>
      </trkpt>
      <trkpt lat="45.029218" lon="14.497653">
        <ele>14.125093</ele>
        <time>2026-03-24T18:39:30.168Z</time>
      </trkpt>
      <trkpt lat="45.029117" lon="14.497665">
        <ele>14.125093</ele>
        <time>2026-03-24T18:39:31.362Z</time>
      </trkpt>
      <trkpt lat="45.029007" lon="14.497689">
        <ele>14.125093</ele>
        <time>2026-03-24T18:39:32.678Z</time>
      </trkpt>
      <trkpt lat="45.028894" lon="14.497713">
        <ele>14.125093</ele>
        <time>2026-03-24T18:39:34.000Z</time>
      </trkpt>
      <trkpt lat="45.028773" lon="14.497758">
        <ele>14.125093</ele>
        <time>2026-03-24T18:39:35.458Z</time>
      </trkpt>
      <trkpt lat="45.028573" lon="14.497810">
        <ele>14.125093</ele>
        <time>2026-03-24T18:39:37.920Z</time>
      </trkpt>
      <trkpt lat="45.028492" lon="14.497773">
        <ele>14.125093</ele>
        <time>2026-03-24T18:39:38.960Z</time>
      </trkpt>
      <trkpt lat="45.028364" lon="14.497635">
        <ele>14.125093</ele>
        <time>2026-03-24T18:39:41.041Z</time>
      </trkpt>
      <trkpt lat="45.028282" lon="14.497513">
        <ele>14.125093</ele>
        <time>2026-03-24T18:39:42.677Z</time>
      </trkpt>
      <trkpt lat="45.028214" lon="14.497412">
        <ele>14.125093</ele>
        <time>2026-03-24T18:39:44.146Z</time>
      </trkpt>
      <trkpt lat="45.028065" lon="14.497197">
        <ele>14.125093</ele>
        <time>2026-03-24T18:39:47.373Z</time>
      </trkpt>
      <trkpt lat="45.027914" lon="14.497021">
        <ele>14.125093</ele>
        <time>2026-03-24T18:39:50.524Z</time>
      </trkpt>
      <trkpt lat="45.027868" lon="14.496997">
        <ele>14.125093</ele>
        <time>2026-03-24T18:39:51.485Z</time>
      </trkpt>
    </trkseg>
  </trk>
</gpx>