<?xml version='1.0' encoding='UTF-8'?>
<gpx version="1.1" creator="https://www.komoot.de" xmlns="http://www.topografix.com/GPX/1/1" xmlns:xsi="http://www.w3.org/2001/XMLSchema-instance" xsi:schemaLocation="http://www.topografix.com/GPX/1/1 http://www.topografix.com/GPX/1/1/gpx.xsd">
  <metadata>
    <name>7S26.6 - Cres</name>
    <author>
      <link href="https://www.komoot.de">
        <text>komoot</text>
        <type>text/html</type>
      </link>
    </author>
  </metadata>
  <trk>
    <name>7S26.6 - Cres</name>
    <trkseg>
      <trkpt lat="44.980125" lon="14.448324">
        <ele>19.409765</ele>
        <time>2025-07-02T19:00:07.056Z</time>
      </trkpt>
      <trkpt lat="44.979942" lon="14.448352">
        <ele>19.409765</ele>
        <time>2025-07-02T19:00:17.744Z</time>
      </trkpt>
      <trkpt lat="44.979753" lon="14.448375">
        <ele>19.409765</ele>
        <time>2025-07-02T19:00:29.267Z</time>
      </trkpt>
      <trkpt lat="44.979704" lon="14.448465">
        <ele>19.409765</ele>
        <time>2025-07-02T19:00:33.781Z</time>
      </trkpt>
      <trkpt lat="44.979716" lon="14.448547">
        <ele>19.409765</ele>
        <time>2025-07-02T19:00:37.926Z</time>
      </trkpt>
      <trkpt lat="44.979800" lon="14.448612">
        <ele>19.409765</ele>
        <time>2025-07-02T19:00:43.716Z</time>
      </trkpt>
      <trkpt lat="44.979752" lon="14.448714">
        <ele>19.409765</ele>
        <time>2025-07-02T19:00:49.901Z</time>
      </trkpt>
      <trkpt lat="44.979718" lon="14.448736">
        <ele>19.409765</ele>
        <time>2025-07-02T19:00:52.159Z</time>
      </trkpt>
      <trkpt lat="44.979454" lon="14.448770">
        <ele>19.919561</ele>
        <time>2025-07-02T19:01:10.415Z</time>
      </trkpt>
      <trkpt lat="44.979409" lon="14.448763">
        <ele>20.152880</ele>
        <time>2025-07-02T19:01:13.273Z</time>
      </trkpt>
      <trkpt lat="44.979350" lon="14.448686">
        <ele>20.566712</ele>
        <time>2025-07-02T19:01:19.071Z</time>
      </trkpt>
      <trkpt lat="44.979336" lon="14.448494">
        <ele>21.270371</ele>
        <time>2025-07-02T19:01:28.341Z</time>
      </trkpt>
      <trkpt lat="44.979390" lon="14.448144">
        <ele>22.576320</ele>
        <time>2025-07-02T19:01:42.521Z</time>
      </trkpt>
      <trkpt lat="44.979385" lon="14.448010">
        <ele>23.065505</ele>
        <time>2025-07-02T19:01:47.385Z</time>
      </trkpt>
      <trkpt lat="44.979349" lon="14.447883">
        <ele>23.564285</ele>
        <time>2025-07-02T19:01:51.931Z</time>
      </trkpt>
      <trkpt lat="44.979081" lon="14.447461">
        <ele>25.631775</ele>
        <time>2025-07-02T19:02:08.916Z</time>
      </trkpt>
      <trkpt lat="44.978928" lon="14.447020">
        <ele>27.422444</ele>
        <time>2025-07-02T19:02:21.024Z</time>
      </trkpt>
      <trkpt lat="44.978657" lon="14.446423">
        <ele>29.463235</ele>
        <time>2025-07-02T19:02:36.856Z</time>
      </trkpt>
      <trkpt lat="44.978099" lon="14.445713">
        <ele>31.744924</ele>
        <time>2025-07-02T19:03:10.248Z</time>
      </trkpt>
      <trkpt lat="44.977964" lon="14.445583">
        <ele>32.241373</ele>
        <time>2025-07-02T19:03:16.224Z</time>
      </trkpt>
      <trkpt lat="44.977768" lon="14.445480">
        <ele>32.876897</ele>
        <time>2025-07-02T19:03:23.176Z</time>
      </trkpt>
      <trkpt lat="44.977603" lon="14.445456">
        <ele>33.381024</ele>
        <time>2025-07-02T19:03:27.941Z</time>
      </trkpt>
      <trkpt lat="44.977414" lon="14.445319">
        <ele>34.026559</ele>
        <time>2025-07-02T19:03:33.791Z</time>
      </trkpt>
      <trkpt lat="44.976981" lon="14.444789">
        <ele>32.484208</ele>
        <time>2025-07-02T19:03:56.612Z</time>
      </trkpt>
      <trkpt lat="44.976874" lon="14.444667">
        <ele>32.055928</ele>
        <time>2025-07-02T19:04:01.281Z</time>
      </trkpt>
      <trkpt lat="44.976739" lon="14.444565">
        <ele>31.579026</ele>
        <time>2025-07-02T19:04:05.165Z</time>
      </trkpt>
      <trkpt lat="44.976492" lon="14.444546">
        <ele>30.808352</ele>
        <time>2025-07-02T19:04:09.104Z</time>
      </trkpt>
      <trkpt lat="44.976151" lon="14.444481">
        <ele>29.736342</ele>
        <time>2025-07-02T19:04:14.105Z</time>
      </trkpt>
      <trkpt lat="44.975985" lon="14.444376">
        <ele>29.169752</ele>
        <time>2025-07-02T19:04:16.741Z</time>
      </trkpt>
      <trkpt lat="44.975916" lon="14.444243">
        <ele>28.806249</ele>
        <time>2025-07-02T19:04:18.426Z</time>
      </trkpt>
      <trkpt lat="44.975904" lon="14.444112">
        <ele>28.489324</ele>
        <time>2025-07-02T19:04:19.786Z</time>
      </trkpt>
      <trkpt lat="44.975944" lon="14.444033">
        <ele>28.072558</ele>
        <time>2025-07-02T19:04:20.801Z</time>
      </trkpt>
      <trkpt lat="44.976121" lon="14.443993">
        <ele>26.985552</ele>
        <time>2025-07-02T19:04:23.423Z</time>
      </trkpt>
      <trkpt lat="44.976318" lon="14.443771">
        <ele>25.457748</ele>
        <time>2025-07-02T19:04:27.041Z</time>
      </trkpt>
      <trkpt lat="44.976768" lon="14.442955">
        <ele>21.019214</ele>
        <time>2025-07-02T19:04:37.381Z</time>
      </trkpt>
      <trkpt lat="44.976828" lon="14.442885">
        <ele>20.547447</ele>
        <time>2025-07-02T19:04:38.550Z</time>
      </trkpt>
      <trkpt lat="44.976994" lon="14.442715">
        <ele>19.304381</ele>
        <time>2025-07-02T19:04:41.816Z</time>
      </trkpt>
      <trkpt lat="44.977071" lon="14.442562">
        <ele>18.498885</ele>
        <time>2025-07-02T19:04:44.547Z</time>
      </trkpt>
      <trkpt lat="44.977053" lon="14.442208">
        <ele>18.438445</ele>
        <time>2025-07-02T19:04:52.799Z</time>
      </trkpt>
      <trkpt lat="44.976824" lon="14.440185">
        <ele>29.161936</ele>
        <time>2025-07-02T19:06:30.253Z</time>
      </trkpt>
      <trkpt lat="44.976598" lon="14.439505">
        <ele>34.116264</ele>
        <time>2025-07-02T19:07:08.109Z</time>
      </trkpt>
      <trkpt lat="44.976565" lon="14.439216">
        <ele>36.376469</ele>
        <time>2025-07-02T19:07:21.792Z</time>
      </trkpt>
      <trkpt lat="44.976491" lon="14.438987">
        <ele>38.320284</ele>
        <time>2025-07-02T19:07:33.442Z</time>
      </trkpt>
      <trkpt lat="44.976438" lon="14.438894">
        <ele>39.242349</ele>
        <time>2025-07-02T19:07:40.339Z</time>
      </trkpt>
      <trkpt lat="44.976329" lon="14.437897">
        <ele>47.031442</ele>
        <time>2025-07-02T19:08:40.571Z</time>
      </trkpt>
      <trkpt lat="44.976220" lon="14.437696">
        <ele>48.986874</ele>
        <time>2025-07-02T19:08:59.019Z</time>
      </trkpt>
      <trkpt lat="44.975728" lon="14.437266">
        <ele>59.703405</ele>
        <time>2025-07-02T19:10:09.303Z</time>
      </trkpt>
      <trkpt lat="44.975642" lon="14.437178">
        <ele>61.941888</ele>
        <time>2025-07-02T19:10:23.578Z</time>
      </trkpt>
      <trkpt lat="44.975550" lon="14.436928">
        <ele>66.145128</ele>
        <time>2025-07-02T19:10:49.077Z</time>
      </trkpt>
      <trkpt lat="44.975554" lon="14.436663">
        <ele>70.098630</ele>
        <time>2025-07-02T19:11:14.293Z</time>
      </trkpt>
      <trkpt lat="44.975683" lon="14.433509">
        <ele>121.354709</ele>
        <time>2025-07-02T19:16:19.667Z</time>
      </trkpt>
      <trkpt lat="44.975766" lon="14.433037">
        <ele>129.653213</ele>
        <time>2025-07-02T19:17:06.607Z</time>
      </trkpt>
      <trkpt lat="44.975707" lon="14.432311">
        <ele>139.762086</ele>
        <time>2025-07-02T19:18:17.101Z</time>
      </trkpt>
      <trkpt lat="44.975605" lon="14.432025">
        <ele>143.967697</ele>
        <time>2025-07-02T19:18:46.859Z</time>
      </trkpt>
      <trkpt lat="44.975134" lon="14.431706">
        <ele>153.661839</ele>
        <time>2025-07-02T19:19:48.219Z</time>
      </trkpt>
      <trkpt lat="44.975198" lon="14.431396">
        <ele>157.902161</ele>
        <time>2025-07-02T19:20:12.516Z</time>
      </trkpt>
      <trkpt lat="44.975342" lon="14.431106">
        <ele>162.554504</ele>
        <time>2025-07-02T19:20:37.045Z</time>
      </trkpt>
      <trkpt lat="44.976222" lon="14.430215">
        <ele>176.166307</ele>
        <time>2025-07-02T19:22:01.670Z</time>
      </trkpt>
      <trkpt lat="44.976579" lon="14.429743">
        <ele>181.856452</ele>
        <time>2025-07-02T19:22:38.148Z</time>
      </trkpt>
      <trkpt lat="44.977816" lon="14.428273">
        <ele>201.453360</ele>
        <time>2025-07-02T19:24:51.197Z</time>
      </trkpt>
      <trkpt lat="44.978514" lon="14.427919">
        <ele>210.947127</ele>
        <time>2025-07-02T19:25:54.926Z</time>
      </trkpt>
      <trkpt lat="44.978590" lon="14.427630">
        <ele>214.085843</ele>
        <time>2025-07-02T19:26:14.682Z</time>
      </trkpt>
      <trkpt lat="44.978560" lon="14.427512">
        <ele>215.362300</ele>
        <time>2025-07-02T19:26:23.136Z</time>
      </trkpt>
      <trkpt lat="44.978279" lon="14.427683">
        <ele>219.764971</ele>
        <time>2025-07-02T19:26:56.615Z</time>
      </trkpt>
      <trkpt lat="44.977664" lon="14.427726">
        <ele>228.626351</ele>
        <time>2025-07-02T19:28:09.728Z</time>
      </trkpt>
      <trkpt lat="44.977384" lon="14.427823">
        <ele>232.775105</ele>
        <time>2025-07-02T19:28:42.548Z</time>
      </trkpt>
      <trkpt lat="44.976579" lon="14.428188">
        <ele>242.210619</ele>
        <time>2025-07-02T19:30:07.208Z</time>
      </trkpt>
      <trkpt lat="44.976033" lon="14.428499">
        <ele>248.535731</ele>
        <time>2025-07-02T19:30:57.589Z</time>
      </trkpt>
      <trkpt lat="44.975941" lon="14.428488">
        <ele>249.527800</ele>
        <time>2025-07-02T19:31:04.994Z</time>
      </trkpt>
      <trkpt lat="44.975608" lon="14.428649">
        <ele>253.309374</ele>
        <time>2025-07-02T19:31:32.878Z</time>
      </trkpt>
      <trkpt lat="44.975436" lon="14.428695">
        <ele>254.740451</ele>
        <time>2025-07-02T19:31:46.195Z</time>
      </trkpt>
      <trkpt lat="44.975434" lon="14.428643">
        <ele>255.031572</ele>
        <time>2025-07-02T19:31:48.968Z</time>
      </trkpt>
      <trkpt lat="44.975547" lon="14.428525">
        <ele>256.141764</ele>
        <time>2025-07-02T19:31:59.448Z</time>
      </trkpt>
      <trkpt lat="44.976222" lon="14.428005">
        <ele>262.216526</ele>
        <time>2025-07-02T19:32:56.147Z</time>
      </trkpt>
      <trkpt lat="44.976579" lon="14.427640">
        <ele>265.698208</ele>
        <time>2025-07-02T19:33:28.183Z</time>
      </trkpt>
      <trkpt lat="44.977232" lon="14.426707">
        <ele>274.234657</ele>
        <time>2025-07-02T19:34:45.885Z</time>
      </trkpt>
      <trkpt lat="44.977308" lon="14.426482">
        <ele>275.942033</ele>
        <time>2025-07-02T19:35:02.118Z</time>
      </trkpt>
      <trkpt lat="44.977255" lon="14.426353">
        <ele>276.963573</ele>
        <time>2025-07-02T19:35:12.085Z</time>
      </trkpt>
      <trkpt lat="44.976488" lon="14.425967">
        <ele>284.844834</ele>
        <time>2025-07-02T19:36:27.937Z</time>
      </trkpt>
      <trkpt lat="44.975964" lon="14.425870">
        <ele>285.920930</ele>
        <time>2025-07-02T19:37:06.884Z</time>
      </trkpt>
      <trkpt lat="44.975729" lon="14.425881">
        <ele>286.299549</ele>
        <time>2025-07-02T19:37:19.522Z</time>
      </trkpt>
      <trkpt lat="44.975630" lon="14.425806">
        <ele>286.480415</ele>
        <time>2025-07-02T19:37:24.625Z</time>
      </trkpt>
      <trkpt lat="44.975479" lon="14.425473">
        <ele>286.930980</ele>
        <time>2025-07-02T19:37:35.144Z</time>
      </trkpt>
      <trkpt lat="44.975122" lon="14.424497">
        <ele>287.084749</ele>
        <time>2025-07-02T19:37:59.277Z</time>
      </trkpt>
      <trkpt lat="44.975076" lon="14.424239">
        <ele>285.446907</ele>
        <time>2025-07-02T19:38:04.552Z</time>
      </trkpt>
      <trkpt lat="44.974795" lon="14.423252">
        <ele>278.897616</ele>
        <time>2025-07-02T19:38:24.517Z</time>
      </trkpt>
      <trkpt lat="44.974699" lon="14.423018">
        <ele>277.232467</ele>
        <time>2025-07-02T19:38:29.548Z</time>
      </trkpt>
      <trkpt lat="44.974522" lon="14.422641">
        <ele>274.447148</ele>
        <time>2025-07-02T19:38:37.675Z</time>
      </trkpt>
      <trkpt lat="44.974227" lon="14.422452">
        <ele>271.322935</ele>
        <time>2025-07-02T19:38:45.720Z</time>
      </trkpt>
      <trkpt lat="44.974250" lon="14.422277">
        <ele>269.768828</ele>
        <time>2025-07-02T19:38:47.447Z</time>
      </trkpt>
      <trkpt lat="44.974425" lon="14.422142">
        <ele>267.308241</ele>
        <time>2025-07-02T19:38:50.145Z</time>
      </trkpt>
      <trkpt lat="44.974443" lon="14.422019">
        <ele>266.211568</ele>
        <time>2025-07-02T19:38:51.351Z</time>
      </trkpt>
      <trkpt lat="44.974412" lon="14.421883">
        <ele>264.964009</ele>
        <time>2025-07-02T19:38:52.696Z</time>
      </trkpt>
      <trkpt lat="44.974464" lon="14.421795">
        <ele>263.962883</ele>
        <time>2025-07-02T19:38:53.798Z</time>
      </trkpt>
      <trkpt lat="44.974540" lon="14.421566">
        <ele>261.754352</ele>
        <time>2025-07-02T19:38:56.213Z</time>
      </trkpt>
      <trkpt lat="44.974602" lon="14.421304">
        <ele>259.342195</ele>
        <time>2025-07-02T19:38:58.856Z</time>
      </trkpt>
      <trkpt lat="44.974825" lon="14.419768">
        <ele>247.417349</ele>
        <time>2025-07-02T19:39:14.435Z</time>
      </trkpt>
      <trkpt lat="44.974866" lon="14.419605">
        <ele>246.498384</ele>
        <time>2025-07-02T19:39:16.237Z</time>
      </trkpt>
      <trkpt lat="44.974970" lon="14.419305">
        <ele>244.723718</ele>
        <time>2025-07-02T19:39:19.779Z</time>
      </trkpt>
      <trkpt lat="44.975059" lon="14.419143">
        <ele>243.634146</ele>
        <time>2025-07-02T19:39:21.974Z</time>
      </trkpt>
      <trkpt lat="44.975166" lon="14.419014">
        <ele>242.578153</ele>
        <time>2025-07-02T19:39:24.098Z</time>
      </trkpt>
      <trkpt lat="44.975809" lon="14.418452">
        <ele>236.901473</ele>
        <time>2025-07-02T19:39:35.786Z</time>
      </trkpt>
      <trkpt lat="44.976476" lon="14.417807">
        <ele>230.819994</ele>
        <time>2025-07-02T19:39:48.086Z</time>
      </trkpt>
      <trkpt lat="44.977481" lon="14.417034">
        <ele>221.984774</ele>
        <time>2025-07-02T19:40:04.816Z</time>
      </trkpt>
      <trkpt lat="44.977919" lon="14.416591">
        <ele>216.930324</ele>
        <time>2025-07-02T19:40:12.484Z</time>
      </trkpt>
      <trkpt lat="44.978794" lon="14.415706">
        <ele>206.832959</ele>
        <time>2025-07-02T19:40:27.785Z</time>
      </trkpt>
      <trkpt lat="44.979568" lon="14.415292">
        <ele>199.886816</ele>
        <time>2025-07-02T19:40:39.821Z</time>
      </trkpt>
      <trkpt lat="44.979929" lon="14.415052">
        <ele>196.571239</ele>
        <time>2025-07-02T19:40:45.706Z</time>
      </trkpt>
      <trkpt lat="44.981797" lon="14.413434">
        <ele>179.084799</ele>
        <time>2025-07-02T19:41:17.850Z</time>
      </trkpt>
      <trkpt lat="44.981998" lon="14.413208">
        <ele>177.086817</ele>
        <time>2025-07-02T19:41:21.659Z</time>
      </trkpt>
      <trkpt lat="44.982318" lon="14.412764">
        <ele>174.156396</ele>
        <time>2025-07-02T19:41:28.361Z</time>
      </trkpt>
      <trkpt lat="44.982667" lon="14.412048">
        <ele>170.136542</ele>
        <time>2025-07-02T19:41:37.767Z</time>
      </trkpt>
      <trkpt lat="44.982829" lon="14.411792">
        <ele>168.548570</ele>
        <time>2025-07-02T19:41:41.454Z</time>
      </trkpt>
      <trkpt lat="44.983234" lon="14.411310">
        <ele>165.403098</ele>
        <time>2025-07-02T19:41:49.346Z</time>
      </trkpt>
      <trkpt lat="44.983467" lon="14.411010">
        <ele>165.310928</ele>
        <time>2025-07-02T19:41:54.397Z</time>
      </trkpt>
      <trkpt lat="44.983558" lon="14.410718">
        <ele>165.244920</ele>
        <time>2025-07-02T19:41:58.344Z</time>
      </trkpt>
      <trkpt lat="44.983587" lon="14.410420">
        <ele>165.182693</ele>
        <time>2025-07-02T19:42:02.418Z</time>
      </trkpt>
      <trkpt lat="44.983858" lon="14.410327">
        <ele>165.101132</ele>
        <time>2025-07-02T19:42:08.791Z</time>
      </trkpt>
      <trkpt lat="44.984358" lon="14.410158">
        <ele>164.950776</ele>
        <time>2025-07-02T19:42:25.354Z</time>
      </trkpt>
      <trkpt lat="44.984704" lon="14.410087">
        <ele>165.738446</ele>
        <time>2025-07-02T19:42:42.444Z</time>
      </trkpt>
      <trkpt lat="44.984915" lon="14.410088">
        <ele>166.946160</ele>
        <time>2025-07-02T19:42:55.009Z</time>
      </trkpt>
      <trkpt lat="44.985453" lon="14.410185">
        <ele>170.050465</ele>
        <time>2025-07-02T19:43:26.826Z</time>
      </trkpt>
      <trkpt lat="44.986183" lon="14.410315">
        <ele>174.261801</ele>
        <time>2025-07-02T19:44:04.322Z</time>
      </trkpt>
      <trkpt lat="44.986473" lon="14.410282">
        <ele>175.836401</ele>
        <time>2025-07-02T19:44:17.701Z</time>
      </trkpt>
      <trkpt lat="44.986718" lon="14.410165">
        <ele>177.135307</ele>
        <time>2025-07-02T19:44:29.241Z</time>
      </trkpt>
      <trkpt lat="44.986963" lon="14.409942">
        <ele>178.598864</ele>
        <time>2025-07-02T19:44:42.100Z</time>
      </trkpt>
      <trkpt lat="44.987042" lon="14.409818">
        <ele>179.191745</ele>
        <time>2025-07-02T19:44:47.306Z</time>
      </trkpt>
      <trkpt lat="44.987348" lon="14.409340">
        <ele>181.482143</ele>
        <time>2025-07-02T19:45:07.879Z</time>
      </trkpt>
      <trkpt lat="44.987648" lon="14.409036">
        <ele>183.336045</ele>
        <time>2025-07-02T19:45:25.799Z</time>
      </trkpt>
      <trkpt lat="44.987847" lon="14.408915">
        <ele>184.449934</ele>
        <time>2025-07-02T19:45:37.120Z</time>
      </trkpt>
      <trkpt lat="44.988107" lon="14.408826">
        <ele>185.964569</ele>
        <time>2025-07-02T19:45:51.689Z</time>
      </trkpt>
      <trkpt lat="44.989111" lon="14.408537">
        <ele>191.765772</ele>
        <time>2025-07-02T19:46:45.368Z</time>
      </trkpt>
      <trkpt lat="44.989210" lon="14.408531">
        <ele>192.326820</ele>
        <time>2025-07-02T19:46:50.093Z</time>
      </trkpt>
      <trkpt lat="44.989374" lon="14.408548">
        <ele>193.257872</ele>
        <time>2025-07-02T19:46:57.679Z</time>
      </trkpt>
      <trkpt lat="44.989551" lon="14.408653">
        <ele>194.344665</ele>
        <time>2025-07-02T19:47:06.409Z</time>
      </trkpt>
      <trkpt lat="44.990226" lon="14.409363">
        <ele>200.719114</ele>
        <time>2025-07-02T19:47:46.053Z</time>
      </trkpt>
      <trkpt lat="44.990527" lon="14.409615">
        <ele>203.378181</ele>
        <time>2025-07-02T19:48:06.097Z</time>
      </trkpt>
      <trkpt lat="44.990900" lon="14.409854">
        <ele>206.491101</ele>
        <time>2025-07-02T19:48:34.738Z</time>
      </trkpt>
      <trkpt lat="44.991107" lon="14.409937">
        <ele>208.156536</ele>
        <time>2025-07-02T19:48:52.021Z</time>
      </trkpt>
      <trkpt lat="44.991384" lon="14.409898">
        <ele>211.556716</ele>
        <time>2025-07-02T19:49:16.436Z</time>
      </trkpt>
      <trkpt lat="44.991585" lon="14.409745">
        <ele>214.344993</ele>
        <time>2025-07-02T19:49:37.605Z</time>
      </trkpt>
      <trkpt lat="44.991706" lon="14.409582">
        <ele>216.386310</ele>
        <time>2025-07-02T19:49:53.405Z</time>
      </trkpt>
      <trkpt lat="44.991793" lon="14.409330">
        <ele>218.808691</ele>
        <time>2025-07-02T19:50:12.078Z</time>
      </trkpt>
      <trkpt lat="44.991830" lon="14.409017">
        <ele>221.549981</ele>
        <time>2025-07-02T19:50:32.862Z</time>
      </trkpt>
      <trkpt lat="44.991827" lon="14.408701">
        <ele>224.279919</ele>
        <time>2025-07-02T19:50:52.570Z</time>
      </trkpt>
      <trkpt lat="44.991864" lon="14.408278">
        <ele>227.961748</ele>
        <time>2025-07-02T19:51:17.014Z</time>
      </trkpt>
      <trkpt lat="44.991991" lon="14.407924">
        <ele>230.782990</ele>
        <time>2025-07-02T19:51:37.272Z</time>
      </trkpt>
      <trkpt lat="44.992132" lon="14.407650">
        <ele>232.386170</ele>
        <time>2025-07-02T19:51:52.535Z</time>
      </trkpt>
      <trkpt lat="44.992344" lon="14.407450">
        <ele>234.091086</ele>
        <time>2025-07-02T19:52:07.191Z</time>
      </trkpt>
      <trkpt lat="44.992617" lon="14.407321">
        <ele>236.016686</ele>
        <time>2025-07-02T19:52:21.999Z</time>
      </trkpt>
      <trkpt lat="44.993134" lon="14.407241">
        <ele>239.495977</ele>
        <time>2025-07-02T19:52:46.031Z</time>
      </trkpt>
      <trkpt lat="44.994509" lon="14.407089">
        <ele>249.829329</ele>
        <time>2025-07-02T19:53:55.073Z</time>
      </trkpt>
      <trkpt lat="44.994702" lon="14.407046">
        <ele>251.354167</ele>
        <time>2025-07-02T19:54:06.992Z</time>
      </trkpt>
      <trkpt lat="44.994896" lon="14.407003">
        <ele>252.886715</ele>
        <time>2025-07-02T19:54:20.195Z</time>
      </trkpt>
      <trkpt lat="44.995094" lon="14.406912">
        <ele>254.511562</ele>
        <time>2025-07-02T19:54:35.415Z</time>
      </trkpt>
      <trkpt lat="44.995359" lon="14.406729">
        <ele>257.332265</ele>
        <time>2025-07-02T19:54:59.524Z</time>
      </trkpt>
      <trkpt lat="44.995487" lon="14.406552">
        <ele>259.771599</ele>
        <time>2025-07-02T19:55:15.529Z</time>
      </trkpt>
      <trkpt lat="44.995556" lon="14.406359">
        <ele>261.855374</ele>
        <time>2025-07-02T19:55:29.926Z</time>
      </trkpt>
      <trkpt lat="44.995823" lon="14.404952">
        <ele>275.891971</ele>
        <time>2025-07-02T19:57:10.835Z</time>
      </trkpt>
      <trkpt lat="44.995894" lon="14.404747">
        <ele>278.091394</ele>
        <time>2025-07-02T19:57:25.493Z</time>
      </trkpt>
      <trkpt lat="44.995994" lon="14.404563">
        <ele>280.327394</ele>
        <time>2025-07-02T19:57:39.872Z</time>
      </trkpt>
      <trkpt lat="44.996118" lon="14.404423">
        <ele>281.739732</ele>
        <time>2025-07-02T19:57:53.269Z</time>
      </trkpt>
      <trkpt lat="44.996270" lon="14.404305">
        <ele>283.152611</ele>
        <time>2025-07-02T19:58:07.376Z</time>
      </trkpt>
      <trkpt lat="44.996742" lon="14.404079">
        <ele>287.213027</ele>
        <time>2025-07-02T19:58:44.695Z</time>
      </trkpt>
      <trkpt lat="44.996839" lon="14.403952">
        <ele>288.290140</ele>
        <time>2025-07-02T19:58:53.561Z</time>
      </trkpt>
      <trkpt lat="44.997291" lon="14.403012">
        <ele>294.839920</ele>
        <time>2025-07-02T19:59:37.608Z</time>
      </trkpt>
      <trkpt lat="44.997666" lon="14.402572">
        <ele>294.124382</ele>
        <time>2025-07-02T19:59:50.959Z</time>
      </trkpt>
      <trkpt lat="44.997794" lon="14.402479">
        <ele>293.740476</ele>
        <time>2025-07-02T19:59:53.491Z</time>
      </trkpt>
      <trkpt lat="44.998023" lon="14.402473">
        <ele>293.129454</ele>
        <time>2025-07-02T19:59:57.165Z</time>
      </trkpt>
      <trkpt lat="44.998307" lon="14.402650">
        <ele>292.301495</ele>
        <time>2025-07-02T20:00:01.838Z</time>
      </trkpt>
      <trkpt lat="44.998615" lon="14.403132">
        <ele>291.075971</ele>
        <time>2025-07-02T20:00:08.674Z</time>
      </trkpt>
      <trkpt lat="44.998876" lon="14.403631">
        <ele>290.982593</ele>
        <time>2025-07-02T20:00:16.019Z</time>
      </trkpt>
      <trkpt lat="44.998982" lon="14.403768">
        <ele>291.315247</ele>
        <time>2025-07-02T20:00:19.760Z</time>
      </trkpt>
      <trkpt lat="44.999158" lon="14.403884">
        <ele>291.765062</ele>
        <time>2025-07-02T20:00:26.045Z</time>
      </trkpt>
      <trkpt lat="44.999478" lon="14.404025">
        <ele>292.541503</ele>
        <time>2025-07-02T20:00:39.524Z</time>
      </trkpt>
      <trkpt lat="44.999777" lon="14.404051">
        <ele>293.235456</ele>
        <time>2025-07-02T20:00:54.601Z</time>
      </trkpt>
      <trkpt lat="44.999889" lon="14.404001">
        <ele>293.507528</ele>
        <time>2025-07-02T20:01:01.161Z</time>
      </trkpt>
      <trkpt lat="45.000098" lon="14.403897">
        <ele>294.020782</ele>
        <time>2025-07-02T20:01:13.660Z</time>
      </trkpt>
      <trkpt lat="45.000448" lon="14.403727">
        <ele>294.701623</ele>
        <time>2025-07-02T20:01:33.591Z</time>
      </trkpt>
      <trkpt lat="45.003027" lon="14.401928">
        <ele>294.603317</ele>
        <time>2025-07-02T20:02:33.483Z</time>
      </trkpt>
      <trkpt lat="45.003169" lon="14.401762">
        <ele>294.445082</ele>
        <time>2025-07-02T20:02:37.175Z</time>
      </trkpt>
      <trkpt lat="45.003879" lon="14.400664">
        <ele>294.664850</ele>
        <time>2025-07-02T20:02:57.010Z</time>
      </trkpt>
      <trkpt lat="45.004182" lon="14.400265">
        <ele>295.067012</ele>
        <time>2025-07-02T20:03:05.384Z</time>
      </trkpt>
      <trkpt lat="45.004587" lon="14.399803">
        <ele>295.572449</ele>
        <time>2025-07-02T20:03:22.784Z</time>
      </trkpt>
      <trkpt lat="45.004785" lon="14.399426">
        <ele>296.160658</ele>
        <time>2025-07-02T20:03:38.509Z</time>
      </trkpt>
      <trkpt lat="45.004799" lon="14.399212">
        <ele>296.803599</ele>
        <time>2025-07-02T20:03:46.356Z</time>
      </trkpt>
      <trkpt lat="45.004736" lon="14.398455">
        <ele>299.083887</ele>
        <time>2025-07-02T20:04:16.741Z</time>
      </trkpt>
      <trkpt lat="45.004745" lon="14.398135">
        <ele>300.041962</ele>
        <time>2025-07-02T20:04:30.256Z</time>
      </trkpt>
      <trkpt lat="45.004810" lon="14.397824">
        <ele>301.012152</ele>
        <time>2025-07-02T20:04:42.786Z</time>
      </trkpt>
      <trkpt lat="45.004895" lon="14.397549">
        <ele>301.910022</ele>
        <time>2025-07-02T20:04:52.575Z</time>
      </trkpt>
      <trkpt lat="45.005039" lon="14.397291">
        <ele>302.893361</ele>
        <time>2025-07-02T20:05:00.768Z</time>
      </trkpt>
      <trkpt lat="45.005239" lon="14.397013">
        <ele>302.648012</ele>
        <time>2025-07-02T20:05:06.644Z</time>
      </trkpt>
      <trkpt lat="45.005509" lon="14.396731">
        <ele>300.957571</ele>
        <time>2025-07-02T20:05:12.093Z</time>
      </trkpt>
      <trkpt lat="45.005853" lon="14.396544">
        <ele>299.101465</ele>
        <time>2025-07-02T20:05:17.568Z</time>
      </trkpt>
      <trkpt lat="45.006078" lon="14.396511">
        <ele>297.962184</ele>
        <time>2025-07-02T20:05:20.879Z</time>
      </trkpt>
      <trkpt lat="45.006276" lon="14.396527">
        <ele>296.963338</ele>
        <time>2025-07-02T20:05:23.786Z</time>
      </trkpt>
      <trkpt lat="45.006344" lon="14.396537">
        <ele>296.619013</ele>
        <time>2025-07-02T20:05:24.806Z</time>
      </trkpt>
      <trkpt lat="45.006535" lon="14.396571">
        <ele>295.649459</ele>
        <time>2025-07-02T20:05:27.676Z</time>
      </trkpt>
      <trkpt lat="45.006604" lon="14.396584">
        <ele>295.298874</ele>
        <time>2025-07-02T20:05:28.721Z</time>
      </trkpt>
      <trkpt lat="45.006942" lon="14.396645">
        <ele>294.349660</ele>
        <time>2025-07-02T20:05:34.005Z</time>
      </trkpt>
      <trkpt lat="45.007406" lon="14.396660">
        <ele>294.296975</ele>
        <time>2025-07-02T20:05:41.836Z</time>
      </trkpt>
      <trkpt lat="45.007678" lon="14.396590">
        <ele>294.265591</ele>
        <time>2025-07-02T20:05:47.530Z</time>
      </trkpt>
      <trkpt lat="45.007993" lon="14.396457">
        <ele>294.228274</ele>
        <time>2025-07-02T20:05:57.771Z</time>
      </trkpt>
      <trkpt lat="45.008384" lon="14.396190">
        <ele>294.178986</ele>
        <time>2025-07-02T20:06:15.849Z</time>
      </trkpt>
      <trkpt lat="45.008580" lon="14.396012">
        <ele>294.459380</ele>
        <time>2025-07-02T20:06:26.778Z</time>
      </trkpt>
      <trkpt lat="45.008977" lon="14.395618">
        <ele>295.994666</ele>
        <time>2025-07-02T20:06:49.449Z</time>
      </trkpt>
      <trkpt lat="45.009402" lon="14.395071">
        <ele>297.813715</ele>
        <time>2025-07-02T20:07:11.613Z</time>
      </trkpt>
      <trkpt lat="45.009638" lon="14.394905">
        <ele>298.648096</ele>
        <time>2025-07-02T20:07:20.703Z</time>
      </trkpt>
      <trkpt lat="45.009865" lon="14.394820">
        <ele>299.391462</ele>
        <time>2025-07-02T20:07:28.257Z</time>
      </trkpt>
      <trkpt lat="45.010055" lon="14.394729">
        <ele>299.951203</ele>
        <time>2025-07-02T20:07:34.307Z</time>
      </trkpt>
      <trkpt lat="45.010338" lon="14.394541">
        <ele>300.501053</ele>
        <time>2025-07-02T20:07:42.793Z</time>
      </trkpt>
      <trkpt lat="45.011425" lon="14.393749">
        <ele>302.651396</ele>
        <time>2025-07-02T20:08:21.131Z</time>
      </trkpt>
      <trkpt lat="45.011530" lon="14.393648">
        <ele>302.874704</ele>
        <time>2025-07-02T20:08:26.637Z</time>
      </trkpt>
      <trkpt lat="45.012370" lon="14.392524">
        <ele>303.698078</ele>
        <time>2025-07-02T20:08:58.446Z</time>
      </trkpt>
      <trkpt lat="45.012477" lon="14.392460">
        <ele>303.771429</ele>
        <time>2025-07-02T20:09:00.731Z</time>
      </trkpt>
      <trkpt lat="45.012608" lon="14.392441">
        <ele>303.854575</ele>
        <time>2025-07-02T20:09:03.488Z</time>
      </trkpt>
      <trkpt lat="45.012812" lon="14.392480">
        <ele>303.984549</ele>
        <time>2025-07-02T20:09:07.972Z</time>
      </trkpt>
      <trkpt lat="45.013127" lon="14.392463">
        <ele>304.197965</ele>
        <time>2025-07-02T20:09:15.138Z</time>
      </trkpt>
      <trkpt lat="45.013230" lon="14.392390">
        <ele>304.308509</ele>
        <time>2025-07-02T20:09:17.561Z</time>
      </trkpt>
      <trkpt lat="45.013435" lon="14.392172">
        <ele>304.554599</ele>
        <time>2025-07-02T20:09:22.802Z</time>
      </trkpt>
      <trkpt lat="45.013882" lon="14.391723">
        <ele>305.080650</ele>
        <time>2025-07-02T20:09:35.049Z</time>
      </trkpt>
      <trkpt lat="45.013974" lon="14.391631">
        <ele>305.188759</ele>
        <time>2025-07-02T20:09:38.762Z</time>
      </trkpt>
      <trkpt lat="45.015512" lon="14.390669">
        <ele>308.328522</ele>
        <time>2025-07-02T20:10:35.623Z</time>
      </trkpt>
      <trkpt lat="45.015927" lon="14.390301">
        <ele>309.577635</ele>
        <time>2025-07-02T20:10:51.606Z</time>
      </trkpt>
      <trkpt lat="45.017544" lon="14.388583">
        <ele>316.128921</ele>
        <time>2025-07-02T20:12:11.024Z</time>
      </trkpt>
      <trkpt lat="45.018813" lon="14.387537">
        <ele>321.436901</ele>
        <time>2025-07-02T20:13:11.411Z</time>
      </trkpt>
      <trkpt lat="45.020494" lon="14.386318">
        <ele>328.357626</ele>
        <time>2025-07-02T20:14:24.958Z</time>
      </trkpt>
      <trkpt lat="45.020793" lon="14.385990">
        <ele>329.717304</ele>
        <time>2025-07-02T20:14:43.968Z</time>
      </trkpt>
      <trkpt lat="45.021042" lon="14.385530">
        <ele>330.274601</ele>
        <time>2025-07-02T20:15:02.051Z</time>
      </trkpt>
      <trkpt lat="45.021335" lon="14.384869">
        <ele>331.025069</ele>
        <time>2025-07-02T20:15:19.794Z</time>
      </trkpt>
      <trkpt lat="45.021447" lon="14.384746">
        <ele>331.218007</ele>
        <time>2025-07-02T20:15:23.183Z</time>
      </trkpt>
      <trkpt lat="45.021604" lon="14.384657">
        <ele>331.448163</ele>
        <time>2025-07-02T20:15:26.838Z</time>
      </trkpt>
      <trkpt lat="45.021807" lon="14.384598">
        <ele>331.730171</ele>
        <time>2025-07-02T20:15:30.815Z</time>
      </trkpt>
      <trkpt lat="45.022315" lon="14.384550">
        <ele>332.489799</ele>
        <time>2025-07-02T20:15:40.296Z</time>
      </trkpt>
      <trkpt lat="45.022534" lon="14.384491">
        <ele>332.866673</ele>
        <time>2025-07-02T20:15:44.674Z</time>
      </trkpt>
      <trkpt lat="45.022828" lon="14.384343">
        <ele>333.394208</ele>
        <time>2025-07-02T20:15:51.641Z</time>
      </trkpt>
      <trkpt lat="45.023668" lon="14.383840">
        <ele>334.936193</ele>
        <time>2025-07-02T20:16:27.843Z</time>
      </trkpt>
      <trkpt lat="45.024001" lon="14.383629">
        <ele>335.400167</ele>
        <time>2025-07-02T20:16:44.219Z</time>
      </trkpt>
      <trkpt lat="45.024274" lon="14.383384">
        <ele>335.717907</ele>
        <time>2025-07-02T20:16:56.310Z</time>
      </trkpt>
      <trkpt lat="45.024750" lon="14.382818">
        <ele>336.329019</ele>
        <time>2025-07-02T20:17:11.539Z</time>
      </trkpt>
      <trkpt lat="45.024895" lon="14.382673">
        <ele>336.503533</ele>
        <time>2025-07-02T20:17:14.999Z</time>
      </trkpt>
      <trkpt lat="45.025038" lon="14.382592">
        <ele>336.654923</ele>
        <time>2025-07-02T20:17:17.912Z</time>
      </trkpt>
      <trkpt lat="45.025178" lon="14.382557">
        <ele>336.794652</ele>
        <time>2025-07-02T20:17:20.652Z</time>
      </trkpt>
      <trkpt lat="45.025824" lon="14.382509">
        <ele>338.189840</ele>
        <time>2025-07-02T20:17:34.108Z</time>
      </trkpt>
      <trkpt lat="45.026021" lon="14.382455">
        <ele>338.702509</ele>
        <time>2025-07-02T20:17:39.308Z</time>
      </trkpt>
      <trkpt lat="45.026124" lon="14.382396">
        <ele>338.986410</ele>
        <time>2025-07-02T20:17:42.549Z</time>
      </trkpt>
      <trkpt lat="45.026783" lon="14.381864">
        <ele>340.924855</ele>
        <time>2025-07-02T20:18:14.288Z</time>
      </trkpt>
      <trkpt lat="45.027351" lon="14.381290">
        <ele>343.457297</ele>
        <time>2025-07-02T20:18:51.586Z</time>
      </trkpt>
      <trkpt lat="45.027496" lon="14.381073">
        <ele>344.345619</ele>
        <time>2025-07-02T20:19:02.182Z</time>
      </trkpt>
      <trkpt lat="45.027853" lon="14.380320">
        <ele>347.042819</ele>
        <time>2025-07-02T20:19:30.200Z</time>
      </trkpt>
      <trkpt lat="45.028039" lon="14.380070">
        <ele>348.122575</ele>
        <time>2025-07-02T20:19:39.594Z</time>
      </trkpt>
      <trkpt lat="45.028221" lon="14.379894">
        <ele>349.050399</ele>
        <time>2025-07-02T20:19:46.981Z</time>
      </trkpt>
      <trkpt lat="45.028734" lon="14.379651">
        <ele>350.630652</ele>
        <time>2025-07-02T20:20:03.961Z</time>
      </trkpt>
      <trkpt lat="45.028931" lon="14.379583">
        <ele>351.214605</ele>
        <time>2025-07-02T20:20:10.525Z</time>
      </trkpt>
      <trkpt lat="45.029558" lon="14.379457">
        <ele>353.038339</ele>
        <time>2025-07-02T20:20:33.305Z</time>
      </trkpt>
      <trkpt lat="45.029959" lon="14.379279">
        <ele>354.248619</ele>
        <time>2025-07-02T20:20:50.538Z</time>
      </trkpt>
      <trkpt lat="45.030352" lon="14.379039">
        <ele>355.617689</ele>
        <time>2025-07-02T20:21:09.274Z</time>
      </trkpt>
      <trkpt lat="45.030865" lon="14.378815">
        <ele>357.342416</ele>
        <time>2025-07-02T20:21:32.752Z</time>
      </trkpt>
      <trkpt lat="45.031400" lon="14.378500">
        <ele>359.203991</ele>
        <time>2025-07-02T20:21:54.134Z</time>
      </trkpt>
      <trkpt lat="45.031750" lon="14.378466">
        <ele>360.136352</ele>
        <time>2025-07-02T20:22:05.011Z</time>
      </trkpt>
      <trkpt lat="45.032127" lon="14.378570">
        <ele>360.416864</ele>
        <time>2025-07-02T20:22:15.700Z</time>
      </trkpt>
      <trkpt lat="45.032494" lon="14.378486">
        <ele>360.688373</ele>
        <time>2025-07-02T20:22:25.081Z</time>
      </trkpt>
      <trkpt lat="45.034244" lon="14.377184">
        <ele>361.385247</ele>
        <time>2025-07-02T20:23:11.824Z</time>
      </trkpt>
      <trkpt lat="45.035366" lon="14.376161">
        <ele>361.793989</ele>
        <time>2025-07-02T20:23:39.985Z</time>
      </trkpt>
      <trkpt lat="45.036417" lon="14.375377">
        <ele>362.691146</ele>
        <time>2025-07-02T20:24:09.757Z</time>
      </trkpt>
      <trkpt lat="45.036779" lon="14.374962">
        <ele>364.549280</ele>
        <time>2025-07-02T20:24:28.594Z</time>
      </trkpt>
      <trkpt lat="45.037058" lon="14.374533">
        <ele>366.395731</ele>
        <time>2025-07-02T20:24:48.795Z</time>
      </trkpt>
      <trkpt lat="45.037175" lon="14.374170">
        <ele>367.659283</ele>
        <time>2025-07-02T20:25:03.269Z</time>
      </trkpt>
      <trkpt lat="45.037209" lon="14.373969">
        <ele>368.313829</ele>
        <time>2025-07-02T20:25:10.737Z</time>
      </trkpt>
      <trkpt lat="45.037308" lon="14.373725">
        <ele>369.204889</ele>
        <time>2025-07-02T20:25:20.673Z</time>
      </trkpt>
      <trkpt lat="45.037374" lon="14.373634">
        <ele>369.617865</ele>
        <time>2025-07-02T20:25:25.284Z</time>
      </trkpt>
      <trkpt lat="45.037717" lon="14.373334">
        <ele>371.307125</ele>
        <time>2025-07-02T20:25:44.185Z</time>
      </trkpt>
      <trkpt lat="45.037935" lon="14.373146">
        <ele>372.235938</ele>
        <time>2025-07-02T20:25:55.055Z</time>
      </trkpt>
      <trkpt lat="45.038901" lon="14.372315">
        <ele>376.348915</ele>
        <time>2025-07-02T20:26:37.304Z</time>
      </trkpt>
      <trkpt lat="45.039245" lon="14.371970">
        <ele>377.944181</ele>
        <time>2025-07-02T20:26:54.218Z</time>
      </trkpt>
      <trkpt lat="45.040727" lon="14.370290">
        <ele>385.504151</ele>
        <time>2025-07-02T20:28:16.782Z</time>
      </trkpt>
      <trkpt lat="45.041047" lon="14.369785">
        <ele>387.191204</ele>
        <time>2025-07-02T20:28:35.598Z</time>
      </trkpt>
      <trkpt lat="45.041237" lon="14.369554">
        <ele>388.072860</ele>
        <time>2025-07-02T20:28:44.929Z</time>
      </trkpt>
      <trkpt lat="45.041664" lon="14.369192">
        <ele>389.824850</ele>
        <time>2025-07-02T20:29:03.523Z</time>
      </trkpt>
      <trkpt lat="45.042091" lon="14.368830">
        <ele>391.750580</ele>
        <time>2025-07-02T20:29:22.585Z</time>
      </trkpt>
      <trkpt lat="45.043555" lon="14.367839">
        <ele>399.070856</ele>
        <time>2025-07-02T20:30:36.032Z</time>
      </trkpt>
      <trkpt lat="45.043926" lon="14.367615">
        <ele>401.298548</ele>
        <time>2025-07-02T20:30:56.702Z</time>
      </trkpt>
      <trkpt lat="45.044329" lon="14.367420">
        <ele>403.651310</ele>
        <time>2025-07-02T20:31:19.039Z</time>
      </trkpt>
      <trkpt lat="45.044938" lon="14.367234">
        <ele>407.092982</ele>
        <time>2025-07-02T20:31:52.034Z</time>
      </trkpt>
      <trkpt lat="45.045219" lon="14.367206">
        <ele>408.649122</ele>
        <time>2025-07-02T20:32:05.795Z</time>
      </trkpt>
      <trkpt lat="45.045774" lon="14.367269">
        <ele>409.912639</ele>
        <time>2025-07-02T20:32:30.531Z</time>
      </trkpt>
      <trkpt lat="45.046106" lon="14.367335">
        <ele>410.528823</ele>
        <time>2025-07-02T20:32:43.794Z</time>
      </trkpt>
      <trkpt lat="45.046206" lon="14.367353">
        <ele>410.714097</ele>
        <time>2025-07-02T20:32:47.365Z</time>
      </trkpt>
      <trkpt lat="45.047028" lon="14.367488">
        <ele>412.235017</ele>
        <time>2025-07-02T20:33:06.071Z</time>
      </trkpt>
      <trkpt lat="45.047167" lon="14.367486">
        <ele>412.091089</ele>
        <time>2025-07-02T20:33:08.575Z</time>
      </trkpt>
      <trkpt lat="45.047334" lon="14.367472">
        <ele>411.699384</ele>
        <time>2025-07-02T20:33:11.578Z</time>
      </trkpt>
      <trkpt lat="45.047657" lon="14.367351">
        <ele>410.917059</ele>
        <time>2025-07-02T20:33:17.472Z</time>
      </trkpt>
      <trkpt lat="45.048093" lon="14.367093">
        <ele>409.810568</ele>
        <time>2025-07-02T20:33:25.764Z</time>
      </trkpt>
      <trkpt lat="45.048691" lon="14.366765">
        <ele>408.308934</ele>
        <time>2025-07-02T20:33:36.919Z</time>
      </trkpt>
      <trkpt lat="45.048819" lon="14.366732">
        <ele>407.946054</ele>
        <time>2025-07-02T20:33:39.222Z</time>
      </trkpt>
      <trkpt lat="45.049081" lon="14.366729">
        <ele>406.972201</ele>
        <time>2025-07-02T20:33:43.929Z</time>
      </trkpt>
      <trkpt lat="45.049763" lon="14.366905">
        <ele>404.395504</ele>
        <time>2025-07-02T20:33:56.232Z</time>
      </trkpt>
      <trkpt lat="45.050217" lon="14.366932">
        <ele>402.706553</ele>
        <time>2025-07-02T20:34:03.731Z</time>
      </trkpt>
      <trkpt lat="45.050597" lon="14.366867">
        <ele>401.178728</ele>
        <time>2025-07-02T20:34:09.722Z</time>
      </trkpt>
      <trkpt lat="45.050923" lon="14.366695">
        <ele>398.872894</ele>
        <time>2025-07-02T20:34:14.987Z</time>
      </trkpt>
      <trkpt lat="45.051041" lon="14.366589">
        <ele>397.946632</ele>
        <time>2025-07-02T20:34:17.060Z</time>
      </trkpt>
      <trkpt lat="45.051202" lon="14.366309">
        <ele>396.256239</ele>
        <time>2025-07-02T20:34:20.841Z</time>
      </trkpt>
      <trkpt lat="45.051632" lon="14.364972">
        <ele>389.463482</ele>
        <time>2025-07-02T20:34:36.250Z</time>
      </trkpt>
      <trkpt lat="45.051841" lon="14.364521">
        <ele>388.748089</ele>
        <time>2025-07-02T20:34:42.329Z</time>
      </trkpt>
      <trkpt lat="45.052115" lon="14.364134">
        <ele>388.021387</ele>
        <time>2025-07-02T20:34:49.226Z</time>
      </trkpt>
      <trkpt lat="45.052974" lon="14.363192">
        <ele>386.019857</ele>
        <time>2025-07-02T20:35:14.753Z</time>
      </trkpt>
      <trkpt lat="45.053535" lon="14.362363">
        <ele>384.918880</ele>
        <time>2025-07-02T20:35:34.686Z</time>
      </trkpt>
      <trkpt lat="45.053593" lon="14.362277">
        <ele>384.804851</ele>
        <time>2025-07-02T20:35:36.278Z</time>
      </trkpt>
      <trkpt lat="45.053736" lon="14.362144">
        <ele>384.572564</ele>
        <time>2025-07-02T20:35:39.325Z</time>
      </trkpt>
      <trkpt lat="45.053960" lon="14.362047">
        <ele>384.254556</ele>
        <time>2025-07-02T20:35:43.211Z</time>
      </trkpt>
      <trkpt lat="45.054267" lon="14.362040">
        <ele>383.837727</ele>
        <time>2025-07-02T20:35:48.271Z</time>
      </trkpt>
      <trkpt lat="45.054698" lon="14.362090">
        <ele>383.112195</ele>
        <time>2025-07-02T20:35:55.752Z</time>
      </trkpt>
      <trkpt lat="45.055102" lon="14.362154">
        <ele>382.381794</ele>
        <time>2025-07-02T20:36:03.157Z</time>
      </trkpt>
      <trkpt lat="45.056213" lon="14.362583">
        <ele>380.185496</ele>
        <time>2025-07-02T20:36:25.878Z</time>
      </trkpt>
      <trkpt lat="45.056627" lon="14.362709">
        <ele>378.704078</ele>
        <time>2025-07-02T20:36:34.364Z</time>
      </trkpt>
      <trkpt lat="45.057018" lon="14.362703">
        <ele>377.336137</ele>
        <time>2025-07-02T20:36:41.283Z</time>
      </trkpt>
      <trkpt lat="45.057442" lon="14.362590">
        <ele>375.826772</ele>
        <time>2025-07-02T20:36:48.334Z</time>
      </trkpt>
      <trkpt lat="45.057784" lon="14.362550">
        <ele>374.626254</ele>
        <time>2025-07-02T20:36:53.723Z</time>
      </trkpt>
      <trkpt lat="45.058047" lon="14.362589">
        <ele>373.155793</ele>
        <time>2025-07-02T20:36:57.797Z</time>
      </trkpt>
      <trkpt lat="45.058904" lon="14.362838">
        <ele>366.415442</ele>
        <time>2025-07-02T20:37:10.768Z</time>
      </trkpt>
      <trkpt lat="45.059101" lon="14.362837">
        <ele>364.897653</ele>
        <time>2025-07-02T20:37:13.644Z</time>
      </trkpt>
      <trkpt lat="45.059442" lon="14.362772">
        <ele>362.246724</ele>
        <time>2025-07-02T20:37:18.637Z</time>
      </trkpt>
      <trkpt lat="45.059518" lon="14.362953">
        <ele>361.100791</ele>
        <time>2025-07-02T20:37:20.786Z</time>
      </trkpt>
      <trkpt lat="45.059621" lon="14.363002">
        <ele>360.255706</ele>
        <time>2025-07-02T20:37:22.356Z</time>
      </trkpt>
      <trkpt lat="45.059896" lon="14.362796">
        <ele>357.292834</ele>
        <time>2025-07-02T20:37:26.851Z</time>
      </trkpt>
      <trkpt lat="45.060536" lon="14.362471">
        <ele>350.817819</ele>
        <time>2025-07-02T20:37:36.607Z</time>
      </trkpt>
      <trkpt lat="45.060716" lon="14.362410">
        <ele>349.055234</ele>
        <time>2025-07-02T20:37:39.241Z</time>
      </trkpt>
      <trkpt lat="45.061018" lon="14.362440">
        <ele>346.172188</ele>
        <time>2025-07-02T20:37:43.497Z</time>
      </trkpt>
      <trkpt lat="45.061180" lon="14.362515">
        <ele>344.549052</ele>
        <time>2025-07-02T20:37:45.886Z</time>
      </trkpt>
      <trkpt lat="45.061338" lon="14.362651">
        <ele>342.942521</ele>
        <time>2025-07-02T20:37:48.494Z</time>
      </trkpt>
      <trkpt lat="45.061483" lon="14.362822">
        <ele>341.874796</ele>
        <time>2025-07-02T20:37:51.173Z</time>
      </trkpt>
      <trkpt lat="45.061581" lon="14.362988">
        <ele>341.010200</ele>
        <time>2025-07-02T20:37:53.367Z</time>
      </trkpt>
      <trkpt lat="45.061715" lon="14.363177">
        <ele>339.940021</ele>
        <time>2025-07-02T20:37:56.129Z</time>
      </trkpt>
      <trkpt lat="45.061869" lon="14.363318">
        <ele>338.902388</ele>
        <time>2025-07-02T20:37:58.873Z</time>
      </trkpt>
      <trkpt lat="45.062005" lon="14.363361">
        <ele>338.113972</ele>
        <time>2025-07-02T20:38:01.034Z</time>
      </trkpt>
      <trkpt lat="45.062246" lon="14.363359">
        <ele>336.750418</ele>
        <time>2025-07-02T20:38:04.940Z</time>
      </trkpt>
      <trkpt lat="45.062544" lon="14.363271">
        <ele>335.028107</ele>
        <time>2025-07-02T20:38:10.360Z</time>
      </trkpt>
      <trkpt lat="45.062693" lon="14.363140">
        <ele>334.035767</ele>
        <time>2025-07-02T20:38:13.539Z</time>
      </trkpt>
      <trkpt lat="45.063083" lon="14.362982">
        <ele>332.372586</ele>
        <time>2025-07-02T20:38:21.396Z</time>
      </trkpt>
      <trkpt lat="45.063425" lon="14.362908">
        <ele>331.403534</ele>
        <time>2025-07-02T20:38:27.577Z</time>
      </trkpt>
      <trkpt lat="45.063588" lon="14.362951">
        <ele>330.939119</ele>
        <time>2025-07-02T20:38:30.287Z</time>
      </trkpt>
      <trkpt lat="45.063846" lon="14.363083">
        <ele>330.170732</ele>
        <time>2025-07-02T20:38:34.643Z</time>
      </trkpt>
      <trkpt lat="45.063925" lon="14.363188">
        <ele>329.867229</ele>
        <time>2025-07-02T20:38:36.329Z</time>
      </trkpt>
      <trkpt lat="45.063982" lon="14.363342">
        <ele>329.523263</ele>
        <time>2025-07-02T20:38:38.238Z</time>
      </trkpt>
      <trkpt lat="45.063974" lon="14.363574">
        <ele>329.063735</ele>
        <time>2025-07-02T20:38:40.830Z</time>
      </trkpt>
      <trkpt lat="45.064022" lon="14.363688">
        <ele>328.801168</ele>
        <time>2025-07-02T20:38:42.352Z</time>
      </trkpt>
      <trkpt lat="45.064245" lon="14.363901">
        <ele>328.047700</ele>
        <time>2025-07-02T20:38:46.888Z</time>
      </trkpt>
      <trkpt lat="45.064342" lon="14.364067">
        <ele>329.145568</ele>
        <time>2025-07-02T20:38:49.844Z</time>
      </trkpt>
      <trkpt lat="45.064627" lon="14.364287">
        <ele>332.400906</ele>
        <time>2025-07-02T20:39:01.730Z</time>
      </trkpt>
      <trkpt lat="45.064684" lon="14.364427">
        <ele>333.545513</ele>
        <time>2025-07-02T20:39:08.296Z</time>
      </trkpt>
      <trkpt lat="45.064820" lon="14.364554">
        <ele>335.179338</ele>
        <time>2025-07-02T20:39:19.805Z</time>
      </trkpt>
      <trkpt lat="45.064995" lon="14.364633">
        <ele>337.021377</ele>
        <time>2025-07-02T20:39:35.754Z</time>
      </trkpt>
      <trkpt lat="45.065087" lon="14.364642">
        <ele>337.946200</ele>
        <time>2025-07-02T20:39:44.648Z</time>
      </trkpt>
      <trkpt lat="45.065219" lon="14.364515">
        <ele>339.546688</ele>
        <time>2025-07-02T20:40:01.225Z</time>
      </trkpt>
      <trkpt lat="45.065342" lon="14.364313">
        <ele>341.435792</ele>
        <time>2025-07-02T20:40:22.589Z</time>
      </trkpt>
      <trkpt lat="45.065666" lon="14.363594">
        <ele>346.784010</ele>
        <time>2025-07-02T20:41:28.848Z</time>
      </trkpt>
      <trkpt lat="45.065977" lon="14.363186">
        <ele>349.052130</ele>
        <time>2025-07-02T20:42:02.355Z</time>
      </trkpt>
      <trkpt lat="45.066214" lon="14.363032">
        <ele>350.447118</ele>
        <time>2025-07-02T20:42:15.549Z</time>
      </trkpt>
      <trkpt lat="45.066407" lon="14.363032">
        <ele>351.479582</ele>
        <time>2025-07-02T20:42:22.375Z</time>
      </trkpt>
      <trkpt lat="45.066806" lon="14.363146">
        <ele>353.657078</ele>
        <time>2025-07-02T20:42:31.057Z</time>
      </trkpt>
      <trkpt lat="45.067201" lon="14.363195">
        <ele>355.623282</ele>
        <time>2025-07-02T20:42:38.167Z</time>
      </trkpt>
      <trkpt lat="45.067359" lon="14.363291">
        <ele>355.675973</ele>
        <time>2025-07-02T20:42:41.238Z</time>
      </trkpt>
      <trkpt lat="45.067477" lon="14.363304">
        <ele>355.712244</ele>
        <time>2025-07-02T20:42:43.386Z</time>
      </trkpt>
      <trkpt lat="45.068205" lon="14.362616">
        <ele>355.980477</ele>
        <time>2025-07-02T20:43:04.067Z</time>
      </trkpt>
      <trkpt lat="45.068696" lon="14.362296">
        <ele>356.146123</ele>
        <time>2025-07-02T20:43:22.369Z</time>
      </trkpt>
      <trkpt lat="45.069314" lon="14.362112">
        <ele>356.906560</ele>
        <time>2025-07-02T20:43:40.004Z</time>
      </trkpt>
      <trkpt lat="45.069621" lon="14.362085">
        <ele>357.306919</ele>
        <time>2025-07-02T20:43:48.094Z</time>
      </trkpt>
      <trkpt lat="45.069906" lon="14.361976">
        <ele>357.691167</ele>
        <time>2025-07-02T20:43:56.238Z</time>
      </trkpt>
      <trkpt lat="45.071016" lon="14.361384">
        <ele>358.186102</ele>
        <time>2025-07-02T20:44:31.688Z</time>
      </trkpt>
      <trkpt lat="45.071165" lon="14.361349">
        <ele>358.099771</ele>
        <time>2025-07-02T20:44:35.186Z</time>
      </trkpt>
      <trkpt lat="45.071331" lon="14.361401">
        <ele>358.002592</ele>
        <time>2025-07-02T20:44:38.777Z</time>
      </trkpt>
      <trkpt lat="45.071621" lon="14.361726">
        <ele>357.791195</ele>
        <time>2025-07-02T20:44:45.880Z</time>
      </trkpt>
      <trkpt lat="45.071704" lon="14.361783">
        <ele>357.738468</ele>
        <time>2025-07-02T20:44:47.591Z</time>
      </trkpt>
      <trkpt lat="45.071893" lon="14.361827">
        <ele>357.628986</ele>
        <time>2025-07-02T20:44:51.038Z</time>
      </trkpt>
      <trkpt lat="45.072037" lon="14.361783">
        <ele>357.544783</ele>
        <time>2025-07-02T20:44:53.664Z</time>
      </trkpt>
      <trkpt lat="45.072147" lon="14.361634">
        <ele>357.399743</ele>
        <time>2025-07-02T20:44:56.338Z</time>
      </trkpt>
      <trkpt lat="45.072458" lon="14.361581">
        <ele>356.709180</ele>
        <time>2025-07-02T20:45:01.880Z</time>
      </trkpt>
      <trkpt lat="45.072695" lon="14.361585">
        <ele>356.186665</ele>
        <time>2025-07-02T20:45:06.100Z</time>
      </trkpt>
      <trkpt lat="45.072892" lon="14.361485">
        <ele>355.725306</ele>
        <time>2025-07-02T20:45:09.836Z</time>
      </trkpt>
      <trkpt lat="45.073020" lon="14.361375">
        <ele>355.395222</ele>
        <time>2025-07-02T20:45:12.524Z</time>
      </trkpt>
      <trkpt lat="45.073081" lon="14.361068">
        <ele>354.898707</ele>
        <time>2025-07-02T20:45:16.675Z</time>
      </trkpt>
      <trkpt lat="45.073125" lon="14.360941">
        <ele>354.678474</ele>
        <time>2025-07-02T20:45:18.531Z</time>
      </trkpt>
      <trkpt lat="45.073186" lon="14.360862">
        <ele>354.496234</ele>
        <time>2025-07-02T20:45:20.080Z</time>
      </trkpt>
      <trkpt lat="45.073331" lon="14.360722">
        <ele>354.109337</ele>
        <time>2025-07-02T20:45:23.369Z</time>
      </trkpt>
      <trkpt lat="45.073962" lon="14.360454">
        <ele>352.344641</ele>
        <time>2025-07-02T20:45:35.447Z</time>
      </trkpt>
      <trkpt lat="45.074142" lon="14.360270">
        <ele>351.676585</ele>
        <time>2025-07-02T20:45:39.328Z</time>
      </trkpt>
      <trkpt lat="45.074414" lon="14.359816">
        <ele>350.411355</ele>
        <time>2025-07-02T20:45:46.476Z</time>
      </trkpt>
      <trkpt lat="45.074699" lon="14.359400">
        <ele>349.179662</ele>
        <time>2025-07-02T20:45:53.336Z</time>
      </trkpt>
      <trkpt lat="45.074822" lon="14.359299">
        <ele>348.751795</ele>
        <time>2025-07-02T20:45:55.697Z</time>
      </trkpt>
      <trkpt lat="45.075677" lon="14.358014">
        <ele>344.391560</ele>
        <time>2025-07-02T20:46:16.862Z</time>
      </trkpt>
      <trkpt lat="45.075975" lon="14.357418">
        <ele>342.535202</ele>
        <time>2025-07-02T20:46:25.686Z</time>
      </trkpt>
      <trkpt lat="45.076339" lon="14.357119">
        <ele>340.660930</ele>
        <time>2025-07-02T20:46:32.601Z</time>
      </trkpt>
      <trkpt lat="45.076585" lon="14.356863">
        <ele>338.909329</ele>
        <time>2025-07-02T20:46:37.409Z</time>
      </trkpt>
      <trkpt lat="45.076738" lon="14.356617">
        <ele>337.581136</ele>
        <time>2025-07-02T20:46:40.942Z</time>
      </trkpt>
      <trkpt lat="45.076913" lon="14.356438">
        <ele>336.342510</ele>
        <time>2025-07-02T20:46:44.192Z</time>
      </trkpt>
      <trkpt lat="45.077260" lon="14.356319">
        <ele>334.293990</ele>
        <time>2025-07-02T20:46:49.492Z</time>
      </trkpt>
      <trkpt lat="45.077628" lon="14.356328">
        <ele>332.182214</ele>
        <time>2025-07-02T20:46:55.060Z</time>
      </trkpt>
      <trkpt lat="45.078032" lon="14.356394">
        <ele>330.468435</ele>
        <time>2025-07-02T20:47:01.487Z</time>
      </trkpt>
      <trkpt lat="45.078198" lon="14.356328">
        <ele>329.899903</ele>
        <time>2025-07-02T20:47:04.346Z</time>
      </trkpt>
      <trkpt lat="45.078540" lon="14.356060">
        <ele>328.611054</ele>
        <time>2025-07-02T20:47:11.114Z</time>
      </trkpt>
      <trkpt lat="45.078689" lon="14.355841">
        <ele>327.902951</ele>
        <time>2025-07-02T20:47:15.032Z</time>
      </trkpt>
      <trkpt lat="45.078716" lon="14.355710">
        <ele>327.585202</ele>
        <time>2025-07-02T20:47:16.829Z</time>
      </trkpt>
      <trkpt lat="45.078781" lon="14.355600">
        <ele>327.251229</ele>
        <time>2025-07-02T20:47:18.732Z</time>
      </trkpt>
      <trkpt lat="45.078961" lon="14.355464">
        <ele>326.578506</ele>
        <time>2025-07-02T20:47:22.581Z</time>
      </trkpt>
      <trkpt lat="45.079180" lon="14.355407">
        <ele>325.844280</ele>
        <time>2025-07-02T20:47:26.771Z</time>
      </trkpt>
      <trkpt lat="45.079479" lon="14.355407">
        <ele>324.556934</ele>
        <time>2025-07-02T20:47:32.052Z</time>
      </trkpt>
      <trkpt lat="45.080518" lon="14.354903">
        <ele>318.822033</ele>
        <time>2025-07-02T20:47:49.587Z</time>
      </trkpt>
      <trkpt lat="45.080869" lon="14.354758">
        <ele>316.912793</ele>
        <time>2025-07-02T20:47:55.159Z</time>
      </trkpt>
      <trkpt lat="45.081079" lon="14.354710">
        <ele>315.599616</ele>
        <time>2025-07-02T20:47:58.353Z</time>
      </trkpt>
      <trkpt lat="45.081224" lon="14.354618">
        <ele>313.840295</ele>
        <time>2025-07-02T20:48:00.685Z</time>
      </trkpt>
      <trkpt lat="45.081355" lon="14.354442">
        <ele>311.840895</ele>
        <time>2025-07-02T20:48:03.296Z</time>
      </trkpt>
      <trkpt lat="45.081500" lon="14.354096">
        <ele>308.695113</ele>
        <time>2025-07-02T20:48:07.326Z</time>
      </trkpt>
      <trkpt lat="45.081632" lon="14.354052">
        <ele>307.193565</ele>
        <time>2025-07-02T20:48:09.218Z</time>
      </trkpt>
      <trkpt lat="45.081825" lon="14.354149">
        <ele>304.925936</ele>
        <time>2025-07-02T20:48:12.065Z</time>
      </trkpt>
      <trkpt lat="45.081956" lon="14.354289">
        <ele>303.108750</ele>
        <time>2025-07-02T20:48:14.335Z</time>
      </trkpt>
      <trkpt lat="45.082215" lon="14.354359">
        <ele>300.189142</ele>
        <time>2025-07-02T20:48:17.938Z</time>
      </trkpt>
      <trkpt lat="45.082609" lon="14.354399">
        <ele>295.808794</ele>
        <time>2025-07-02T20:48:23.306Z</time>
      </trkpt>
      <trkpt lat="45.083017" lon="14.354280">
        <ele>291.077557</ele>
        <time>2025-07-02T20:48:28.953Z</time>
      </trkpt>
      <trkpt lat="45.083789" lon="14.354114">
        <ele>282.208840</ele>
        <time>2025-07-02T20:48:39.723Z</time>
      </trkpt>
      <trkpt lat="45.084876" lon="14.353590">
        <ele>272.858694</ele>
        <time>2025-07-02T20:48:56.437Z</time>
      </trkpt>
      <trkpt lat="45.085236" lon="14.353383">
        <ele>270.963232</ele>
        <time>2025-07-02T20:49:02.677Z</time>
      </trkpt>
      <trkpt lat="45.085517" lon="14.353129">
        <ele>269.336993</ele>
        <time>2025-07-02T20:49:08.375Z</time>
      </trkpt>
      <trkpt lat="45.085885" lon="14.352699">
        <ele>267.009617</ele>
        <time>2025-07-02T20:49:17.089Z</time>
      </trkpt>
      <trkpt lat="45.086332" lon="14.352379">
        <ele>265.982905</ele>
        <time>2025-07-02T20:49:26.554Z</time>
      </trkpt>
      <trkpt lat="45.086551" lon="14.352305">
        <ele>265.561913</ele>
        <time>2025-07-02T20:49:30.839Z</time>
      </trkpt>
      <trkpt lat="45.087214" lon="14.352265">
        <ele>264.321070</ele>
        <time>2025-07-02T20:49:42.974Z</time>
      </trkpt>
      <trkpt lat="45.088392" lon="14.352026">
        <ele>262.475274</ele>
        <time>2025-07-02T20:50:05.131Z</time>
      </trkpt>
      <trkpt lat="45.089859" lon="14.351444">
        <ele>260.193591</ele>
        <time>2025-07-02T20:50:35.451Z</time>
      </trkpt>
      <trkpt lat="45.089987" lon="14.351357">
        <ele>259.939380</ele>
        <time>2025-07-02T20:50:38.176Z</time>
      </trkpt>
      <trkpt lat="45.090133" lon="14.351320">
        <ele>259.673810</ele>
        <time>2025-07-02T20:50:40.997Z</time>
      </trkpt>
      <trkpt lat="45.090233" lon="14.351329">
        <ele>259.494395</ele>
        <time>2025-07-02T20:50:42.892Z</time>
      </trkpt>
      <trkpt lat="45.090514" lon="14.351443">
        <ele>258.971022</ele>
        <time>2025-07-02T20:50:48.272Z</time>
      </trkpt>
      <trkpt lat="45.090796" lon="14.351470">
        <ele>258.464936</ele>
        <time>2025-07-02T20:50:53.319Z</time>
      </trkpt>
      <trkpt lat="45.090972" lon="14.351356">
        <ele>258.118415</ele>
        <time>2025-07-02T20:50:56.755Z</time>
      </trkpt>
      <trkpt lat="45.091190" lon="14.351314">
        <ele>257.696079</ele>
        <time>2025-07-02T20:51:00.568Z</time>
      </trkpt>
      <trkpt lat="45.091592" lon="14.351508">
        <ele>256.720828</ele>
        <time>2025-07-02T20:51:08.016Z</time>
      </trkpt>
      <trkpt lat="45.091974" lon="14.351553">
        <ele>255.840582</ele>
        <time>2025-07-02T20:51:15.054Z</time>
      </trkpt>
      <trkpt lat="45.092271" lon="14.351525">
        <ele>255.157047</ele>
        <time>2025-07-02T20:51:20.439Z</time>
      </trkpt>
      <trkpt lat="45.092545" lon="14.351439">
        <ele>254.512577</ele>
        <time>2025-07-02T20:51:25.585Z</time>
      </trkpt>
      <trkpt lat="45.093891" lon="14.350574">
        <ele>251.345373</ele>
        <time>2025-07-02T20:51:52.279Z</time>
      </trkpt>
      <trkpt lat="45.094131" lon="14.350519">
        <ele>250.836257</ele>
        <time>2025-07-02T20:51:56.586Z</time>
      </trkpt>
      <trkpt lat="45.094255" lon="14.350567">
        <ele>250.567069</ele>
        <time>2025-07-02T20:51:58.883Z</time>
      </trkpt>
      <trkpt lat="45.094398" lon="14.350698">
        <ele>250.210452</ele>
        <time>2025-07-02T20:52:01.982Z</time>
      </trkpt>
      <trkpt lat="45.094426" lon="14.350821">
        <ele>250.019400</ele>
        <time>2025-07-02T20:52:03.654Z</time>
      </trkpt>
      <trkpt lat="45.094533" lon="14.350972">
        <ele>249.828854</ele>
        <time>2025-07-02T20:52:06.449Z</time>
      </trkpt>
      <trkpt lat="45.094642" lon="14.351044">
        <ele>249.717734</ele>
        <time>2025-07-02T20:52:08.740Z</time>
      </trkpt>
      <trkpt lat="45.095531" lon="14.350790">
        <ele>248.879811</ele>
        <time>2025-07-02T20:52:27.572Z</time>
      </trkpt>
      <trkpt lat="45.095676" lon="14.350708">
        <ele>248.735558</ele>
        <time>2025-07-02T20:52:31.126Z</time>
      </trkpt>
      <trkpt lat="45.095782" lon="14.350584">
        <ele>248.608543</ele>
        <time>2025-07-02T20:52:34.238Z</time>
      </trkpt>
      <trkpt lat="45.096053" lon="14.350382">
        <ele>248.325609</ele>
        <time>2025-07-02T20:52:40.612Z</time>
      </trkpt>
      <trkpt lat="45.096249" lon="14.350306">
        <ele>247.919099</ele>
        <time>2025-07-02T20:52:44.558Z</time>
      </trkpt>
      <trkpt lat="45.096671" lon="14.350320">
        <ele>246.864849</ele>
        <time>2025-07-02T20:52:52.457Z</time>
      </trkpt>
      <trkpt lat="45.096911" lon="14.350416">
        <ele>246.242003</ele>
        <time>2025-07-02T20:52:56.908Z</time>
      </trkpt>
      <trkpt lat="45.097272" lon="14.350389">
        <ele>245.339136</ele>
        <time>2025-07-02T20:53:03.132Z</time>
      </trkpt>
      <trkpt lat="45.098140" lon="14.350052">
        <ele>242.578554</ele>
        <time>2025-07-02T20:53:18.262Z</time>
      </trkpt>
      <trkpt lat="45.098689" lon="14.349726">
        <ele>239.975276</ele>
        <time>2025-07-02T20:53:28.783Z</time>
      </trkpt>
      <trkpt lat="45.099046" lon="14.349565">
        <ele>238.336841</ele>
        <time>2025-07-02T20:53:35.286Z</time>
      </trkpt>
      <trkpt lat="45.099184" lon="14.349558">
        <ele>237.732952</ele>
        <time>2025-07-02T20:53:37.554Z</time>
      </trkpt>
      <trkpt lat="45.099307" lon="14.349513">
        <ele>237.177399</ele>
        <time>2025-07-02T20:53:39.563Z</time>
      </trkpt>
      <trkpt lat="45.099376" lon="14.349362">
        <ele>236.622123</ele>
        <time>2025-07-02T20:53:41.503Z</time>
      </trkpt>
      <trkpt lat="45.099283" lon="14.348858">
        <ele>233.653455</ele>
        <time>2025-07-02T20:53:46.895Z</time>
      </trkpt>
      <trkpt lat="45.099341" lon="14.348786">
        <ele>232.803105</ele>
        <time>2025-07-02T20:53:47.999Z</time>
      </trkpt>
      <trkpt lat="45.099434" lon="14.348755">
        <ele>231.749612</ele>
        <time>2025-07-02T20:53:49.347Z</time>
      </trkpt>
      <trkpt lat="45.099609" lon="14.349043">
        <ele>228.791788</ele>
        <time>2025-07-02T20:53:53.094Z</time>
      </trkpt>
      <trkpt lat="45.100121" lon="14.349345">
        <ele>222.676287</ele>
        <time>2025-07-02T20:54:00.691Z</time>
      </trkpt>
      <trkpt lat="45.100464" lon="14.349695">
        <ele>218.015153</ele>
        <time>2025-07-02T20:54:06.445Z</time>
      </trkpt>
      <trkpt lat="45.100622" lon="14.349795">
        <ele>216.106967</ele>
        <time>2025-07-02T20:54:08.805Z</time>
      </trkpt>
      <trkpt lat="45.100797" lon="14.349863">
        <ele>214.546808</ele>
        <time>2025-07-02T20:54:11.310Z</time>
      </trkpt>
      <trkpt lat="45.102170" lon="14.350056">
        <ele>202.738555</ele>
        <time>2025-07-02T20:54:31.614Z</time>
      </trkpt>
      <trkpt lat="45.102708" lon="14.350090">
        <ele>198.970799</ele>
        <time>2025-07-02T20:54:39.814Z</time>
      </trkpt>
      <trkpt lat="45.103210" lon="14.350062">
        <ele>196.088371</ele>
        <time>2025-07-02T20:54:47.389Z</time>
      </trkpt>
      <trkpt lat="45.103529" lon="14.349997">
        <ele>194.239295</ele>
        <time>2025-07-02T20:54:52.301Z</time>
      </trkpt>
      <trkpt lat="45.103591" lon="14.349953">
        <ele>193.841441</ele>
        <time>2025-07-02T20:54:53.375Z</time>
      </trkpt>
      <trkpt lat="45.104315" lon="14.349984">
        <ele>189.921021</ele>
        <time>2025-07-02T20:55:05.172Z</time>
      </trkpt>
      <trkpt lat="45.104572" lon="14.349908">
        <ele>188.938853</ele>
        <time>2025-07-02T20:55:09.651Z</time>
      </trkpt>
      <trkpt lat="45.104915" lon="14.349682">
        <ele>187.523701</ele>
        <time>2025-07-02T20:55:16.057Z</time>
      </trkpt>
      <trkpt lat="45.105156" lon="14.349568">
        <ele>186.573188</ele>
        <time>2025-07-02T20:55:20.307Z</time>
      </trkpt>
      <trkpt lat="45.105585" lon="14.349551">
        <ele>184.967652</ele>
        <time>2025-07-02T20:55:27.549Z</time>
      </trkpt>
      <trkpt lat="45.105899" lon="14.349587">
        <ele>183.789124</ele>
        <time>2025-07-02T20:55:32.972Z</time>
      </trkpt>
      <trkpt lat="45.106213" lon="14.349623">
        <ele>181.751369</ele>
        <time>2025-07-02T20:55:38.224Z</time>
      </trkpt>
      <trkpt lat="45.106522" lon="14.349541">
        <ele>179.587200</ele>
        <time>2025-07-02T20:55:43.142Z</time>
      </trkpt>
      <trkpt lat="45.106737" lon="14.349420">
        <ele>177.994638</ele>
        <time>2025-07-02T20:55:46.648Z</time>
      </trkpt>
      <trkpt lat="45.106851" lon="14.349355">
        <ele>177.148691</ele>
        <time>2025-07-02T20:55:48.480Z</time>
      </trkpt>
      <trkpt lat="45.106961" lon="14.349249">
        <ele>176.232901</ele>
        <time>2025-07-02T20:55:50.451Z</time>
      </trkpt>
      <trkpt lat="45.107092" lon="14.349184">
        <ele>175.277387</ele>
        <time>2025-07-02T20:55:52.481Z</time>
      </trkpt>
      <trkpt lat="45.107270" lon="14.349156">
        <ele>174.044493</ele>
        <time>2025-07-02T20:55:55.100Z</time>
      </trkpt>
      <trkpt lat="45.107620" lon="14.349143">
        <ele>171.634239</ele>
        <time>2025-07-02T20:56:00.195Z</time>
      </trkpt>
      <trkpt lat="45.108337" lon="14.349249">
        <ele>164.290178</ele>
        <time>2025-07-02T20:56:10.398Z</time>
      </trkpt>
      <trkpt lat="45.109038" lon="14.349297">
        <ele>156.946588</ele>
        <time>2025-07-02T20:56:20.194Z</time>
      </trkpt>
      <trkpt lat="45.109353" lon="14.349160">
        <ele>153.498755</ele>
        <time>2025-07-02T20:56:24.809Z</time>
      </trkpt>
      <trkpt lat="45.109511" lon="14.349232">
        <ele>151.868370</ele>
        <time>2025-07-02T20:56:27.145Z</time>
      </trkpt>
      <trkpt lat="45.109631" lon="14.349383">
        <ele>150.455897</ele>
        <time>2025-07-02T20:56:29.413Z</time>
      </trkpt>
      <trkpt lat="45.109669" lon="14.349493">
        <ele>149.695188</ele>
        <time>2025-07-02T20:56:30.633Z</time>
      </trkpt>
      <trkpt lat="45.109806" lon="14.349682">
        <ele>148.012348</ele>
        <time>2025-07-02T20:56:33.345Z</time>
      </trkpt>
      <trkpt lat="45.109947" lon="14.349788">
        <ele>146.607558</ele>
        <time>2025-07-02T20:56:35.614Z</time>
      </trkpt>
      <trkpt lat="45.110095" lon="14.349836">
        <ele>145.271320</ele>
        <time>2025-07-02T20:56:37.777Z</time>
      </trkpt>
      <trkpt lat="45.110218" lon="14.349795">
        <ele>144.159242</ele>
        <time>2025-07-02T20:56:39.606Z</time>
      </trkpt>
      <trkpt lat="45.110356" lon="14.349819">
        <ele>142.935586</ele>
        <time>2025-07-02T20:56:41.617Z</time>
      </trkpt>
      <trkpt lat="45.110448" lon="14.350097">
        <ele>141.028440</ele>
        <time>2025-07-02T20:56:44.804Z</time>
      </trkpt>
      <trkpt lat="45.110548" lon="14.350196">
        <ele>139.954801</ele>
        <time>2025-07-02T20:56:46.609Z</time>
      </trkpt>
      <trkpt lat="45.110970" lon="14.350382">
        <ele>136.190822</ele>
        <time>2025-07-02T20:56:53.229Z</time>
      </trkpt>
      <trkpt lat="45.111173" lon="14.350385">
        <ele>134.822938</ele>
        <time>2025-07-02T20:56:56.320Z</time>
      </trkpt>
      <trkpt lat="45.111379" lon="14.350337">
        <ele>133.416273</ele>
        <time>2025-07-02T20:56:59.504Z</time>
      </trkpt>
      <trkpt lat="45.111612" lon="14.350399">
        <ele>131.818881</ele>
        <time>2025-07-02T20:57:03.092Z</time>
      </trkpt>
      <trkpt lat="45.111790" lon="14.350625">
        <ele>130.208485</ele>
        <time>2025-07-02T20:57:06.682Z</time>
      </trkpt>
      <trkpt lat="45.111863" lon="14.350838">
        <ele>129.082517</ele>
        <time>2025-07-02T20:57:09.169Z</time>
      </trkpt>
      <trkpt lat="45.112333" lon="14.351643">
        <ele>124.229300</ele>
        <time>2025-07-02T20:57:20.226Z</time>
      </trkpt>
      <trkpt lat="45.112549" lon="14.351852">
        <ele>123.017957</ele>
        <time>2025-07-02T20:57:24.312Z</time>
      </trkpt>
      <trkpt lat="45.112800" lon="14.351921">
        <ele>121.833822</ele>
        <time>2025-07-02T20:57:28.465Z</time>
      </trkpt>
      <trkpt lat="45.113115" lon="14.351760">
        <ele>120.282955</ele>
        <time>2025-07-02T20:57:33.699Z</time>
      </trkpt>
      <trkpt lat="45.113228" lon="14.351657">
        <ele>119.660692</ele>
        <time>2025-07-02T20:57:35.817Z</time>
      </trkpt>
      <trkpt lat="45.113407" lon="14.351598">
        <ele>118.809554</ele>
        <time>2025-07-02T20:57:38.736Z</time>
      </trkpt>
      <trkpt lat="45.113622" lon="14.351411">
        <ele>117.641210</ele>
        <time>2025-07-02T20:57:42.793Z</time>
      </trkpt>
      <trkpt lat="45.113687" lon="14.351403">
        <ele>117.339041</ele>
        <time>2025-07-02T20:57:43.893Z</time>
      </trkpt>
      <trkpt lat="45.113765" lon="14.351440">
        <ele>116.958095</ele>
        <time>2025-07-02T20:57:45.271Z</time>
      </trkpt>
      <trkpt lat="45.113809" lon="14.351500">
        <ele>116.675286</ele>
        <time>2025-07-02T20:57:46.322Z</time>
      </trkpt>
      <trkpt lat="45.113847" lon="14.351653">
        <ele>116.156893</ele>
        <time>2025-07-02T20:57:48.330Z</time>
      </trkpt>
      <trkpt lat="45.113831" lon="14.351829">
        <ele>116.620039</ele>
        <time>2025-07-02T20:57:50.627Z</time>
      </trkpt>
      <trkpt lat="45.113790" lon="14.351938">
        <ele>116.942411</ele>
        <time>2025-07-02T20:57:52.291Z</time>
      </trkpt>
      <trkpt lat="45.113452" lon="14.352490">
        <ele>118.849824</ele>
        <time>2025-07-02T20:58:03.031Z</time>
      </trkpt>
      <trkpt lat="45.113931" lon="14.352297">
        <ele>120.691567</ele>
        <time>2025-07-02T20:58:20.717Z</time>
      </trkpt>
      <trkpt lat="45.114092" lon="14.351864">
        <ele>121.968938</ele>
        <time>2025-07-02T20:58:43.774Z</time>
      </trkpt>
      <trkpt lat="45.114204" lon="14.351207">
        <ele>125.895896</ele>
        <time>2025-07-02T20:59:26.712Z</time>
      </trkpt>
      <trkpt lat="45.114332" lon="14.350525">
        <ele>132.024826</ele>
        <time>2025-07-02T21:00:09.769Z</time>
      </trkpt>
      <trkpt lat="45.114325" lon="14.350418">
        <ele>132.958083</ele>
        <time>2025-07-02T21:00:16.170Z</time>
      </trkpt>
      <trkpt lat="45.114173" lon="14.349961">
        <ele>137.345774</ele>
        <time>2025-07-02T21:00:46.681Z</time>
      </trkpt>
      <trkpt lat="45.114158" lon="14.349851">
        <ele>138.318775</ele>
        <time>2025-07-02T21:00:53.738Z</time>
      </trkpt>
      <trkpt lat="45.114198" lon="14.349825">
        <ele>138.860363</ele>
        <time>2025-07-02T21:00:57.489Z</time>
      </trkpt>
      <trkpt lat="45.114286" lon="14.349868">
        <ele>140.005935</ele>
        <time>2025-07-02T21:01:05.887Z</time>
      </trkpt>
      <trkpt lat="45.114511" lon="14.349967">
        <ele>142.905363</ele>
        <time>2025-07-02T21:01:29.617Z</time>
      </trkpt>
      <trkpt lat="45.114891" lon="14.350015">
        <ele>148.011954</ele>
        <time>2025-07-02T21:02:07.985Z</time>
      </trkpt>
      <trkpt lat="45.115287" lon="14.349954">
        <ele>153.672101</ele>
        <time>2025-07-02T21:02:46.425Z</time>
      </trkpt>
      <trkpt lat="45.115692" lon="14.349759">
        <ele>159.750101</ele>
        <time>2025-07-02T21:03:31.146Z</time>
      </trkpt>
      <trkpt lat="45.115972" lon="14.349528">
        <ele>164.353935</ele>
        <time>2025-07-02T21:04:08.859Z</time>
      </trkpt>
      <trkpt lat="45.116395" lon="14.349325">
        <ele>170.727974</ele>
        <time>2025-07-02T21:05:02.242Z</time>
      </trkpt>
      <trkpt lat="45.116990" lon="14.349207">
        <ele>180.446476</ele>
        <time>2025-07-02T21:06:14.112Z</time>
      </trkpt>
      <trkpt lat="45.117600" lon="14.348918">
        <ele>190.850657</ele>
        <time>2025-07-02T21:07:29.741Z</time>
      </trkpt>
      <trkpt lat="45.118735" lon="14.348244">
        <ele>209.696377</ele>
        <time>2025-07-02T21:09:55.284Z</time>
      </trkpt>
      <trkpt lat="45.118900" lon="14.348017">
        <ele>213.062830</ele>
        <time>2025-07-02T21:10:21.819Z</time>
      </trkpt>
      <trkpt lat="45.118978" lon="14.347782">
        <ele>215.745506</ele>
        <time>2025-07-02T21:10:42.451Z</time>
      </trkpt>
      <trkpt lat="45.119189" lon="14.347540">
        <ele>219.719201</ele>
        <time>2025-07-02T21:11:11.990Z</time>
      </trkpt>
      <trkpt lat="45.119714" lon="14.347109">
        <ele>227.605080</ele>
        <time>2025-07-02T21:12:12.861Z</time>
      </trkpt>
      <trkpt lat="45.119940" lon="14.346998">
        <ele>229.804475</ele>
        <time>2025-07-02T21:12:35.142Z</time>
      </trkpt>
      <trkpt lat="45.120356" lon="14.346914">
        <ele>233.668340</ele>
        <time>2025-07-02T21:13:11.960Z</time>
      </trkpt>
      <trkpt lat="45.120575" lon="14.346788">
        <ele>235.841726</ele>
        <time>2025-07-02T21:13:31.445Z</time>
      </trkpt>
      <trkpt lat="45.120763" lon="14.346726">
        <ele>237.616625</ele>
        <time>2025-07-02T21:13:46.726Z</time>
      </trkpt>
      <trkpt lat="45.121005" lon="14.346694">
        <ele>239.851546</ele>
        <time>2025-07-02T21:14:05.096Z</time>
      </trkpt>
      <trkpt lat="45.121209" lon="14.346593">
        <ele>241.838553</ele>
        <time>2025-07-02T21:14:20.319Z</time>
      </trkpt>
      <trkpt lat="45.121773" lon="14.346170">
        <ele>244.660878</ele>
        <time>2025-07-02T21:15:00.370Z</time>
      </trkpt>
      <trkpt lat="45.121970" lon="14.346076">
        <ele>245.462415</ele>
        <time>2025-07-02T21:15:11.999Z</time>
      </trkpt>
      <trkpt lat="45.122501" lon="14.346123">
        <ele>247.513957</ele>
        <time>2025-07-02T21:15:39.181Z</time>
      </trkpt>
      <trkpt lat="45.123150" lon="14.346193">
        <ele>250.200116</ele>
        <time>2025-07-02T21:16:10.746Z</time>
      </trkpt>
      <trkpt lat="45.123377" lon="14.346326">
        <ele>251.413885</ele>
        <time>2025-07-02T21:16:23.526Z</time>
      </trkpt>
      <trkpt lat="45.123776" lon="14.346381">
        <ele>253.394807</ele>
        <time>2025-07-02T21:16:46.801Z</time>
      </trkpt>
      <trkpt lat="45.124004" lon="14.346577">
        <ele>254.712493</ele>
        <time>2025-07-02T21:17:03.671Z</time>
      </trkpt>
      <trkpt lat="45.124207" lon="14.346671">
        <ele>255.767778</ele>
        <time>2025-07-02T21:17:18.060Z</time>
      </trkpt>
      <trkpt lat="45.124645" lon="14.346749">
        <ele>257.949129</ele>
        <time>2025-07-02T21:17:49.299Z</time>
      </trkpt>
      <trkpt lat="45.125045" lon="14.346702">
        <ele>260.331417</ele>
        <time>2025-07-02T21:18:18.682Z</time>
      </trkpt>
      <trkpt lat="45.125264" lon="14.346554">
        <ele>261.820630</ele>
        <time>2025-07-02T21:18:36.468Z</time>
      </trkpt>
      <trkpt lat="45.125921" lon="14.346319">
        <ele>265.979741</ele>
        <time>2025-07-02T21:19:24.344Z</time>
      </trkpt>
      <trkpt lat="45.126125" lon="14.346272">
        <ele>267.248331</ele>
        <time>2025-07-02T21:19:38.172Z</time>
      </trkpt>
      <trkpt lat="45.126321" lon="14.346350">
        <ele>268.497904</ele>
        <time>2025-07-02T21:19:51.394Z</time>
      </trkpt>
      <trkpt lat="45.126743" lon="14.346585">
        <ele>269.088404</ele>
        <time>2025-07-02T21:20:17.991Z</time>
      </trkpt>
      <trkpt lat="45.127182" lon="14.346655">
        <ele>268.760216</ele>
        <time>2025-07-02T21:20:38.083Z</time>
      </trkpt>
      <trkpt lat="45.127338" lon="14.346632">
        <ele>268.643699</ele>
        <time>2025-07-02T21:20:43.807Z</time>
      </trkpt>
      <trkpt lat="45.127683" lon="14.347062">
        <ele>268.302401</ele>
        <time>2025-07-02T21:20:58.580Z</time>
      </trkpt>
      <trkpt lat="45.127933" lon="14.347422">
        <ele>268.037644</ele>
        <time>2025-07-02T21:21:08.894Z</time>
      </trkpt>
      <trkpt lat="45.127923" lon="14.347729">
        <ele>266.954776</ele>
        <time>2025-07-02T21:21:14.850Z</time>
      </trkpt>
      <trkpt lat="45.127995" lon="14.347970">
        <ele>265.692140</ele>
        <time>2025-07-02T21:21:19.817Z</time>
      </trkpt>
      <trkpt lat="45.128105" lon="14.348166">
        <ele>264.483865</ele>
        <time>2025-07-02T21:21:24.513Z</time>
      </trkpt>
      <trkpt lat="45.128293" lon="14.348284">
        <ele>263.077897</ele>
        <time>2025-07-02T21:21:29.922Z</time>
      </trkpt>
      <trkpt lat="45.128497" lon="14.348338">
        <ele>261.658811</ele>
        <time>2025-07-02T21:21:35.380Z</time>
      </trkpt>
      <trkpt lat="45.128724" lon="14.348354">
        <ele>260.104648</ele>
        <time>2025-07-02T21:21:41.430Z</time>
      </trkpt>
      <trkpt lat="45.128896" lon="14.348487">
        <ele>258.764859</ele>
        <time>2025-07-02T21:21:46.707Z</time>
      </trkpt>
      <trkpt lat="45.129299" lon="14.348900">
        <ele>255.546381</ele>
        <time>2025-07-02T21:22:00.506Z</time>
      </trkpt>
      <trkpt lat="45.129862" lon="14.348709">
        <ele>253.803426</ele>
        <time>2025-07-02T21:22:17.751Z</time>
      </trkpt>
      <trkpt lat="45.130577" lon="14.349435">
        <ele>251.155353</ele>
        <time>2025-07-02T21:22:46.664Z</time>
      </trkpt>
      <trkpt lat="45.130854" lon="14.349308">
        <ele>250.278819</ele>
        <time>2025-07-02T21:22:56.325Z</time>
      </trkpt>
      <trkpt lat="45.131415" lon="14.349416">
        <ele>249.507526</ele>
        <time>2025-07-02T21:23:14.437Z</time>
      </trkpt>
      <trkpt lat="45.131776" lon="14.349117">
        <ele>248.939751</ele>
        <time>2025-07-02T21:23:27.782Z</time>
      </trkpt>
      <trkpt lat="45.132130" lon="14.349096">
        <ele>248.458613</ele>
        <time>2025-07-02T21:23:40.121Z</time>
      </trkpt>
      <trkpt lat="45.132423" lon="14.348968">
        <ele>248.042264</ele>
        <time>2025-07-02T21:23:51.195Z</time>
      </trkpt>
      <trkpt lat="45.132753" lon="14.349018">
        <ele>247.917814</ele>
        <time>2025-07-02T21:24:03.348Z</time>
      </trkpt>
      <trkpt lat="45.133080" lon="14.349288">
        <ele>248.101788</ele>
        <time>2025-07-02T21:24:18.409Z</time>
      </trkpt>
      <trkpt lat="45.133324" lon="14.349293">
        <ele>248.220421</ele>
        <time>2025-07-02T21:24:28.781Z</time>
      </trkpt>
      <trkpt lat="45.133583" lon="14.349452">
        <ele>248.357634</ele>
        <time>2025-07-02T21:24:41.493Z</time>
      </trkpt>
      <trkpt lat="45.133844" lon="14.349493">
        <ele>248.485296</ele>
        <time>2025-07-02T21:24:53.590Z</time>
      </trkpt>
      <trkpt lat="45.134051" lon="14.349385">
        <ele>248.592529</ele>
        <time>2025-07-02T21:25:02.681Z</time>
      </trkpt>
      <trkpt lat="45.134155" lon="14.349272">
        <ele>248.656232</ele>
        <time>2025-07-02T21:25:07.468Z</time>
      </trkpt>
      <trkpt lat="45.134664" lon="14.349012">
        <ele>248.039473</ele>
        <time>2025-07-02T21:25:26.145Z</time>
      </trkpt>
      <trkpt lat="45.135443" lon="14.349319">
        <ele>246.809253</ele>
        <time>2025-07-02T21:25:53.076Z</time>
      </trkpt>
      <trkpt lat="45.136254" lon="14.349564">
        <ele>245.024871</ele>
        <time>2025-07-02T21:26:19.495Z</time>
      </trkpt>
      <trkpt lat="45.137140" lon="14.349911">
        <ele>241.893742</ele>
        <time>2025-07-02T21:26:47.960Z</time>
      </trkpt>
      <trkpt lat="45.137138" lon="14.349914">
        <ele>241.883824</ele>
        <time>2025-07-02T21:26:48.051Z</time>
      </trkpt>
      <trkpt lat="45.137699" lon="14.350106">
        <ele>239.917934</ele>
        <time>2025-07-02T21:27:05.233Z</time>
      </trkpt>
      <trkpt lat="45.138082" lon="14.350454">
        <ele>237.432352</ele>
        <time>2025-07-02T21:27:18.349Z</time>
      </trkpt>
      <trkpt lat="45.138677" lon="14.351819">
        <ele>231.129101</ele>
        <time>2025-07-02T21:27:49.999Z</time>
      </trkpt>
      <trkpt lat="45.138937" lon="14.352156">
        <ele>229.197857</ele>
        <time>2025-07-02T21:27:59.863Z</time>
      </trkpt>
      <trkpt lat="45.139738" lon="14.352984">
        <ele>223.933803</ele>
        <time>2025-07-02T21:28:28.084Z</time>
      </trkpt>
      <trkpt lat="45.140073" lon="14.353414">
        <ele>221.534103</ele>
        <time>2025-07-02T21:28:41.064Z</time>
      </trkpt>
      <trkpt lat="45.140451" lon="14.353690">
        <ele>219.587476</ele>
        <time>2025-07-02T21:28:53.311Z</time>
      </trkpt>
      <trkpt lat="45.140852" lon="14.354211">
        <ele>217.598887</ele>
        <time>2025-07-02T21:29:09.118Z</time>
      </trkpt>
      <trkpt lat="45.141065" lon="14.354440">
        <ele>216.621563</ele>
        <time>2025-07-02T21:29:16.986Z</time>
      </trkpt>
      <trkpt lat="45.141493" lon="14.354807">
        <ele>214.792848</ele>
        <time>2025-07-02T21:29:32.117Z</time>
      </trkpt>
      <trkpt lat="45.141784" lon="14.355015">
        <ele>213.764969</ele>
        <time>2025-07-02T21:29:42.619Z</time>
      </trkpt>
      <trkpt lat="45.142076" lon="14.355305">
        <ele>214.636592</ele>
        <time>2025-07-02T21:29:55.331Z</time>
      </trkpt>
      <trkpt lat="45.142407" lon="14.355748">
        <ele>215.749448</ele>
        <time>2025-07-02T21:30:15.762Z</time>
      </trkpt>
      <trkpt lat="45.143085" lon="14.356069">
        <ele>217.497018</ele>
        <time>2025-07-02T21:30:57.806Z</time>
      </trkpt>
      <trkpt lat="45.143405" lon="14.356021">
        <ele>218.288277</ele>
        <time>2025-07-02T21:31:18.804Z</time>
      </trkpt>
      <trkpt lat="45.143819" lon="14.355725">
        <ele>219.449451</ele>
        <time>2025-07-02T21:31:48.713Z</time>
      </trkpt>
      <trkpt lat="45.144132" lon="14.355874">
        <ele>220.276315</ele>
        <time>2025-07-02T21:32:08.168Z</time>
      </trkpt>
      <trkpt lat="45.144469" lon="14.355930">
        <ele>221.126056</ele>
        <time>2025-07-02T21:32:25.772Z</time>
      </trkpt>
      <trkpt lat="45.144732" lon="14.356101">
        <ele>221.850654</ele>
        <time>2025-07-02T21:32:37.775Z</time>
      </trkpt>
      <trkpt lat="45.145362" lon="14.356264">
        <ele>221.342118</ele>
        <time>2025-07-02T21:32:58.754Z</time>
      </trkpt>
      <trkpt lat="45.145629" lon="14.356361">
        <ele>220.323570</ele>
        <time>2025-07-02T21:33:06.966Z</time>
      </trkpt>
      <trkpt lat="45.145756" lon="14.356544">
        <ele>219.654424</ele>
        <time>2025-07-02T21:33:12.246Z</time>
      </trkpt>
      <trkpt lat="45.145841" lon="14.356762">
        <ele>219.005189</ele>
        <time>2025-07-02T21:33:17.322Z</time>
      </trkpt>
      <trkpt lat="45.146085" lon="14.356855">
        <ele>218.071499</ele>
        <time>2025-07-02T21:33:24.573Z</time>
      </trkpt>
      <trkpt lat="45.146357" lon="14.356879">
        <ele>217.064406</ele>
        <time>2025-07-02T21:33:32.324Z</time>
      </trkpt>
      <trkpt lat="45.146609" lon="14.356965">
        <ele>216.106569</ele>
        <time>2025-07-02T21:33:39.748Z</time>
      </trkpt>
      <trkpt lat="45.147056" lon="14.357281">
        <ele>215.442698</ele>
        <time>2025-07-02T21:33:55.021Z</time>
      </trkpt>
      <trkpt lat="45.147419" lon="14.357332">
        <ele>215.035373</ele>
        <time>2025-07-02T21:34:07.450Z</time>
      </trkpt>
      <trkpt lat="45.147600" lon="14.357420">
        <ele>214.821709</ele>
        <time>2025-07-02T21:34:14.610Z</time>
      </trkpt>
      <trkpt lat="45.147769" lon="14.357459">
        <ele>214.630515</ele>
        <time>2025-07-02T21:34:21.556Z</time>
      </trkpt>
      <trkpt lat="45.148131" lon="14.357285">
        <ele>214.203696</ele>
        <time>2025-07-02T21:34:37.352Z</time>
      </trkpt>
      <trkpt lat="45.148298" lon="14.357050">
        <ele>213.942399</ele>
        <time>2025-07-02T21:34:47.006Z</time>
      </trkpt>
      <trkpt lat="45.148705" lon="14.356712">
        <ele>213.564057</ele>
        <time>2025-07-02T21:35:05.200Z</time>
      </trkpt>
      <trkpt lat="45.148822" lon="14.356667">
        <ele>213.466817</ele>
        <time>2025-07-02T21:35:09.524Z</time>
      </trkpt>
      <trkpt lat="45.148921" lon="14.356695">
        <ele>213.385842</ele>
        <time>2025-07-02T21:35:13.014Z</time>
      </trkpt>
      <trkpt lat="45.149056" lon="14.356792">
        <ele>213.264444</ele>
        <time>2025-07-02T21:35:18.177Z</time>
      </trkpt>
      <trkpt lat="45.149170" lon="14.356919">
        <ele>213.148154</ele>
        <time>2025-07-02T21:35:23.055Z</time>
      </trkpt>
      <trkpt lat="45.149444" lon="14.357122">
        <ele>212.900176</ele>
        <time>2025-07-02T21:35:33.242Z</time>
      </trkpt>
      <trkpt lat="45.149904" lon="14.357382">
        <ele>212.503420</ele>
        <time>2025-07-02T21:35:49.448Z</time>
      </trkpt>
      <trkpt lat="45.150203" lon="14.357463">
        <ele>212.586548</ele>
        <time>2025-07-02T21:35:59.772Z</time>
      </trkpt>
      <trkpt lat="45.150527" lon="14.357465">
        <ele>212.675026</ele>
        <time>2025-07-02T21:36:11.503Z</time>
      </trkpt>
      <trkpt lat="45.151702" lon="14.356881">
        <ele>213.192713</ele>
        <time>2025-07-02T21:37:02.670Z</time>
      </trkpt>
      <trkpt lat="45.153063" lon="14.355883">
        <ele>217.227213</ele>
        <time>2025-07-02T21:38:16.309Z</time>
      </trkpt>
      <trkpt lat="45.153079" lon="14.355722">
        <ele>217.529130</ele>
        <time>2025-07-02T21:38:23.478Z</time>
      </trkpt>
      <trkpt lat="45.153053" lon="14.355428">
        <ele>218.412308</ele>
        <time>2025-07-02T21:38:36.950Z</time>
      </trkpt>
      <trkpt lat="45.153066" lon="14.355041">
        <ele>219.818501</ele>
        <time>2025-07-02T21:38:55.283Z</time>
      </trkpt>
      <trkpt lat="45.153157" lon="14.354600">
        <ele>221.486202</ele>
        <time>2025-07-02T21:39:18.011Z</time>
      </trkpt>
      <trkpt lat="45.153306" lon="14.354287">
        <ele>222.856815</ele>
        <time>2025-07-02T21:39:37.286Z</time>
      </trkpt>
      <trkpt lat="45.153345" lon="14.354112">
        <ele>223.522927</ele>
        <time>2025-07-02T21:39:46.366Z</time>
      </trkpt>
      <trkpt lat="45.153617" lon="14.353909">
        <ele>225.104851</ele>
        <time>2025-07-02T21:40:06.387Z</time>
      </trkpt>
      <trkpt lat="45.153896" lon="14.353606">
        <ele>226.913490</ele>
        <time>2025-07-02T21:40:26.686Z</time>
      </trkpt>
      <trkpt lat="45.154065" lon="14.353468">
        <ele>227.064949</ele>
        <time>2025-07-02T21:40:36.674Z</time>
      </trkpt>
      <trkpt lat="45.154305" lon="14.353127">
        <ele>227.210778</ele>
        <time>2025-07-02T21:40:52.188Z</time>
      </trkpt>
      <trkpt lat="45.154389" lon="14.352943">
        <ele>227.277125</ele>
        <time>2025-07-02T21:40:58.569Z</time>
      </trkpt>
      <trkpt lat="45.154454" lon="14.352906">
        <ele>227.307189</ele>
        <time>2025-07-02T21:41:01.321Z</time>
      </trkpt>
      <trkpt lat="45.154610" lon="14.352658">
        <ele>227.407781</ele>
        <time>2025-07-02T21:41:10.025Z</time>
      </trkpt>
      <trkpt lat="45.154795" lon="14.352506">
        <ele>227.499555</ele>
        <time>2025-07-02T21:41:17.597Z</time>
      </trkpt>
      <trkpt lat="45.155068" lon="14.352404">
        <ele>227.620733</ele>
        <time>2025-07-02T21:41:27.275Z</time>
      </trkpt>
      <trkpt lat="45.155289" lon="14.352187">
        <ele>227.736114</ele>
        <time>2025-07-02T21:41:36.266Z</time>
      </trkpt>
      <trkpt lat="45.155605" lon="14.351803">
        <ele>227.373073</ele>
        <time>2025-07-02T21:41:49.874Z</time>
      </trkpt>
      <trkpt lat="45.156058" lon="14.351358">
        <ele>226.784610</ele>
        <time>2025-07-02T21:42:07.766Z</time>
      </trkpt>
      <trkpt lat="45.156373" lon="14.351135">
        <ele>226.408652</ele>
        <time>2025-07-02T21:42:19.420Z</time>
      </trkpt>
      <trkpt lat="45.156708" lon="14.350841">
        <ele>225.987960</ele>
        <time>2025-07-02T21:42:33.258Z</time>
      </trkpt>
      <trkpt lat="45.156816" lon="14.350813">
        <ele>225.870722</ele>
        <time>2025-07-02T21:42:37.314Z</time>
      </trkpt>
      <trkpt lat="45.157158" lon="14.350357">
        <ele>227.944525</ele>
        <time>2025-07-02T21:42:58.208Z</time>
      </trkpt>
      <trkpt lat="45.157243" lon="14.350183">
        <ele>228.659694</ele>
        <time>2025-07-02T21:43:06.082Z</time>
      </trkpt>
      <trkpt lat="45.157274" lon="14.349979">
        <ele>229.364758</ele>
        <time>2025-07-02T21:43:14.356Z</time>
      </trkpt>
      <trkpt lat="45.157280" lon="14.349567">
        <ele>230.757052</ele>
        <time>2025-07-02T21:43:32.317Z</time>
      </trkpt>
      <trkpt lat="45.157231" lon="14.349333">
        <ele>231.581775</ele>
        <time>2025-07-02T21:43:43.960Z</time>
      </trkpt>
      <trkpt lat="45.157265" lon="14.349081">
        <ele>232.448635</ele>
        <time>2025-07-02T21:43:56.886Z</time>
      </trkpt>
      <trkpt lat="45.157242" lon="14.348557">
        <ele>234.222467</ele>
        <time>2025-07-02T21:44:25.240Z</time>
      </trkpt>
      <trkpt lat="45.157317" lon="14.347619">
        <ele>240.651827</ele>
        <time>2025-07-02T21:45:21.017Z</time>
      </trkpt>
      <trkpt lat="45.157272" lon="14.347425">
        <ele>242.098268</ele>
        <time>2025-07-02T21:45:33.625Z</time>
      </trkpt>
      <trkpt lat="45.157402" lon="14.346834">
        <ele>246.482968</ele>
        <time>2025-07-02T21:46:13.008Z</time>
      </trkpt>
      <trkpt lat="45.157405" lon="14.346546">
        <ele>248.522959</ele>
        <time>2025-07-02T21:46:31.815Z</time>
      </trkpt>
      <trkpt lat="45.157339" lon="14.346313">
        <ele>250.301354</ele>
        <time>2025-07-02T21:46:48.297Z</time>
      </trkpt>
      <trkpt lat="45.157258" lon="14.346149">
        <ele>251.719463</ele>
        <time>2025-07-02T21:47:01.500Z</time>
      </trkpt>
      <trkpt lat="45.157008" lon="14.345903">
        <ele>254.427135</ele>
        <time>2025-07-02T21:47:29.805Z</time>
      </trkpt>
      <trkpt lat="45.156898" lon="14.345551">
        <ele>256.732323</ele>
        <time>2025-07-02T21:47:54.543Z</time>
      </trkpt>
      <trkpt lat="45.156867" lon="14.345451">
        <ele>257.386350</ele>
        <time>2025-07-02T21:48:01.496Z</time>
      </trkpt>
      <trkpt lat="45.156893" lon="14.345073">
        <ele>259.660275</ele>
        <time>2025-07-02T21:48:24.735Z</time>
      </trkpt>
      <trkpt lat="45.156970" lon="14.344887">
        <ele>260.951626</ele>
        <time>2025-07-02T21:48:37.367Z</time>
      </trkpt>
      <trkpt lat="45.156933" lon="14.344708">
        <ele>262.068439</ele>
        <time>2025-07-02T21:48:47.888Z</time>
      </trkpt>
      <trkpt lat="45.156875" lon="14.344620">
        <ele>262.789625</ele>
        <time>2025-07-02T21:48:54.422Z</time>
      </trkpt>
      <trkpt lat="45.156790" lon="14.344381">
        <ele>264.392273</ele>
        <time>2025-07-02T21:49:08.315Z</time>
      </trkpt>
      <trkpt lat="45.156745" lon="14.343951">
        <ele>266.994997</ele>
        <time>2025-07-02T21:49:28.981Z</time>
      </trkpt>
      <trkpt lat="45.156751" lon="14.343654">
        <ele>268.126384</ele>
        <time>2025-07-02T21:49:41.783Z</time>
      </trkpt>
      <trkpt lat="45.156850" lon="14.343386">
        <ele>268.741638</ele>
        <time>2025-07-02T21:49:53.939Z</time>
      </trkpt>
      <trkpt lat="45.156866" lon="14.343280">
        <ele>268.962082</ele>
        <time>2025-07-02T21:49:58.095Z</time>
      </trkpt>
      <trkpt lat="45.157026" lon="14.343051">
        <ele>269.617651</ele>
        <time>2025-07-02T21:50:10.050Z</time>
      </trkpt>
      <trkpt lat="45.157082" lon="14.342782">
        <ele>270.188025</ele>
        <time>2025-07-02T21:50:19.995Z</time>
      </trkpt>
      <trkpt lat="45.157144" lon="14.342636">
        <ele>270.534608</ele>
        <time>2025-07-02T21:50:25.906Z</time>
      </trkpt>
      <trkpt lat="45.157197" lon="14.342285">
        <ele>271.264575</ele>
        <time>2025-07-02T21:50:38.075Z</time>
      </trkpt>
      <trkpt lat="45.157426" lon="14.341723">
        <ele>272.584527</ele>
        <time>2025-07-02T21:50:59.730Z</time>
      </trkpt>
      <trkpt lat="45.157480" lon="14.341457">
        <ele>272.916801</ele>
        <time>2025-07-02T21:51:08.511Z</time>
      </trkpt>
      <trkpt lat="45.157580" lon="14.341261">
        <ele>272.729887</ele>
        <time>2025-07-02T21:51:15.873Z</time>
      </trkpt>
      <trkpt lat="45.157664" lon="14.340996">
        <ele>272.505408</ele>
        <time>2025-07-02T21:51:24.273Z</time>
      </trkpt>
      <trkpt lat="45.157795" lon="14.340711">
        <ele>272.242563</ele>
        <time>2025-07-02T21:51:33.348Z</time>
      </trkpt>
      <trkpt lat="45.157942" lon="14.340490">
        <ele>272.007838</ele>
        <time>2025-07-02T21:51:40.913Z</time>
      </trkpt>
      <trkpt lat="45.158047" lon="14.340070">
        <ele>271.663550</ele>
        <time>2025-07-02T21:51:51.368Z</time>
      </trkpt>
      <trkpt lat="45.158139" lon="14.339912">
        <ele>271.505239</ele>
        <time>2025-07-02T21:51:56.005Z</time>
      </trkpt>
      <trkpt lat="45.158342" lon="14.339730">
        <ele>271.242098</ele>
        <time>2025-07-02T21:52:03.520Z</time>
      </trkpt>
      <trkpt lat="45.158550" lon="14.339321">
        <ele>270.284474</ele>
        <time>2025-07-02T21:52:14.268Z</time>
      </trkpt>
      <trkpt lat="45.158660" lon="14.338921">
        <ele>268.753361</ele>
        <time>2025-07-02T21:52:23.131Z</time>
      </trkpt>
      <trkpt lat="45.158741" lon="14.338723">
        <ele>267.937033</ele>
        <time>2025-07-02T21:52:27.801Z</time>
      </trkpt>
      <trkpt lat="45.158667" lon="14.338080">
        <ele>265.613642</ele>
        <time>2025-07-02T21:52:40.937Z</time>
      </trkpt>
      <trkpt lat="45.158688" lon="14.337869">
        <ele>264.853720</ele>
        <time>2025-07-02T21:52:45.183Z</time>
      </trkpt>
      <trkpt lat="45.158772" lon="14.337491">
        <ele>263.440351</ele>
        <time>2025-07-02T21:52:53.076Z</time>
      </trkpt>
      <trkpt lat="45.158881" lon="14.337138">
        <ele>262.066087</ele>
        <time>2025-07-02T21:53:00.719Z</time>
      </trkpt>
      <trkpt lat="45.159059" lon="14.336769">
        <ele>260.144888</ele>
        <time>2025-07-02T21:53:09.480Z</time>
      </trkpt>
      <trkpt lat="45.159202" lon="14.336604">
        <ele>259.001157</ele>
        <time>2025-07-02T21:53:14.551Z</time>
      </trkpt>
      <trkpt lat="45.159455" lon="14.335981">
        <ele>255.856045</ele>
        <time>2025-07-02T21:53:28.485Z</time>
      </trkpt>
      <trkpt lat="45.159552" lon="14.335591">
        <ele>254.046894</ele>
        <time>2025-07-02T21:53:36.494Z</time>
      </trkpt>
      <trkpt lat="45.159594" lon="14.335121">
        <ele>251.974348</ele>
        <time>2025-07-02T21:53:45.748Z</time>
      </trkpt>
      <trkpt lat="45.159708" lon="14.334598">
        <ele>249.901889</ele>
        <time>2025-07-02T21:53:56.694Z</time>
      </trkpt>
      <trkpt lat="45.159820" lon="14.334323">
        <ele>248.893780</ele>
        <time>2025-07-02T21:54:03.167Z</time>
      </trkpt>
      <trkpt lat="45.159900" lon="14.334036">
        <ele>247.914125</ele>
        <time>2025-07-02T21:54:09.571Z</time>
      </trkpt>
      <trkpt lat="45.159981" lon="14.333917">
        <ele>247.389086</ele>
        <time>2025-07-02T21:54:13.022Z</time>
      </trkpt>
      <trkpt lat="45.160064" lon="14.333689">
        <ele>246.574563</ele>
        <time>2025-07-02T21:54:18.403Z</time>
      </trkpt>
      <trkpt lat="45.160237" lon="14.333381">
        <ele>245.324573</ele>
        <time>2025-07-02T21:54:26.716Z</time>
      </trkpt>
      <trkpt lat="45.160336" lon="14.332806">
        <ele>243.445683</ele>
        <time>2025-07-02T21:54:39.197Z</time>
      </trkpt>
      <trkpt lat="45.160338" lon="14.332588">
        <ele>242.753612</ele>
        <time>2025-07-02T21:54:43.782Z</time>
      </trkpt>
      <trkpt lat="45.160405" lon="14.332097">
        <ele>241.446121</ele>
        <time>2025-07-02T21:54:54.182Z</time>
      </trkpt>
      <trkpt lat="45.160455" lon="14.331823">
        <ele>240.716431</ele>
        <time>2025-07-02T21:55:00.040Z</time>
      </trkpt>
      <trkpt lat="45.160555" lon="14.331557">
        <ele>239.939258</ele>
        <time>2025-07-02T21:55:06.245Z</time>
      </trkpt>
      <trkpt lat="45.160571" lon="14.331396">
        <ele>239.520072</ele>
        <time>2025-07-02T21:55:09.592Z</time>
      </trkpt>
      <trkpt lat="45.160553" lon="14.331333">
        <ele>239.344821</ele>
        <time>2025-07-02T21:55:10.993Z</time>
      </trkpt>
      <trkpt lat="45.160559" lon="14.331161">
        <ele>238.900835</ele>
        <time>2025-07-02T21:55:14.533Z</time>
      </trkpt>
      <trkpt lat="45.160769" lon="14.330553">
        <ele>237.155361</ele>
        <time>2025-07-02T21:55:28.711Z</time>
      </trkpt>
      <trkpt lat="45.160713" lon="14.329850">
        <ele>236.454504</ele>
        <time>2025-07-02T21:55:44.690Z</time>
      </trkpt>
      <trkpt lat="45.160534" lon="14.329201">
        <ele>237.350867</ele>
        <time>2025-07-02T21:56:02.916Z</time>
      </trkpt>
      <trkpt lat="45.159856" lon="14.328989">
        <ele>238.617345</ele>
        <time>2025-07-02T21:56:38.146Z</time>
      </trkpt>
      <trkpt lat="45.159375" lon="14.328947">
        <ele>239.791831</ele>
        <time>2025-07-02T21:57:08.168Z</time>
      </trkpt>
      <trkpt lat="45.158946" lon="14.329084">
        <ele>242.352575</ele>
        <time>2025-07-02T21:57:37.322Z</time>
      </trkpt>
      <trkpt lat="45.158494" lon="14.329336">
        <ele>245.180797</ele>
        <time>2025-07-02T21:58:09.954Z</time>
      </trkpt>
      <trkpt lat="45.158109" lon="14.329504">
        <ele>247.526496</ele>
        <time>2025-07-02T21:58:37.102Z</time>
      </trkpt>
      <trkpt lat="45.157694" lon="14.329567">
        <ele>249.983711</ele>
        <time>2025-07-02T21:59:05.371Z</time>
      </trkpt>
      <trkpt lat="45.157413" lon="14.330029">
        <ele>253.041543</ele>
        <time>2025-07-02T21:59:34.891Z</time>
      </trkpt>
      <trkpt lat="45.156984" lon="14.330480">
        <ele>256.837116</ele>
        <time>2025-07-02T22:00:13.229Z</time>
      </trkpt>
      <trkpt lat="45.156495" lon="14.330701">
        <ele>260.484903</ele>
        <time>2025-07-02T22:00:52.222Z</time>
      </trkpt>
      <trkpt lat="45.156199" lon="14.330638">
        <ele>262.612278</ele>
        <time>2025-07-02T22:01:15.360Z</time>
      </trkpt>
      <trkpt lat="45.155851" lon="14.330428">
        <ele>264.896793</ele>
        <time>2025-07-02T22:01:44.182Z</time>
      </trkpt>
      <trkpt lat="45.155614" lon="14.330144">
        <ele>266.770195</ele>
        <time>2025-07-02T22:02:06.865Z</time>
      </trkpt>
      <trkpt lat="45.155118" lon="14.330144">
        <ele>269.764869</ele>
        <time>2025-07-02T22:02:40.899Z</time>
      </trkpt>
      <trkpt lat="45.154474" lon="14.330617">
        <ele>273.772486</ele>
        <time>2025-07-02T22:03:24.120Z</time>
      </trkpt>
      <trkpt lat="45.154229" lon="14.330764">
        <ele>274.481565</ele>
        <time>2025-07-02T22:03:38.182Z</time>
      </trkpt>
      <trkpt lat="45.153733" lon="14.330711">
        <ele>275.807363</ele>
        <time>2025-07-02T22:04:03.480Z</time>
      </trkpt>
      <trkpt lat="45.153059" lon="14.330533">
        <ele>277.634750</ele>
        <time>2025-07-02T22:04:37.681Z</time>
      </trkpt>
      <trkpt lat="45.152260" lon="14.330617">
        <ele>277.680002</ele>
        <time>2025-07-02T22:05:12.206Z</time>
      </trkpt>
      <trkpt lat="45.151838" lon="14.330207">
        <ele>277.139708</ele>
        <time>2025-07-02T22:05:29.718Z</time>
      </trkpt>
      <trkpt lat="45.151593" lon="14.329588">
        <ele>276.610994</ele>
        <time>2025-07-02T22:05:45.316Z</time>
      </trkpt>
      <trkpt lat="45.151371" lon="14.328580">
        <ele>275.520241</ele>
        <time>2025-07-02T22:06:07.960Z</time>
      </trkpt>
      <trkpt lat="45.151157" lon="14.327782">
        <ele>274.532050</ele>
        <time>2025-07-02T22:06:27.525Z</time>
      </trkpt>
      <trkpt lat="45.150816" lon="14.327194">
        <ele>273.650889</ele>
        <time>2025-07-02T22:06:47.108Z</time>
      </trkpt>
      <trkpt lat="45.150475" lon="14.326868">
        <ele>272.868308</ele>
        <time>2025-07-02T22:07:03.785Z</time>
      </trkpt>
      <trkpt lat="45.149784" lon="14.326030">
        <ele>271.015644</ele>
        <time>2025-07-02T22:07:36.077Z</time>
      </trkpt>
      <trkpt lat="45.149555" lon="14.325684">
        <ele>270.333794</ele>
        <time>2025-07-02T22:07:46.093Z</time>
      </trkpt>
      <trkpt lat="45.149148" lon="14.325469">
        <ele>269.608996</ele>
        <time>2025-07-02T22:07:58.153Z</time>
      </trkpt>
      <trkpt lat="45.148975" lon="14.325428">
        <ele>269.437551</ele>
        <time>2025-07-02T22:08:02.977Z</time>
      </trkpt>
      <trkpt lat="45.148423" lon="14.325398">
        <ele>268.897600</ele>
        <time>2025-07-02T22:08:19.074Z</time>
      </trkpt>
      <trkpt lat="45.148248" lon="14.325303">
        <ele>268.714437</ele>
        <time>2025-07-02T22:08:25.217Z</time>
      </trkpt>
      <trkpt lat="45.148119" lon="14.325142">
        <ele>268.546456</ele>
        <time>2025-07-02T22:08:31.491Z</time>
      </trkpt>
      <trkpt lat="45.147954" lon="14.324860">
        <ele>268.293861</ele>
        <time>2025-07-02T22:08:43.307Z</time>
      </trkpt>
      <trkpt lat="45.147638" lon="14.324407">
        <ele>269.107744</ele>
        <time>2025-07-02T22:09:12.232Z</time>
      </trkpt>
      <trkpt lat="45.147495" lon="14.324060">
        <ele>271.242394</ele>
        <time>2025-07-02T22:09:34.627Z</time>
      </trkpt>
      <trkpt lat="45.147099" lon="14.323410">
        <ele>275.804579</ele>
        <time>2025-07-02T22:10:26.670Z</time>
      </trkpt>
      <trkpt lat="45.146884" lon="14.323565">
        <ele>277.621027</ele>
        <time>2025-07-02T22:10:46.018Z</time>
      </trkpt>
      <trkpt lat="45.146569" lon="14.323587">
        <ele>279.996164</ele>
        <time>2025-07-02T22:11:09.817Z</time>
      </trkpt>
      <trkpt lat="45.146425" lon="14.323712">
        <ele>281.267731</ele>
        <time>2025-07-02T22:11:21.773Z</time>
      </trkpt>
      <trkpt lat="45.146187" lon="14.323800">
        <ele>282.747232</ele>
        <time>2025-07-02T22:11:38.290Z</time>
      </trkpt>
      <trkpt lat="45.146005" lon="14.323749">
        <ele>283.813857</ele>
        <time>2025-07-02T22:11:50.076Z</time>
      </trkpt>
      <trkpt lat="45.145911" lon="14.323655">
        <ele>284.475195</ele>
        <time>2025-07-02T22:11:57.321Z</time>
      </trkpt>
      <trkpt lat="45.145817" lon="14.323424">
        <ele>285.556635</ele>
        <time>2025-07-02T22:12:09.365Z</time>
      </trkpt>
      <trkpt lat="45.145679" lon="14.323267">
        <ele>286.573895</ele>
        <time>2025-07-02T22:12:20.932Z</time>
      </trkpt>
      <trkpt lat="45.145479" lon="14.323148">
        <ele>287.820917</ele>
        <time>2025-07-02T22:12:35.434Z</time>
      </trkpt>
      <trkpt lat="45.145197" lon="14.322816">
        <ele>289.928325</ele>
        <time>2025-07-02T22:13:00.086Z</time>
      </trkpt>
      <trkpt lat="45.144915" lon="14.322415">
        <ele>292.049361</ele>
        <time>2025-07-02T22:13:25.941Z</time>
      </trkpt>
      <trkpt lat="45.144821" lon="14.322422">
        <ele>292.311136</ele>
        <time>2025-07-02T22:13:31.764Z</time>
      </trkpt>
      <trkpt lat="45.144671" lon="14.322566">
        <ele>292.814917</ele>
        <time>2025-07-02T22:13:42.703Z</time>
      </trkpt>
      <trkpt lat="45.144496" lon="14.322559">
        <ele>293.301786</ele>
        <time>2025-07-02T22:13:52.850Z</time>
      </trkpt>
      <trkpt lat="45.144314" lon="14.322484">
        <ele>293.828874</ele>
        <time>2025-07-02T22:14:03.215Z</time>
      </trkpt>
      <trkpt lat="45.144070" lon="14.322328">
        <ele>294.573242</ele>
        <time>2025-07-02T22:14:16.898Z</time>
      </trkpt>
      <trkpt lat="45.143850" lon="14.322140">
        <ele>295.287603</ele>
        <time>2025-07-02T22:14:28.867Z</time>
      </trkpt>
      <trkpt lat="45.143637" lon="14.321751">
        <ele>296.253576</ele>
        <time>2025-07-02T22:14:43.685Z</time>
      </trkpt>
      <trkpt lat="45.143587" lon="14.321545">
        <ele>296.680907</ele>
        <time>2025-07-02T22:14:49.913Z</time>
      </trkpt>
      <trkpt lat="45.143475" lon="14.321363">
        <ele>297.080109</ele>
        <time>2025-07-02T22:14:56.688Z</time>
      </trkpt>
      <trkpt lat="45.143318" lon="14.321257">
        <ele>297.428872</ele>
        <time>2025-07-02T22:15:03.566Z</time>
      </trkpt>
      <trkpt lat="45.143168" lon="14.321288">
        <ele>297.732894</ele>
        <time>2025-07-02T22:15:09.705Z</time>
      </trkpt>
      <trkpt lat="45.142930" lon="14.321426">
        <ele>298.248608</ele>
        <time>2025-07-02T22:15:20.493Z</time>
      </trkpt>
      <trkpt lat="45.142717" lon="14.321445">
        <ele>298.676649</ele>
        <time>2025-07-02T22:15:29.880Z</time>
      </trkpt>
      <trkpt lat="45.142498" lon="14.321532">
        <ele>299.132797</ele>
        <time>2025-07-02T22:15:40.488Z</time>
      </trkpt>
      <trkpt lat="45.142278" lon="14.321570">
        <ele>299.577295</ele>
        <time>2025-07-02T22:15:51.371Z</time>
      </trkpt>
      <trkpt lat="45.141709" lon="14.321157">
        <ele>301.339219</ele>
        <time>2025-07-02T22:16:26.008Z</time>
      </trkpt>
      <trkpt lat="45.141364" lon="14.320956">
        <ele>303.071472</ele>
        <time>2025-07-02T22:16:47.787Z</time>
      </trkpt>
      <trkpt lat="45.140457" lon="14.320541">
        <ele>307.497674</ele>
        <time>2025-07-02T22:17:47.708Z</time>
      </trkpt>
      <trkpt lat="45.140220" lon="14.320402">
        <ele>308.688811</ele>
        <time>2025-07-02T22:18:00.074Z</time>
      </trkpt>
      <trkpt lat="45.139898" lon="14.320174">
        <ele>310.234706</ele>
        <time>2025-07-02T22:18:22.915Z</time>
      </trkpt>
      <trkpt lat="45.139047" lon="14.319647">
        <ele>314.189172</ele>
        <time>2025-07-02T22:19:04.318Z</time>
      </trkpt>
      <trkpt lat="45.138911" lon="14.319640">
        <ele>314.768682</ele>
        <time>2025-07-02T22:19:09.708Z</time>
      </trkpt>
      <trkpt lat="45.138809" lon="14.319634">
        <ele>315.203402</ele>
        <time>2025-07-02T22:19:15.092Z</time>
      </trkpt>
      <trkpt lat="45.138545" lon="14.319785">
        <ele>316.415645</ele>
        <time>2025-07-02T22:19:29.878Z</time>
      </trkpt>
      <trkpt lat="45.138339" lon="14.319992">
        <ele>317.468270</ele>
        <time>2025-07-02T22:19:43.120Z</time>
      </trkpt>
      <trkpt lat="45.138226" lon="14.320255">
        <ele>318.372030</ele>
        <time>2025-07-02T22:19:54.652Z</time>
      </trkpt>
      <trkpt lat="45.137869" lon="14.320737">
        <ele>320.423158</ele>
        <time>2025-07-02T22:20:22.747Z</time>
      </trkpt>
      <trkpt lat="45.137675" lon="14.320849">
        <ele>321.294656</ele>
        <time>2025-07-02T22:20:35.668Z</time>
      </trkpt>
      <trkpt lat="45.137468" lon="14.321181">
        <ele>322.595074</ele>
        <time>2025-07-02T22:20:55.067Z</time>
      </trkpt>
      <trkpt lat="45.137360" lon="14.321257">
        <ele>323.096721</ele>
        <time>2025-07-02T22:21:02.543Z</time>
      </trkpt>
      <trkpt lat="45.137243" lon="14.321338">
        <ele>323.638444</ele>
        <time>2025-07-02T22:21:08.683Z</time>
      </trkpt>
      <trkpt lat="45.137030" lon="14.321413">
        <ele>324.297542</ele>
        <time>2025-07-02T22:21:18.813Z</time>
      </trkpt>
      <trkpt lat="45.136786" lon="14.321395">
        <ele>324.854107</ele>
        <time>2025-07-02T22:21:29.947Z</time>
      </trkpt>
      <trkpt lat="45.136660" lon="14.321530">
        <ele>325.213881</ele>
        <time>2025-07-02T22:21:36.848Z</time>
      </trkpt>
      <trkpt lat="45.136547" lon="14.321651">
        <ele>325.536467</ele>
        <time>2025-07-02T22:21:44.771Z</time>
      </trkpt>
      <trkpt lat="45.136378" lon="14.321689">
        <ele>325.926248</ele>
        <time>2025-07-02T22:21:53.952Z</time>
      </trkpt>
      <trkpt lat="45.136184" lon="14.321582">
        <ele>326.400434</ele>
        <time>2025-07-02T22:22:04.314Z</time>
      </trkpt>
      <trkpt lat="45.135708" lon="14.321545">
        <ele>327.486353</ele>
        <time>2025-07-02T22:22:23.851Z</time>
      </trkpt>
      <trkpt lat="45.135324" lon="14.321660">
        <ele>327.948528</ele>
        <time>2025-07-02T22:22:37.699Z</time>
      </trkpt>
      <trkpt lat="45.134650" lon="14.321670">
        <ele>327.221147</ele>
        <time>2025-07-02T22:23:00.220Z</time>
      </trkpt>
      <trkpt lat="45.134048" lon="14.321795">
        <ele>326.564570</ele>
        <time>2025-07-02T22:23:20.149Z</time>
      </trkpt>
      <trkpt lat="45.133798" lon="14.321908">
        <ele>326.281401</ele>
        <time>2025-07-02T22:23:29.166Z</time>
      </trkpt>
      <trkpt lat="45.133635" lon="14.322040">
        <ele>326.231697</ele>
        <time>2025-07-02T22:23:35.844Z</time>
      </trkpt>
      <trkpt lat="45.133466" lon="14.322240">
        <ele>326.531904</ele>
        <time>2025-07-02T22:23:44.060Z</time>
      </trkpt>
      <trkpt lat="45.133247" lon="14.322434">
        <ele>326.884055</ele>
        <time>2025-07-02T22:23:54.503Z</time>
      </trkpt>
      <trkpt lat="45.133009" lon="14.322572">
        <ele>327.234698</ele>
        <time>2025-07-02T22:24:05.745Z</time>
      </trkpt>
      <trkpt lat="45.132833" lon="14.322610">
        <ele>327.477464</ele>
        <time>2025-07-02T22:24:13.928Z</time>
      </trkpt>
      <trkpt lat="45.132495" lon="14.322898">
        <ele>328.015228</ele>
        <time>2025-07-02T22:24:33.096Z</time>
      </trkpt>
      <trkpt lat="45.132157" lon="14.323286">
        <ele>328.613049</ele>
        <time>2025-07-02T22:24:54.972Z</time>
      </trkpt>
      <trkpt lat="45.131925" lon="14.323474">
        <ele>329.163154</ele>
        <time>2025-07-02T22:25:08.298Z</time>
      </trkpt>
      <trkpt lat="45.131167" lon="14.324188">
        <ele>331.036611</ele>
        <time>2025-07-02T22:25:50.958Z</time>
      </trkpt>
      <trkpt lat="45.130911" lon="14.324338">
        <ele>331.606838</ele>
        <time>2025-07-02T22:26:03.556Z</time>
      </trkpt>
      <trkpt lat="45.130328" lon="14.324814">
        <ele>332.945563</ele>
        <time>2025-07-02T22:26:35.092Z</time>
      </trkpt>
      <trkpt lat="45.130134" lon="14.324889">
        <ele>333.331771</ele>
        <time>2025-07-02T22:26:44.811Z</time>
      </trkpt>
      <trkpt lat="45.129821" lon="14.324877">
        <ele>333.933141</ele>
        <time>2025-07-02T22:26:59.959Z</time>
      </trkpt>
      <trkpt lat="45.129533" lon="14.324927">
        <ele>334.490410</ele>
        <time>2025-07-02T22:27:13.920Z</time>
      </trkpt>
      <trkpt lat="45.129251" lon="14.325040">
        <ele>335.053249</ele>
        <time>2025-07-02T22:27:27.863Z</time>
      </trkpt>
      <trkpt lat="45.129126" lon="14.325184">
        <ele>335.362618</ele>
        <time>2025-07-02T22:27:35.404Z</time>
      </trkpt>
      <trkpt lat="45.129032" lon="14.325340">
        <ele>335.640604</ele>
        <time>2025-07-02T22:27:42.031Z</time>
      </trkpt>
      <trkpt lat="45.128844" lon="14.326209">
        <ele>336.162295</ele>
        <time>2025-07-02T22:28:09.107Z</time>
      </trkpt>
      <trkpt lat="45.128750" lon="14.326401">
        <ele>336.277553</ele>
        <time>2025-07-02T22:28:15.473Z</time>
      </trkpt>
      <trkpt lat="45.128675" lon="14.326455">
        <ele>336.336358</ele>
        <time>2025-07-02T22:28:18.674Z</time>
      </trkpt>
      <trkpt lat="45.128443" lon="14.326486">
        <ele>336.499255</ele>
        <time>2025-07-02T22:28:27.347Z</time>
      </trkpt>
      <trkpt lat="45.128159" lon="14.326394">
        <ele>336.702902</ele>
        <time>2025-07-02T22:28:38.336Z</time>
      </trkpt>
      <trkpt lat="45.127833" lon="14.326427">
        <ele>336.931371</ele>
        <time>2025-07-02T22:28:51.003Z</time>
      </trkpt>
      <trkpt lat="45.127767" lon="14.326410">
        <ele>336.978263</ele>
        <time>2025-07-02T22:28:53.623Z</time>
      </trkpt>
      <trkpt lat="45.127496" lon="14.326233">
        <ele>337.223565</ele>
        <time>2025-07-02T22:29:05.735Z</time>
      </trkpt>
      <trkpt lat="45.126695" lon="14.326139">
        <ele>337.904322</ele>
        <time>2025-07-02T22:29:41.290Z</time>
      </trkpt>
      <trkpt lat="45.125944" lon="14.325998">
        <ele>338.506099</ele>
        <time>2025-07-02T22:30:14.031Z</time>
      </trkpt>
      <trkpt lat="45.125270" lon="14.325974">
        <ele>336.596378</ele>
        <time>2025-07-02T22:30:36.945Z</time>
      </trkpt>
      <trkpt lat="45.124942" lon="14.326037">
        <ele>335.658819</ele>
        <time>2025-07-02T22:30:47.126Z</time>
      </trkpt>
      <trkpt lat="45.124730" lon="14.326147">
        <ele>335.019348</ele>
        <time>2025-07-02T22:30:53.779Z</time>
      </trkpt>
      <trkpt lat="45.124386" lon="14.326640">
        <ele>333.633634</ele>
        <time>2025-07-02T22:31:07.953Z</time>
      </trkpt>
      <trkpt lat="45.124159" lon="14.327282">
        <ele>331.959968</ele>
        <time>2025-07-02T22:31:22.385Z</time>
      </trkpt>
      <trkpt lat="45.123908" lon="14.327595">
        <ele>330.831369</ele>
        <time>2025-07-02T22:31:31.994Z</time>
      </trkpt>
      <trkpt lat="45.123689" lon="14.327971">
        <ele>329.670074</ele>
        <time>2025-07-02T22:31:42.060Z</time>
      </trkpt>
      <trkpt lat="45.123147" lon="14.329490">
        <ele>329.193398</ele>
        <time>2025-07-02T22:32:23.159Z</time>
      </trkpt>
      <trkpt lat="45.123043" lon="14.329070">
        <ele>330.294963</ele>
        <time>2025-07-02T22:32:39.295Z</time>
      </trkpt>
      <trkpt lat="45.123031" lon="14.329048">
        <ele>330.363780</ele>
        <time>2025-07-02T22:32:40.440Z</time>
      </trkpt>
      <trkpt lat="45.122771" lon="14.328574">
        <ele>331.849610</ele>
        <time>2025-07-02T22:33:06.534Z</time>
      </trkpt>
      <trkpt lat="45.122506" lon="14.328335">
        <ele>332.951322</ele>
        <time>2025-07-02T22:33:28.883Z</time>
      </trkpt>
      <trkpt lat="45.122208" lon="14.328228">
        <ele>334.530105</ele>
        <time>2025-07-02T22:33:52.537Z</time>
      </trkpt>
      <trkpt lat="45.121660" lon="14.328132">
        <ele>339.231729</ele>
        <time>2025-07-02T22:34:35.260Z</time>
      </trkpt>
      <trkpt lat="45.121354" lon="14.327919">
        <ele>342.134569</ele>
        <time>2025-07-02T22:35:02.084Z</time>
      </trkpt>
      <trkpt lat="45.121292" lon="14.327768">
        <ele>343.184214</ele>
        <time>2025-07-02T22:35:11.971Z</time>
      </trkpt>
      <trkpt lat="45.121156" lon="14.327716">
        <ele>344.383632</ele>
        <time>2025-07-02T22:35:23.391Z</time>
      </trkpt>
      <trkpt lat="45.121027" lon="14.327459">
        <ele>346.278552</ele>
        <time>2025-07-02T22:35:41.767Z</time>
      </trkpt>
      <trkpt lat="45.120832" lon="14.327323">
        <ele>348.129106</ele>
        <time>2025-07-02T22:36:00.120Z</time>
      </trkpt>
      <trkpt lat="45.120644" lon="14.327036">
        <ele>350.579713</ele>
        <time>2025-07-02T22:36:23.895Z</time>
      </trkpt>
      <trkpt lat="45.120475" lon="14.326719">
        <ele>353.123650</ele>
        <time>2025-07-02T22:36:48.346Z</time>
      </trkpt>
      <trkpt lat="45.120332" lon="14.326627">
        <ele>354.548721</ele>
        <time>2025-07-02T22:37:02.092Z</time>
      </trkpt>
      <trkpt lat="45.120243" lon="14.326609">
        <ele>355.364513</ele>
        <time>2025-07-02T22:37:09.858Z</time>
      </trkpt>
      <trkpt lat="45.119971" lon="14.326418">
        <ele>358.119088</ele>
        <time>2025-07-02T22:37:35.625Z</time>
      </trkpt>
      <trkpt lat="45.119805" lon="14.326164">
        <ele>360.335866</ele>
        <time>2025-07-02T22:37:55.564Z</time>
      </trkpt>
      <trkpt lat="45.119555" lon="14.326024">
        <ele>362.775124</ele>
        <time>2025-07-02T22:38:16.767Z</time>
      </trkpt>
      <trkpt lat="45.119452" lon="14.326039">
        <ele>363.714695</ele>
        <time>2025-07-02T22:38:24.779Z</time>
      </trkpt>
      <trkpt lat="45.119316" lon="14.326164">
        <ele>365.185621</ele>
        <time>2025-07-02T22:38:37.202Z</time>
      </trkpt>
      <trkpt lat="45.118875" lon="14.326245">
        <ele>369.227636</ele>
        <time>2025-07-02T22:39:11.507Z</time>
      </trkpt>
      <trkpt lat="45.118661" lon="14.326123">
        <ele>371.324408</ele>
        <time>2025-07-02T22:39:29.476Z</time>
      </trkpt>
      <trkpt lat="45.118530" lon="14.325884">
        <ele>373.265581</ele>
        <time>2025-07-02T22:39:46.453Z</time>
      </trkpt>
      <trkpt lat="45.118474" lon="14.325652">
        <ele>374.838361</ele>
        <time>2025-07-02T22:40:00.506Z</time>
      </trkpt>
      <trkpt lat="45.118448" lon="14.325380">
        <ele>376.598995</ele>
        <time>2025-07-02T22:40:16.597Z</time>
      </trkpt>
      <trkpt lat="45.118352" lon="14.325226">
        <ele>377.917052</ele>
        <time>2025-07-02T22:40:28.990Z</time>
      </trkpt>
      <trkpt lat="45.118286" lon="14.325005">
        <ele>379.456350</ele>
        <time>2025-07-02T22:40:43.853Z</time>
      </trkpt>
      <trkpt lat="45.118190" lon="14.324913">
        <ele>380.509797</ele>
        <time>2025-07-02T22:40:54.217Z</time>
      </trkpt>
      <trkpt lat="45.118050" lon="14.324905">
        <ele>381.790043</ele>
        <time>2025-07-02T22:41:07.004Z</time>
      </trkpt>
      <trkpt lat="45.117955" lon="14.324825">
        <ele>382.850655</ele>
        <time>2025-07-02T22:41:17.330Z</time>
      </trkpt>
      <trkpt lat="45.117811" lon="14.324604">
        <ele>384.887897</ele>
        <time>2025-07-02T22:41:37.147Z</time>
      </trkpt>
      <trkpt lat="45.117554" lon="14.323857">
        <ele>390.516325</ele>
        <time>2025-07-02T22:42:30.457Z</time>
      </trkpt>
      <trkpt lat="45.117462" lon="14.323217">
        <ele>394.939846</ele>
        <time>2025-07-02T22:43:10.090Z</time>
      </trkpt>
      <trkpt lat="45.117436" lon="14.322882">
        <ele>397.222368</ele>
        <time>2025-07-02T22:43:29.369Z</time>
      </trkpt>
      <trkpt lat="45.117333" lon="14.322636">
        <ele>398.964574</ele>
        <time>2025-07-02T22:43:45.022Z</time>
      </trkpt>
      <trkpt lat="45.117083" lon="14.321980">
        <ele>399.762224</ele>
        <time>2025-07-02T22:44:21.146Z</time>
      </trkpt>
      <trkpt lat="45.116880" lon="14.321554">
        <ele>400.312181</ele>
        <time>2025-07-02T22:44:41.073Z</time>
      </trkpt>
      <trkpt lat="45.116792" lon="14.321149">
        <ele>400.765560</ele>
        <time>2025-07-02T22:44:54.255Z</time>
      </trkpt>
      <trkpt lat="45.116807" lon="14.320895">
        <ele>401.038261</ele>
        <time>2025-07-02T22:45:00.553Z</time>
      </trkpt>
      <trkpt lat="45.116660" lon="14.319872">
        <ele>398.611336</ele>
        <time>2025-07-02T22:45:21.531Z</time>
      </trkpt>
      <trkpt lat="45.116564" lon="14.319560">
        <ele>396.395697</ele>
        <time>2025-07-02T22:45:27.728Z</time>
      </trkpt>
      <trkpt lat="45.116384" lon="14.319243">
        <ele>393.747083</ele>
        <time>2025-07-02T22:45:34.959Z</time>
      </trkpt>
      <trkpt lat="45.116303" lon="14.319162">
        <ele>392.832579</ele>
        <time>2025-07-02T22:45:37.445Z</time>
      </trkpt>
      <trkpt lat="45.116093" lon="14.319088">
        <ele>390.836412</ele>
        <time>2025-07-02T22:45:42.873Z</time>
      </trkpt>
      <trkpt lat="45.115946" lon="14.319081">
        <ele>389.479625</ele>
        <time>2025-07-02T22:45:46.572Z</time>
      </trkpt>
      <trkpt lat="45.115780" lon="14.319008">
        <ele>387.876297</ele>
        <time>2025-07-02T22:45:50.931Z</time>
      </trkpt>
      <trkpt lat="45.115607" lon="14.319008">
        <ele>386.280435</ele>
        <time>2025-07-02T22:45:55.307Z</time>
      </trkpt>
      <trkpt lat="45.115431" lon="14.318842">
        <ele>384.486384</ele>
        <time>2025-07-02T22:46:00.754Z</time>
      </trkpt>
      <trkpt lat="45.114728" lon="14.318654">
        <ele>379.293535</ele>
        <time>2025-07-02T22:46:19.944Z</time>
      </trkpt>
      <trkpt lat="45.114404" lon="14.318632">
        <ele>376.939059</ele>
        <time>2025-07-02T22:46:28.763Z</time>
      </trkpt>
      <trkpt lat="45.114069" lon="14.318559">
        <ele>374.478853</ele>
        <time>2025-07-02T22:46:38.194Z</time>
      </trkpt>
      <trkpt lat="45.113893" lon="14.318434">
        <ele>373.049865</ele>
        <time>2025-07-02T22:46:43.737Z</time>
      </trkpt>
      <trkpt lat="45.113845" lon="14.318209">
        <ele>371.974623</ele>
        <time>2025-07-02T22:46:48.410Z</time>
      </trkpt>
      <trkpt lat="45.113687" lon="14.318077">
        <ele>371.703508</ele>
        <time>2025-07-02T22:46:53.705Z</time>
      </trkpt>
      <trkpt lat="45.113551" lon="14.318047">
        <ele>371.500059</ele>
        <time>2025-07-02T22:46:57.732Z</time>
      </trkpt>
      <trkpt lat="45.113153" lon="14.317841">
        <ele>370.873740</ele>
        <time>2025-07-02T22:47:10.339Z</time>
      </trkpt>
      <trkpt lat="45.112778" lon="14.317746">
        <ele>370.310647</ele>
        <time>2025-07-02T22:47:22.275Z</time>
      </trkpt>
      <trkpt lat="45.111178" lon="14.318559">
        <ele>372.608694</ele>
        <time>2025-07-02T22:48:50.951Z</time>
      </trkpt>
      <trkpt lat="45.110975" lon="14.318794">
        <ele>373.423188</ele>
        <time>2025-07-02T22:49:05.339Z</time>
      </trkpt>
      <trkpt lat="45.110287" lon="14.319261">
        <ele>375.666342</ele>
        <time>2025-07-02T22:49:46.470Z</time>
      </trkpt>
      <trkpt lat="45.109868" lon="14.319409">
        <ele>376.808698</ele>
        <time>2025-07-02T22:50:09.523Z</time>
      </trkpt>
      <trkpt lat="45.108801" lon="14.320108">
        <ele>379.722077</ele>
        <time>2025-07-02T22:51:07.991Z</time>
      </trkpt>
      <trkpt lat="45.108230" lon="14.320258">
        <ele>379.903633</ele>
        <time>2025-07-02T22:51:31.308Z</time>
      </trkpt>
      <trkpt lat="45.107679" lon="14.320233">
        <ele>380.075983</ele>
        <time>2025-07-02T22:51:51.122Z</time>
      </trkpt>
      <trkpt lat="45.107480" lon="14.320262">
        <ele>380.138525</ele>
        <time>2025-07-02T22:51:58.061Z</time>
      </trkpt>
      <trkpt lat="45.106840" lon="14.320431">
        <ele>381.057081</ele>
        <time>2025-07-02T22:52:21.413Z</time>
      </trkpt>
      <trkpt lat="45.106575" lon="14.320579">
        <ele>381.904333</ele>
        <time>2025-07-02T22:52:33.398Z</time>
      </trkpt>
      <trkpt lat="45.106130" lon="14.320740">
        <ele>383.270431</ele>
        <time>2025-07-02T22:52:55.701Z</time>
      </trkpt>
      <trkpt lat="45.105140" lon="14.321395">
        <ele>387.109726</ele>
        <time>2025-07-02T22:54:05.214Z</time>
      </trkpt>
      <trkpt lat="45.104603" lon="14.321690">
        <ele>389.929530</ele>
        <time>2025-07-02T22:54:45.966Z</time>
      </trkpt>
      <trkpt lat="45.104371" lon="14.321782">
        <ele>391.109028</ele>
        <time>2025-07-02T22:55:01.641Z</time>
      </trkpt>
      <trkpt lat="45.104113" lon="14.321995">
        <ele>392.570974</ele>
        <time>2025-07-02T22:55:19.676Z</time>
      </trkpt>
      <trkpt lat="45.103723" lon="14.322175">
        <ele>394.470753</ele>
        <time>2025-07-02T22:55:41.592Z</time>
      </trkpt>
      <trkpt lat="45.103179" lon="14.322080">
        <ele>395.393137</ele>
        <time>2025-07-02T22:56:06.208Z</time>
      </trkpt>
      <trkpt lat="45.102988" lon="14.322113">
        <ele>395.716937</ele>
        <time>2025-07-02T22:56:14.159Z</time>
      </trkpt>
      <trkpt lat="45.102568" lon="14.322334">
        <ele>396.470896</ele>
        <time>2025-07-02T22:56:32.663Z</time>
      </trkpt>
      <trkpt lat="45.102075" lon="14.322856">
        <ele>397.515520</ele>
        <time>2025-07-02T22:57:00.040Z</time>
      </trkpt>
      <trkpt lat="45.101891" lon="14.323114">
        <ele>398.010032</ele>
        <time>2025-07-02T22:57:12.467Z</time>
      </trkpt>
      <trkpt lat="45.101685" lon="14.323294">
        <ele>398.472354</ele>
        <time>2025-07-02T22:57:24.308Z</time>
      </trkpt>
      <trkpt lat="45.101387" lon="14.323460">
        <ele>399.084012</ele>
        <time>2025-07-02T22:57:39.995Z</time>
      </trkpt>
      <trkpt lat="45.099897" lon="14.324718">
        <ele>401.965089</ele>
        <time>2025-07-02T22:58:59.446Z</time>
      </trkpt>
      <trkpt lat="45.099603" lon="14.324880">
        <ele>402.396413</ele>
        <time>2025-07-02T22:59:13.587Z</time>
      </trkpt>
      <trkpt lat="45.099341" lon="14.325067">
        <ele>402.797544</ele>
        <time>2025-07-02T22:59:26.582Z</time>
      </trkpt>
      <trkpt lat="45.099102" lon="14.325141">
        <ele>403.132043</ele>
        <time>2025-07-02T22:59:37.163Z</time>
      </trkpt>
      <trkpt lat="45.098738" lon="14.325387">
        <ele>402.727825</ele>
        <time>2025-07-02T22:59:53.458Z</time>
      </trkpt>
      <trkpt lat="45.098587" lon="14.325660">
        <ele>402.142384</ele>
        <time>2025-07-02T23:00:02.248Z</time>
      </trkpt>
      <trkpt lat="45.098477" lon="14.325976">
        <ele>401.547645</ele>
        <time>2025-07-02T23:00:10.654Z</time>
      </trkpt>
      <trkpt lat="45.098366" lon="14.326053">
        <ele>401.252096</ele>
        <time>2025-07-02T23:00:14.660Z</time>
      </trkpt>
      <trkpt lat="45.098256" lon="14.326031">
        <ele>400.986444</ele>
        <time>2025-07-02T23:00:18.210Z</time>
      </trkpt>
      <trkpt lat="45.098116" lon="14.325917">
        <ele>400.600297</ele>
        <time>2025-07-02T23:00:23.213Z</time>
      </trkpt>
      <trkpt lat="45.097892" lon="14.325638">
        <ele>399.887049</ele>
        <time>2025-07-02T23:00:32.127Z</time>
      </trkpt>
      <trkpt lat="45.097730" lon="14.325505">
        <ele>399.439304</ele>
        <time>2025-07-02T23:00:37.547Z</time>
      </trkpt>
      <trkpt lat="45.097274" lon="14.325281">
        <ele>397.674483</ele>
        <time>2025-07-02T23:00:51.207Z</time>
      </trkpt>
      <trkpt lat="45.096917" lon="14.325064">
        <ele>395.988657</ele>
        <time>2025-07-02T23:01:02.095Z</time>
      </trkpt>
      <trkpt lat="45.096310" lon="14.324935">
        <ele>393.325050</ele>
        <time>2025-07-02T23:01:19.759Z</time>
      </trkpt>
      <trkpt lat="45.095758" lon="14.325060">
        <ele>391.277729</ele>
        <time>2025-07-02T23:01:37.126Z</time>
      </trkpt>
      <trkpt lat="45.095658" lon="14.325034">
        <ele>391.342368</ele>
        <time>2025-07-02T23:01:40.492Z</time>
      </trkpt>
      <trkpt lat="45.095541" lon="14.324836">
        <ele>391.458256</ele>
        <time>2025-07-02T23:01:46.813Z</time>
      </trkpt>
      <trkpt lat="45.095320" lon="14.324335">
        <ele>391.723400</ele>
        <time>2025-07-02T23:02:02.702Z</time>
      </trkpt>
      <trkpt lat="45.095235" lon="14.324269">
        <ele>391.785027</ele>
        <time>2025-07-02T23:02:06.789Z</time>
      </trkpt>
      <trkpt lat="45.095140" lon="14.324280">
        <ele>391.845627</ele>
        <time>2025-07-02T23:02:10.974Z</time>
      </trkpt>
      <trkpt lat="45.094978" lon="14.324435">
        <ele>391.969915</ele>
        <time>2025-07-02T23:02:19.854Z</time>
      </trkpt>
      <trkpt lat="45.094599" lon="14.324607">
        <ele>392.222937</ele>
        <time>2025-07-02T23:02:39.158Z</time>
      </trkpt>
      <trkpt lat="45.094025" lon="14.324766">
        <ele>392.654500</ele>
        <time>2025-07-02T23:03:08.824Z</time>
      </trkpt>
      <trkpt lat="45.093694" lon="14.324821">
        <ele>392.923407</ele>
        <time>2025-07-02T23:03:25.319Z</time>
      </trkpt>
      <trkpt lat="45.093134" lon="14.325031">
        <ele>393.390822</ele>
        <time>2025-07-02T23:03:49.945Z</time>
      </trkpt>
      <trkpt lat="45.092745" lon="14.325387">
        <ele>393.764505</ele>
        <time>2025-07-02T23:04:06.066Z</time>
      </trkpt>
      <trkpt lat="45.092572" lon="14.325454">
        <ele>393.594067</ele>
        <time>2025-07-02T23:04:11.920Z</time>
      </trkpt>
      <trkpt lat="45.092424" lon="14.325406">
        <ele>393.262629</ele>
        <time>2025-07-02T23:04:16.769Z</time>
      </trkpt>
      <trkpt lat="45.092296" lon="14.325310">
        <ele>392.946461</ele>
        <time>2025-07-02T23:04:21.380Z</time>
      </trkpt>
      <trkpt lat="45.092215" lon="14.325174">
        <ele>392.672248</ele>
        <time>2025-07-02T23:04:25.324Z</time>
      </trkpt>
      <trkpt lat="45.092045" lon="14.325075">
        <ele>392.271007</ele>
        <time>2025-07-02T23:04:31.013Z</time>
      </trkpt>
      <trkpt lat="45.091534" lon="14.325152">
        <ele>391.149221</ele>
        <time>2025-07-02T23:04:46.972Z</time>
      </trkpt>
      <trkpt lat="45.091383" lon="14.325270">
        <ele>390.772759</ele>
        <time>2025-07-02T23:04:52.398Z</time>
      </trkpt>
      <trkpt lat="45.091082" lon="14.325586">
        <ele>389.954892</ele>
        <time>2025-07-02T23:05:04.583Z</time>
      </trkpt>
      <trkpt lat="45.090809" lon="14.325752">
        <ele>389.567020</ele>
        <time>2025-07-02T23:05:14.671Z</time>
      </trkpt>
      <trkpt lat="45.090434" lon="14.325902">
        <ele>389.091285</ele>
        <time>2025-07-02T23:05:28.423Z</time>
      </trkpt>
      <trkpt lat="45.090418" lon="14.325916">
        <ele>389.068324</ele>
        <time>2025-07-02T23:05:29.088Z</time>
      </trkpt>
      <trkpt lat="45.090235" lon="14.326079">
        <ele>388.804401</ele>
        <time>2025-07-02T23:05:36.849Z</time>
      </trkpt>
      <trkpt lat="45.090055" lon="14.326300">
        <ele>388.513576</ele>
        <time>2025-07-02T23:05:45.473Z</time>
      </trkpt>
      <trkpt lat="45.089054" lon="14.326653">
        <ele>386.791305</ele>
        <time>2025-07-02T23:06:19.999Z</time>
      </trkpt>
      <trkpt lat="45.088830" lon="14.326671">
        <ele>386.234201</ele>
        <time>2025-07-02T23:06:26.983Z</time>
      </trkpt>
      <trkpt lat="45.088399" lon="14.326543">
        <ele>385.140721</ele>
        <time>2025-07-02T23:06:40.460Z</time>
      </trkpt>
      <trkpt lat="45.088131" lon="14.326683">
        <ele>384.431438</ele>
        <time>2025-07-02T23:06:49.206Z</time>
      </trkpt>
      <trkpt lat="45.087965" lon="14.326694">
        <ele>384.018795</ele>
        <time>2025-07-02T23:06:54.304Z</time>
      </trkpt>
      <trkpt lat="45.087752" lon="14.326631">
        <ele>383.478490</ele>
        <time>2025-07-02T23:07:01.112Z</time>
      </trkpt>
      <trkpt lat="45.087491" lon="14.326624">
        <ele>383.320479</ele>
        <time>2025-07-02T23:07:09.550Z</time>
      </trkpt>
      <trkpt lat="45.087362" lon="14.326697">
        <ele>383.392610</ele>
        <time>2025-07-02T23:07:14.187Z</time>
      </trkpt>
      <trkpt lat="45.087215" lon="14.326914">
        <ele>383.502859</ele>
        <time>2025-07-02T23:07:21.527Z</time>
      </trkpt>
      <trkpt lat="45.087119" lon="14.327128">
        <ele>383.595810</ele>
        <time>2025-07-02T23:07:28.004Z</time>
      </trkpt>
      <trkpt lat="45.086401" lon="14.327518">
        <ele>383.995106</ele>
        <time>2025-07-02T23:08:01.374Z</time>
      </trkpt>
      <trkpt lat="45.086295" lon="14.327499">
        <ele>384.050586</ele>
        <time>2025-07-02T23:08:06.694Z</time>
      </trkpt>
      <trkpt lat="45.086258" lon="14.327411">
        <ele>384.088135</ele>
        <time>2025-07-02T23:08:10.337Z</time>
      </trkpt>
      <trkpt lat="45.086177" lon="14.327010">
        <ele>384.590811</ele>
        <time>2025-07-02T23:08:25.639Z</time>
      </trkpt>
      <trkpt lat="45.086115" lon="14.326859">
        <ele>384.968558</ele>
        <time>2025-07-02T23:08:32.168Z</time>
      </trkpt>
      <trkpt lat="45.085931" lon="14.326708">
        <ele>385.619902</ele>
        <time>2025-07-02T23:08:43.432Z</time>
      </trkpt>
      <trkpt lat="45.085772" lon="14.326469">
        <ele>386.330047</ele>
        <time>2025-07-02T23:08:55.649Z</time>
      </trkpt>
      <trkpt lat="45.085658" lon="14.326451">
        <ele>386.681382</ele>
        <time>2025-07-02T23:09:01.693Z</time>
      </trkpt>
      <trkpt lat="45.085217" lon="14.326546">
        <ele>388.047658</ele>
        <time>2025-07-02T23:09:24.935Z</time>
      </trkpt>
      <trkpt lat="45.085000" lon="14.326451">
        <ele>388.743337</ele>
        <time>2025-07-02T23:09:36.757Z</time>
      </trkpt>
      <trkpt lat="45.084694" lon="14.326484">
        <ele>389.685886</ele>
        <time>2025-07-02T23:09:53.029Z</time>
      </trkpt>
      <trkpt lat="45.084643" lon="14.326388">
        <ele>390.092528</ele>
        <time>2025-07-02T23:09:57.638Z</time>
      </trkpt>
      <trkpt lat="45.084576" lon="14.326075">
        <ele>391.199573</ele>
        <time>2025-07-02T23:10:10.410Z</time>
      </trkpt>
      <trkpt lat="45.084466" lon="14.325855">
        <ele>392.112026</ele>
        <time>2025-07-02T23:10:21.236Z</time>
      </trkpt>
      <trkpt lat="45.084304" lon="14.325682">
        <ele>393.084651</ele>
        <time>2025-07-02T23:10:33.109Z</time>
      </trkpt>
      <trkpt lat="45.084176" lon="14.325638">
        <ele>393.716078</ele>
        <time>2025-07-02T23:10:41.116Z</time>
      </trkpt>
      <trkpt lat="45.084039" lon="14.325704">
        <ele>394.409790</ele>
        <time>2025-07-02T23:10:50.070Z</time>
      </trkpt>
      <trkpt lat="45.083602" lon="14.326090">
        <ele>396.878735</ele>
        <time>2025-07-02T23:11:23.665Z</time>
      </trkpt>
      <trkpt lat="45.083013" lon="14.326160">
        <ele>399.343737</ele>
        <time>2025-07-02T23:12:03.629Z</time>
      </trkpt>
      <trkpt lat="45.082814" lon="14.326109">
        <ele>400.060034</ele>
        <time>2025-07-02T23:12:17.108Z</time>
      </trkpt>
      <trkpt lat="45.082726" lon="14.326138">
        <ele>400.380053</ele>
        <time>2025-07-02T23:12:22.967Z</time>
      </trkpt>
      <trkpt lat="45.082623" lon="14.326245">
        <ele>400.832495</ele>
        <time>2025-07-02T23:12:30.881Z</time>
      </trkpt>
      <trkpt lat="45.082564" lon="14.326388">
        <ele>401.246707</ele>
        <time>2025-07-02T23:12:37.897Z</time>
      </trkpt>
      <trkpt lat="45.082549" lon="14.326532">
        <ele>401.610739</ele>
        <time>2025-07-02T23:12:43.891Z</time>
      </trkpt>
      <trkpt lat="45.082487" lon="14.326694">
        <ele>402.071578</ele>
        <time>2025-07-02T23:12:51.109Z</time>
      </trkpt>
      <trkpt lat="45.082402" lon="14.326808">
        <ele>402.486218</ele>
        <time>2025-07-02T23:12:57.150Z</time>
      </trkpt>
      <trkpt lat="45.082299" lon="14.326866">
        <ele>402.878819</ele>
        <time>2025-07-02T23:13:02.658Z</time>
      </trkpt>
      <trkpt lat="45.082189" lon="14.326837">
        <ele>403.275128</ele>
        <time>2025-07-02T23:13:08.021Z</time>
      </trkpt>
      <trkpt lat="45.082116" lon="14.326710">
        <ele>403.684685</ele>
        <time>2025-07-02T23:13:13.235Z</time>
      </trkpt>
      <trkpt lat="45.082191" lon="14.326611">
        <ele>404.047826</ele>
        <time>2025-07-02T23:13:16.016Z</time>
      </trkpt>
      <trkpt lat="45.082459" lon="14.326260">
        <ele>404.459756</ele>
        <time>2025-07-02T23:13:24.710Z</time>
      </trkpt>
      <trkpt lat="45.082759" lon="14.325742">
        <ele>403.928429</ele>
        <time>2025-07-02T23:13:34.067Z</time>
      </trkpt>
      <trkpt lat="45.082878" lon="14.325589">
        <ele>403.747906</ele>
        <time>2025-07-02T23:13:37.079Z</time>
      </trkpt>
      <trkpt lat="45.083007" lon="14.325464">
        <ele>403.572346</ele>
        <time>2025-07-02T23:13:39.938Z</time>
      </trkpt>
      <trkpt lat="45.083482" lon="14.325128">
        <ele>402.975984</ele>
        <time>2025-07-02T23:13:49.925Z</time>
      </trkpt>
      <trkpt lat="45.083577" lon="14.325016">
        <ele>402.837149</ele>
        <time>2025-07-02T23:13:52.279Z</time>
      </trkpt>
      <trkpt lat="45.083678" lon="14.324758">
        <ele>402.511805</ele>
        <time>2025-07-02T23:13:56.267Z</time>
      </trkpt>
      <trkpt lat="45.083699" lon="14.324625">
        <ele>402.199813</ele>
        <time>2025-07-02T23:13:58.089Z</time>
      </trkpt>
      <trkpt lat="45.083763" lon="14.323702">
        <ele>400.076664</ele>
        <time>2025-07-02T23:14:09.843Z</time>
      </trkpt>
      <trkpt lat="45.083813" lon="14.323382">
        <ele>399.326379</ele>
        <time>2025-07-02T23:14:13.776Z</time>
      </trkpt>
      <trkpt lat="45.083871" lon="14.323171">
        <ele>398.808033</ele>
        <time>2025-07-02T23:14:16.444Z</time>
      </trkpt>
      <trkpt lat="45.083936" lon="14.323039">
        <ele>398.439621</ele>
        <time>2025-07-02T23:14:18.313Z</time>
      </trkpt>
      <trkpt lat="45.084149" lon="14.322839">
        <ele>397.611037</ele>
        <time>2025-07-02T23:14:22.469Z</time>
      </trkpt>
      <trkpt lat="45.084593" lon="14.322712">
        <ele>396.010026</ele>
        <time>2025-07-02T23:14:29.712Z</time>
      </trkpt>
      <trkpt lat="45.084877" lon="14.322599">
        <ele>394.866707</ele>
        <time>2025-07-02T23:14:34.389Z</time>
      </trkpt>
      <trkpt lat="45.085067" lon="14.322489">
        <ele>394.071170</ele>
        <time>2025-07-02T23:14:37.666Z</time>
      </trkpt>
      <trkpt lat="45.085341" lon="14.322186">
        <ele>392.723863</ele>
        <time>2025-07-02T23:14:43.320Z</time>
      </trkpt>
      <trkpt lat="45.087003" lon="14.319574">
        <ele>385.043726</ele>
        <time>2025-07-02T23:15:26.645Z</time>
      </trkpt>
      <trkpt lat="45.087744" lon="14.318324">
        <ele>381.774027</ele>
        <time>2025-07-02T23:15:46.977Z</time>
      </trkpt>
      <trkpt lat="45.088144" lon="14.317474">
        <ele>379.705014</ele>
        <time>2025-07-02T23:15:59.576Z</time>
      </trkpt>
      <trkpt lat="45.088745" lon="14.316027">
        <ele>374.969289</ele>
        <time>2025-07-02T23:16:19.348Z</time>
      </trkpt>
      <trkpt lat="45.088969" lon="14.315599">
        <ele>373.466419</ele>
        <time>2025-07-02T23:16:25.360Z</time>
      </trkpt>
      <trkpt lat="45.089782" lon="14.314451">
        <ele>368.040133</ele>
        <time>2025-07-02T23:16:43.625Z</time>
      </trkpt>
      <trkpt lat="45.089946" lon="14.314265">
        <ele>367.010607</ele>
        <time>2025-07-02T23:16:46.970Z</time>
      </trkpt>
      <trkpt lat="45.090356" lon="14.313932">
        <ele>364.694626</ele>
        <time>2025-07-02T23:16:54.496Z</time>
      </trkpt>
      <trkpt lat="45.090604" lon="14.313681">
        <ele>363.157314</ele>
        <time>2025-07-02T23:16:59.363Z</time>
      </trkpt>
      <trkpt lat="45.090994" lon="14.313048">
        <ele>360.028805</ele>
        <time>2025-07-02T23:17:08.768Z</time>
      </trkpt>
      <trkpt lat="45.091125" lon="14.312901">
        <ele>359.147293</ele>
        <time>2025-07-02T23:17:11.406Z</time>
      </trkpt>
      <trkpt lat="45.091435" lon="14.312662">
        <ele>357.285680</ele>
        <time>2025-07-02T23:17:16.942Z</time>
      </trkpt>
      <trkpt lat="45.093822" lon="14.311055">
        <ele>343.034266</ele>
        <time>2025-07-02T23:17:58.034Z</time>
      </trkpt>
      <trkpt lat="45.094088" lon="14.310928">
        <ele>341.774359</ele>
        <time>2025-07-02T23:18:02.570Z</time>
      </trkpt>
      <trkpt lat="45.094500" lon="14.310905">
        <ele>339.923702</ele>
        <time>2025-07-02T23:18:09.280Z</time>
      </trkpt>
      <trkpt lat="45.094627" lon="14.310869">
        <ele>339.342374</ele>
        <time>2025-07-02T23:18:11.402Z</time>
      </trkpt>
      <trkpt lat="45.094996" lon="14.310665">
        <ele>337.564490</ele>
        <time>2025-07-02T23:18:17.973Z</time>
      </trkpt>
      <trkpt lat="45.098559" lon="14.308047">
        <ele>320.179853</ele>
        <time>2025-07-02T23:19:23.710Z</time>
      </trkpt>
      <trkpt lat="45.098675" lon="14.307974">
        <ele>319.413737</ele>
        <time>2025-07-02T23:19:25.646Z</time>
      </trkpt>
      <trkpt lat="45.098934" lon="14.307815">
        <ele>317.710019</ele>
        <time>2025-07-02T23:19:29.924Z</time>
      </trkpt>
      <trkpt lat="45.099108" lon="14.307664">
        <ele>316.478421</ele>
        <time>2025-07-02T23:19:33.003Z</time>
      </trkpt>
      <trkpt lat="45.099626" lon="14.307042">
        <ele>312.379930</ele>
        <time>2025-07-02T23:19:43.253Z</time>
      </trkpt>
      <trkpt lat="45.099854" lon="14.306819">
        <ele>310.707679</ele>
        <time>2025-07-02T23:19:47.567Z</time>
      </trkpt>
      <trkpt lat="45.100183" lon="14.306645">
        <ele>308.540735</ele>
        <time>2025-07-02T23:19:53.033Z</time>
      </trkpt>
      <trkpt lat="45.100719" lon="14.306479">
        <ele>305.118172</ele>
        <time>2025-07-02T23:20:01.454Z</time>
      </trkpt>
      <trkpt lat="45.100996" lon="14.306311">
        <ele>303.238544</ele>
        <time>2025-07-02T23:20:06.024Z</time>
      </trkpt>
      <trkpt lat="45.101089" lon="14.306199">
        <ele>302.477121</ele>
        <time>2025-07-02T23:20:07.877Z</time>
      </trkpt>
      <trkpt lat="45.101604" lon="14.305151">
        <ele>297.281526</ele>
        <time>2025-07-02T23:20:21.557Z</time>
      </trkpt>
      <trkpt lat="45.101824" lon="14.304844">
        <ele>295.782507</ele>
        <time>2025-07-02T23:20:26.363Z</time>
      </trkpt>
      <trkpt lat="45.102159" lon="14.304463">
        <ele>293.697132</ele>
        <time>2025-07-02T23:20:33.320Z</time>
      </trkpt>
      <trkpt lat="45.102666" lon="14.304029">
        <ele>290.821614</ele>
        <time>2025-07-02T23:20:43.310Z</time>
      </trkpt>
      <trkpt lat="45.102860" lon="14.303696">
        <ele>289.192795</ele>
        <time>2025-07-02T23:20:48.345Z</time>
      </trkpt>
      <trkpt lat="45.102910" lon="14.303568">
        <ele>288.585537</ele>
        <time>2025-07-02T23:20:50.019Z</time>
      </trkpt>
      <trkpt lat="45.103040" lon="14.303231">
        <ele>286.991392</ele>
        <time>2025-07-02T23:20:54.323Z</time>
      </trkpt>
      <trkpt lat="45.103105" lon="14.302977">
        <ele>285.869902</ele>
        <time>2025-07-02T23:20:57.277Z</time>
      </trkpt>
      <trkpt lat="45.103107" lon="14.302541">
        <ele>284.060064</ele>
        <time>2025-07-02T23:21:01.977Z</time>
      </trkpt>
      <trkpt lat="45.103032" lon="14.302172">
        <ele>282.466135</ele>
        <time>2025-07-02T23:21:06.072Z</time>
      </trkpt>
      <trkpt lat="45.102896" lon="14.301920">
        <ele>281.149372</ele>
        <time>2025-07-02T23:21:09.424Z</time>
      </trkpt>
      <trkpt lat="45.102788" lon="14.301786">
        <ele>280.305107</ele>
        <time>2025-07-02T23:21:11.557Z</time>
      </trkpt>
      <trkpt lat="45.102693" lon="14.301715">
        <ele>279.673454</ele>
        <time>2025-07-02T23:21:13.162Z</time>
      </trkpt>
      <trkpt lat="45.102490" lon="14.301603">
        <ele>278.460762</ele>
        <time>2025-07-02T23:21:16.404Z</time>
      </trkpt>
      <trkpt lat="45.102280" lon="14.301598">
        <ele>277.303989</ele>
        <time>2025-07-02T23:21:19.567Z</time>
      </trkpt>
      <trkpt lat="45.101881" lon="14.301566">
        <ele>275.102910</ele>
        <time>2025-07-02T23:21:25.706Z</time>
      </trkpt>
      <trkpt lat="45.101706" lon="14.301488">
        <ele>274.092494</ele>
        <time>2025-07-02T23:21:28.594Z</time>
      </trkpt>
      <trkpt lat="45.101374" lon="14.301233">
        <ele>272.012510</ele>
        <time>2025-07-02T23:21:34.652Z</time>
      </trkpt>
      <trkpt lat="45.101085" lon="14.300884">
        <ele>269.921000</ele>
        <time>2025-07-02T23:21:40.777Z</time>
      </trkpt>
      <trkpt lat="45.100898" lon="14.300485">
        <ele>268.446397</ele>
        <time>2025-07-02T23:21:46.310Z</time>
      </trkpt>
      <trkpt lat="45.100825" lon="14.300233">
        <ele>267.659860</ele>
        <time>2025-07-02T23:21:49.493Z</time>
      </trkpt>
      <trkpt lat="45.100777" lon="14.299970">
        <ele>266.875479</ele>
        <time>2025-07-02T23:21:52.690Z</time>
      </trkpt>
      <trkpt lat="45.100746" lon="14.299610">
        <ele>265.828279</ele>
        <time>2025-07-02T23:21:56.971Z</time>
      </trkpt>
      <trkpt lat="45.100913" lon="14.297378">
        <ele>259.506765</ele>
        <time>2025-07-02T23:22:22.874Z</time>
      </trkpt>
      <trkpt lat="45.100986" lon="14.296994">
        <ele>258.422492</ele>
        <time>2025-07-02T23:22:27.430Z</time>
      </trkpt>
      <trkpt lat="45.101205" lon="14.296214">
        <ele>256.133780</ele>
        <time>2025-07-02T23:22:37.292Z</time>
      </trkpt>
      <trkpt lat="45.101350" lon="14.295744">
        <ele>254.741572</ele>
        <time>2025-07-02T23:22:43.589Z</time>
      </trkpt>
      <trkpt lat="45.101483" lon="14.295464">
        <ele>253.832431</ele>
        <time>2025-07-02T23:22:47.772Z</time>
      </trkpt>
      <trkpt lat="45.101604" lon="14.295296">
        <ele>253.185868</ele>
        <time>2025-07-02T23:22:50.730Z</time>
      </trkpt>
      <trkpt lat="45.101745" lon="14.295167">
        <ele>252.545314</ele>
        <time>2025-07-02T23:22:53.615Z</time>
      </trkpt>
      <trkpt lat="45.102134" lon="14.294958">
        <ele>250.957588</ele>
        <time>2025-07-02T23:23:00.609Z</time>
      </trkpt>
      <trkpt lat="45.102325" lon="14.294822">
        <ele>250.141782</ele>
        <time>2025-07-02T23:23:04.107Z</time>
      </trkpt>
      <trkpt lat="45.102477" lon="14.294637">
        <ele>249.377033</ele>
        <time>2025-07-02T23:23:07.360Z</time>
      </trkpt>
      <trkpt lat="45.102557" lon="14.294497">
        <ele>248.891818</ele>
        <time>2025-07-02T23:23:09.382Z</time>
      </trkpt>
      <trkpt lat="45.102663" lon="14.294127">
        <ele>247.718607</ele>
        <time>2025-07-02T23:23:13.842Z</time>
      </trkpt>
      <trkpt lat="45.102728" lon="14.293552">
        <ele>245.885668</ele>
        <time>2025-07-02T23:23:20.240Z</time>
      </trkpt>
      <trkpt lat="45.102832" lon="14.292995">
        <ele>244.072150</ele>
        <time>2025-07-02T23:23:26.540Z</time>
      </trkpt>
      <trkpt lat="45.103743" lon="14.290390">
        <ele>236.537306</ele>
        <time>2025-07-02T23:24:01.253Z</time>
      </trkpt>
      <trkpt lat="45.103963" lon="14.290099">
        <ele>235.592851</ele>
        <time>2025-07-02T23:24:06.762Z</time>
      </trkpt>
      <trkpt lat="45.104243" lon="14.289925">
        <ele>234.587694</ele>
        <time>2025-07-02T23:24:12.321Z</time>
      </trkpt>
      <trkpt lat="45.105077" lon="14.289516">
        <ele>230.510943</ele>
        <time>2025-07-02T23:24:27.273Z</time>
      </trkpt>
      <trkpt lat="45.105272" lon="14.289387">
        <ele>229.516829</ele>
        <time>2025-07-02T23:24:30.669Z</time>
      </trkpt>
      <trkpt lat="45.105421" lon="14.289160">
        <ele>228.506155</ele>
        <time>2025-07-02T23:24:34.071Z</time>
      </trkpt>
      <trkpt lat="45.105694" lon="14.288349">
        <ele>225.135450</ele>
        <time>2025-07-02T23:24:43.688Z</time>
      </trkpt>
      <trkpt lat="45.106012" lon="14.287408">
        <ele>219.957923</ele>
        <time>2025-07-02T23:24:54.634Z</time>
      </trkpt>
      <trkpt lat="45.106152" lon="14.287076">
        <ele>218.038670</ele>
        <time>2025-07-02T23:24:58.694Z</time>
      </trkpt>
      <trkpt lat="45.106624" lon="14.286164">
        <ele>212.847303</ele>
        <time>2025-07-02T23:25:10.608Z</time>
      </trkpt>
      <trkpt lat="45.106900" lon="14.285188">
        <ele>209.257862</ele>
        <time>2025-07-02T23:25:22.240Z</time>
      </trkpt>
      <trkpt lat="45.107105" lon="14.284769">
        <ele>207.517373</ele>
        <time>2025-07-02T23:25:28.155Z</time>
      </trkpt>
      <trkpt lat="45.107291" lon="14.284496">
        <ele>206.221994</ele>
        <time>2025-07-02T23:25:32.659Z</time>
      </trkpt>
      <trkpt lat="45.107555" lon="14.284288">
        <ele>204.846839</ele>
        <time>2025-07-02T23:25:37.846Z</time>
      </trkpt>
      <trkpt lat="45.108695" lon="14.283700">
        <ele>200.583654</ele>
        <time>2025-07-02T23:25:58.612Z</time>
      </trkpt>
      <trkpt lat="45.109535" lon="14.283055">
        <ele>196.893133</ele>
        <time>2025-07-02T23:26:14.238Z</time>
      </trkpt>
      <trkpt lat="45.109649" lon="14.283029">
        <ele>196.398930</ele>
        <time>2025-07-02T23:26:16.131Z</time>
      </trkpt>
      <trkpt lat="45.110107" lon="14.283093">
        <ele>194.429171</ele>
        <time>2025-07-02T23:26:23.765Z</time>
      </trkpt>
      <trkpt lat="45.110603" lon="14.282902">
        <ele>192.229280</ele>
        <time>2025-07-02T23:26:32.340Z</time>
      </trkpt>
      <trkpt lat="45.110737" lon="14.282878">
        <ele>191.651194</ele>
        <time>2025-07-02T23:26:34.525Z</time>
      </trkpt>
      <trkpt lat="45.111314" lon="14.283172">
        <ele>187.790368</ele>
        <time>2025-07-02T23:26:44.057Z</time>
      </trkpt>
      <trkpt lat="45.111508" lon="14.283226">
        <ele>186.428674</ele>
        <time>2025-07-02T23:26:47.041Z</time>
      </trkpt>
      <trkpt lat="45.112524" lon="14.283439">
        <ele>179.354894</ele>
        <time>2025-07-02T23:27:02.063Z</time>
      </trkpt>
      <trkpt lat="45.113687" lon="14.283545">
        <ele>174.915168</ele>
        <time>2025-07-02T23:27:19.795Z</time>
      </trkpt>
      <trkpt lat="45.114007" lon="14.283645">
        <ele>173.761126</ele>
        <time>2025-07-02T23:27:26.955Z</time>
      </trkpt>
      <trkpt lat="45.114175" lon="14.283738">
        <ele>173.125926</ele>
        <time>2025-07-02T23:27:31.955Z</time>
      </trkpt>
      <trkpt lat="45.114303" lon="14.283847">
        <ele>172.600006</ele>
        <time>2025-07-02T23:27:36.600Z</time>
      </trkpt>
      <trkpt lat="45.114451" lon="14.284042">
        <ele>172.073919</ele>
        <time>2025-07-02T23:27:43.313Z</time>
      </trkpt>
      <trkpt lat="45.114759" lon="14.284666">
        <ele>170.969535</ele>
        <time>2025-07-02T23:28:00.894Z</time>
      </trkpt>
      <trkpt lat="45.114918" lon="14.284925">
        <ele>170.471669</ele>
        <time>2025-07-02T23:28:08.397Z</time>
      </trkpt>
      <trkpt lat="45.115024" lon="14.285040">
        <ele>170.197310</ele>
        <time>2025-07-02T23:28:11.987Z</time>
      </trkpt>
      <trkpt lat="45.115206" lon="14.285144">
        <ele>169.794008</ele>
        <time>2025-07-02T23:28:15.937Z</time>
      </trkpt>
      <trkpt lat="45.115318" lon="14.285159">
        <ele>169.562807</ele>
        <time>2025-07-02T23:28:17.838Z</time>
      </trkpt>
      <trkpt lat="45.115522" lon="14.285126">
        <ele>169.140835</ele>
        <time>2025-07-02T23:28:21.028Z</time>
      </trkpt>
      <trkpt lat="45.115641" lon="14.285056">
        <ele>168.876040</ele>
        <time>2025-07-02T23:28:22.927Z</time>
      </trkpt>
      <trkpt lat="45.115766" lon="14.284930">
        <ele>168.187143</ele>
        <time>2025-07-02T23:28:25.115Z</time>
      </trkpt>
      <trkpt lat="45.115852" lon="14.284753">
        <ele>166.358921</ele>
        <time>2025-07-02T23:28:27.236Z</time>
      </trkpt>
      <trkpt lat="45.115921" lon="14.284426">
        <ele>163.455297</ele>
        <time>2025-07-02T23:28:30.517Z</time>
      </trkpt>
      <trkpt lat="45.115926" lon="14.284284">
        <ele>162.245745</ele>
        <time>2025-07-02T23:28:31.882Z</time>
      </trkpt>
      <trkpt lat="45.115822" lon="14.283099">
        <ele>152.086813</ele>
        <time>2025-07-02T23:28:43.185Z</time>
      </trkpt>
      <trkpt lat="45.115806" lon="14.282365">
        <ele>146.815415</ele>
        <time>2025-07-02T23:28:50.391Z</time>
      </trkpt>
      <trkpt lat="45.115823" lon="14.282186">
        <ele>146.624728</ele>
        <time>2025-07-02T23:28:52.280Z</time>
      </trkpt>
      <trkpt lat="45.115865" lon="14.282020">
        <ele>146.438545</ele>
        <time>2025-07-02T23:28:54.197Z</time>
      </trkpt>
      <trkpt lat="45.115932" lon="14.281882">
        <ele>146.261697</ele>
        <time>2025-07-02T23:28:56.097Z</time>
      </trkpt>
      <trkpt lat="45.116112" lon="14.281668">
        <ele>145.910173</ele>
        <time>2025-07-02T23:29:00.270Z</time>
      </trkpt>
      <trkpt lat="45.116542" lon="14.281361">
        <ele>145.189808</ele>
        <time>2025-07-02T23:29:14.067Z</time>
      </trkpt>
      <trkpt lat="45.116973" lon="14.281186">
        <ele>144.519036</ele>
        <time>2025-07-02T23:29:33.947Z</time>
      </trkpt>
      <trkpt lat="45.117121" lon="14.281187">
        <ele>144.297608</ele>
        <time>2025-07-02T23:29:40.276Z</time>
      </trkpt>
      <trkpt lat="45.117333" lon="14.281293">
        <ele>143.732152</ele>
        <time>2025-07-02T23:29:48.752Z</time>
      </trkpt>
      <trkpt lat="45.117751" lon="14.281765">
        <ele>142.324777</ele>
        <time>2025-07-02T23:30:00.784Z</time>
      </trkpt>
      <trkpt lat="45.117946" lon="14.281856">
        <ele>141.784176</ele>
        <time>2025-07-02T23:30:04.366Z</time>
      </trkpt>
      <trkpt lat="45.118153" lon="14.281841">
        <ele>141.238389</ele>
        <time>2025-07-02T23:30:07.770Z</time>
      </trkpt>
      <trkpt lat="45.118300" lon="14.281751">
        <ele>140.816727</ele>
        <time>2025-07-02T23:30:10.297Z</time>
      </trkpt>
      <trkpt lat="45.118726" lon="14.281292">
        <ele>139.123894</ele>
        <time>2025-07-02T23:30:18.381Z</time>
      </trkpt>
      <trkpt lat="45.118927" lon="14.281148">
        <ele>137.116304</ele>
        <time>2025-07-02T23:30:21.672Z</time>
      </trkpt>
      <trkpt lat="45.119163" lon="14.281049">
        <ele>134.922436</ele>
        <time>2025-07-02T23:30:25.224Z</time>
      </trkpt>
      <trkpt lat="45.119663" lon="14.280963">
        <ele>130.432863</ele>
        <time>2025-07-02T23:30:32.437Z</time>
      </trkpt>
      <trkpt lat="45.119871" lon="14.280899">
        <ele>128.535609</ele>
        <time>2025-07-02T23:30:35.476Z</time>
      </trkpt>
      <trkpt lat="45.120039" lon="14.280768">
        <ele>126.826389</ele>
        <time>2025-07-02T23:30:38.211Z</time>
      </trkpt>
      <trkpt lat="45.120913" lon="14.279543">
        <ele>116.685975</ele>
        <time>2025-07-02T23:30:55.792Z</time>
      </trkpt>
      <trkpt lat="45.121038" lon="14.279438">
        <ele>115.529483</ele>
        <time>2025-07-02T23:30:57.956Z</time>
      </trkpt>
      <trkpt lat="45.121204" lon="14.279382">
        <ele>114.171385</ele>
        <time>2025-07-02T23:31:00.512Z</time>
      </trkpt>
      <trkpt lat="45.121363" lon="14.279402">
        <ele>112.900939</ele>
        <time>2025-07-02T23:31:02.924Z</time>
      </trkpt>
      <trkpt lat="45.121530" lon="14.279511">
        <ele>111.437613</ele>
        <time>2025-07-02T23:31:05.734Z</time>
      </trkpt>
      <trkpt lat="45.121646" lon="14.279633">
        <ele>110.287928</ele>
        <time>2025-07-02T23:31:07.938Z</time>
      </trkpt>
      <trkpt lat="45.122115" lon="14.280236">
        <ele>105.824430</ele>
        <time>2025-07-02T23:31:17.648Z</time>
      </trkpt>
      <trkpt lat="45.122316" lon="14.280437">
        <ele>104.153664</ele>
        <time>2025-07-02T23:31:21.436Z</time>
      </trkpt>
      <trkpt lat="45.122558" lon="14.280581">
        <ele>102.371065</ele>
        <time>2025-07-02T23:31:25.413Z</time>
      </trkpt>
      <trkpt lat="45.122778" lon="14.280661">
        <ele>100.828477</ele>
        <time>2025-07-02T23:31:28.803Z</time>
      </trkpt>
      <trkpt lat="45.123371" lon="14.280796">
        <ele>96.750762</ele>
        <time>2025-07-02T23:31:37.677Z</time>
      </trkpt>
      <trkpt lat="45.123744" lon="14.280986">
        <ele>94.076867</ele>
        <time>2025-07-02T23:31:43.591Z</time>
      </trkpt>
      <trkpt lat="45.124698" lon="14.281666">
        <ele>86.872981</ele>
        <time>2025-07-02T23:31:59.845Z</time>
      </trkpt>
      <trkpt lat="45.125060" lon="14.281977">
        <ele>84.018613</ele>
        <time>2025-07-02T23:32:06.280Z</time>
      </trkpt>
      <trkpt lat="45.126106" lon="14.283334">
        <ele>74.468380</ele>
        <time>2025-07-02T23:32:27.482Z</time>
      </trkpt>
      <trkpt lat="45.126361" lon="14.283769">
        <ele>72.269851</ele>
        <time>2025-07-02T23:32:33.462Z</time>
      </trkpt>
      <trkpt lat="45.126539" lon="14.284166">
        <ele>71.204421</ele>
        <time>2025-07-02T23:32:38.796Z</time>
      </trkpt>
      <trkpt lat="45.126686" lon="14.284544">
        <ele>70.226793</ele>
        <time>2025-07-02T23:32:44.296Z</time>
      </trkpt>
      <trkpt lat="45.126716" lon="14.284734">
        <ele>69.785793</ele>
        <time>2025-07-02T23:32:47.026Z</time>
      </trkpt>
      <trkpt lat="45.126712" lon="14.284884">
        <ele>69.445796</ele>
        <time>2025-07-02T23:32:49.322Z</time>
      </trkpt>
      <trkpt lat="45.126673" lon="14.285016">
        <ele>69.121656</ele>
        <time>2025-07-02T23:32:51.557Z</time>
      </trkpt>
      <trkpt lat="45.126518" lon="14.285284">
        <ele>68.336740</ele>
        <time>2025-07-02T23:32:57.758Z</time>
      </trkpt>
      <trkpt lat="45.126374" lon="14.285444">
        <ele>67.749331</ele>
        <time>2025-07-02T23:33:01.411Z</time>
      </trkpt>
      <trkpt lat="45.126156" lon="14.285695">
        <ele>66.639267</ele>
        <time>2025-07-02T23:33:06.089Z</time>
      </trkpt>
      <trkpt lat="45.126132" lon="14.285795">
        <ele>65.865118</ele>
        <time>2025-07-02T23:33:07.325Z</time>
      </trkpt>
      <trkpt lat="45.126160" lon="14.286017">
        <ele>64.212271</ele>
        <time>2025-07-02T23:33:09.844Z</time>
      </trkpt>
      <trkpt lat="45.126211" lon="14.286105">
        <ele>63.377625</ele>
        <time>2025-07-02T23:33:11.077Z</time>
      </trkpt>
      <trkpt lat="45.126315" lon="14.286161">
        <ele>62.221961</ele>
        <time>2025-07-02T23:33:12.753Z</time>
      </trkpt>
      <trkpt lat="45.126563" lon="14.286184">
        <ele>59.640285</ele>
        <time>2025-07-02T23:33:16.379Z</time>
      </trkpt>
      <trkpt lat="45.126871" lon="14.286179">
        <ele>56.440642</ele>
        <time>2025-07-02T23:33:20.680Z</time>
      </trkpt>
      <trkpt lat="45.127327" lon="14.286110">
        <ele>51.676902</ele>
        <time>2025-07-02T23:33:26.850Z</time>
      </trkpt>
      <trkpt lat="45.128214" lon="14.285760">
        <ele>43.481161</ele>
        <time>2025-07-02T23:33:39.243Z</time>
      </trkpt>
      <trkpt lat="45.128774" lon="14.285655">
        <ele>38.920327</ele>
        <time>2025-07-02T23:33:47.636Z</time>
      </trkpt>
      <trkpt lat="45.129292" lon="14.285616">
        <ele>34.732095</ele>
        <time>2025-07-02T23:33:56.645Z</time>
      </trkpt>
      <trkpt lat="45.129524" lon="14.285717">
        <ele>33.369721</ele>
        <time>2025-07-02T23:34:01.248Z</time>
      </trkpt>
      <trkpt lat="45.130053" lon="14.286228">
        <ele>31.408965</ele>
        <time>2025-07-02T23:34:14.238Z</time>
      </trkpt>
      <trkpt lat="45.130496" lon="14.286622">
        <ele>29.807114</ele>
        <time>2025-07-02T23:34:24.825Z</time>
      </trkpt>
      <trkpt lat="45.131511" lon="14.287323">
        <ele>28.225659</ele>
        <time>2025-07-02T23:34:41.754Z</time>
      </trkpt>
      <trkpt lat="45.131632" lon="14.287350">
        <ele>28.225659</ele>
        <time>2025-07-02T23:34:43.465Z</time>
      </trkpt>
      <trkpt lat="45.131686" lon="14.287310">
        <ele>28.225659</ele>
        <time>2025-07-02T23:34:44.306Z</time>
      </trkpt>
      <trkpt lat="45.131722" lon="14.287204">
        <ele>28.225659</ele>
        <time>2025-07-02T23:34:45.450Z</time>
      </trkpt>
      <trkpt lat="45.131715" lon="14.287104">
        <ele>28.225659</ele>
        <time>2025-07-02T23:34:46.422Z</time>
      </trkpt>
      <trkpt lat="45.131665" lon="14.286970">
        <ele>28.225659</ele>
        <time>2025-07-02T23:34:47.893Z</time>
      </trkpt>
      <trkpt lat="45.131516" lon="14.286618">
        <ele>28.225659</ele>
        <time>2025-07-02T23:34:51.850Z</time>
      </trkpt>
      <trkpt lat="45.131435" lon="14.286285">
        <ele>28.225659</ele>
        <time>2025-07-02T23:34:55.259Z</time>
      </trkpt>
      <trkpt lat="45.131430" lon="14.286267">
        <ele>28.225659</ele>
        <time>2025-07-02T23:34:55.442Z</time>
      </trkpt>
      <trkpt lat="45.131410" lon="14.285591">
        <ele>28.225659</ele>
        <time>2025-07-02T23:35:02.105Z</time>
      </trkpt>
      <trkpt lat="45.131391" lon="14.285500">
        <ele>28.225659</ele>
        <time>2025-07-02T23:35:03.077Z</time>
      </trkpt>
      <trkpt lat="45.131345" lon="14.285429">
        <ele>28.225659</ele>
        <time>2025-07-02T23:35:04.074Z</time>
      </trkpt>
      <trkpt lat="45.131293" lon="14.285414">
        <ele>28.225659</ele>
        <time>2025-07-02T23:35:04.843Z</time>
      </trkpt>
      <trkpt lat="45.131139" lon="14.285370">
        <ele>28.225659</ele>
        <time>2025-07-02T23:35:07.196Z</time>
      </trkpt>
    </trkseg>
  </trk>
</gpx>