<?xml version='1.0' encoding='UTF-8'?>
<gpx version="1.1" creator="https://www.komoot.de" xmlns="http://www.topografix.com/GPX/1/1" xmlns:xsi="http://www.w3.org/2001/XMLSchema-instance" xsi:schemaLocation="http://www.topografix.com/GPX/1/1 http://www.topografix.com/GPX/1/1/gpx.xsd">
  <metadata>
    <name>7S26.4 - Rab</name>
    <author>
      <link href="https://www.komoot.de">
        <text>komoot</text>
        <type>text/html</type>
      </link>
    </author>
  </metadata>
  <trk>
    <name>7S26.4 - Rab</name>
    <trkseg>
      <trkpt lat="44.601918" lon="14.970202">
        <ele>2.210377</ele>
        <time>2026-03-25T11:37:07.224Z</time>
      </trkpt>
      <trkpt lat="44.601906" lon="14.970290">
        <ele>2.210377</ele>
        <time>2026-03-25T11:37:08.855Z</time>
      </trkpt>
      <trkpt lat="44.601932" lon="14.970395">
        <ele>2.210377</ele>
        <time>2026-03-25T11:37:10.795Z</time>
      </trkpt>
      <trkpt lat="44.602026" lon="14.970463">
        <ele>2.210377</ele>
        <time>2026-03-25T11:37:13.591Z</time>
      </trkpt>
      <trkpt lat="44.602069" lon="14.970458">
        <ele>2.210377</ele>
        <time>2026-03-25T11:37:14.667Z</time>
      </trkpt>
      <trkpt lat="44.602161" lon="14.970363">
        <ele>2.210377</ele>
        <time>2026-03-25T11:37:17.815Z</time>
      </trkpt>
      <trkpt lat="44.602241" lon="14.970225">
        <ele>2.210377</ele>
        <time>2026-03-25T11:37:21.415Z</time>
      </trkpt>
      <trkpt lat="44.602466" lon="14.969800">
        <ele>2.284913</ele>
        <time>2026-03-25T11:37:32.924Z</time>
      </trkpt>
      <trkpt lat="44.602754" lon="14.969397">
        <ele>5.174740</ele>
        <time>2026-03-25T11:37:47.550Z</time>
      </trkpt>
      <trkpt lat="44.602827" lon="14.969227">
        <ele>6.179492</ele>
        <time>2026-03-25T11:37:53.338Z</time>
      </trkpt>
      <trkpt lat="44.602991" lon="14.968684">
        <ele>9.164691</ele>
        <time>2026-03-25T11:38:13.040Z</time>
      </trkpt>
      <trkpt lat="44.603235" lon="14.968260">
        <ele>11.923876</ele>
        <time>2026-03-25T11:38:37.213Z</time>
      </trkpt>
      <trkpt lat="44.603381" lon="14.968057">
        <ele>13.384218</ele>
        <time>2026-03-25T11:38:51.967Z</time>
      </trkpt>
      <trkpt lat="44.603566" lon="14.967897">
        <ele>14.928581</ele>
        <time>2026-03-25T11:39:08.839Z</time>
      </trkpt>
      <trkpt lat="44.603868" lon="14.967865">
        <ele>19.047012</ele>
        <time>2026-03-25T11:39:34.336Z</time>
      </trkpt>
      <trkpt lat="44.604219" lon="14.967924">
        <ele>23.928052</ele>
        <time>2026-03-25T11:40:06.357Z</time>
      </trkpt>
      <trkpt lat="44.604559" lon="14.968055">
        <ele>28.796057</ele>
        <time>2026-03-25T11:40:40.092Z</time>
      </trkpt>
      <trkpt lat="44.604889" lon="14.968303">
        <ele>33.963784</ele>
        <time>2026-03-25T11:41:16.957Z</time>
      </trkpt>
      <trkpt lat="44.605308" lon="14.968719">
        <ele>40.801207</ele>
        <time>2026-03-25T11:42:03.385Z</time>
      </trkpt>
      <trkpt lat="44.605386" lon="14.968850">
        <ele>42.139012</ele>
        <time>2026-03-25T11:42:13.560Z</time>
      </trkpt>
      <trkpt lat="44.605560" lon="14.969340">
        <ele>46.428522</ele>
        <time>2026-03-25T11:42:44.867Z</time>
      </trkpt>
      <trkpt lat="44.605671" lon="14.969578">
        <ele>48.657376</ele>
        <time>2026-03-25T11:43:00.548Z</time>
      </trkpt>
      <trkpt lat="44.606144" lon="14.969833">
        <ele>54.232044</ele>
        <time>2026-03-25T11:43:36.726Z</time>
      </trkpt>
      <trkpt lat="44.606265" lon="14.969925">
        <ele>55.745969</ele>
        <time>2026-03-25T11:43:45.828Z</time>
      </trkpt>
      <trkpt lat="44.606485" lon="14.970263">
        <ele>59.333505</ele>
        <time>2026-03-25T11:44:06.435Z</time>
      </trkpt>
      <trkpt lat="44.606662" lon="14.970483">
        <ele>61.270568</ele>
        <time>2026-03-25T11:44:20.906Z</time>
      </trkpt>
      <trkpt lat="44.607227" lon="14.970891">
        <ele>66.255324</ele>
        <time>2026-03-25T11:45:01.234Z</time>
      </trkpt>
      <trkpt lat="44.607976" lon="14.971877">
        <ele>74.119978</ele>
        <time>2026-03-25T11:45:58.841Z</time>
      </trkpt>
      <trkpt lat="44.608058" lon="14.971986">
        <ele>74.713675</ele>
        <time>2026-03-25T11:46:04.333Z</time>
      </trkpt>
      <trkpt lat="44.608224" lon="14.972061">
        <ele>75.630672</ele>
        <time>2026-03-25T11:46:12.396Z</time>
      </trkpt>
      <trkpt lat="44.608331" lon="14.972043">
        <ele>76.197378</ele>
        <time>2026-03-25T11:46:17.190Z</time>
      </trkpt>
      <trkpt lat="44.608425" lon="14.971984">
        <ele>76.738805</ele>
        <time>2026-03-25T11:46:21.594Z</time>
      </trkpt>
      <trkpt lat="44.608755" lon="14.971370">
        <ele>79.619006</ele>
        <time>2026-03-25T11:46:44.602Z</time>
      </trkpt>
      <trkpt lat="44.608829" lon="14.971298">
        <ele>80.092391</ele>
        <time>2026-03-25T11:46:48.099Z</time>
      </trkpt>
      <trkpt lat="44.608901" lon="14.971274">
        <ele>80.481535</ele>
        <time>2026-03-25T11:46:51.058Z</time>
      </trkpt>
      <trkpt lat="44.608968" lon="14.971286">
        <ele>80.836723</ele>
        <time>2026-03-25T11:46:53.503Z</time>
      </trkpt>
      <trkpt lat="44.609031" lon="14.971348">
        <ele>81.241244</ele>
        <time>2026-03-25T11:46:56.466Z</time>
      </trkpt>
      <trkpt lat="44.609065" lon="14.971543">
        <ele>81.992856</ele>
        <time>2026-03-25T11:47:01.923Z</time>
      </trkpt>
      <trkpt lat="44.609027" lon="14.971668">
        <ele>82.501708</ele>
        <time>2026-03-25T11:47:05.898Z</time>
      </trkpt>
      <trkpt lat="44.608426" lon="14.972589">
        <ele>88.263889</ele>
        <time>2026-03-25T11:47:51.044Z</time>
      </trkpt>
      <trkpt lat="44.608251" lon="14.972798">
        <ele>89.800570</ele>
        <time>2026-03-25T11:48:03.974Z</time>
      </trkpt>
      <trkpt lat="44.607887" lon="14.973139">
        <ele>92.727562</ele>
        <time>2026-03-25T11:48:28.984Z</time>
      </trkpt>
      <trkpt lat="44.607708" lon="14.973236">
        <ele>94.011065</ele>
        <time>2026-03-25T11:48:39.684Z</time>
      </trkpt>
      <trkpt lat="44.607337" lon="14.973368">
        <ele>96.713555</ele>
        <time>2026-03-25T11:49:00.432Z</time>
      </trkpt>
      <trkpt lat="44.607259" lon="14.973429">
        <ele>97.373873</ele>
        <time>2026-03-25T11:49:05.355Z</time>
      </trkpt>
      <trkpt lat="44.607228" lon="14.973494">
        <ele>97.785854</ele>
        <time>2026-03-25T11:49:08.310Z</time>
      </trkpt>
      <trkpt lat="44.607211" lon="14.973649">
        <ele>98.611685</ele>
        <time>2026-03-25T11:49:14.469Z</time>
      </trkpt>
      <trkpt lat="44.607279" lon="14.973768">
        <ele>99.415200</ele>
        <time>2026-03-25T11:49:20.477Z</time>
      </trkpt>
      <trkpt lat="44.607352" lon="14.973812">
        <ele>100.002754</ele>
        <time>2026-03-25T11:49:24.750Z</time>
      </trkpt>
      <trkpt lat="44.607852" lon="14.973762">
        <ele>103.710345</ele>
        <time>2026-03-25T11:49:52.671Z</time>
      </trkpt>
      <trkpt lat="44.608667" lon="14.973971">
        <ele>109.874562</ele>
        <time>2026-03-25T11:50:40.519Z</time>
      </trkpt>
      <trkpt lat="44.609123" lon="14.974006">
        <ele>113.346458</ele>
        <time>2026-03-25T11:51:07.817Z</time>
      </trkpt>
      <trkpt lat="44.609705" lon="14.974075">
        <ele>117.786824</ele>
        <time>2026-03-25T11:51:42.289Z</time>
      </trkpt>
      <trkpt lat="44.610568" lon="14.974087">
        <ele>123.968529</ele>
        <time>2026-03-25T11:52:29.923Z</time>
      </trkpt>
      <trkpt lat="44.611014" lon="14.973918">
        <ele>126.859025</ele>
        <time>2026-03-25T11:52:52.591Z</time>
      </trkpt>
      <trkpt lat="44.611117" lon="14.973991">
        <ele>127.580911</ele>
        <time>2026-03-25T11:52:57.930Z</time>
      </trkpt>
      <trkpt lat="44.611153" lon="14.974068">
        <ele>127.991263</ele>
        <time>2026-03-25T11:53:00.952Z</time>
      </trkpt>
      <trkpt lat="44.611156" lon="14.974197">
        <ele>128.566198</ele>
        <time>2026-03-25T11:53:05.199Z</time>
      </trkpt>
      <trkpt lat="44.611112" lon="14.974312">
        <ele>129.147763</ele>
        <time>2026-03-25T11:53:09.435Z</time>
      </trkpt>
      <trkpt lat="44.611032" lon="14.974408">
        <ele>129.806132</ele>
        <time>2026-03-25T11:53:14.349Z</time>
      </trkpt>
      <trkpt lat="44.610569" lon="14.974483">
        <ele>132.722448</ele>
        <time>2026-03-25T11:53:36.874Z</time>
      </trkpt>
      <trkpt lat="44.610267" lon="14.974650">
        <ele>135.145012</ele>
        <time>2026-03-25T11:53:53.840Z</time>
      </trkpt>
      <trkpt lat="44.610070" lon="14.974814">
        <ele>137.011123</ele>
        <time>2026-03-25T11:54:06.732Z</time>
      </trkpt>
      <trkpt lat="44.609941" lon="14.974953">
        <ele>138.336013</ele>
        <time>2026-03-25T11:54:16.312Z</time>
      </trkpt>
      <trkpt lat="44.609868" lon="14.975081">
        <ele>139.287482</ele>
        <time>2026-03-25T11:54:23.385Z</time>
      </trkpt>
      <trkpt lat="44.609726" lon="14.975596">
        <ele>142.491439</ele>
        <time>2026-03-25T11:54:48.362Z</time>
      </trkpt>
      <trkpt lat="44.609659" lon="14.975720">
        <ele>143.394540</ele>
        <time>2026-03-25T11:54:55.687Z</time>
      </trkpt>
      <trkpt lat="44.609532" lon="14.975868">
        <ele>144.739260</ele>
        <time>2026-03-25T11:55:06.650Z</time>
      </trkpt>
      <trkpt lat="44.609384" lon="14.975988">
        <ele>146.131819</ele>
        <time>2026-03-25T11:55:18.023Z</time>
      </trkpt>
      <trkpt lat="44.609073" lon="14.976161">
        <ele>148.880890</ele>
        <time>2026-03-25T11:55:39.671Z</time>
      </trkpt>
      <trkpt lat="44.608661" lon="14.976287">
        <ele>152.424383</ele>
        <time>2026-03-25T11:56:04.997Z</time>
      </trkpt>
      <trkpt lat="44.608606" lon="14.976357">
        <ele>153.048108</ele>
        <time>2026-03-25T11:56:09.225Z</time>
      </trkpt>
      <trkpt lat="44.608587" lon="14.976466">
        <ele>153.719503</ele>
        <time>2026-03-25T11:56:13.777Z</time>
      </trkpt>
      <trkpt lat="44.608618" lon="14.976574">
        <ele>154.416195</ele>
        <time>2026-03-25T11:56:18.407Z</time>
      </trkpt>
      <trkpt lat="44.608685" lon="14.976647">
        <ele>155.128783</ele>
        <time>2026-03-25T11:56:23.118Z</time>
      </trkpt>
      <trkpt lat="44.608807" lon="14.976709">
        <ele>156.219089</ele>
        <time>2026-03-25T11:56:30.364Z</time>
      </trkpt>
      <trkpt lat="44.609309" lon="14.976690">
        <ele>160.439345</ele>
        <time>2026-03-25T11:56:59.552Z</time>
      </trkpt>
      <trkpt lat="44.609813" lon="14.976779">
        <ele>165.110122</ele>
        <time>2026-03-25T11:57:31.965Z</time>
      </trkpt>
      <trkpt lat="44.611257" lon="14.977126">
        <ele>180.769659</ele>
        <time>2026-03-25T11:59:24.905Z</time>
      </trkpt>
      <trkpt lat="44.611462" lon="14.977237">
        <ele>183.008811</ele>
        <time>2026-03-25T11:59:41.021Z</time>
      </trkpt>
      <trkpt lat="44.611934" lon="14.977770">
        <ele>188.412733</ele>
        <time>2026-03-25T12:00:20.583Z</time>
      </trkpt>
      <trkpt lat="44.612162" lon="14.978036">
        <ele>191.057398</ele>
        <time>2026-03-25T12:00:38.191Z</time>
      </trkpt>
      <trkpt lat="44.612381" lon="14.978124">
        <ele>193.089963</ele>
        <time>2026-03-25T12:00:51.200Z</time>
      </trkpt>
      <trkpt lat="44.612541" lon="14.978116">
        <ele>194.518582</ele>
        <time>2026-03-25T12:01:00.350Z</time>
      </trkpt>
      <trkpt lat="44.612699" lon="14.978033">
        <ele>196.023808</ele>
        <time>2026-03-25T12:01:10.243Z</time>
      </trkpt>
      <trkpt lat="44.612765" lon="14.977999">
        <ele>196.651093</ele>
        <time>2026-03-25T12:01:14.508Z</time>
      </trkpt>
      <trkpt lat="44.612853" lon="14.977907">
        <ele>197.629935</ele>
        <time>2026-03-25T12:01:21.188Z</time>
      </trkpt>
      <trkpt lat="44.613172" lon="14.977326">
        <ele>202.279611</ele>
        <time>2026-03-25T12:01:55.670Z</time>
      </trkpt>
      <trkpt lat="44.613314" lon="14.977135">
        <ele>204.028739</ele>
        <time>2026-03-25T12:02:10.087Z</time>
      </trkpt>
      <trkpt lat="44.613517" lon="14.977007">
        <ele>206.008423</ele>
        <time>2026-03-25T12:02:26.783Z</time>
      </trkpt>
      <trkpt lat="44.613621" lon="14.977006">
        <ele>206.933731</ele>
        <time>2026-03-25T12:02:34.533Z</time>
      </trkpt>
      <trkpt lat="44.613802" lon="14.977067">
        <ele>208.589779</ele>
        <time>2026-03-25T12:02:48.057Z</time>
      </trkpt>
      <trkpt lat="44.614340" lon="14.977544">
        <ele>214.249973</ele>
        <time>2026-03-25T12:03:28.485Z</time>
      </trkpt>
      <trkpt lat="44.614566" lon="14.977743">
        <ele>215.036581</ele>
        <time>2026-03-25T12:03:41.964Z</time>
      </trkpt>
      <trkpt lat="44.615296" lon="14.976690">
        <ele>217.360637</ele>
        <time>2026-03-25T12:04:11.895Z</time>
      </trkpt>
      <trkpt lat="44.615742" lon="14.976254">
        <ele>218.491982</ele>
        <time>2026-03-25T12:04:21.176Z</time>
      </trkpt>
      <trkpt lat="44.616253" lon="14.976026">
        <ele>218.269510</ele>
        <time>2026-03-25T12:04:30.201Z</time>
      </trkpt>
      <trkpt lat="44.616923" lon="14.975975">
        <ele>217.991093</ele>
        <time>2026-03-25T12:04:41.524Z</time>
      </trkpt>
      <trkpt lat="44.617679" lon="14.975917">
        <ele>218.433986</ele>
        <time>2026-03-25T12:04:56.143Z</time>
      </trkpt>
      <trkpt lat="44.618455" lon="14.975598">
        <ele>221.249048</ele>
        <time>2026-03-25T12:05:21.182Z</time>
      </trkpt>
      <trkpt lat="44.619084" lon="14.975402">
        <ele>223.492238</ele>
        <time>2026-03-25T12:05:50.302Z</time>
      </trkpt>
      <trkpt lat="44.619951" lon="14.975566">
        <ele>228.174677</ele>
        <time>2026-03-25T12:06:37.894Z</time>
      </trkpt>
      <trkpt lat="44.620549" lon="14.975895">
        <ele>231.863809</ele>
        <time>2026-03-25T12:07:09.223Z</time>
      </trkpt>
      <trkpt lat="44.620891" lon="14.975981">
        <ele>233.859605</ele>
        <time>2026-03-25T12:07:24.226Z</time>
      </trkpt>
      <trkpt lat="44.621230" lon="14.975889">
        <ele>235.340762</ele>
        <time>2026-03-25T12:07:38.068Z</time>
      </trkpt>
      <trkpt lat="44.621487" lon="14.975668">
        <ele>236.488679</ele>
        <time>2026-03-25T12:07:48.840Z</time>
      </trkpt>
      <trkpt lat="44.622354" lon="14.974469">
        <ele>241.123294</ele>
        <time>2026-03-25T12:08:33.215Z</time>
      </trkpt>
      <trkpt lat="44.622855" lon="14.973964">
        <ele>243.376238</ele>
        <time>2026-03-25T12:08:58.922Z</time>
      </trkpt>
      <trkpt lat="44.623941" lon="14.973299">
        <ele>247.698197</ele>
        <time>2026-03-25T12:09:42.690Z</time>
      </trkpt>
      <trkpt lat="44.624510" lon="14.972836">
        <ele>250.355970</ele>
        <time>2026-03-25T12:10:03.812Z</time>
      </trkpt>
      <trkpt lat="44.625292" lon="14.971854">
        <ele>254.607308</ele>
        <time>2026-03-25T12:10:44.607Z</time>
      </trkpt>
      <trkpt lat="44.625585" lon="14.971607">
        <ele>256.476843</ele>
        <time>2026-03-25T12:11:03.402Z</time>
      </trkpt>
      <trkpt lat="44.626323" lon="14.971111">
        <ele>261.510361</ele>
        <time>2026-03-25T12:11:48.095Z</time>
      </trkpt>
      <trkpt lat="44.626611" lon="14.970866">
        <ele>263.581844</ele>
        <time>2026-03-25T12:12:04.374Z</time>
      </trkpt>
      <trkpt lat="44.627281" lon="14.970222">
        <ele>268.130160</ele>
        <time>2026-03-25T12:12:42.492Z</time>
      </trkpt>
      <trkpt lat="44.627556" lon="14.970098">
        <ele>269.583813</ele>
        <time>2026-03-25T12:12:55.348Z</time>
      </trkpt>
      <trkpt lat="44.627872" lon="14.970080">
        <ele>271.175608</ele>
        <time>2026-03-25T12:13:08.733Z</time>
      </trkpt>
      <trkpt lat="44.628174" lon="14.970227">
        <ele>272.784254</ele>
        <time>2026-03-25T12:13:22.743Z</time>
      </trkpt>
      <trkpt lat="44.628444" lon="14.970569">
        <ele>274.613879</ele>
        <time>2026-03-25T12:13:39.367Z</time>
      </trkpt>
      <trkpt lat="44.628525" lon="14.970671">
        <ele>275.161329</ele>
        <time>2026-03-25T12:13:44.500Z</time>
      </trkpt>
      <trkpt lat="44.629193" lon="14.971587">
        <ele>277.506802</ele>
        <time>2026-03-25T12:14:21.539Z</time>
      </trkpt>
      <trkpt lat="44.629520" lon="14.971859">
        <ele>278.458592</ele>
        <time>2026-03-25T12:14:31.797Z</time>
      </trkpt>
      <trkpt lat="44.629797" lon="14.971934">
        <ele>279.165161</ele>
        <time>2026-03-25T12:14:38.158Z</time>
      </trkpt>
      <trkpt lat="44.630078" lon="14.971942">
        <ele>279.615515</ele>
        <time>2026-03-25T12:14:43.314Z</time>
      </trkpt>
      <trkpt lat="44.630358" lon="14.971818">
        <ele>279.356285</ele>
        <time>2026-03-25T12:14:48.292Z</time>
      </trkpt>
      <trkpt lat="44.630637" lon="14.971564">
        <ele>279.062739</ele>
        <time>2026-03-25T12:14:53.776Z</time>
      </trkpt>
      <trkpt lat="44.630978" lon="14.971000">
        <ele>278.597688</ele>
        <time>2026-03-25T12:15:02.144Z</time>
      </trkpt>
      <trkpt lat="44.631490" lon="14.969926">
        <ele>278.421208</ele>
        <time>2026-03-25T12:15:17.857Z</time>
      </trkpt>
      <trkpt lat="44.631815" lon="14.969452">
        <ele>278.861357</ele>
        <time>2026-03-25T12:15:29.711Z</time>
      </trkpt>
      <trkpt lat="44.632142" lon="14.969126">
        <ele>279.238104</ele>
        <time>2026-03-25T12:15:40.987Z</time>
      </trkpt>
      <trkpt lat="44.633256" lon="14.968364">
        <ele>281.548514</ele>
        <time>2026-03-25T12:16:14.252Z</time>
      </trkpt>
      <trkpt lat="44.633445" lon="14.968116">
        <ele>282.241582</ele>
        <time>2026-03-25T12:16:21.796Z</time>
      </trkpt>
      <trkpt lat="44.633751" lon="14.967371">
        <ele>283.882217</ele>
        <time>2026-03-25T12:16:44.306Z</time>
      </trkpt>
      <trkpt lat="44.633946" lon="14.967090">
        <ele>284.635694</ele>
        <time>2026-03-25T12:16:55.033Z</time>
      </trkpt>
      <trkpt lat="44.634172" lon="14.966926">
        <ele>285.442969</ele>
        <time>2026-03-25T12:17:05.226Z</time>
      </trkpt>
      <trkpt lat="44.634617" lon="14.966820">
        <ele>286.875469</ele>
        <time>2026-03-25T12:17:24.281Z</time>
      </trkpt>
      <trkpt lat="44.635584" lon="14.966663">
        <ele>289.964976</ele>
        <time>2026-03-25T12:17:59.279Z</time>
      </trkpt>
      <trkpt lat="44.636004" lon="14.966476">
        <ele>290.710456</ele>
        <time>2026-03-25T12:18:07.809Z</time>
      </trkpt>
      <trkpt lat="44.636423" lon="14.966175">
        <ele>291.275742</ele>
        <time>2026-03-25T12:18:16.690Z</time>
      </trkpt>
      <trkpt lat="44.636800" lon="14.965833">
        <ele>291.814783</ele>
        <time>2026-03-25T12:18:26.138Z</time>
      </trkpt>
      <trkpt lat="44.636869" lon="14.965733">
        <ele>291.933851</ele>
        <time>2026-03-25T12:18:28.452Z</time>
      </trkpt>
      <trkpt lat="44.637062" lon="14.965450">
        <ele>292.268921</ele>
        <time>2026-03-25T12:18:35.640Z</time>
      </trkpt>
      <trkpt lat="44.637563" lon="14.964473">
        <ele>294.838360</ele>
        <time>2026-03-25T12:19:07.071Z</time>
      </trkpt>
      <trkpt lat="44.637928" lon="14.963987">
        <ele>296.570218</ele>
        <time>2026-03-25T12:19:29.664Z</time>
      </trkpt>
      <trkpt lat="44.638259" lon="14.963820">
        <ele>297.781548</ele>
        <time>2026-03-25T12:19:43.923Z</time>
      </trkpt>
      <trkpt lat="44.638377" lon="14.963831">
        <ele>298.188876</ele>
        <time>2026-03-25T12:19:48.435Z</time>
      </trkpt>
      <trkpt lat="44.638661" lon="14.963858">
        <ele>298.392393</ele>
        <time>2026-03-25T12:19:58.343Z</time>
      </trkpt>
      <trkpt lat="44.639589" lon="14.964240">
        <ele>296.553624</ele>
        <time>2026-03-25T12:20:15.157Z</time>
      </trkpt>
      <trkpt lat="44.640069" lon="14.964279">
        <ele>295.639359</ele>
        <time>2026-03-25T12:20:21.588Z</time>
      </trkpt>
      <trkpt lat="44.640572" lon="14.964096">
        <ele>292.970923</ele>
        <time>2026-03-25T12:20:28.278Z</time>
      </trkpt>
      <trkpt lat="44.641001" lon="14.963797">
        <ele>289.498130</ele>
        <time>2026-03-25T12:20:34.246Z</time>
      </trkpt>
      <trkpt lat="44.641344" lon="14.963427">
        <ele>286.362354</ele>
        <time>2026-03-25T12:20:39.577Z</time>
      </trkpt>
      <trkpt lat="44.641928" lon="14.962313">
        <ele>279.834183</ele>
        <time>2026-03-25T12:20:51.798Z</time>
      </trkpt>
      <trkpt lat="44.642355" lon="14.961401">
        <ele>275.356816</ele>
        <time>2026-03-25T12:21:01.857Z</time>
      </trkpt>
      <trkpt lat="44.642811" lon="14.960909">
        <ele>272.043271</ele>
        <time>2026-03-25T12:21:09.750Z</time>
      </trkpt>
      <trkpt lat="44.643180" lon="14.960511">
        <ele>270.161159</ele>
        <time>2026-03-25T12:21:16.264Z</time>
      </trkpt>
      <trkpt lat="44.644982" lon="14.957893">
        <ele>261.444899</ele>
        <time>2026-03-25T12:21:52.366Z</time>
      </trkpt>
      <trkpt lat="44.645645" lon="14.957277">
        <ele>259.493310</ele>
        <time>2026-03-25T12:22:06.452Z</time>
      </trkpt>
      <trkpt lat="44.645904" lon="14.957035">
        <ele>258.977933</ele>
        <time>2026-03-25T12:22:12.617Z</time>
      </trkpt>
      <trkpt lat="44.647613" lon="14.956190">
        <ele>256.298538</ele>
        <time>2026-03-25T12:22:40.244Z</time>
      </trkpt>
      <trkpt lat="44.648522" lon="14.955741">
        <ele>255.275110</ele>
        <time>2026-03-25T12:22:56.542Z</time>
      </trkpt>
      <trkpt lat="44.650375" lon="14.955356">
        <ele>254.313113</ele>
        <time>2026-03-25T12:23:36.503Z</time>
      </trkpt>
      <trkpt lat="44.650529" lon="14.955150">
        <ele>254.225529</ele>
        <time>2026-03-25T12:23:39.625Z</time>
      </trkpt>
      <trkpt lat="44.650762" lon="14.954990">
        <ele>253.430215</ele>
        <time>2026-03-25T12:23:43.327Z</time>
      </trkpt>
      <trkpt lat="44.650952" lon="14.954860">
        <ele>252.769807</ele>
        <time>2026-03-25T12:23:46.248Z</time>
      </trkpt>
      <trkpt lat="44.651579" lon="14.954596">
        <ele>250.724245</ele>
        <time>2026-03-25T12:23:55.034Z</time>
      </trkpt>
      <trkpt lat="44.651742" lon="14.954527">
        <ele>250.192228</ele>
        <time>2026-03-25T12:23:57.430Z</time>
      </trkpt>
      <trkpt lat="44.652162" lon="14.954168">
        <ele>248.655996</ele>
        <time>2026-03-25T12:24:04.984Z</time>
      </trkpt>
      <trkpt lat="44.652227" lon="14.954077">
        <ele>248.493959</ele>
        <time>2026-03-25T12:24:06.481Z</time>
      </trkpt>
      <trkpt lat="44.652219" lon="14.953980">
        <ele>248.393169</ele>
        <time>2026-03-25T12:24:07.578Z</time>
      </trkpt>
      <trkpt lat="44.652199" lon="14.953971">
        <ele>248.362700</ele>
        <time>2026-03-25T12:24:07.904Z</time>
      </trkpt>
      <trkpt lat="44.652642" lon="14.953623">
        <ele>247.626391</ele>
        <time>2026-03-25T12:24:22.625Z</time>
      </trkpt>
      <trkpt lat="44.653622" lon="14.952078">
        <ele>245.350088</ele>
        <time>2026-03-25T12:25:04.848Z</time>
      </trkpt>
      <trkpt lat="44.656725" lon="14.948112">
        <ele>239.142045</ele>
        <time>2026-03-25T12:27:00.238Z</time>
      </trkpt>
      <trkpt lat="44.658663" lon="14.945087">
        <ele>241.282036</ele>
        <time>2026-03-25T12:28:57.335Z</time>
      </trkpt>
      <trkpt lat="44.659575" lon="14.944351">
        <ele>239.793282</ele>
        <time>2026-03-25T12:29:26.067Z</time>
      </trkpt>
      <trkpt lat="44.660292" lon="14.943863">
        <ele>238.987027</ele>
        <time>2026-03-25T12:29:46.941Z</time>
      </trkpt>
      <trkpt lat="44.661280" lon="14.943558">
        <ele>238.673071</ele>
        <time>2026-03-25T12:30:17.101Z</time>
      </trkpt>
      <trkpt lat="44.661762" lon="14.943622">
        <ele>238.522804</ele>
        <time>2026-03-25T12:30:35.728Z</time>
      </trkpt>
      <trkpt lat="44.663114" lon="14.943624">
        <ele>243.329149</ele>
        <time>2026-03-25T12:31:40.281Z</time>
      </trkpt>
      <trkpt lat="44.663285" lon="14.943729">
        <ele>243.999003</ele>
        <time>2026-03-25T12:31:48.472Z</time>
      </trkpt>
      <trkpt lat="44.664376" lon="14.944608">
        <ele>248.687329</ele>
        <time>2026-03-25T12:32:49.205Z</time>
      </trkpt>
      <trkpt lat="44.664586" lon="14.944818">
        <ele>249.658022</ele>
        <time>2026-03-25T12:32:59.546Z</time>
      </trkpt>
      <trkpt lat="44.664752" lon="14.945221">
        <ele>250.905680</ele>
        <time>2026-03-25T12:33:09.870Z</time>
      </trkpt>
      <trkpt lat="44.665162" lon="14.945666">
        <ele>251.598734</ele>
        <time>2026-03-25T12:33:19.237Z</time>
      </trkpt>
      <trkpt lat="44.665367" lon="14.945888">
        <ele>251.464489</ele>
        <time>2026-03-25T12:33:23.369Z</time>
      </trkpt>
      <trkpt lat="44.665613" lon="14.946001">
        <ele>251.330224</ele>
        <time>2026-03-25T12:33:27.370Z</time>
      </trkpt>
      <trkpt lat="44.665854" lon="14.945949">
        <ele>251.203728</ele>
        <time>2026-03-25T12:33:31.043Z</time>
      </trkpt>
      <trkpt lat="44.666083" lon="14.945724">
        <ele>251.058788</ele>
        <time>2026-03-25T12:33:35.520Z</time>
      </trkpt>
      <trkpt lat="44.666558" lon="14.944764">
        <ele>251.999828</ele>
        <time>2026-03-25T12:33:53.723Z</time>
      </trkpt>
      <trkpt lat="44.666895" lon="14.944268">
        <ele>253.569443</ele>
        <time>2026-03-25T12:34:11.367Z</time>
      </trkpt>
      <trkpt lat="44.667348" lon="14.943852">
        <ele>255.310208</ele>
        <time>2026-03-25T12:34:32.990Z</time>
      </trkpt>
      <trkpt lat="44.667905" lon="14.943579">
        <ele>257.654660</ele>
        <time>2026-03-25T12:34:58.359Z</time>
      </trkpt>
      <trkpt lat="44.668428" lon="14.943480">
        <ele>260.609476</ele>
        <time>2026-03-25T12:35:22.280Z</time>
      </trkpt>
      <trkpt lat="44.668922" lon="14.943550">
        <ele>263.389508</ele>
        <time>2026-03-25T12:35:46.534Z</time>
      </trkpt>
      <trkpt lat="44.669825" lon="14.943762">
        <ele>268.291198</ele>
        <time>2026-03-25T12:36:32.644Z</time>
      </trkpt>
      <trkpt lat="44.670139" lon="14.943811">
        <ele>269.844392</ele>
        <time>2026-03-25T12:36:47.279Z</time>
      </trkpt>
      <trkpt lat="44.670337" lon="14.943842">
        <ele>270.823833</ele>
        <time>2026-03-25T12:36:56.136Z</time>
      </trkpt>
      <trkpt lat="44.670640" lon="14.943824">
        <ele>272.314799</ele>
        <time>2026-03-25T12:37:09.059Z</time>
      </trkpt>
      <trkpt lat="44.670960" lon="14.943620">
        <ele>274.042141</ele>
        <time>2026-03-25T12:37:23.330Z</time>
      </trkpt>
      <trkpt lat="44.671649" lon="14.943035">
        <ele>277.691220</ele>
        <time>2026-03-25T12:37:54.449Z</time>
      </trkpt>
      <trkpt lat="44.672246" lon="14.942831">
        <ele>280.336838</ele>
        <time>2026-03-25T12:38:18.723Z</time>
      </trkpt>
      <trkpt lat="44.673260" lon="14.942681">
        <ele>284.572220</ele>
        <time>2026-03-25T12:39:02.823Z</time>
      </trkpt>
      <trkpt lat="44.673843" lon="14.942477">
        <ele>286.884975</ele>
        <time>2026-03-25T12:39:28.342Z</time>
      </trkpt>
      <trkpt lat="44.675126" lon="14.941928">
        <ele>290.528118</ele>
        <time>2026-03-25T12:40:14.304Z</time>
      </trkpt>
      <trkpt lat="44.675260" lon="14.941871">
        <ele>290.626739</ele>
        <time>2026-03-25T12:40:17.776Z</time>
      </trkpt>
      <trkpt lat="44.676860" lon="14.941375">
        <ele>290.679340</ele>
        <time>2026-03-25T12:40:47.680Z</time>
      </trkpt>
      <trkpt lat="44.677454" lon="14.941128">
        <ele>289.641588</ele>
        <time>2026-03-25T12:40:57.322Z</time>
      </trkpt>
      <trkpt lat="44.677683" lon="14.940993">
        <ele>289.225587</ele>
        <time>2026-03-25T12:41:01.050Z</time>
      </trkpt>
      <trkpt lat="44.677939" lon="14.940758">
        <ele>288.713413</ele>
        <time>2026-03-25T12:41:05.665Z</time>
      </trkpt>
      <trkpt lat="44.678384" lon="14.940270">
        <ele>287.563260</ele>
        <time>2026-03-25T12:41:14.067Z</time>
      </trkpt>
      <trkpt lat="44.679096" lon="14.939348">
        <ele>285.448774</ele>
        <time>2026-03-25T12:41:28.744Z</time>
      </trkpt>
      <trkpt lat="44.679552" lon="14.938799">
        <ele>284.143969</ele>
        <time>2026-03-25T12:41:38.382Z</time>
      </trkpt>
      <trkpt lat="44.679827" lon="14.938514">
        <ele>283.410830</ele>
        <time>2026-03-25T12:41:43.702Z</time>
      </trkpt>
      <trkpt lat="44.681123" lon="14.937576">
        <ele>280.264436</ele>
        <time>2026-03-25T12:42:05.739Z</time>
      </trkpt>
      <trkpt lat="44.682344" lon="14.936741">
        <ele>277.206658</ele>
        <time>2026-03-25T12:42:26.834Z</time>
      </trkpt>
      <trkpt lat="44.682679" lon="14.936471">
        <ele>276.350769</ele>
        <time>2026-03-25T12:42:32.501Z</time>
      </trkpt>
      <trkpt lat="44.682889" lon="14.936260">
        <ele>275.799696</ele>
        <time>2026-03-25T12:42:36.223Z</time>
      </trkpt>
      <trkpt lat="44.683126" lon="14.936010">
        <ele>275.167125</ele>
        <time>2026-03-25T12:42:40.522Z</time>
      </trkpt>
      <trkpt lat="44.683264" lon="14.935811">
        <ele>274.745103</ele>
        <time>2026-03-25T12:42:43.404Z</time>
      </trkpt>
      <trkpt lat="44.683504" lon="14.935469">
        <ele>274.015583</ele>
        <time>2026-03-25T12:42:48.432Z</time>
      </trkpt>
      <trkpt lat="44.684872" lon="14.933328">
        <ele>271.922023</ele>
        <time>2026-03-25T12:43:23.597Z</time>
      </trkpt>
      <trkpt lat="44.685227" lon="14.932947">
        <ele>271.762432</ele>
        <time>2026-03-25T12:43:32.921Z</time>
      </trkpt>
      <trkpt lat="44.685425" lon="14.932791">
        <ele>271.838501</ele>
        <time>2026-03-25T12:43:37.707Z</time>
      </trkpt>
      <trkpt lat="44.686402" lon="14.932311">
        <ele>272.185375</ele>
        <time>2026-03-25T12:44:00.706Z</time>
      </trkpt>
      <trkpt lat="44.686909" lon="14.931965">
        <ele>272.164096</ele>
        <time>2026-03-25T12:44:12.222Z</time>
      </trkpt>
      <trkpt lat="44.687160" lon="14.931726">
        <ele>271.788025</ele>
        <time>2026-03-25T12:44:18.019Z</time>
      </trkpt>
      <trkpt lat="44.690571" lon="14.928209">
        <ele>265.098857</ele>
        <time>2026-03-25T12:45:26.416Z</time>
      </trkpt>
      <trkpt lat="44.691364" lon="14.927185">
        <ele>262.096651</ele>
        <time>2026-03-25T12:45:41.207Z</time>
      </trkpt>
      <trkpt lat="44.691600" lon="14.926813">
        <ele>260.959562</ele>
        <time>2026-03-25T12:45:46.025Z</time>
      </trkpt>
      <trkpt lat="44.691711" lon="14.926640">
        <ele>260.428083</ele>
        <time>2026-03-25T12:45:48.332Z</time>
      </trkpt>
      <trkpt lat="44.692025" lon="14.926068">
        <ele>258.779915</ele>
        <time>2026-03-25T12:45:55.760Z</time>
      </trkpt>
      <trkpt lat="44.692167" lon="14.925857">
        <ele>258.117284</ele>
        <time>2026-03-25T12:45:58.904Z</time>
      </trkpt>
      <trkpt lat="44.692547" lon="14.925294">
        <ele>257.022644</ele>
        <time>2026-03-25T12:46:07.851Z</time>
      </trkpt>
      <trkpt lat="44.692950" lon="14.924895">
        <ele>256.421430</ele>
        <time>2026-03-25T12:46:16.413Z</time>
      </trkpt>
      <trkpt lat="44.693261" lon="14.924683">
        <ele>255.999820</ele>
        <time>2026-03-25T12:46:22.259Z</time>
      </trkpt>
      <trkpt lat="44.693498" lon="14.924564">
        <ele>255.692821</ele>
        <time>2026-03-25T12:46:26.447Z</time>
      </trkpt>
      <trkpt lat="44.694170" lon="14.924257">
        <ele>254.852262</ele>
        <time>2026-03-25T12:46:37.913Z</time>
      </trkpt>
      <trkpt lat="44.694933" lon="14.923859">
        <ele>253.911050</ele>
        <time>2026-03-25T12:46:51.212Z</time>
      </trkpt>
      <trkpt lat="44.695303" lon="14.923594">
        <ele>253.430831</ele>
        <time>2026-03-25T12:46:58.357Z</time>
      </trkpt>
      <trkpt lat="44.697034" lon="14.922116">
        <ele>251.804201</ele>
        <time>2026-03-25T12:47:33.493Z</time>
      </trkpt>
      <trkpt lat="44.697240" lon="14.921966">
        <ele>251.530945</ele>
        <time>2026-03-25T12:47:37.482Z</time>
      </trkpt>
      <trkpt lat="44.697560" lon="14.921767">
        <ele>251.115198</ele>
        <time>2026-03-25T12:47:43.575Z</time>
      </trkpt>
      <trkpt lat="44.697829" lon="14.921683">
        <ele>250.787769</ele>
        <time>2026-03-25T12:47:48.369Z</time>
      </trkpt>
      <trkpt lat="44.698060" lon="14.921649">
        <ele>250.511776</ele>
        <time>2026-03-25T12:47:52.292Z</time>
      </trkpt>
      <trkpt lat="44.698437" lon="14.921692">
        <ele>250.062322</ele>
        <time>2026-03-25T12:47:58.511Z</time>
      </trkpt>
      <trkpt lat="44.698624" lon="14.921756">
        <ele>249.833631</ele>
        <time>2026-03-25T12:48:01.578Z</time>
      </trkpt>
      <trkpt lat="44.698880" lon="14.921896">
        <ele>249.348557</ele>
        <time>2026-03-25T12:48:05.851Z</time>
      </trkpt>
      <trkpt lat="44.699547" lon="14.922402">
        <ele>247.528845</ele>
        <time>2026-03-25T12:48:17.163Z</time>
      </trkpt>
      <trkpt lat="44.700304" lon="14.922976">
        <ele>245.463822</ele>
        <time>2026-03-25T12:48:29.805Z</time>
      </trkpt>
      <trkpt lat="44.700782" lon="14.923252">
        <ele>244.496650</ele>
        <time>2026-03-25T12:48:37.772Z</time>
      </trkpt>
      <trkpt lat="44.700996" lon="14.923307">
        <ele>244.101804</ele>
        <time>2026-03-25T12:48:41.172Z</time>
      </trkpt>
      <trkpt lat="44.701419" lon="14.923307">
        <ele>243.334043</ele>
        <time>2026-03-25T12:48:47.833Z</time>
      </trkpt>
      <trkpt lat="44.701662" lon="14.923250">
        <ele>242.886901</ele>
        <time>2026-03-25T12:48:51.715Z</time>
      </trkpt>
      <trkpt lat="44.701900" lon="14.923140">
        <ele>242.432210</ele>
        <time>2026-03-25T12:48:55.758Z</time>
      </trkpt>
      <trkpt lat="44.702054" lon="14.923018">
        <ele>242.111429</ele>
        <time>2026-03-25T12:48:58.691Z</time>
      </trkpt>
      <trkpt lat="44.702439" lon="14.922622">
        <ele>242.035822</ele>
        <time>2026-03-25T12:49:06.604Z</time>
      </trkpt>
      <trkpt lat="44.702529" lon="14.922508">
        <ele>242.024438</ele>
        <time>2026-03-25T12:49:08.621Z</time>
      </trkpt>
      <trkpt lat="44.702605" lon="14.922411">
        <ele>242.014792</ele>
        <time>2026-03-25T12:49:10.344Z</time>
      </trkpt>
      <trkpt lat="44.702805" lon="14.922072">
        <ele>241.985355</ele>
        <time>2026-03-25T12:49:15.902Z</time>
      </trkpt>
      <trkpt lat="44.703155" lon="14.921494">
        <ele>241.934622</ele>
        <time>2026-03-25T12:49:27.678Z</time>
      </trkpt>
      <trkpt lat="44.703284" lon="14.921282">
        <ele>241.915976</ele>
        <time>2026-03-25T12:49:32.972Z</time>
      </trkpt>
      <trkpt lat="44.703894" lon="14.920296">
        <ele>242.675866</ele>
        <time>2026-03-25T12:49:58.926Z</time>
      </trkpt>
      <trkpt lat="44.704119" lon="14.919932">
        <ele>242.979691</ele>
        <time>2026-03-25T12:50:07.599Z</time>
      </trkpt>
      <trkpt lat="44.704480" lon="14.919469">
        <ele>243.412548</ele>
        <time>2026-03-25T12:50:17.664Z</time>
      </trkpt>
      <trkpt lat="44.704551" lon="14.919393">
        <ele>243.491602</ele>
        <time>2026-03-25T12:50:19.292Z</time>
      </trkpt>
      <trkpt lat="44.704883" lon="14.919135">
        <ele>243.148745</ele>
        <time>2026-03-25T12:50:25.822Z</time>
      </trkpt>
      <trkpt lat="44.704944" lon="14.919088">
        <ele>243.081215</ele>
        <time>2026-03-25T12:50:26.977Z</time>
      </trkpt>
      <trkpt lat="44.705272" lon="14.918932">
        <ele>242.745025</ele>
        <time>2026-03-25T12:50:32.618Z</time>
      </trkpt>
      <trkpt lat="44.705618" lon="14.918849">
        <ele>242.404214</ele>
        <time>2026-03-25T12:50:38.219Z</time>
      </trkpt>
      <trkpt lat="44.705830" lon="14.918836">
        <ele>242.198168</ele>
        <time>2026-03-25T12:50:41.655Z</time>
      </trkpt>
      <trkpt lat="44.706294" lon="14.918896">
        <ele>241.747816</ele>
        <time>2026-03-25T12:50:49.503Z</time>
      </trkpt>
      <trkpt lat="44.706558" lon="14.918996">
        <ele>241.530393</ele>
        <time>2026-03-25T12:50:54.326Z</time>
      </trkpt>
      <trkpt lat="44.706990" lon="14.919271">
        <ele>241.153319</ele>
        <time>2026-03-25T12:51:03.019Z</time>
      </trkpt>
      <trkpt lat="44.708458" lon="14.920366">
        <ele>239.128722</ele>
        <time>2026-03-25T12:51:31.374Z</time>
      </trkpt>
      <trkpt lat="44.708709" lon="14.920526">
        <ele>238.598181</ele>
        <time>2026-03-25T12:51:35.535Z</time>
      </trkpt>
      <trkpt lat="44.709032" lon="14.920679">
        <ele>237.942001</ele>
        <time>2026-03-25T12:51:40.642Z</time>
      </trkpt>
      <trkpt lat="44.709346" lon="14.920758">
        <ele>237.327855</ele>
        <time>2026-03-25T12:51:45.401Z</time>
      </trkpt>
      <trkpt lat="44.709656" lon="14.920770">
        <ele>236.717849</ele>
        <time>2026-03-25T12:51:50.039Z</time>
      </trkpt>
      <trkpt lat="44.709769" lon="14.920775">
        <ele>236.479043</ele>
        <time>2026-03-25T12:51:51.720Z</time>
      </trkpt>
      <trkpt lat="44.710144" lon="14.920686">
        <ele>235.675750</ele>
        <time>2026-03-25T12:51:57.367Z</time>
      </trkpt>
      <trkpt lat="44.710433" lon="14.920560">
        <ele>235.036670</ele>
        <time>2026-03-25T12:52:01.932Z</time>
      </trkpt>
      <trkpt lat="44.710694" lon="14.920390">
        <ele>234.429167</ele>
        <time>2026-03-25T12:52:06.345Z</time>
      </trkpt>
      <trkpt lat="44.711072" lon="14.920060">
        <ele>233.489538</ele>
        <time>2026-03-25T12:52:13.176Z</time>
      </trkpt>
      <trkpt lat="44.711882" lon="14.919316">
        <ele>232.847396</ele>
        <time>2026-03-25T12:52:29.499Z</time>
      </trkpt>
      <trkpt lat="44.712024" lon="14.919189">
        <ele>232.799688</ele>
        <time>2026-03-25T12:52:33.532Z</time>
      </trkpt>
      <trkpt lat="44.712256" lon="14.918981">
        <ele>232.721687</ele>
        <time>2026-03-25T12:52:39.196Z</time>
      </trkpt>
      <trkpt lat="44.712475" lon="14.918784">
        <ele>232.647986</ele>
        <time>2026-03-25T12:52:44.639Z</time>
      </trkpt>
      <trkpt lat="44.712571" lon="14.918699">
        <ele>232.615825</ele>
        <time>2026-03-25T12:52:47.057Z</time>
      </trkpt>
      <trkpt lat="44.712826" lon="14.918471">
        <ele>232.386093</ele>
        <time>2026-03-25T12:52:53.662Z</time>
      </trkpt>
      <trkpt lat="44.712870" lon="14.918431">
        <ele>232.283794</ele>
        <time>2026-03-25T12:52:54.821Z</time>
      </trkpt>
      <trkpt lat="44.712877" lon="14.918287">
        <ele>232.083483</ele>
        <time>2026-03-25T12:52:57.042Z</time>
      </trkpt>
      <trkpt lat="44.712872" lon="14.918248">
        <ele>232.028485</ele>
        <time>2026-03-25T12:52:57.631Z</time>
      </trkpt>
      <trkpt lat="44.712856" lon="14.918131">
        <ele>231.863133</ele>
        <time>2026-03-25T12:52:59.299Z</time>
      </trkpt>
      <trkpt lat="44.712827" lon="14.917979">
        <ele>231.644716</ele>
        <time>2026-03-25T12:53:01.437Z</time>
      </trkpt>
      <trkpt lat="44.712910" lon="14.917846">
        <ele>231.399070</ele>
        <time>2026-03-25T12:53:03.833Z</time>
      </trkpt>
      <trkpt lat="44.713478" lon="14.917600">
        <ele>230.238479</ele>
        <time>2026-03-25T12:53:12.909Z</time>
      </trkpt>
      <trkpt lat="44.713693" lon="14.917425">
        <ele>229.753429</ele>
        <time>2026-03-25T12:53:16.355Z</time>
      </trkpt>
      <trkpt lat="44.714778" lon="14.916408">
        <ele>224.282883</ele>
        <time>2026-03-25T12:53:34.491Z</time>
      </trkpt>
      <trkpt lat="44.715224" lon="14.916181">
        <ele>221.880116</ele>
        <time>2026-03-25T12:53:40.638Z</time>
      </trkpt>
      <trkpt lat="44.715390" lon="14.916061">
        <ele>220.934657</ele>
        <time>2026-03-25T12:53:43.012Z</time>
      </trkpt>
      <trkpt lat="44.715537" lon="14.915888">
        <ele>219.963823</ele>
        <time>2026-03-25T12:53:45.441Z</time>
      </trkpt>
      <trkpt lat="44.715663" lon="14.915610">
        <ele>218.576114</ele>
        <time>2026-03-25T12:53:48.399Z</time>
      </trkpt>
      <trkpt lat="44.715682" lon="14.915440">
        <ele>217.848772</ele>
        <time>2026-03-25T12:53:49.955Z</time>
      </trkpt>
      <trkpt lat="44.715658" lon="14.915294">
        <ele>217.215403</ele>
        <time>2026-03-25T12:53:51.308Z</time>
      </trkpt>
      <trkpt lat="44.715574" lon="14.915181">
        <ele>216.524236</ele>
        <time>2026-03-25T12:53:52.781Z</time>
      </trkpt>
      <trkpt lat="44.715422" lon="14.915119">
        <ele>215.582963</ele>
        <time>2026-03-25T12:53:54.791Z</time>
      </trkpt>
      <trkpt lat="44.714996" lon="14.915193">
        <ele>213.029982</ele>
        <time>2026-03-25T12:54:00.219Z</time>
      </trkpt>
      <trkpt lat="44.714387" lon="14.915304">
        <ele>209.377534</ele>
        <time>2026-03-25T12:54:08.321Z</time>
      </trkpt>
      <trkpt lat="44.713841" lon="14.915329">
        <ele>206.836678</ele>
        <time>2026-03-25T12:54:16.133Z</time>
      </trkpt>
      <trkpt lat="44.713614" lon="14.915295">
        <ele>205.788799</ele>
        <time>2026-03-25T12:54:19.403Z</time>
      </trkpt>
      <trkpt lat="44.713425" lon="14.915163">
        <ele>204.820261</ele>
        <time>2026-03-25T12:54:22.398Z</time>
      </trkpt>
      <trkpt lat="44.713303" lon="14.914962">
        <ele>203.957990</ele>
        <time>2026-03-25T12:54:25.014Z</time>
      </trkpt>
      <trkpt lat="44.713239" lon="14.914718">
        <ele>203.109572</ele>
        <time>2026-03-25T12:54:27.529Z</time>
      </trkpt>
      <trkpt lat="44.713225" lon="14.914359">
        <ele>201.936745</ele>
        <time>2026-03-25T12:54:30.932Z</time>
      </trkpt>
      <trkpt lat="44.713251" lon="14.914093">
        <ele>201.060878</ele>
        <time>2026-03-25T12:54:33.418Z</time>
      </trkpt>
      <trkpt lat="44.713347" lon="14.913690">
        <ele>198.766250</ele>
        <time>2026-03-25T12:54:37.252Z</time>
      </trkpt>
      <trkpt lat="44.713792" lon="14.912059">
        <ele>189.089910</ele>
        <time>2026-03-25T12:54:52.482Z</time>
      </trkpt>
      <trkpt lat="44.714624" lon="14.909480">
        <ele>172.839033</ele>
        <time>2026-03-25T12:55:17.237Z</time>
      </trkpt>
      <trkpt lat="44.714661" lon="14.909338">
        <ele>172.042828</ele>
        <time>2026-03-25T12:55:18.572Z</time>
      </trkpt>
      <trkpt lat="44.714667" lon="14.909102">
        <ele>170.947779</ele>
        <time>2026-03-25T12:55:20.671Z</time>
      </trkpt>
      <trkpt lat="44.714585" lon="14.908856">
        <ele>169.687797</ele>
        <time>2026-03-25T12:55:23.092Z</time>
      </trkpt>
      <trkpt lat="44.714503" lon="14.908719">
        <ele>168.857198</ele>
        <time>2026-03-25T12:55:24.701Z</time>
      </trkpt>
      <trkpt lat="44.713995" lon="14.907935">
        <ele>163.937306</ele>
        <time>2026-03-25T12:55:34.367Z</time>
      </trkpt>
      <trkpt lat="44.713678" lon="14.907381">
        <ele>160.639045</ele>
        <time>2026-03-25T12:55:40.988Z</time>
      </trkpt>
      <trkpt lat="44.713470" lon="14.907111">
        <ele>159.132534</ele>
        <time>2026-03-25T12:55:44.673Z</time>
      </trkpt>
      <trkpt lat="44.712880" lon="14.906462">
        <ele>155.155812</ele>
        <time>2026-03-25T12:55:54.484Z</time>
      </trkpt>
      <trkpt lat="44.712557" lon="14.906252">
        <ele>153.266364</ele>
        <time>2026-03-25T12:55:59.152Z</time>
      </trkpt>
      <trkpt lat="44.712039" lon="14.906107">
        <ele>150.576413</ele>
        <time>2026-03-25T12:56:06.239Z</time>
      </trkpt>
      <trkpt lat="44.711953" lon="14.906069">
        <ele>150.188383</ele>
        <time>2026-03-25T12:56:07.468Z</time>
      </trkpt>
      <trkpt lat="44.711908" lon="14.906013">
        <ele>149.929784</ele>
        <time>2026-03-25T12:56:08.294Z</time>
      </trkpt>
      <trkpt lat="44.711883" lon="14.905951">
        <ele>149.711710</ele>
        <time>2026-03-25T12:56:08.986Z</time>
      </trkpt>
      <trkpt lat="44.711877" lon="14.905831">
        <ele>149.343701</ele>
        <time>2026-03-25T12:56:10.173Z</time>
      </trkpt>
      <trkpt lat="44.711940" lon="14.905703">
        <ele>148.867383</ele>
        <time>2026-03-25T12:56:11.708Z</time>
      </trkpt>
      <trkpt lat="44.712040" lon="14.905654">
        <ele>148.411556</ele>
        <time>2026-03-25T12:56:13.212Z</time>
      </trkpt>
      <trkpt lat="44.712307" lon="14.905661">
        <ele>147.261991</ele>
        <time>2026-03-25T12:56:17.055Z</time>
      </trkpt>
      <trkpt lat="44.713236" lon="14.905683">
        <ele>143.214555</ele>
        <time>2026-03-25T12:56:29.940Z</time>
      </trkpt>
      <trkpt lat="44.714073" lon="14.905582">
        <ele>136.826538</ele>
        <time>2026-03-25T12:56:40.700Z</time>
      </trkpt>
      <trkpt lat="44.714138" lon="14.905572">
        <ele>136.329324</ele>
        <time>2026-03-25T12:56:41.502Z</time>
      </trkpt>
      <trkpt lat="44.714347" lon="14.905506">
        <ele>134.700535</ele>
        <time>2026-03-25T12:56:44.113Z</time>
      </trkpt>
      <trkpt lat="44.714621" lon="14.905304">
        <ele>132.348394</ele>
        <time>2026-03-25T12:56:47.844Z</time>
      </trkpt>
      <trkpt lat="44.714771" lon="14.905126">
        <ele>130.856360</ele>
        <time>2026-03-25T12:56:50.197Z</time>
      </trkpt>
      <trkpt lat="44.715082" lon="14.904611">
        <ele>126.925160</ele>
        <time>2026-03-25T12:56:55.964Z</time>
      </trkpt>
      <trkpt lat="44.715633" lon="14.903749">
        <ele>119.944108</ele>
        <time>2026-03-25T12:57:05.931Z</time>
      </trkpt>
      <trkpt lat="44.715994" lon="14.903108">
        <ele>115.019464</ele>
        <time>2026-03-25T12:57:13.180Z</time>
      </trkpt>
      <trkpt lat="44.716076" lon="14.902911">
        <ele>113.791974</ele>
        <time>2026-03-25T12:57:15.249Z</time>
      </trkpt>
      <trkpt lat="44.716189" lon="14.902447">
        <ele>111.408692</ele>
        <time>2026-03-25T12:57:19.742Z</time>
      </trkpt>
      <trkpt lat="44.716207" lon="14.901940">
        <ele>108.942134</ele>
        <time>2026-03-25T12:57:24.453Z</time>
      </trkpt>
      <trkpt lat="44.716161" lon="14.901549">
        <ele>107.016424</ele>
        <time>2026-03-25T12:57:28.073Z</time>
      </trkpt>
      <trkpt lat="44.716044" lon="14.901155">
        <ele>104.941558</ele>
        <time>2026-03-25T12:57:31.927Z</time>
      </trkpt>
      <trkpt lat="44.715889" lon="14.900836">
        <ele>103.063838</ele>
        <time>2026-03-25T12:57:35.360Z</time>
      </trkpt>
      <trkpt lat="44.715182" lon="14.899731">
        <ele>94.791403</ele>
        <time>2026-03-25T12:57:48.298Z</time>
      </trkpt>
      <trkpt lat="44.714927" lon="14.899301">
        <ele>91.615344</ele>
        <time>2026-03-25T12:57:53.199Z</time>
      </trkpt>
      <trkpt lat="44.714857" lon="14.899153">
        <ele>90.607140</ele>
        <time>2026-03-25T12:57:54.768Z</time>
      </trkpt>
      <trkpt lat="44.714821" lon="14.899077">
        <ele>90.089174</ele>
        <time>2026-03-25T12:57:55.576Z</time>
      </trkpt>
      <trkpt lat="44.714661" lon="14.898616">
        <ele>87.159836</ele>
        <time>2026-03-25T12:58:00.160Z</time>
      </trkpt>
      <trkpt lat="44.714579" lon="14.898148">
        <ele>84.331839</ele>
        <time>2026-03-25T12:58:04.461Z</time>
      </trkpt>
      <trkpt lat="44.714561" lon="14.897886">
        <ele>82.787511</ele>
        <time>2026-03-25T12:58:06.791Z</time>
      </trkpt>
      <trkpt lat="44.714580" lon="14.897385">
        <ele>79.843948</ele>
        <time>2026-03-25T12:58:11.205Z</time>
      </trkpt>
      <trkpt lat="44.714610" lon="14.897176">
        <ele>78.592975</ele>
        <time>2026-03-25T12:58:13.063Z</time>
      </trkpt>
      <trkpt lat="44.714662" lon="14.896946">
        <ele>77.176911</ele>
        <time>2026-03-25T12:58:15.171Z</time>
      </trkpt>
      <trkpt lat="44.714834" lon="14.896480">
        <ele>74.096086</ele>
        <time>2026-03-25T12:58:19.698Z</time>
      </trkpt>
      <trkpt lat="44.715055" lon="14.896099">
        <ele>70.770549</ele>
        <time>2026-03-25T12:58:23.912Z</time>
      </trkpt>
      <trkpt lat="44.715669" lon="14.895274">
        <ele>61.941080</ele>
        <time>2026-03-25T12:58:34.021Z</time>
      </trkpt>
      <trkpt lat="44.715848" lon="14.894991">
        <ele>59.140951</ele>
        <time>2026-03-25T12:58:37.207Z</time>
      </trkpt>
      <trkpt lat="44.715993" lon="14.894766">
        <ele>56.896037</ele>
        <time>2026-03-25T12:58:39.750Z</time>
      </trkpt>
      <trkpt lat="44.716185" lon="14.894596">
        <ele>54.536735</ele>
        <time>2026-03-25T12:58:42.427Z</time>
      </trkpt>
      <trkpt lat="44.716372" lon="14.894546">
        <ele>52.628677</ele>
        <time>2026-03-25T12:58:44.660Z</time>
      </trkpt>
      <trkpt lat="44.716559" lon="14.894586">
        <ele>50.747330</ele>
        <time>2026-03-25T12:58:46.890Z</time>
      </trkpt>
      <trkpt lat="44.716769" lon="14.894755">
        <ele>48.341161</ele>
        <time>2026-03-25T12:58:49.732Z</time>
      </trkpt>
      <trkpt lat="44.717014" lon="14.895001">
        <ele>45.347598</ele>
        <time>2026-03-25T12:58:53.269Z</time>
      </trkpt>
      <trkpt lat="44.717135" lon="14.895123">
        <ele>43.867065</ele>
        <time>2026-03-25T12:58:55.025Z</time>
      </trkpt>
      <trkpt lat="44.717439" lon="14.895291">
        <ele>40.618564</ele>
        <time>2026-03-25T12:58:58.938Z</time>
      </trkpt>
      <trkpt lat="44.718414" lon="14.895495">
        <ele>32.770653</ele>
        <time>2026-03-25T12:59:11.263Z</time>
      </trkpt>
      <trkpt lat="44.719190" lon="14.895766">
        <ele>27.650306</ele>
        <time>2026-03-25T12:59:21.633Z</time>
      </trkpt>
      <trkpt lat="44.719502" lon="14.895777">
        <ele>25.651583</ele>
        <time>2026-03-25T12:59:25.701Z</time>
      </trkpt>
      <trkpt lat="44.719798" lon="14.895702">
        <ele>23.727830</ele>
        <time>2026-03-25T12:59:29.648Z</time>
      </trkpt>
      <trkpt lat="44.719954" lon="14.895611">
        <ele>22.648757</ele>
        <time>2026-03-25T12:59:31.864Z</time>
      </trkpt>
      <trkpt lat="44.720156" lon="14.895440">
        <ele>21.142465</ele>
        <time>2026-03-25T12:59:34.939Z</time>
      </trkpt>
      <trkpt lat="44.720352" lon="14.895165">
        <ele>19.373956</ele>
        <time>2026-03-25T12:59:38.501Z</time>
      </trkpt>
      <trkpt lat="44.720489" lon="14.894891">
        <ele>17.852748</ele>
        <time>2026-03-25T12:59:41.513Z</time>
      </trkpt>
      <trkpt lat="44.720687" lon="14.894330">
        <ele>15.008676</ele>
        <time>2026-03-25T12:59:47.129Z</time>
      </trkpt>
      <trkpt lat="44.720818" lon="14.893866">
        <ele>12.798672</ele>
        <time>2026-03-25T12:59:51.605Z</time>
      </trkpt>
      <trkpt lat="44.720937" lon="14.892894">
        <ele>8.780703</ele>
        <time>2026-03-25T13:00:00.483Z</time>
      </trkpt>
      <trkpt lat="44.720946" lon="14.892554">
        <ele>7.394690</ele>
        <time>2026-03-25T13:00:03.577Z</time>
      </trkpt>
      <trkpt lat="44.720928" lon="14.892415">
        <ele>6.819122</ele>
        <time>2026-03-25T13:00:04.889Z</time>
      </trkpt>
      <trkpt lat="44.720812" lon="14.892135">
        <ele>5.498768</ele>
        <time>2026-03-25T13:00:07.897Z</time>
      </trkpt>
      <trkpt lat="44.720774" lon="14.892090">
        <ele>5.214042</ele>
        <time>2026-03-25T13:00:08.553Z</time>
      </trkpt>
      <trkpt lat="44.720647" lon="14.891969">
        <ele>4.334769</ele>
        <time>2026-03-25T13:00:10.615Z</time>
      </trkpt>
      <trkpt lat="44.720461" lon="14.891874">
        <ele>3.200341</ele>
        <time>2026-03-25T13:00:13.332Z</time>
      </trkpt>
      <trkpt lat="44.720422" lon="14.891857">
        <ele>2.978915</ele>
        <time>2026-03-25T13:00:13.899Z</time>
      </trkpt>
      <trkpt lat="44.720388" lon="14.891837">
        <ele>2.920788</ele>
        <time>2026-03-25T13:00:14.422Z</time>
      </trkpt>
      <trkpt lat="44.720349" lon="14.891837">
        <ele>2.859270</ele>
        <time>2026-03-25T13:00:15.197Z</time>
      </trkpt>
      <trkpt lat="44.720064" lon="14.891835">
        <ele>2.409713</ele>
        <time>2026-03-25T13:00:20.965Z</time>
      </trkpt>
      <trkpt lat="44.720132" lon="14.891499">
        <ele>2.018144</ele>
        <time>2026-03-25T13:00:26.212Z</time>
      </trkpt>
      <trkpt lat="44.720005" lon="14.891449">
        <ele>1.810126</ele>
        <time>2026-03-25T13:00:29.111Z</time>
      </trkpt>
      <trkpt lat="44.719008" lon="14.891029">
        <ele>0.168539</ele>
        <time>2026-03-25T13:00:43.579Z</time>
      </trkpt>
      <trkpt lat="44.718827" lon="14.890778">
        <ele>0.127006</ele>
        <time>2026-03-25T13:00:47.114Z</time>
      </trkpt>
      <trkpt lat="44.718757" lon="14.890493">
        <ele>0.109544</ele>
        <time>2026-03-25T13:00:50.092Z</time>
      </trkpt>
      <trkpt lat="44.718748" lon="14.890164">
        <ele>0.090478</ele>
        <time>2026-03-25T13:00:53.338Z</time>
      </trkpt>
      <trkpt lat="44.719017" lon="14.888703">
        <ele>0.003082</ele>
        <time>2026-03-25T13:01:08.246Z</time>
      </trkpt>
      <trkpt lat="44.719075" lon="14.888108">
        <ele>0.000000</ele>
        <time>2026-03-25T13:01:14.180Z</time>
      </trkpt>
      <trkpt lat="44.719075" lon="14.887712">
        <ele>0.000000</ele>
        <time>2026-03-25T13:01:18.091Z</time>
      </trkpt>
      <trkpt lat="44.719006" lon="14.887363">
        <ele>0.000000</ele>
        <time>2026-03-25T13:01:21.661Z</time>
      </trkpt>
      <trkpt lat="44.718862" lon="14.886869">
        <ele>0.000000</ele>
        <time>2026-03-25T13:01:26.940Z</time>
      </trkpt>
      <trkpt lat="44.718503" lon="14.886043">
        <ele>0.000000</ele>
        <time>2026-03-25T13:01:36.501Z</time>
      </trkpt>
      <trkpt lat="44.717975" lon="14.885312">
        <ele>0.000000</ele>
        <time>2026-03-25T13:01:46.794Z</time>
      </trkpt>
      <trkpt lat="44.704198" lon="14.871032">
        <ele>0.000000</ele>
        <time>2026-03-25T13:05:44.630Z</time>
      </trkpt>
      <trkpt lat="44.703656" lon="14.870128">
        <ele>0.000000</ele>
        <time>2026-03-25T13:05:56.317Z</time>
      </trkpt>
      <trkpt lat="44.703367" lon="14.869291">
        <ele>0.000000</ele>
        <time>2026-03-25T13:06:05.504Z</time>
      </trkpt>
      <trkpt lat="44.703164" lon="14.868014">
        <ele>0.000000</ele>
        <time>2026-03-25T13:06:18.437Z</time>
      </trkpt>
      <trkpt lat="44.703211" lon="14.867166">
        <ele>0.000000</ele>
        <time>2026-03-25T13:06:26.842Z</time>
      </trkpt>
      <trkpt lat="44.703282" lon="14.866821">
        <ele>0.000000</ele>
        <time>2026-03-25T13:06:30.391Z</time>
      </trkpt>
      <trkpt lat="44.703471" lon="14.866488">
        <ele>0.000000</ele>
        <time>2026-03-25T13:06:34.600Z</time>
      </trkpt>
      <trkpt lat="44.704543" lon="14.865350">
        <ele>0.000000</ele>
        <time>2026-03-25T13:06:53.259Z</time>
      </trkpt>
      <trkpt lat="44.705630" lon="14.864077">
        <ele>-0.097056</ele>
        <time>2026-03-25T13:07:12.920Z</time>
      </trkpt>
      <trkpt lat="44.705745" lon="14.863879">
        <ele>-0.114383</ele>
        <time>2026-03-25T13:07:15.445Z</time>
      </trkpt>
      <trkpt lat="44.705787" lon="14.863586">
        <ele>-0.134638</ele>
        <time>2026-03-25T13:07:18.399Z</time>
      </trkpt>
      <trkpt lat="44.705848" lon="14.862670">
        <ele>-0.182579</ele>
        <time>2026-03-25T13:07:27.484Z</time>
      </trkpt>
      <trkpt lat="44.705911" lon="14.862307">
        <ele>-0.193594</ele>
        <time>2026-03-25T13:07:31.179Z</time>
      </trkpt>
      <trkpt lat="44.706031" lon="14.861937">
        <ele>-0.205584</ele>
        <time>2026-03-25T13:07:35.198Z</time>
      </trkpt>
      <trkpt lat="44.706175" lon="14.861669">
        <ele>-0.215488</ele>
        <time>2026-03-25T13:07:38.514Z</time>
      </trkpt>
      <trkpt lat="44.706277" lon="14.861379">
        <ele>-0.225027</ele>
        <time>2026-03-25T13:07:41.710Z</time>
      </trkpt>
      <trkpt lat="44.706316" lon="14.861130">
        <ele>-0.232543</ele>
        <time>2026-03-25T13:07:44.233Z</time>
      </trkpt>
      <trkpt lat="44.706313" lon="14.860820">
        <ele>-0.241683</ele>
        <time>2026-03-25T13:07:47.296Z</time>
      </trkpt>
      <trkpt lat="44.706283" lon="14.860602">
        <ele>-0.098077</ele>
        <time>2026-03-25T13:07:50.660Z</time>
      </trkpt>
      <trkpt lat="44.706257" lon="14.860466">
        <ele>0.189701</ele>
        <time>2026-03-25T13:07:52.951Z</time>
      </trkpt>
      <trkpt lat="44.706213" lon="14.860338">
        <ele>0.480240</ele>
        <time>2026-03-25T13:07:55.370Z</time>
      </trkpt>
      <trkpt lat="44.705992" lon="14.860070">
        <ele>1.319061</ele>
        <time>2026-03-25T13:08:02.971Z</time>
      </trkpt>
      <trkpt lat="44.705724" lon="14.859645">
        <ele>2.480051</ele>
        <time>2026-03-25T13:08:15.200Z</time>
      </trkpt>
      <trkpt lat="44.705208" lon="14.858398">
        <ele>5.887259</ele>
        <time>2026-03-25T13:08:57.437Z</time>
      </trkpt>
      <trkpt lat="44.705002" lon="14.857795">
        <ele>8.499943</ele>
        <time>2026-03-25T13:09:20.029Z</time>
      </trkpt>
      <trkpt lat="44.704995" lon="14.857581">
        <ele>9.336525</ele>
        <time>2026-03-25T13:09:27.376Z</time>
      </trkpt>
      <trkpt lat="44.705017" lon="14.857441">
        <ele>9.896446</ele>
        <time>2026-03-25T13:09:32.348Z</time>
      </trkpt>
      <trkpt lat="44.705045" lon="14.857292">
        <ele>10.498304</ele>
        <time>2026-03-25T13:09:37.700Z</time>
      </trkpt>
      <trkpt lat="44.705676" lon="14.855600">
        <ele>18.284047</ele>
        <time>2026-03-25T13:10:42.495Z</time>
      </trkpt>
      <trkpt lat="44.705788" lon="14.855220">
        <ele>20.055605</ele>
        <time>2026-03-25T13:10:56.655Z</time>
      </trkpt>
      <trkpt lat="44.705815" lon="14.854994">
        <ele>21.042501</ele>
        <time>2026-03-25T13:11:04.666Z</time>
      </trkpt>
      <trkpt lat="44.705747" lon="14.854196">
        <ele>24.503605</ele>
        <time>2026-03-25T13:11:33.401Z</time>
      </trkpt>
      <trkpt lat="44.705678" lon="14.853896">
        <ele>25.879228</ele>
        <time>2026-03-25T13:11:45.014Z</time>
      </trkpt>
      <trkpt lat="44.705593" lon="14.853723">
        <ele>26.888213</ele>
        <time>2026-03-25T13:11:52.888Z</time>
      </trkpt>
      <trkpt lat="44.705201" lon="14.853115">
        <ele>30.826471</ele>
        <time>2026-03-25T13:12:25.065Z</time>
      </trkpt>
      <trkpt lat="44.705138" lon="14.852973">
        <ele>31.629558</ele>
        <time>2026-03-25T13:12:31.843Z</time>
      </trkpt>
      <trkpt lat="44.705101" lon="14.852805">
        <ele>32.473357</ele>
        <time>2026-03-25T13:12:38.881Z</time>
      </trkpt>
      <trkpt lat="44.705085" lon="14.852599">
        <ele>33.467538</ele>
        <time>2026-03-25T13:12:46.994Z</time>
      </trkpt>
      <trkpt lat="44.705107" lon="14.852378">
        <ele>34.538148</ele>
        <time>2026-03-25T13:12:55.473Z</time>
      </trkpt>
      <trkpt lat="44.705135" lon="14.852107">
        <ele>35.851953</ele>
        <time>2026-03-25T13:13:05.555Z</time>
      </trkpt>
      <trkpt lat="44.705188" lon="14.851841">
        <ele>37.177301</ele>
        <time>2026-03-25T13:13:15.398Z</time>
      </trkpt>
      <trkpt lat="44.705214" lon="14.851415">
        <ele>38.921627</ele>
        <time>2026-03-25T13:13:30.267Z</time>
      </trkpt>
      <trkpt lat="44.705183" lon="14.850370">
        <ele>42.824633</ele>
        <time>2026-03-25T13:14:05.627Z</time>
      </trkpt>
      <trkpt lat="44.705120" lon="14.849499">
        <ele>46.091721</ele>
        <time>2026-03-25T13:14:32.919Z</time>
      </trkpt>
      <trkpt lat="44.705035" lon="14.849194">
        <ele>47.304819</ele>
        <time>2026-03-25T13:14:42.677Z</time>
      </trkpt>
      <trkpt lat="44.704954" lon="14.849032">
        <ele>47.748365</ele>
        <time>2026-03-25T13:14:48.421Z</time>
      </trkpt>
      <trkpt lat="44.704552" lon="14.848480">
        <ele>49.518170</ele>
        <time>2026-03-25T13:15:09.522Z</time>
      </trkpt>
      <trkpt lat="44.704487" lon="14.848326">
        <ele>49.919255</ele>
        <time>2026-03-25T13:15:13.758Z</time>
      </trkpt>
      <trkpt lat="44.704462" lon="14.848135">
        <ele>50.354163</ele>
        <time>2026-03-25T13:15:18.142Z</time>
      </trkpt>
      <trkpt lat="44.704460" lon="14.847954">
        <ele>50.759534</ele>
        <time>2026-03-25T13:15:22.174Z</time>
      </trkpt>
      <trkpt lat="44.704756" lon="14.846682">
        <ele>53.853196</ele>
        <time>2026-03-25T13:15:51.660Z</time>
      </trkpt>
      <trkpt lat="44.705017" lon="14.845682">
        <ele>56.526618</ele>
        <time>2026-03-25T13:16:19.199Z</time>
      </trkpt>
      <trkpt lat="44.705298" lon="14.844886">
        <ele>58.757054</ele>
        <time>2026-03-25T13:16:45.113Z</time>
      </trkpt>
      <trkpt lat="44.705352" lon="14.844745">
        <ele>59.159002</ele>
        <time>2026-03-25T13:16:49.741Z</time>
      </trkpt>
      <trkpt lat="44.705524" lon="14.844301">
        <ele>59.955551</ele>
        <time>2026-03-25T13:17:03.705Z</time>
      </trkpt>
      <trkpt lat="44.705627" lon="14.844056">
        <ele>60.368428</ele>
        <time>2026-03-25T13:17:10.912Z</time>
      </trkpt>
      <trkpt lat="44.705664" lon="14.843961">
        <ele>60.525554</ele>
        <time>2026-03-25T13:17:13.510Z</time>
      </trkpt>
      <trkpt lat="44.705699" lon="14.843878">
        <ele>60.665537</ele>
        <time>2026-03-25T13:17:15.742Z</time>
      </trkpt>
      <trkpt lat="44.705794" lon="14.843617">
        <ele>61.090862</ele>
        <time>2026-03-25T13:17:22.173Z</time>
      </trkpt>
      <trkpt lat="44.705870" lon="14.843290">
        <ele>61.589876</ele>
        <time>2026-03-25T13:17:28.922Z</time>
      </trkpt>
      <trkpt lat="44.705919" lon="14.843077">
        <ele>61.914603</ele>
        <time>2026-03-25T13:17:32.973Z</time>
      </trkpt>
      <trkpt lat="44.705949" lon="14.842821">
        <ele>62.290931</ele>
        <time>2026-03-25T13:17:37.387Z</time>
      </trkpt>
      <trkpt lat="44.705997" lon="14.841740">
        <ele>62.380996</ele>
        <time>2026-03-25T13:17:52.635Z</time>
      </trkpt>
      <trkpt lat="44.706010" lon="14.841478">
        <ele>62.122857</ele>
        <time>2026-03-25T13:17:55.869Z</time>
      </trkpt>
      <trkpt lat="44.706048" lon="14.841168">
        <ele>61.813668</ele>
        <time>2026-03-25T13:17:59.669Z</time>
      </trkpt>
      <trkpt lat="44.706105" lon="14.840715">
        <ele>61.361504</ele>
        <time>2026-03-25T13:18:05.166Z</time>
      </trkpt>
      <trkpt lat="44.706311" lon="14.839181">
        <ele>57.295597</ele>
        <time>2026-03-25T13:18:21.432Z</time>
      </trkpt>
      <trkpt lat="44.706399" lon="14.838801">
        <ele>55.406749</ele>
        <time>2026-03-25T13:18:25.109Z</time>
      </trkpt>
      <trkpt lat="44.706457" lon="14.838652">
        <ele>54.603860</ele>
        <time>2026-03-25T13:18:26.633Z</time>
      </trkpt>
      <trkpt lat="44.707141" lon="14.837015">
        <ele>45.429228</ele>
        <time>2026-03-25T13:18:42.996Z</time>
      </trkpt>
      <trkpt lat="44.707229" lon="14.836812">
        <ele>44.227980</ele>
        <time>2026-03-25T13:18:45.052Z</time>
      </trkpt>
      <trkpt lat="44.707657" lon="14.835832">
        <ele>38.417099</ele>
        <time>2026-03-25T13:18:55.311Z</time>
      </trkpt>
      <trkpt lat="44.707863" lon="14.835357">
        <ele>35.677927</ele>
        <time>2026-03-25T13:19:00.651Z</time>
      </trkpt>
      <trkpt lat="44.708157" lon="14.834680">
        <ele>33.726130</ele>
        <time>2026-03-25T13:19:08.512Z</time>
      </trkpt>
      <trkpt lat="44.708293" lon="14.834363">
        <ele>32.815207</ele>
        <time>2026-03-25T13:19:12.263Z</time>
      </trkpt>
      <trkpt lat="44.708459" lon="14.833989">
        <ele>31.730447</ele>
        <time>2026-03-25T13:19:16.771Z</time>
      </trkpt>
      <trkpt lat="44.708763" lon="14.833322">
        <ele>29.781148</ele>
        <time>2026-03-25T13:19:25.097Z</time>
      </trkpt>
      <trkpt lat="44.709302" lon="14.832417">
        <ele>27.509824</ele>
        <time>2026-03-25T13:19:37.593Z</time>
      </trkpt>
      <trkpt lat="44.709893" lon="14.831512">
        <ele>25.210725</ele>
        <time>2026-03-25T13:19:50.578Z</time>
      </trkpt>
      <trkpt lat="44.710155" lon="14.831256">
        <ele>24.443265</ele>
        <time>2026-03-25T13:19:55.385Z</time>
      </trkpt>
      <trkpt lat="44.710566" lon="14.830962">
        <ele>23.440725</ele>
        <time>2026-03-25T13:20:02.098Z</time>
      </trkpt>
      <trkpt lat="44.710700" lon="14.830833">
        <ele>23.087687</ele>
        <time>2026-03-25T13:20:04.439Z</time>
      </trkpt>
      <trkpt lat="44.710894" lon="14.830564">
        <ele>22.495453</ele>
        <time>2026-03-25T13:20:08.553Z</time>
      </trkpt>
      <trkpt lat="44.711218" lon="14.830105">
        <ele>21.495740</ele>
        <time>2026-03-25T13:20:15.795Z</time>
      </trkpt>
      <trkpt lat="44.711389" lon="14.829862">
        <ele>20.967292</ele>
        <time>2026-03-25T13:20:19.606Z</time>
      </trkpt>
      <trkpt lat="44.711557" lon="14.829652">
        <ele>20.842722</ele>
        <time>2026-03-25T13:20:23.389Z</time>
      </trkpt>
      <trkpt lat="44.711775" lon="14.829389">
        <ele>20.792042</ele>
        <time>2026-03-25T13:20:28.348Z</time>
      </trkpt>
      <trkpt lat="44.711934" lon="14.829210">
        <ele>20.756105</ele>
        <time>2026-03-25T13:20:31.970Z</time>
      </trkpt>
      <trkpt lat="44.712552" lon="14.828525">
        <ele>20.617261</ele>
        <time>2026-03-25T13:20:50.097Z</time>
      </trkpt>
      <trkpt lat="44.712758" lon="14.828297">
        <ele>20.571006</ele>
        <time>2026-03-25T13:20:54.731Z</time>
      </trkpt>
      <trkpt lat="44.712928" lon="14.828174">
        <ele>20.554468</ele>
        <time>2026-03-25T13:20:58.591Z</time>
      </trkpt>
      <trkpt lat="44.713277" lon="14.828052">
        <ele>20.545117</ele>
        <time>2026-03-25T13:21:05.491Z</time>
      </trkpt>
      <trkpt lat="44.713959" lon="14.827846">
        <ele>20.526979</ele>
        <time>2026-03-25T13:21:18.243Z</time>
      </trkpt>
      <trkpt lat="44.714157" lon="14.827756">
        <ele>20.521568</ele>
        <time>2026-03-25T13:21:21.895Z</time>
      </trkpt>
      <trkpt lat="44.714293" lon="14.827680">
        <ele>20.517763</ele>
        <time>2026-03-25T13:21:24.564Z</time>
      </trkpt>
      <trkpt lat="44.714603" lon="14.827427">
        <ele>20.639017</ele>
        <time>2026-03-25T13:21:31.672Z</time>
      </trkpt>
      <trkpt lat="44.714856" lon="14.827186">
        <ele>21.097369</ele>
        <time>2026-03-25T13:21:38.829Z</time>
      </trkpt>
      <trkpt lat="44.715765" lon="14.826184">
        <ele>22.829688</ele>
        <time>2026-03-25T13:22:10.844Z</time>
      </trkpt>
      <trkpt lat="44.715796" lon="14.826152">
        <ele>22.887366</ele>
        <time>2026-03-25T13:22:12.024Z</time>
      </trkpt>
      <trkpt lat="44.716704" lon="14.825183">
        <ele>25.856569</ele>
        <time>2026-03-25T13:22:48.064Z</time>
      </trkpt>
      <trkpt lat="44.716906" lon="14.825005">
        <ele>26.538632</ele>
        <time>2026-03-25T13:22:56.090Z</time>
      </trkpt>
      <trkpt lat="44.717120" lon="14.824886">
        <ele>27.197137</ele>
        <time>2026-03-25T13:23:04.119Z</time>
      </trkpt>
      <trkpt lat="44.717639" lon="14.824813">
        <ele>28.758209</ele>
        <time>2026-03-25T13:23:23.152Z</time>
      </trkpt>
      <trkpt lat="44.718471" lon="14.824786">
        <ele>31.628543</ele>
        <time>2026-03-25T13:23:56.310Z</time>
      </trkpt>
      <trkpt lat="44.718807" lon="14.824768">
        <ele>32.788247</ele>
        <time>2026-03-25T13:24:08.253Z</time>
      </trkpt>
      <trkpt lat="44.718964" lon="14.824709">
        <ele>33.348713</ele>
        <time>2026-03-25T13:24:13.728Z</time>
      </trkpt>
      <trkpt lat="44.719042" lon="14.824679">
        <ele>33.627601</ele>
        <time>2026-03-25T13:24:16.530Z</time>
      </trkpt>
      <trkpt lat="44.720087" lon="14.823694">
        <ele>36.898735</ele>
        <time>2026-03-25T13:24:57.019Z</time>
      </trkpt>
      <trkpt lat="44.720266" lon="14.823530">
        <ele>37.404642</ele>
        <time>2026-03-25T13:25:03.295Z</time>
      </trkpt>
      <trkpt lat="44.720932" lon="14.822903">
        <ele>38.850004</ele>
        <time>2026-03-25T13:25:27.439Z</time>
      </trkpt>
      <trkpt lat="44.721363" lon="14.822481">
        <ele>38.926684</ele>
        <time>2026-03-25T13:25:41.135Z</time>
      </trkpt>
      <trkpt lat="44.721552" lon="14.822292">
        <ele>38.960544</ele>
        <time>2026-03-25T13:25:46.259Z</time>
      </trkpt>
      <trkpt lat="44.721590" lon="14.822253">
        <ele>38.967413</ele>
        <time>2026-03-25T13:25:47.168Z</time>
      </trkpt>
      <trkpt lat="44.721761" lon="14.822081">
        <ele>38.998109</ele>
        <time>2026-03-25T13:25:51.178Z</time>
      </trkpt>
      <trkpt lat="44.722413" lon="14.821438">
        <ele>38.103629</ele>
        <time>2026-03-25T13:26:04.164Z</time>
      </trkpt>
      <trkpt lat="44.722608" lon="14.821246">
        <ele>37.020676</ele>
        <time>2026-03-25T13:26:07.580Z</time>
      </trkpt>
      <trkpt lat="44.722807" lon="14.821051">
        <ele>35.917246</ele>
        <time>2026-03-25T13:26:10.950Z</time>
      </trkpt>
      <trkpt lat="44.722984" lon="14.820885">
        <ele>34.949353</ele>
        <time>2026-03-25T13:26:13.822Z</time>
      </trkpt>
      <trkpt lat="44.723385" lon="14.820465">
        <ele>32.674739</ele>
        <time>2026-03-25T13:26:20.397Z</time>
      </trkpt>
      <trkpt lat="44.723426" lon="14.820419">
        <ele>32.436139</ele>
        <time>2026-03-25T13:26:21.075Z</time>
      </trkpt>
      <trkpt lat="44.723880" lon="14.819867">
        <ele>29.578280</ele>
        <time>2026-03-25T13:26:28.639Z</time>
      </trkpt>
      <trkpt lat="44.724218" lon="14.819453">
        <ele>27.320782</ele>
        <time>2026-03-25T13:26:34.274Z</time>
      </trkpt>
      <trkpt lat="44.724696" lon="14.818889">
        <ele>24.178176</ele>
        <time>2026-03-25T13:26:42.450Z</time>
      </trkpt>
      <trkpt lat="44.724868" lon="14.818705">
        <ele>23.089694</ele>
        <time>2026-03-25T13:26:45.554Z</time>
      </trkpt>
      <trkpt lat="44.725493" lon="14.818094">
        <ele>21.907901</ele>
        <time>2026-03-25T13:26:57.840Z</time>
      </trkpt>
      <trkpt lat="44.725673" lon="14.817923">
        <ele>21.938357</ele>
        <time>2026-03-25T13:27:01.916Z</time>
      </trkpt>
      <trkpt lat="44.725727" lon="14.817876">
        <ele>21.947261</ele>
        <time>2026-03-25T13:27:03.155Z</time>
      </trkpt>
      <trkpt lat="44.725799" lon="14.817799">
        <ele>21.959942</ele>
        <time>2026-03-25T13:27:04.971Z</time>
      </trkpt>
      <trkpt lat="44.725831" lon="14.817774">
        <ele>21.965075</ele>
        <time>2026-03-25T13:27:05.700Z</time>
      </trkpt>
      <trkpt lat="44.725926" lon="14.817673">
        <ele>21.981772</ele>
        <time>2026-03-25T13:27:08.125Z</time>
      </trkpt>
      <trkpt lat="44.726054" lon="14.817535">
        <ele>22.004384</ele>
        <time>2026-03-25T13:27:11.589Z</time>
      </trkpt>
      <trkpt lat="44.726153" lon="14.817426">
        <ele>22.022011</ele>
        <time>2026-03-25T13:27:14.598Z</time>
      </trkpt>
      <trkpt lat="44.726201" lon="14.817375">
        <ele>22.030445</ele>
        <time>2026-03-25T13:27:16.147Z</time>
      </trkpt>
      <trkpt lat="44.726442" lon="14.817041">
        <ele>22.077878</ele>
        <time>2026-03-25T13:27:26.126Z</time>
      </trkpt>
      <trkpt lat="44.726488" lon="14.816980">
        <ele>22.086741</ele>
        <time>2026-03-25T13:27:28.069Z</time>
      </trkpt>
      <trkpt lat="44.726517" lon="14.816939">
        <ele>22.238777</ele>
        <time>2026-03-25T13:27:29.351Z</time>
      </trkpt>
      <trkpt lat="44.726576" lon="14.816856">
        <ele>22.659438</ele>
        <time>2026-03-25T13:27:31.958Z</time>
      </trkpt>
      <trkpt lat="44.726739" lon="14.816622">
        <ele>23.833554</ele>
        <time>2026-03-25T13:27:39.318Z</time>
      </trkpt>
      <trkpt lat="44.726774" lon="14.816577">
        <ele>24.072608</ele>
        <time>2026-03-25T13:27:40.910Z</time>
      </trkpt>
      <trkpt lat="44.726793" lon="14.816549">
        <ele>24.211332</ele>
        <time>2026-03-25T13:27:41.823Z</time>
      </trkpt>
      <trkpt lat="44.726936" lon="14.816818">
        <ele>25.415033</ele>
        <time>2026-03-25T13:27:53.179Z</time>
      </trkpt>
      <trkpt lat="44.727078" lon="14.817292">
        <ele>27.258082</ele>
        <time>2026-03-25T13:28:12.381Z</time>
      </trkpt>
      <trkpt lat="44.727139" lon="14.818060">
        <ele>30.026812</ele>
        <time>2026-03-25T13:28:49.383Z</time>
      </trkpt>
      <trkpt lat="44.727264" lon="14.818525">
        <ele>32.126670</ele>
        <time>2026-03-25T13:29:16.419Z</time>
      </trkpt>
      <trkpt lat="44.727378" lon="14.818779">
        <ele>33.731144</ele>
        <time>2026-03-25T13:29:31.902Z</time>
      </trkpt>
      <trkpt lat="44.727502" lon="14.819107">
        <ele>35.715361</ele>
        <time>2026-03-25T13:29:50.456Z</time>
      </trkpt>
      <trkpt lat="44.727781" lon="14.819603">
        <ele>39.093918</ele>
        <time>2026-03-25T13:30:21.250Z</time>
      </trkpt>
      <trkpt lat="44.727833" lon="14.819775">
        <ele>40.092175</ele>
        <time>2026-03-25T13:30:30.330Z</time>
      </trkpt>
      <trkpt lat="44.727480" lon="14.820189">
        <ele>43.546015</ele>
        <time>2026-03-25T13:31:02.178Z</time>
      </trkpt>
      <trkpt lat="44.727316" lon="14.820306">
        <ele>44.968882</ele>
        <time>2026-03-25T13:31:14.616Z</time>
      </trkpt>
      <trkpt lat="44.727370" lon="14.820801">
        <ele>48.081050</ele>
        <time>2026-03-25T13:31:38.016Z</time>
      </trkpt>
      <trkpt lat="44.727286" lon="14.821201">
        <ele>50.673117</ele>
        <time>2026-03-25T13:31:57.762Z</time>
      </trkpt>
      <trkpt lat="44.727331" lon="14.821409">
        <ele>52.024310</ele>
        <time>2026-03-25T13:32:08.780Z</time>
      </trkpt>
      <trkpt lat="44.727438" lon="14.821684">
        <ele>53.972763</ele>
        <time>2026-03-25T13:32:25.646Z</time>
      </trkpt>
      <trkpt lat="44.727464" lon="14.821751">
        <ele>54.447186</ele>
        <time>2026-03-25T13:32:29.836Z</time>
      </trkpt>
      <trkpt lat="44.727593" lon="14.822248">
        <ele>57.735383</ele>
        <time>2026-03-25T13:32:59.858Z</time>
      </trkpt>
      <trkpt lat="44.727480" lon="14.822779">
        <ele>61.286827</ele>
        <time>2026-03-25T13:33:34.692Z</time>
      </trkpt>
      <trkpt lat="44.727503" lon="14.823303">
        <ele>65.002545</ele>
        <time>2026-03-25T13:34:09.173Z</time>
      </trkpt>
      <trkpt lat="44.727417" lon="14.823601">
        <ele>67.279024</ele>
        <time>2026-03-25T13:34:28.982Z</time>
      </trkpt>
      <trkpt lat="44.727447" lon="14.823638">
        <ele>67.676380</ele>
        <time>2026-03-25T13:34:32.388Z</time>
      </trkpt>
      <trkpt lat="44.727497" lon="14.824227">
        <ele>71.874723</ele>
        <time>2026-03-25T13:35:08.092Z</time>
      </trkpt>
      <trkpt lat="44.727582" lon="14.824593">
        <ele>74.599998</ele>
        <time>2026-03-25T13:35:31.237Z</time>
      </trkpt>
      <trkpt lat="44.727659" lon="14.824687">
        <ele>75.615382</ele>
        <time>2026-03-25T13:35:39.543Z</time>
      </trkpt>
      <trkpt lat="44.727919" lon="14.824696">
        <ele>78.206266</ele>
        <time>2026-03-25T13:35:59.832Z</time>
      </trkpt>
      <trkpt lat="44.727962" lon="14.824677">
        <ele>78.398203</ele>
        <time>2026-03-25T13:36:03.221Z</time>
      </trkpt>
      <trkpt lat="44.728018" lon="14.824760">
        <ele>78.569357</ele>
        <time>2026-03-25T13:36:09.031Z</time>
      </trkpt>
      <trkpt lat="44.728246" lon="14.825450">
        <ele>79.707224</ele>
        <time>2026-03-25T13:36:38.138Z</time>
      </trkpt>
      <trkpt lat="44.728659" lon="14.825538">
        <ele>80.586351</ele>
        <time>2026-03-25T13:36:53.159Z</time>
      </trkpt>
      <trkpt lat="44.728764" lon="14.825416">
        <ele>80.872906</ele>
        <time>2026-03-25T13:36:57.579Z</time>
      </trkpt>
      <trkpt lat="44.728810" lon="14.825084">
        <ele>81.378680</ele>
        <time>2026-03-25T13:37:04.706Z</time>
      </trkpt>
      <trkpt lat="44.728846" lon="14.824975">
        <ele>81.558413</ele>
        <time>2026-03-25T13:37:07.185Z</time>
      </trkpt>
      <trkpt lat="44.729044" lon="14.824874">
        <ele>82.001656</ele>
        <time>2026-03-25T13:37:13.027Z</time>
      </trkpt>
      <trkpt lat="44.729253" lon="14.824658">
        <ele>82.092691</ele>
        <time>2026-03-25T13:37:20.070Z</time>
      </trkpt>
      <trkpt lat="44.729445" lon="14.824577">
        <ele>82.071042</ele>
        <time>2026-03-25T13:37:25.521Z</time>
      </trkpt>
      <trkpt lat="44.729635" lon="14.824461">
        <ele>82.048673</ele>
        <time>2026-03-25T13:37:31.350Z</time>
      </trkpt>
      <trkpt lat="44.729678" lon="14.824461">
        <ele>82.044029</ele>
        <time>2026-03-25T13:37:32.634Z</time>
      </trkpt>
      <trkpt lat="44.729727" lon="14.824515">
        <ele>82.037307</ele>
        <time>2026-03-25T13:37:34.465Z</time>
      </trkpt>
      <trkpt lat="44.729892" lon="14.825285">
        <ele>81.975594</ele>
        <time>2026-03-25T13:37:53.808Z</time>
      </trkpt>
      <trkpt lat="44.729950" lon="14.825698">
        <ele>81.943291</ele>
        <time>2026-03-25T13:38:05.671Z</time>
      </trkpt>
      <trkpt lat="44.729997" lon="14.825828">
        <ele>81.932098</ele>
        <time>2026-03-25T13:38:10.014Z</time>
      </trkpt>
      <trkpt lat="44.730064" lon="14.825919">
        <ele>81.922042</ele>
        <time>2026-03-25T13:38:13.874Z</time>
      </trkpt>
      <trkpt lat="44.730176" lon="14.825974">
        <ele>81.931219</ele>
        <time>2026-03-25T13:38:18.673Z</time>
      </trkpt>
      <trkpt lat="44.730423" lon="14.825976">
        <ele>81.956057</ele>
        <time>2026-03-25T13:38:27.669Z</time>
      </trkpt>
      <trkpt lat="44.730454" lon="14.826060">
        <ele>81.962819</ele>
        <time>2026-03-25T13:38:30.045Z</time>
      </trkpt>
      <trkpt lat="44.730534" lon="14.826788">
        <ele>82.015444</ele>
        <time>2026-03-25T13:38:45.963Z</time>
      </trkpt>
      <trkpt lat="44.730608" lon="14.826861">
        <ele>82.024531</ele>
        <time>2026-03-25T13:38:48.629Z</time>
      </trkpt>
      <trkpt lat="44.730704" lon="14.826860">
        <ele>82.034185</ele>
        <time>2026-03-25T13:38:51.350Z</time>
      </trkpt>
      <trkpt lat="44.730734" lon="14.826863">
        <ele>82.037209</ele>
        <time>2026-03-25T13:38:52.274Z</time>
      </trkpt>
      <trkpt lat="44.730758" lon="14.826824">
        <ele>82.040895</ele>
        <time>2026-03-25T13:38:53.366Z</time>
      </trkpt>
      <trkpt lat="44.730781" lon="14.826725">
        <ele>82.048336</ele>
        <time>2026-03-25T13:38:55.545Z</time>
      </trkpt>
      <trkpt lat="44.731031" lon="14.826204">
        <ele>82.093249</ele>
        <time>2026-03-25T13:39:10.443Z</time>
      </trkpt>
      <trkpt lat="44.731347" lon="14.825877">
        <ele>82.044672</ele>
        <time>2026-03-25T13:39:23.070Z</time>
      </trkpt>
      <trkpt lat="44.731432" lon="14.825792">
        <ele>82.025585</ele>
        <time>2026-03-25T13:39:26.170Z</time>
      </trkpt>
      <trkpt lat="44.731527" lon="14.825760">
        <ele>82.007702</ele>
        <time>2026-03-25T13:39:29.254Z</time>
      </trkpt>
      <trkpt lat="44.731675" lon="14.826035">
        <ele>81.962834</ele>
        <time>2026-03-25T13:39:37.282Z</time>
      </trkpt>
      <trkpt lat="44.731761" lon="14.826213">
        <ele>81.934839</ele>
        <time>2026-03-25T13:39:42.597Z</time>
      </trkpt>
      <trkpt lat="44.731880" lon="14.826191">
        <ele>81.912867</ele>
        <time>2026-03-25T13:39:46.578Z</time>
      </trkpt>
      <trkpt lat="44.732206" lon="14.825997">
        <ele>81.848073</ele>
        <time>2026-03-25T13:39:58.455Z</time>
      </trkpt>
      <trkpt lat="44.732324" lon="14.826020">
        <ele>81.826265</ele>
        <time>2026-03-25T13:40:02.225Z</time>
      </trkpt>
      <trkpt lat="44.732487" lon="14.825931">
        <ele>81.794259</ele>
        <time>2026-03-25T13:40:07.480Z</time>
      </trkpt>
      <trkpt lat="44.732607" lon="14.825928">
        <ele>81.772288</ele>
        <time>2026-03-25T13:40:10.909Z</time>
      </trkpt>
      <trkpt lat="44.732732" lon="14.825886">
        <ele>81.507108</ele>
        <time>2026-03-25T13:40:14.519Z</time>
      </trkpt>
      <trkpt lat="44.732749" lon="14.825810">
        <ele>81.389963</ele>
        <time>2026-03-25T13:40:16.071Z</time>
      </trkpt>
      <trkpt lat="44.732707" lon="14.825581">
        <ele>81.042241</ele>
        <time>2026-03-25T13:40:20.572Z</time>
      </trkpt>
      <trkpt lat="44.732861" lon="14.825118">
        <ele>80.290609</ele>
        <time>2026-03-25T13:40:30.768Z</time>
      </trkpt>
      <trkpt lat="44.732747" lon="14.825006">
        <ele>80.002897</ele>
        <time>2026-03-25T13:40:34.753Z</time>
      </trkpt>
      <trkpt lat="44.732727" lon="14.824920">
        <ele>79.869855</ele>
        <time>2026-03-25T13:40:36.652Z</time>
      </trkpt>
      <trkpt lat="44.732871" lon="14.824688">
        <ele>79.416909</ele>
        <time>2026-03-25T13:40:42.981Z</time>
      </trkpt>
      <trkpt lat="44.732971" lon="14.824412">
        <ele>78.961399</ele>
        <time>2026-03-25T13:40:49.002Z</time>
      </trkpt>
      <trkpt lat="44.733136" lon="14.824403">
        <ele>78.619662</ele>
        <time>2026-03-25T13:40:53.382Z</time>
      </trkpt>
      <trkpt lat="44.733292" lon="14.824297">
        <ele>78.261162</ele>
        <time>2026-03-25T13:40:57.877Z</time>
      </trkpt>
      <trkpt lat="44.733634" lon="14.823884">
        <ele>75.452137</ele>
        <time>2026-03-25T13:41:09.090Z</time>
      </trkpt>
      <trkpt lat="44.733589" lon="14.823772">
        <ele>74.770732</ele>
        <time>2026-03-25T13:41:11.269Z</time>
      </trkpt>
      <trkpt lat="44.733468" lon="14.823614">
        <ele>73.540405</ele>
        <time>2026-03-25T13:41:15.159Z</time>
      </trkpt>
      <trkpt lat="44.733344" lon="14.823388">
        <ele>72.028175</ele>
        <time>2026-03-25T13:41:19.762Z</time>
      </trkpt>
      <trkpt lat="44.733323" lon="14.823214">
        <ele>71.093525</ele>
        <time>2026-03-25T13:41:22.515Z</time>
      </trkpt>
      <trkpt lat="44.733292" lon="14.823151">
        <ele>70.687679</ele>
        <time>2026-03-25T13:41:23.714Z</time>
      </trkpt>
      <trkpt lat="44.733134" lon="14.822978">
        <ele>69.195496</ele>
        <time>2026-03-25T13:41:28.026Z</time>
      </trkpt>
      <trkpt lat="44.732724" lon="14.822740">
        <ele>65.889435</ele>
        <time>2026-03-25T13:41:37.395Z</time>
      </trkpt>
      <trkpt lat="44.732551" lon="14.822686">
        <ele>64.581614</ele>
        <time>2026-03-25T13:41:41.205Z</time>
      </trkpt>
      <trkpt lat="44.732425" lon="14.822596">
        <ele>63.717667</ele>
        <time>2026-03-25T13:41:44.322Z</time>
      </trkpt>
      <trkpt lat="44.732373" lon="14.822466">
        <ele>63.069612</ele>
        <time>2026-03-25T13:41:46.647Z</time>
      </trkpt>
      <trkpt lat="44.732356" lon="14.822028">
        <ele>61.164191</ele>
        <time>2026-03-25T13:41:53.644Z</time>
      </trkpt>
      <trkpt lat="44.732268" lon="14.821731">
        <ele>59.766366</ele>
        <time>2026-03-25T13:41:58.875Z</time>
      </trkpt>
      <trkpt lat="44.732351" lon="14.821555">
        <ele>58.848739</ele>
        <time>2026-03-25T13:42:02.367Z</time>
      </trkpt>
      <trkpt lat="44.732500" lon="14.821481">
        <ele>57.882627</ele>
        <time>2026-03-25T13:42:06.125Z</time>
      </trkpt>
      <trkpt lat="44.732549" lon="14.821393">
        <ele>57.396946</ele>
        <time>2026-03-25T13:42:08.043Z</time>
      </trkpt>
      <trkpt lat="44.732613" lon="14.820855">
        <ele>55.027453</ele>
        <time>2026-03-25T13:42:17.572Z</time>
      </trkpt>
      <trkpt lat="44.732704" lon="14.820097">
        <ele>53.291052</ele>
        <time>2026-03-25T13:42:31.911Z</time>
      </trkpt>
      <trkpt lat="44.732639" lon="14.819918">
        <ele>53.133579</ele>
        <time>2026-03-25T13:42:35.622Z</time>
      </trkpt>
      <trkpt lat="44.732424" lon="14.819625">
        <ele>52.803607</ele>
        <time>2026-03-25T13:42:43.434Z</time>
      </trkpt>
      <trkpt lat="44.732274" lon="14.819286">
        <ele>52.490758</ele>
        <time>2026-03-25T13:42:51.213Z</time>
      </trkpt>
      <trkpt lat="44.732203" lon="14.818865">
        <ele>52.151807</ele>
        <time>2026-03-25T13:43:00.340Z</time>
      </trkpt>
      <trkpt lat="44.732124" lon="14.818580">
        <ele>51.912163</ele>
        <time>2026-03-25T13:43:07.763Z</time>
      </trkpt>
      <trkpt lat="44.732047" lon="14.818368">
        <ele>51.725649</ele>
        <time>2026-03-25T13:43:14.540Z</time>
      </trkpt>
      <trkpt lat="44.731955" lon="14.818247">
        <ele>51.978005</ele>
        <time>2026-03-25T13:43:20.082Z</time>
      </trkpt>
      <trkpt lat="44.731933" lon="14.818178">
        <ele>52.233729</ele>
        <time>2026-03-25T13:43:22.585Z</time>
      </trkpt>
      <trkpt lat="44.731923" lon="14.817965">
        <ele>52.955498</ele>
        <time>2026-03-25T13:43:30.046Z</time>
      </trkpt>
      <trkpt lat="44.731963" lon="14.817840">
        <ele>53.419049</ele>
        <time>2026-03-25T13:43:35.105Z</time>
      </trkpt>
      <trkpt lat="44.732147" lon="14.817600">
        <ele>54.612976</ele>
        <time>2026-03-25T13:43:49.200Z</time>
      </trkpt>
      <trkpt lat="44.732301" lon="14.817542">
        <ele>55.371727</ele>
        <time>2026-03-25T13:43:58.902Z</time>
      </trkpt>
      <trkpt lat="44.732522" lon="14.817609">
        <ele>56.447704</ele>
        <time>2026-03-25T13:44:13.167Z</time>
      </trkpt>
      <trkpt lat="44.732962" lon="14.818327">
        <ele>59.653835</ele>
        <time>2026-03-25T13:44:56.835Z</time>
      </trkpt>
      <trkpt lat="44.733047" lon="14.818385">
        <ele>60.103421</ele>
        <time>2026-03-25T13:45:02.648Z</time>
      </trkpt>
      <trkpt lat="44.733129" lon="14.818357">
        <ele>60.107292</ele>
        <time>2026-03-25T13:45:07.678Z</time>
      </trkpt>
      <trkpt lat="44.733378" lon="14.818059">
        <ele>59.483677</ele>
        <time>2026-03-25T13:45:25.080Z</time>
      </trkpt>
      <trkpt lat="44.733438" lon="14.817998">
        <ele>59.342455</ele>
        <time>2026-03-25T13:45:28.496Z</time>
      </trkpt>
      <trkpt lat="44.733731" lon="14.817903">
        <ele>58.768748</ele>
        <time>2026-03-25T13:45:40.119Z</time>
      </trkpt>
      <trkpt lat="44.734011" lon="14.817581">
        <ele>58.078865</ele>
        <time>2026-03-25T13:45:50.169Z</time>
      </trkpt>
      <trkpt lat="44.734055" lon="14.817488">
        <ele>57.927408</ele>
        <time>2026-03-25T13:45:52.131Z</time>
      </trkpt>
      <trkpt lat="44.734058" lon="14.817413">
        <ele>57.825587</ele>
        <time>2026-03-25T13:45:53.427Z</time>
      </trkpt>
      <trkpt lat="44.734038" lon="14.817343">
        <ele>57.723317</ele>
        <time>2026-03-25T13:45:54.692Z</time>
      </trkpt>
      <trkpt lat="44.733824" lon="14.816999">
        <ele>57.103517</ele>
        <time>2026-03-25T13:46:02.078Z</time>
      </trkpt>
      <trkpt lat="44.733671" lon="14.816574">
        <ele>54.818917</ele>
        <time>2026-03-25T13:46:09.321Z</time>
      </trkpt>
      <trkpt lat="44.733620" lon="14.816351">
        <ele>52.931347</ele>
        <time>2026-03-25T13:46:12.794Z</time>
      </trkpt>
      <trkpt lat="44.733449" lon="14.816084">
        <ele>50.034873</ele>
        <time>2026-03-25T13:46:18.071Z</time>
      </trkpt>
      <trkpt lat="44.733366" lon="14.815999">
        <ele>48.870723</ele>
        <time>2026-03-25T13:46:20.180Z</time>
      </trkpt>
      <trkpt lat="44.733145" lon="14.815857">
        <ele>46.115370</ele>
        <time>2026-03-25T13:46:25.177Z</time>
      </trkpt>
      <trkpt lat="44.733093" lon="14.815627">
        <ele>44.170610</ele>
        <time>2026-03-25T13:46:28.733Z</time>
      </trkpt>
      <trkpt lat="44.733018" lon="14.815480">
        <ele>42.712374</ele>
        <time>2026-03-25T13:46:31.394Z</time>
      </trkpt>
      <trkpt lat="44.732705" lon="14.815106">
        <ele>38.055812</ele>
        <time>2026-03-25T13:46:39.996Z</time>
      </trkpt>
      <trkpt lat="44.732683" lon="14.815052">
        <ele>37.554244</ele>
        <time>2026-03-25T13:46:40.929Z</time>
      </trkpt>
      <trkpt lat="44.732687" lon="14.814862">
        <ele>36.113425</ele>
        <time>2026-03-25T13:46:43.791Z</time>
      </trkpt>
      <trkpt lat="44.732827" lon="14.814671">
        <ele>34.449996</ele>
        <time>2026-03-25T13:46:47.952Z</time>
      </trkpt>
      <trkpt lat="44.732856" lon="14.814554">
        <ele>33.698921</ele>
        <time>2026-03-25T13:46:49.864Z</time>
      </trkpt>
      <trkpt lat="44.732853" lon="14.814400">
        <ele>32.765160</ele>
        <time>2026-03-25T13:46:52.247Z</time>
      </trkpt>
      <trkpt lat="44.732792" lon="14.814180">
        <ele>31.333746</ele>
        <time>2026-03-25T13:46:55.937Z</time>
      </trkpt>
      <trkpt lat="44.732568" lon="14.813885">
        <ele>28.716566</ele>
        <time>2026-03-25T13:47:02.706Z</time>
      </trkpt>
      <trkpt lat="44.732489" lon="14.813816">
        <ele>27.923331</ele>
        <time>2026-03-25T13:47:04.787Z</time>
      </trkpt>
      <trkpt lat="44.732441" lon="14.813679">
        <ele>26.997455</ele>
        <time>2026-03-25T13:47:07.204Z</time>
      </trkpt>
      <trkpt lat="44.732301" lon="14.813508">
        <ele>25.415990</ele>
        <time>2026-03-25T13:47:11.347Z</time>
      </trkpt>
      <trkpt lat="44.732231" lon="14.813294">
        <ele>23.988006</ele>
        <time>2026-03-25T13:47:15.122Z</time>
      </trkpt>
      <trkpt lat="44.732176" lon="14.813128">
        <ele>22.877801</ele>
        <time>2026-03-25T13:47:18.033Z</time>
      </trkpt>
      <trkpt lat="44.732161" lon="14.813085">
        <ele>22.587444</ele>
        <time>2026-03-25T13:47:18.489Z</time>
      </trkpt>
      <trkpt lat="44.732094" lon="14.812884">
        <ele>21.241700</ele>
        <time>2026-03-25T13:47:20.573Z</time>
      </trkpt>
      <trkpt lat="44.732028" lon="14.812532">
        <ele>19.550229</ele>
        <time>2026-03-25T13:47:24.048Z</time>
      </trkpt>
      <trkpt lat="44.731924" lon="14.812340">
        <ele>18.462250</ele>
        <time>2026-03-25T13:47:26.395Z</time>
      </trkpt>
      <trkpt lat="44.731842" lon="14.812196">
        <ele>17.630636</ele>
        <time>2026-03-25T13:47:28.181Z</time>
      </trkpt>
      <trkpt lat="44.731802" lon="14.812194">
        <ele>17.376755</ele>
        <time>2026-03-25T13:47:28.746Z</time>
      </trkpt>
      <trkpt lat="44.731631" lon="14.811889">
        <ele>15.625932</ele>
        <time>2026-03-25T13:47:32.500Z</time>
      </trkpt>
      <trkpt lat="44.731610" lon="14.811911">
        <ele>15.459887</ele>
        <time>2026-03-25T13:47:32.837Z</time>
      </trkpt>
      <trkpt lat="44.731585" lon="14.811821">
        <ele>15.024434</ele>
        <time>2026-03-25T13:47:33.722Z</time>
      </trkpt>
      <trkpt lat="44.731664" lon="14.811381">
        <ele>12.979385</ele>
        <time>2026-03-25T13:47:37.867Z</time>
      </trkpt>
      <trkpt lat="44.731736" lon="14.811180">
        <ele>11.965024</ele>
        <time>2026-03-25T13:47:39.936Z</time>
      </trkpt>
      <trkpt lat="44.731759" lon="14.811059">
        <ele>11.400601</ele>
        <time>2026-03-25T13:47:41.093Z</time>
      </trkpt>
      <trkpt lat="44.731774" lon="14.810651">
        <ele>9.582513</ele>
        <time>2026-03-25T13:47:44.860Z</time>
      </trkpt>
      <trkpt lat="44.731738" lon="14.810445">
        <ele>8.920319</ele>
        <time>2026-03-25T13:47:46.819Z</time>
      </trkpt>
      <trkpt lat="44.731753" lon="14.810196">
        <ele>8.140283</ele>
        <time>2026-03-25T13:47:49.114Z</time>
      </trkpt>
      <trkpt lat="44.731761" lon="14.810142">
        <ele>7.968097</ele>
        <time>2026-03-25T13:47:49.625Z</time>
      </trkpt>
      <trkpt lat="44.731777" lon="14.809931">
        <ele>7.305725</ele>
        <time>2026-03-25T13:47:51.592Z</time>
      </trkpt>
      <trkpt lat="44.731697" lon="14.809014">
        <ele>4.421830</ele>
        <time>2026-03-25T13:48:00.412Z</time>
      </trkpt>
      <trkpt lat="44.731752" lon="14.808601">
        <ele>3.110205</ele>
        <time>2026-03-25T13:48:04.625Z</time>
      </trkpt>
      <trkpt lat="44.731887" lon="14.808590">
        <ele>2.516035</ele>
        <time>2026-03-25T13:48:06.575Z</time>
      </trkpt>
      <trkpt lat="44.732031" lon="14.808596">
        <ele>1.883035</ele>
        <time>2026-03-25T13:48:08.712Z</time>
      </trkpt>
      <trkpt lat="44.732266" lon="14.808619">
        <ele>1.669578</ele>
        <time>2026-03-25T13:48:12.308Z</time>
      </trkpt>
      <trkpt lat="44.732414" lon="14.808611">
        <ele>1.624301</ele>
        <time>2026-03-25T13:48:14.670Z</time>
      </trkpt>
      <trkpt lat="44.732565" lon="14.808472">
        <ele>1.569147</ele>
        <time>2026-03-25T13:48:17.679Z</time>
      </trkpt>
      <trkpt lat="44.732633" lon="14.808350">
        <ele>1.535471</ele>
        <time>2026-03-25T13:48:19.598Z</time>
      </trkpt>
      <trkpt lat="44.732686" lon="14.808254">
        <ele>1.509067</ele>
        <time>2026-03-25T13:48:21.164Z</time>
      </trkpt>
      <trkpt lat="44.732802" lon="14.808000">
        <ele>1.443492</ele>
        <time>2026-03-25T13:48:25.222Z</time>
      </trkpt>
      <trkpt lat="44.732860" lon="14.807815">
        <ele>1.399577</ele>
        <time>2026-03-25T13:48:27.975Z</time>
      </trkpt>
      <trkpt lat="44.733014" lon="14.807327">
        <ele>1.283614</ele>
        <time>2026-03-25T13:48:35.699Z</time>
      </trkpt>
      <trkpt lat="44.733054" lon="14.807049">
        <ele>1.222016</ele>
        <time>2026-03-25T13:48:40.423Z</time>
      </trkpt>
      <trkpt lat="44.733065" lon="14.806977">
        <ele>1.206023</ele>
        <time>2026-03-25T13:48:41.767Z</time>
      </trkpt>
      <trkpt lat="44.733094" lon="14.806792">
        <ele>1.334898</ele>
        <time>2026-03-25T13:48:45.453Z</time>
      </trkpt>
      <trkpt lat="44.733106" lon="14.806738">
        <ele>1.450842</ele>
        <time>2026-03-25T13:48:46.659Z</time>
      </trkpt>
      <trkpt lat="44.733142" lon="14.806489">
        <ele>1.971548</ele>
        <time>2026-03-25T13:48:52.413Z</time>
      </trkpt>
      <trkpt lat="44.733247" lon="14.806263">
        <ele>2.524912</ele>
        <time>2026-03-25T13:48:58.992Z</time>
      </trkpt>
      <trkpt lat="44.733406" lon="14.805938">
        <ele>3.333546</ele>
        <time>2026-03-25T13:49:08.901Z</time>
      </trkpt>
      <trkpt lat="44.733463" lon="14.805815">
        <ele>3.634482</ele>
        <time>2026-03-25T13:49:12.721Z</time>
      </trkpt>
      <trkpt lat="44.733518" lon="14.805676">
        <ele>3.960521</ele>
        <time>2026-03-25T13:49:16.953Z</time>
      </trkpt>
      <trkpt lat="44.733551" lon="14.805591">
        <ele>4.159014</ele>
        <time>2026-03-25T13:49:19.639Z</time>
      </trkpt>
      <trkpt lat="44.733597" lon="14.805473">
        <ele>4.434831</ele>
        <time>2026-03-25T13:49:23.229Z</time>
      </trkpt>
      <trkpt lat="44.733708" lon="14.805174">
        <ele>5.126149</ele>
        <time>2026-03-25T13:49:32.013Z</time>
      </trkpt>
      <trkpt lat="44.733765" lon="14.804995">
        <ele>5.528115</ele>
        <time>2026-03-25T13:49:36.863Z</time>
      </trkpt>
      <trkpt lat="44.733824" lon="14.804811">
        <ele>5.941790</ele>
        <time>2026-03-25T13:49:42.089Z</time>
      </trkpt>
      <trkpt lat="44.733889" lon="14.804607">
        <ele>6.400917</ele>
        <time>2026-03-25T13:49:48.113Z</time>
      </trkpt>
      <trkpt lat="44.733916" lon="14.804527">
        <ele>6.588223</ele>
        <time>2026-03-25T13:49:50.559Z</time>
      </trkpt>
      <trkpt lat="44.733991" lon="14.804308">
        <ele>7.102373</ele>
        <time>2026-03-25T13:49:57.388Z</time>
      </trkpt>
      <trkpt lat="44.734042" lon="14.804177">
        <ele>7.418285</ele>
        <time>2026-03-25T13:50:01.605Z</time>
      </trkpt>
      <trkpt lat="44.734055" lon="14.804147">
        <ele>7.492601</ele>
        <time>2026-03-25T13:50:02.599Z</time>
      </trkpt>
      <trkpt lat="44.734168" lon="14.803895">
        <ele>8.122819</ele>
        <time>2026-03-25T13:50:11.555Z</time>
      </trkpt>
      <trkpt lat="44.734186" lon="14.803855">
        <ele>8.222955</ele>
        <time>2026-03-25T13:50:12.776Z</time>
      </trkpt>
      <trkpt lat="44.734241" lon="14.803738">
        <ele>8.519654</ele>
        <time>2026-03-25T13:50:16.307Z</time>
      </trkpt>
      <trkpt lat="44.734265" lon="14.803687">
        <ele>8.649026</ele>
        <time>2026-03-25T13:50:17.843Z</time>
      </trkpt>
      <trkpt lat="44.734287" lon="14.803640">
        <ele>8.768058</ele>
        <time>2026-03-25T13:50:19.227Z</time>
      </trkpt>
      <trkpt lat="44.734491" lon="14.803219">
        <ele>9.845783</ele>
        <time>2026-03-25T13:50:31.735Z</time>
      </trkpt>
      <trkpt lat="44.734516" lon="14.803180">
        <ele>9.956874</ele>
        <time>2026-03-25T13:50:32.991Z</time>
      </trkpt>
      <trkpt lat="44.734686" lon="14.802914">
        <ele>10.713552</ele>
        <time>2026-03-25T13:50:41.346Z</time>
      </trkpt>
      <trkpt lat="44.734821" lon="14.802704">
        <ele>11.312503</ele>
        <time>2026-03-25T13:50:48.037Z</time>
      </trkpt>
      <trkpt lat="44.734980" lon="14.802477">
        <ele>11.745816</ele>
        <time>2026-03-25T13:50:55.992Z</time>
      </trkpt>
      <trkpt lat="44.735103" lon="14.802350">
        <ele>11.783505</ele>
        <time>2026-03-25T13:51:01.440Z</time>
      </trkpt>
      <trkpt lat="44.735267" lon="14.802180">
        <ele>11.833827</ele>
        <time>2026-03-25T13:51:07.811Z</time>
      </trkpt>
      <trkpt lat="44.735408" lon="14.802048">
        <ele>11.875666</ele>
        <time>2026-03-25T13:51:12.120Z</time>
      </trkpt>
      <trkpt lat="44.735451" lon="14.802007">
        <ele>11.888498</ele>
        <time>2026-03-25T13:51:13.297Z</time>
      </trkpt>
      <trkpt lat="44.735622" lon="14.801845">
        <ele>11.939426</ele>
        <time>2026-03-25T13:51:17.337Z</time>
      </trkpt>
      <trkpt lat="44.735722" lon="14.801736">
        <ele>11.970675</ele>
        <time>2026-03-25T13:51:19.703Z</time>
      </trkpt>
      <trkpt lat="44.735744" lon="14.801707">
        <ele>11.978122</ele>
        <time>2026-03-25T13:51:20.286Z</time>
      </trkpt>
      <trkpt lat="44.735772" lon="14.801657">
        <ele>11.989297</ele>
        <time>2026-03-25T13:51:21.119Z</time>
      </trkpt>
      <trkpt lat="44.735864" lon="14.801497">
        <ele>12.025426</ele>
        <time>2026-03-25T13:51:23.893Z</time>
      </trkpt>
      <trkpt lat="44.735910" lon="14.801347">
        <ele>12.054102</ele>
        <time>2026-03-25T13:51:26.090Z</time>
      </trkpt>
      <trkpt lat="44.735981" lon="14.801115">
        <ele>12.098440</ele>
        <time>2026-03-25T13:51:29.400Z</time>
      </trkpt>
      <trkpt lat="44.736030" lon="14.800918">
        <ele>12.135075</ele>
        <time>2026-03-25T13:51:32.084Z</time>
      </trkpt>
      <trkpt lat="44.736111" lon="14.800582">
        <ele>11.900141</ele>
        <time>2026-03-25T13:51:36.409Z</time>
      </trkpt>
      <trkpt lat="44.736297" lon="14.800390">
        <ele>11.371550</ele>
        <time>2026-03-25T13:51:39.906Z</time>
      </trkpt>
      <trkpt lat="44.736466" lon="14.800306">
        <ele>10.960807</ele>
        <time>2026-03-25T13:51:42.559Z</time>
      </trkpt>
      <trkpt lat="44.736515" lon="14.800276">
        <ele>10.838350</ele>
        <time>2026-03-25T13:51:43.338Z</time>
      </trkpt>
      <trkpt lat="44.736689" lon="14.800151">
        <ele>10.390658</ele>
        <time>2026-03-25T13:51:46.184Z</time>
      </trkpt>
      <trkpt lat="44.736784" lon="14.800086">
        <ele>10.148586</ele>
        <time>2026-03-25T13:51:47.740Z</time>
      </trkpt>
      <trkpt lat="44.737107" lon="14.799856">
        <ele>9.319033</ele>
        <time>2026-03-25T13:51:53.234Z</time>
      </trkpt>
      <trkpt lat="44.737174" lon="14.799818">
        <ele>9.153490</ele>
        <time>2026-03-25T13:51:54.379Z</time>
      </trkpt>
      <trkpt lat="44.737286" lon="14.799725">
        <ele>8.855487</ele>
        <time>2026-03-25T13:51:56.379Z</time>
      </trkpt>
      <trkpt lat="44.737421" lon="14.799600">
        <ele>8.485174</ele>
        <time>2026-03-25T13:51:58.835Z</time>
      </trkpt>
      <trkpt lat="44.737499" lon="14.799525">
        <ele>8.268698</ele>
        <time>2026-03-25T13:52:00.228Z</time>
      </trkpt>
      <trkpt lat="44.737626" lon="14.799413">
        <ele>7.961305</ele>
        <time>2026-03-25T13:52:02.410Z</time>
      </trkpt>
      <trkpt lat="44.737673" lon="14.799386">
        <ele>7.879609</ele>
        <time>2026-03-25T13:52:03.151Z</time>
      </trkpt>
      <trkpt lat="44.737864" lon="14.799216">
        <ele>7.515939</ele>
        <time>2026-03-25T13:52:06.438Z</time>
      </trkpt>
      <trkpt lat="44.737904" lon="14.799182">
        <ele>7.440740</ele>
        <time>2026-03-25T13:52:07.133Z</time>
      </trkpt>
      <trkpt lat="44.738146" lon="14.798963">
        <ele>6.977748</ele>
        <time>2026-03-25T13:52:11.467Z</time>
      </trkpt>
      <trkpt lat="44.738253" lon="14.798868">
        <ele>6.774161</ele>
        <time>2026-03-25T13:52:13.407Z</time>
      </trkpt>
      <trkpt lat="44.738278" lon="14.798850">
        <ele>6.728970</ele>
        <time>2026-03-25T13:52:13.843Z</time>
      </trkpt>
      <trkpt lat="44.738476" lon="14.798674">
        <ele>6.352113</ele>
        <time>2026-03-25T13:52:17.522Z</time>
      </trkpt>
      <trkpt lat="44.738613" lon="14.798547">
        <ele>6.088123</ele>
        <time>2026-03-25T13:52:20.161Z</time>
      </trkpt>
      <trkpt lat="44.738754" lon="14.798421">
        <ele>5.819348</ele>
        <time>2026-03-25T13:52:22.884Z</time>
      </trkpt>
      <trkpt lat="44.738969" lon="14.798070">
        <ele>5.289512</ele>
        <time>2026-03-25T13:52:28.384Z</time>
      </trkpt>
      <trkpt lat="44.738989" lon="14.798028">
        <ele>5.231708</ele>
        <time>2026-03-25T13:52:29.044Z</time>
      </trkpt>
      <trkpt lat="44.739126" lon="14.797719">
        <ele>5.301604</ele>
        <time>2026-03-25T13:52:34.116Z</time>
      </trkpt>
      <trkpt lat="44.739362" lon="14.797218">
        <ele>5.607935</ele>
        <time>2026-03-25T13:52:45.232Z</time>
      </trkpt>
      <trkpt lat="44.739486" lon="14.797042">
        <ele>5.734253</ele>
        <time>2026-03-25T13:52:50.137Z</time>
      </trkpt>
      <trkpt lat="44.739596" lon="14.796949">
        <ele>5.826302</ele>
        <time>2026-03-25T13:52:53.622Z</time>
      </trkpt>
      <trkpt lat="44.739675" lon="14.796894">
        <ele>5.889526</ele>
        <time>2026-03-25T13:52:56.055Z</time>
      </trkpt>
      <trkpt lat="44.740003" lon="14.796715">
        <ele>6.141888</ele>
        <time>2026-03-25T13:53:04.913Z</time>
      </trkpt>
      <trkpt lat="44.740177" lon="14.796613">
        <ele>6.277102</ele>
        <time>2026-03-25T13:53:09.127Z</time>
      </trkpt>
      <trkpt lat="44.740234" lon="14.796558">
        <ele>6.326675</ele>
        <time>2026-03-25T13:53:10.605Z</time>
      </trkpt>
      <trkpt lat="44.740488" lon="14.796321">
        <ele>6.365181</ele>
        <time>2026-03-25T13:53:16.839Z</time>
      </trkpt>
      <trkpt lat="44.740819" lon="14.796057">
        <ele>6.162250</ele>
        <time>2026-03-25T13:53:24.044Z</time>
      </trkpt>
      <trkpt lat="44.740863" lon="14.795993">
        <ele>6.128502</ele>
        <time>2026-03-25T13:53:25.135Z</time>
      </trkpt>
      <trkpt lat="44.741058" lon="14.795758">
        <ele>5.991578</ele>
        <time>2026-03-25T13:53:29.368Z</time>
      </trkpt>
      <trkpt lat="44.741184" lon="14.795643">
        <ele>5.911478</ele>
        <time>2026-03-25T13:53:31.762Z</time>
      </trkpt>
      <trkpt lat="44.741641" lon="14.795205">
        <ele>5.616573</ele>
        <time>2026-03-25T13:53:40.674Z</time>
      </trkpt>
      <trkpt lat="44.741682" lon="14.795117">
        <ele>5.576698</ele>
        <time>2026-03-25T13:53:41.943Z</time>
      </trkpt>
      <trkpt lat="44.741729" lon="14.795024">
        <ele>5.533452</ele>
        <time>2026-03-25T13:53:43.375Z</time>
      </trkpt>
      <trkpt lat="44.741750" lon="14.794987">
        <ele>5.515508</ele>
        <time>2026-03-25T13:53:43.965Z</time>
      </trkpt>
      <trkpt lat="44.741989" lon="14.794571">
        <ele>5.925408</ele>
        <time>2026-03-25T13:53:52.210Z</time>
      </trkpt>
      <trkpt lat="44.742216" lon="14.794251">
        <ele>6.372469</ele>
        <time>2026-03-25T13:54:00.602Z</time>
      </trkpt>
      <trkpt lat="44.742271" lon="14.794187">
        <ele>6.471774</ele>
        <time>2026-03-25T13:54:02.487Z</time>
      </trkpt>
      <trkpt lat="44.742441" lon="14.793987">
        <ele>6.780093</ele>
        <time>2026-03-25T13:54:08.457Z</time>
      </trkpt>
      <trkpt lat="44.742485" lon="14.793928">
        <ele>6.864658</ele>
        <time>2026-03-25T13:54:10.148Z</time>
      </trkpt>
      <trkpt lat="44.742567" lon="14.793804">
        <ele>7.032132</ele>
        <time>2026-03-25T13:54:13.380Z</time>
      </trkpt>
      <trkpt lat="44.742653" lon="14.793675">
        <ele>7.207019</ele>
        <time>2026-03-25T13:54:16.720Z</time>
      </trkpt>
      <trkpt lat="44.742761" lon="14.793492">
        <ele>7.442209</ele>
        <time>2026-03-25T13:54:21.198Z</time>
      </trkpt>
      <trkpt lat="44.742787" lon="14.793446">
        <ele>7.500321</ele>
        <time>2026-03-25T13:54:22.317Z</time>
      </trkpt>
      <trkpt lat="44.742886" lon="14.793267">
        <ele>7.724577</ele>
        <time>2026-03-25T13:54:26.678Z</time>
      </trkpt>
      <trkpt lat="44.743054" lon="14.792973">
        <ele>8.252848</ele>
        <time>2026-03-25T13:54:35.115Z</time>
      </trkpt>
      <trkpt lat="44.743113" lon="14.792869">
        <ele>8.567077</ele>
        <time>2026-03-25T13:54:38.501Z</time>
      </trkpt>
      <trkpt lat="44.743198" lon="14.792706">
        <ele>9.044467</ele>
        <time>2026-03-25T13:54:43.905Z</time>
      </trkpt>
      <trkpt lat="44.743238" lon="14.792623">
        <ele>9.281262</ele>
        <time>2026-03-25T13:54:46.526Z</time>
      </trkpt>
      <trkpt lat="44.743248" lon="14.792601">
        <ele>9.342925</ele>
        <time>2026-03-25T13:54:47.219Z</time>
      </trkpt>
      <trkpt lat="44.743390" lon="14.792305">
        <ele>10.186186</ele>
        <time>2026-03-25T13:54:56.995Z</time>
      </trkpt>
      <trkpt lat="44.743538" lon="14.792084">
        <ele>10.903264</ele>
        <time>2026-03-25T13:55:05.465Z</time>
      </trkpt>
      <trkpt lat="44.743559" lon="14.792053">
        <ele>11.004398</ele>
        <time>2026-03-25T13:55:06.682Z</time>
      </trkpt>
      <trkpt lat="44.743773" lon="14.791914">
        <ele>11.787742</ele>
        <time>2026-03-25T13:55:15.692Z</time>
      </trkpt>
      <trkpt lat="44.743983" lon="14.791922">
        <ele>12.486001</ele>
        <time>2026-03-25T13:55:23.774Z</time>
      </trkpt>
      <trkpt lat="44.744004" lon="14.791923">
        <ele>12.555842</ele>
        <time>2026-03-25T13:55:24.616Z</time>
      </trkpt>
      <trkpt lat="44.744312" lon="14.791877">
        <ele>13.585324</ele>
        <time>2026-03-25T13:55:37.028Z</time>
      </trkpt>
      <trkpt lat="44.744466" lon="14.791792">
        <ele>13.873176</ele>
        <time>2026-03-25T13:55:43.240Z</time>
      </trkpt>
      <trkpt lat="44.744565" lon="14.791705">
        <ele>13.666941</ele>
        <time>2026-03-25T13:55:47.255Z</time>
      </trkpt>
      <trkpt lat="44.744849" lon="14.791427">
        <ele>13.055679</ele>
        <time>2026-03-25T13:55:56.619Z</time>
      </trkpt>
      <trkpt lat="44.744911" lon="14.791380">
        <ele>12.931241</ele>
        <time>2026-03-25T13:55:57.904Z</time>
      </trkpt>
      <trkpt lat="44.744957" lon="14.791309">
        <ele>12.810618</ele>
        <time>2026-03-25T13:55:59.049Z</time>
      </trkpt>
      <trkpt lat="44.744988" lon="14.791276">
        <ele>12.741939</ele>
        <time>2026-03-25T13:55:59.648Z</time>
      </trkpt>
      <trkpt lat="44.745170" lon="14.791082">
        <ele>12.338532</ele>
        <time>2026-03-25T13:56:03.049Z</time>
      </trkpt>
      <trkpt lat="44.745244" lon="14.790980">
        <ele>12.155525</ele>
        <time>2026-03-25T13:56:04.504Z</time>
      </trkpt>
      <trkpt lat="44.745423" lon="14.790583">
        <ele>11.565307</ele>
        <time>2026-03-25T13:56:09.057Z</time>
      </trkpt>
      <trkpt lat="44.745418" lon="14.790342">
        <ele>11.262690</ele>
        <time>2026-03-25T13:56:11.392Z</time>
      </trkpt>
      <trkpt lat="44.745386" lon="14.789979">
        <ele>10.803579</ele>
        <time>2026-03-25T13:56:14.878Z</time>
      </trkpt>
      <trkpt lat="44.745395" lon="14.789890">
        <ele>10.592760</ele>
        <time>2026-03-25T13:56:15.740Z</time>
      </trkpt>
      <trkpt lat="44.745467" lon="14.789747">
        <ele>10.145345</ele>
        <time>2026-03-25T13:56:17.381Z</time>
      </trkpt>
      <trkpt lat="44.745514" lon="14.789668">
        <ele>9.882305</ele>
        <time>2026-03-25T13:56:18.335Z</time>
      </trkpt>
      <trkpt lat="44.745641" lon="14.789486">
        <ele>9.231063</ele>
        <time>2026-03-25T13:56:20.719Z</time>
      </trkpt>
      <trkpt lat="44.745665" lon="14.789454">
        <ele>9.112275</ele>
        <time>2026-03-25T13:56:21.164Z</time>
      </trkpt>
      <trkpt lat="44.745828" lon="14.789127">
        <ele>8.092575</ele>
        <time>2026-03-25T13:56:24.984Z</time>
      </trkpt>
      <trkpt lat="44.745873" lon="14.789051">
        <ele>7.840020</ele>
        <time>2026-03-25T13:56:25.941Z</time>
      </trkpt>
      <trkpt lat="44.746137" lon="14.788773">
        <ele>6.655264</ele>
        <time>2026-03-25T13:56:30.538Z</time>
      </trkpt>
      <trkpt lat="44.746195" lon="14.788715">
        <ele>6.399602</ele>
        <time>2026-03-25T13:56:31.573Z</time>
      </trkpt>
      <trkpt lat="44.746411" lon="14.788357">
        <ele>5.200623</ele>
        <time>2026-03-25T13:56:36.731Z</time>
      </trkpt>
      <trkpt lat="44.746427" lon="14.788326">
        <ele>5.102812</ele>
        <time>2026-03-25T13:56:37.184Z</time>
      </trkpt>
      <trkpt lat="44.746697" lon="14.787685">
        <ele>3.902976</ele>
        <time>2026-03-25T13:56:45.621Z</time>
      </trkpt>
      <trkpt lat="44.746736" lon="14.787594">
        <ele>3.801669</ele>
        <time>2026-03-25T13:56:46.812Z</time>
      </trkpt>
      <trkpt lat="44.746778" lon="14.787500">
        <ele>3.695815</ele>
        <time>2026-03-25T13:56:48.056Z</time>
      </trkpt>
      <trkpt lat="44.746833" lon="14.787380">
        <ele>3.559685</ele>
        <time>2026-03-25T13:56:49.662Z</time>
      </trkpt>
      <trkpt lat="44.747035" lon="14.786966">
        <ele>3.080924</ele>
        <time>2026-03-25T13:56:55.407Z</time>
      </trkpt>
      <trkpt lat="44.747347" lon="14.786544">
        <ele>2.500300</ele>
        <time>2026-03-25T13:57:02.744Z</time>
      </trkpt>
      <trkpt lat="44.747416" lon="14.786455">
        <ele>2.374715</ele>
        <time>2026-03-25T13:57:04.384Z</time>
      </trkpt>
      <trkpt lat="44.747644" lon="14.786019">
        <ele>1.877602</ele>
        <time>2026-03-25T13:57:10.965Z</time>
      </trkpt>
      <trkpt lat="44.747714" lon="14.785853">
        <ele>1.764728</ele>
        <time>2026-03-25T13:57:13.220Z</time>
      </trkpt>
      <trkpt lat="44.747744" lon="14.785781">
        <ele>1.715923</ele>
        <time>2026-03-25T13:57:14.187Z</time>
      </trkpt>
      <trkpt lat="44.747805" lon="14.785598">
        <ele>1.597730</ele>
        <time>2026-03-25T13:57:16.536Z</time>
      </trkpt>
      <trkpt lat="44.747847" lon="14.785462">
        <ele>1.511024</ele>
        <time>2026-03-25T13:57:18.288Z</time>
      </trkpt>
      <trkpt lat="44.747926" lon="14.785253">
        <ele>1.372600</ele>
        <time>2026-03-25T13:57:21.112Z</time>
      </trkpt>
      <trkpt lat="44.748085" lon="14.784948">
        <ele>1.151394</ele>
        <time>2026-03-25T13:57:25.719Z</time>
      </trkpt>
      <trkpt lat="44.748155" lon="14.784723">
        <ele>1.007777</ele>
        <time>2026-03-25T13:57:28.740Z</time>
      </trkpt>
      <trkpt lat="44.748306" lon="14.784397">
        <ele>0.780224</ele>
        <time>2026-03-25T13:57:33.560Z</time>
      </trkpt>
      <trkpt lat="44.748387" lon="14.784232">
        <ele>0.662952</ele>
        <time>2026-03-25T13:57:36.046Z</time>
      </trkpt>
      <trkpt lat="44.748678" lon="14.783924">
        <ele>0.419790</ele>
        <time>2026-03-25T13:57:42.436Z</time>
      </trkpt>
      <trkpt lat="44.748798" lon="14.783711">
        <ele>0.401811</ele>
        <time>2026-03-25T13:57:45.911Z</time>
      </trkpt>
      <trkpt lat="44.748993" lon="14.783044">
        <ele>0.354114</ele>
        <time>2026-03-25T13:57:55.774Z</time>
      </trkpt>
      <trkpt lat="44.749161" lon="14.782473">
        <ele>0.313244</ele>
        <time>2026-03-25T13:58:04.200Z</time>
      </trkpt>
      <trkpt lat="44.749326" lon="14.782030">
        <ele>0.280166</ele>
        <time>2026-03-25T13:58:10.929Z</time>
      </trkpt>
      <trkpt lat="44.749373" lon="14.781772">
        <ele>0.262554</ele>
        <time>2026-03-25T13:58:14.502Z</time>
      </trkpt>
      <trkpt lat="44.749082" lon="14.780688">
        <ele>0.805322</ele>
        <time>2026-03-25T13:58:31.178Z</time>
      </trkpt>
      <trkpt lat="44.749058" lon="14.780413">
        <ele>0.941179</ele>
        <time>2026-03-25T13:58:35.443Z</time>
      </trkpt>
      <trkpt lat="44.749076" lon="14.780318">
        <ele>0.989390</ele>
        <time>2026-03-25T13:58:36.990Z</time>
      </trkpt>
      <trkpt lat="44.749144" lon="14.780142">
        <ele>1.087633</ele>
        <time>2026-03-25T13:58:40.210Z</time>
      </trkpt>
      <trkpt lat="44.749508" lon="14.779727">
        <ele>1.411001</ele>
        <time>2026-03-25T13:58:52.030Z</time>
      </trkpt>
      <trkpt lat="44.749970" lon="14.779258">
        <ele>2.489107</ele>
        <time>2026-03-25T13:59:07.285Z</time>
      </trkpt>
      <trkpt lat="44.750238" lon="14.779066">
        <ele>3.166160</ele>
        <time>2026-03-25T13:59:16.730Z</time>
      </trkpt>
      <trkpt lat="44.750528" lon="14.778850">
        <ele>3.904860</ele>
        <time>2026-03-25T13:59:28.512Z</time>
      </trkpt>
      <trkpt lat="44.750609" lon="14.778742">
        <ele>4.156034</ele>
        <time>2026-03-25T13:59:32.491Z</time>
      </trkpt>
      <trkpt lat="44.750683" lon="14.778530">
        <ele>4.533770</ele>
        <time>2026-03-25T13:59:38.392Z</time>
      </trkpt>
      <trkpt lat="44.750690" lon="14.778445">
        <ele>4.670601</ele>
        <time>2026-03-25T13:59:40.511Z</time>
      </trkpt>
      <trkpt lat="44.750692" lon="14.778421">
        <ele>4.709242</ele>
        <time>2026-03-25T13:59:41.116Z</time>
      </trkpt>
      <trkpt lat="44.750697" lon="14.778363">
        <ele>4.802669</ele>
        <time>2026-03-25T13:59:42.502Z</time>
      </trkpt>
      <trkpt lat="44.750721" lon="14.778106">
        <ele>5.217165</ele>
        <time>2026-03-25T13:59:48.528Z</time>
      </trkpt>
      <trkpt lat="44.750768" lon="14.777930">
        <ele>5.517839</ele>
        <time>2026-03-25T13:59:52.547Z</time>
      </trkpt>
      <trkpt lat="44.750874" lon="14.777778">
        <ele>5.566537</ele>
        <time>2026-03-25T13:59:56.663Z</time>
      </trkpt>
      <trkpt lat="44.751096" lon="14.777586">
        <ele>5.595728</ele>
        <time>2026-03-25T14:00:03.033Z</time>
      </trkpt>
      <trkpt lat="44.751336" lon="14.777300">
        <ele>5.630956</ele>
        <time>2026-03-25T14:00:09.961Z</time>
      </trkpt>
      <trkpt lat="44.751860" lon="14.776369">
        <ele>5.725480</ele>
        <time>2026-03-25T14:00:24.193Z</time>
      </trkpt>
      <trkpt lat="44.752456" lon="14.775342">
        <ele>6.749645</ele>
        <time>2026-03-25T14:00:40.929Z</time>
      </trkpt>
      <trkpt lat="44.753100" lon="14.774374">
        <ele>8.094430</ele>
        <time>2026-03-25T14:01:10.082Z</time>
      </trkpt>
      <trkpt lat="44.753776" lon="14.773438">
        <ele>10.548502</ele>
        <time>2026-03-25T14:01:46.332Z</time>
      </trkpt>
      <trkpt lat="44.754490" lon="14.772448">
        <ele>13.375675</ele>
        <time>2026-03-25T14:02:18.872Z</time>
      </trkpt>
      <trkpt lat="44.754767" lon="14.772077">
        <ele>13.959065</ele>
        <time>2026-03-25T14:02:27.989Z</time>
      </trkpt>
      <trkpt lat="44.754986" lon="14.771803">
        <ele>14.399060</ele>
        <time>2026-03-25T14:02:35.557Z</time>
      </trkpt>
      <trkpt lat="44.755387" lon="14.771383">
        <ele>15.149662</ele>
        <time>2026-03-25T14:02:49.462Z</time>
      </trkpt>
      <trkpt lat="44.755523" lon="14.771259">
        <ele>15.393002</ele>
        <time>2026-03-25T14:02:53.991Z</time>
      </trkpt>
      <trkpt lat="44.755717" lon="14.771015">
        <ele>15.783675</ele>
        <time>2026-03-25T14:03:00.965Z</time>
      </trkpt>
      <trkpt lat="44.756011" lon="14.770707">
        <ele>15.936597</ele>
        <time>2026-03-25T14:03:10.023Z</time>
      </trkpt>
      <trkpt lat="44.756126" lon="14.770534">
        <ele>15.765818</ele>
        <time>2026-03-25T14:03:14.004Z</time>
      </trkpt>
      <trkpt lat="44.756384" lon="14.770037">
        <ele>15.322143</ele>
        <time>2026-03-25T14:03:23.084Z</time>
      </trkpt>
      <trkpt lat="44.756449" lon="14.769957">
        <ele>15.234533</ele>
        <time>2026-03-25T14:03:24.570Z</time>
      </trkpt>
      <trkpt lat="44.757115" lon="14.769490">
        <ele>14.479472</ele>
        <time>2026-03-25T14:03:35.592Z</time>
      </trkpt>
      <trkpt lat="44.757200" lon="14.769392">
        <ele>14.367985</ele>
        <time>2026-03-25T14:03:37.181Z</time>
      </trkpt>
      <trkpt lat="44.757432" lon="14.768843">
        <ele>14.611759</ele>
        <time>2026-03-25T14:03:43.911Z</time>
      </trkpt>
      <trkpt lat="44.757546" lon="14.768666">
        <ele>14.772810</ele>
        <time>2026-03-25T14:03:46.724Z</time>
      </trkpt>
      <trkpt lat="44.757732" lon="14.768535">
        <ele>14.970192</ele>
        <time>2026-03-25T14:03:50.594Z</time>
      </trkpt>
      <trkpt lat="44.757931" lon="14.768494">
        <ele>15.161076</ele>
        <time>2026-03-25T14:03:55.354Z</time>
      </trkpt>
      <trkpt lat="44.758041" lon="14.768523">
        <ele>15.267292</ele>
        <time>2026-03-25T14:03:58.446Z</time>
      </trkpt>
      <trkpt lat="44.758413" lon="14.768709">
        <ele>15.641955</ele>
        <time>2026-03-25T14:04:10.958Z</time>
      </trkpt>
      <trkpt lat="44.758724" lon="14.768803">
        <ele>15.943852</ele>
        <time>2026-03-25T14:04:23.727Z</time>
      </trkpt>
      <trkpt lat="44.758893" lon="14.768805">
        <ele>16.461706</ele>
        <time>2026-03-25T14:04:30.971Z</time>
      </trkpt>
      <trkpt lat="44.759098" lon="14.768713">
        <ele>17.246711</ele>
        <time>2026-03-25T14:04:40.149Z</time>
      </trkpt>
      <trkpt lat="44.759383" lon="14.768518">
        <ele>18.402764</ele>
        <time>2026-03-25T14:04:53.277Z</time>
      </trkpt>
      <trkpt lat="44.759468" lon="14.768508">
        <ele>18.713969</ele>
        <time>2026-03-25T14:04:56.621Z</time>
      </trkpt>
      <trkpt lat="44.759546" lon="14.768550">
        <ele>19.018645</ele>
        <time>2026-03-25T14:04:59.799Z</time>
      </trkpt>
      <trkpt lat="44.759593" lon="14.768477">
        <ele>19.273934</ele>
        <time>2026-03-25T14:05:02.379Z</time>
      </trkpt>
      <trkpt lat="44.759665" lon="14.768352">
        <ele>19.690921</ele>
        <time>2026-03-25T14:05:06.701Z</time>
      </trkpt>
      <trkpt lat="44.760094" lon="14.767572">
        <ele>22.246945</ele>
        <time>2026-03-25T14:05:33.652Z</time>
      </trkpt>
      <trkpt lat="44.760237" lon="14.767208">
        <ele>22.192549</ele>
        <time>2026-03-25T14:05:43.588Z</time>
      </trkpt>
      <trkpt lat="44.760324" lon="14.766920">
        <ele>21.832071</ele>
        <time>2026-03-25T14:05:49.330Z</time>
      </trkpt>
      <trkpt lat="44.760400" lon="14.766510">
        <ele>21.344023</ele>
        <time>2026-03-25T14:05:54.598Z</time>
      </trkpt>
      <trkpt lat="44.760509" lon="14.765640">
        <ele>20.326515</ele>
        <time>2026-03-25T14:06:03.847Z</time>
      </trkpt>
      <trkpt lat="44.760551" lon="14.765320">
        <ele>19.951709</ele>
        <time>2026-03-25T14:06:07.008Z</time>
      </trkpt>
      <trkpt lat="44.760689" lon="14.764782">
        <ele>18.677933</ele>
        <time>2026-03-25T14:06:12.303Z</time>
      </trkpt>
      <trkpt lat="44.760893" lon="14.764284">
        <ele>16.783968</ele>
        <time>2026-03-25T14:06:17.597Z</time>
      </trkpt>
      <trkpt lat="44.761114" lon="14.763742">
        <ele>14.725039</ele>
        <time>2026-03-25T14:06:23.541Z</time>
      </trkpt>
      <trkpt lat="44.761197" lon="14.763535">
        <ele>13.941921</ele>
        <time>2026-03-25T14:06:25.898Z</time>
      </trkpt>
      <trkpt lat="44.761349" lon="14.763155">
        <ele>12.505152</ele>
        <time>2026-03-25T14:06:30.261Z</time>
      </trkpt>
      <trkpt lat="44.761418" lon="14.762982">
        <ele>11.851499</ele>
        <time>2026-03-25T14:06:32.228Z</time>
      </trkpt>
      <trkpt lat="44.761512" lon="14.762751">
        <ele>11.083609</ele>
        <time>2026-03-25T14:06:34.844Z</time>
      </trkpt>
      <trkpt lat="44.761529" lon="14.762596">
        <ele>10.752301</ele>
        <time>2026-03-25T14:06:36.363Z</time>
      </trkpt>
      <trkpt lat="44.761392" lon="14.762233">
        <ele>9.883903</ele>
        <time>2026-03-25T14:06:40.369Z</time>
      </trkpt>
      <trkpt lat="44.761379" lon="14.762202">
        <ele>9.807850</ele>
        <time>2026-03-25T14:06:40.716Z</time>
      </trkpt>
      <trkpt lat="44.761136" lon="14.761659">
        <ele>8.451991</ele>
        <time>2026-03-25T14:06:46.966Z</time>
      </trkpt>
      <trkpt lat="44.760968" lon="14.761313">
        <ele>7.566540</ele>
        <time>2026-03-25T14:06:51.146Z</time>
      </trkpt>
      <trkpt lat="44.760919" lon="14.761214">
        <ele>7.311615</ele>
        <time>2026-03-25T14:06:52.387Z</time>
      </trkpt>
      <trkpt lat="44.760757" lon="14.760866">
        <ele>6.432582</ele>
        <time>2026-03-25T14:06:57.082Z</time>
      </trkpt>
      <trkpt lat="44.760779" lon="14.760799">
        <ele>6.276648</ele>
        <time>2026-03-25T14:06:58.018Z</time>
      </trkpt>
      <trkpt lat="44.760741" lon="14.760717">
        <ele>6.069800</ele>
        <time>2026-03-25T14:06:59.268Z</time>
      </trkpt>
      <trkpt lat="44.760688" lon="14.760717">
        <ele>5.930144</ele>
        <time>2026-03-25T14:07:00.227Z</time>
      </trkpt>
      <trkpt lat="44.760554" lon="14.760437">
        <ele>6.041318</ele>
        <time>2026-03-25T14:07:05.081Z</time>
      </trkpt>
      <trkpt lat="44.760536" lon="14.760289">
        <ele>6.090756</ele>
        <time>2026-03-25T14:07:07.471Z</time>
      </trkpt>
      <trkpt lat="44.760579" lon="14.760087">
        <ele>6.160188</ele>
        <time>2026-03-25T14:07:11.075Z</time>
      </trkpt>
      <trkpt lat="44.760935" lon="14.759654">
        <ele>6.378303</ele>
        <time>2026-03-25T14:07:23.079Z</time>
      </trkpt>
      <trkpt lat="44.761006" lon="14.759567">
        <ele>6.421942</ele>
        <time>2026-03-25T14:07:25.691Z</time>
      </trkpt>
      <trkpt lat="44.761362" lon="14.759167">
        <ele>6.633114</ele>
        <time>2026-03-25T14:07:38.627Z</time>
      </trkpt>
      <trkpt lat="44.761563" lon="14.759031">
        <ele>6.736515</ele>
        <time>2026-03-25T14:07:43.789Z</time>
      </trkpt>
      <trkpt lat="44.761902" lon="14.758879">
        <ele>6.257545</ele>
        <time>2026-03-25T14:07:49.715Z</time>
      </trkpt>
      <trkpt lat="44.762008" lon="14.758721">
        <ele>5.999345</ele>
        <time>2026-03-25T14:07:52.023Z</time>
      </trkpt>
      <trkpt lat="44.762233" lon="14.758250">
        <ele>5.325046</ele>
        <time>2026-03-25T14:07:57.909Z</time>
      </trkpt>
      <trkpt lat="44.762394" lon="14.757910">
        <ele>4.839615</ele>
        <time>2026-03-25T14:08:02.252Z</time>
      </trkpt>
      <trkpt lat="44.762570" lon="14.757570">
        <ele>4.339825</ele>
        <time>2026-03-25T14:08:06.826Z</time>
      </trkpt>
      <trkpt lat="44.762669" lon="14.757411">
        <ele>4.088632</ele>
        <time>2026-03-25T14:08:09.140Z</time>
      </trkpt>
      <trkpt lat="44.762850" lon="14.757220">
        <ele>3.766896</ele>
        <time>2026-03-25T14:08:12.660Z</time>
      </trkpt>
      <trkpt lat="44.763098" lon="14.757028">
        <ele>3.924148</ele>
        <time>2026-03-25T14:08:17.281Z</time>
      </trkpt>
      <trkpt lat="44.763282" lon="14.756884">
        <ele>4.041114</ele>
        <time>2026-03-25T14:08:21.192Z</time>
      </trkpt>
      <trkpt lat="44.763513" lon="14.756705">
        <ele>4.187617</ele>
        <time>2026-03-25T14:08:27.287Z</time>
      </trkpt>
      <trkpt lat="44.763957" lon="14.756297">
        <ele>4.482199</ele>
        <time>2026-03-25T14:08:42.255Z</time>
      </trkpt>
      <trkpt lat="44.764041" lon="14.756217">
        <ele>4.538544</ele>
        <time>2026-03-25T14:08:45.328Z</time>
      </trkpt>
      <trkpt lat="44.764112" lon="14.756150">
        <ele>4.586033</ele>
        <time>2026-03-25T14:08:48.034Z</time>
      </trkpt>
      <trkpt lat="44.764146" lon="14.756117">
        <ele>4.608977</ele>
        <time>2026-03-25T14:08:49.282Z</time>
      </trkpt>
      <trkpt lat="44.764378" lon="14.755905">
        <ele>4.745905</ele>
        <time>2026-03-25T14:08:57.051Z</time>
      </trkpt>
      <trkpt lat="44.764556" lon="14.755744">
        <ele>4.674783</ele>
        <time>2026-03-25T14:09:02.237Z</time>
      </trkpt>
      <trkpt lat="44.765024" lon="14.755242">
        <ele>4.477006</ele>
        <time>2026-03-25T14:09:13.075Z</time>
      </trkpt>
      <trkpt lat="44.765287" lon="14.754943">
        <ele>4.363373</ele>
        <time>2026-03-25T14:09:18.633Z</time>
      </trkpt>
      <trkpt lat="44.765423" lon="14.754855">
        <ele>4.313056</ele>
        <time>2026-03-25T14:09:21.047Z</time>
      </trkpt>
      <trkpt lat="44.765564" lon="14.754779">
        <ele>4.262298</ele>
        <time>2026-03-25T14:09:23.478Z</time>
      </trkpt>
      <trkpt lat="44.765676" lon="14.754717">
        <ele>4.221840</ele>
        <time>2026-03-25T14:09:25.425Z</time>
      </trkpt>
      <trkpt lat="44.765753" lon="14.754670">
        <ele>4.193626</ele>
        <time>2026-03-25T14:09:26.774Z</time>
      </trkpt>
      <trkpt lat="44.765789" lon="14.754647">
        <ele>4.180335</ele>
        <time>2026-03-25T14:09:27.418Z</time>
      </trkpt>
      <trkpt lat="44.765881" lon="14.754587">
        <ele>4.153614</ele>
        <time>2026-03-25T14:09:29.073Z</time>
      </trkpt>
      <trkpt lat="44.765945" lon="14.754509">
        <ele>4.291730</ele>
        <time>2026-03-25T14:09:30.478Z</time>
      </trkpt>
      <trkpt lat="44.766041" lon="14.754349">
        <ele>4.534446</ele>
        <time>2026-03-25T14:09:32.959Z</time>
      </trkpt>
      <trkpt lat="44.766074" lon="14.754229">
        <ele>4.683549</ele>
        <time>2026-03-25T14:09:34.605Z</time>
      </trkpt>
      <trkpt lat="44.766317" lon="14.753464">
        <ele>5.654579</ele>
        <time>2026-03-25T14:09:49.916Z</time>
      </trkpt>
      <trkpt lat="44.767292" lon="14.752138">
        <ele>8.132700</ele>
        <time>2026-03-25T14:10:37.727Z</time>
      </trkpt>
      <trkpt lat="44.767581" lon="14.751499">
        <ele>9.308855</ele>
        <time>2026-03-25T14:10:53.527Z</time>
      </trkpt>
      <trkpt lat="44.767654" lon="14.751312">
        <ele>9.640141</ele>
        <time>2026-03-25T14:10:57.638Z</time>
      </trkpt>
      <trkpt lat="44.767936" lon="14.750751">
        <ele>10.707218</ele>
        <time>2026-03-25T14:11:10.100Z</time>
      </trkpt>
      <trkpt lat="44.768142" lon="14.750623">
        <ele>11.197484</ele>
        <time>2026-03-25T14:11:16.063Z</time>
      </trkpt>
      <trkpt lat="44.768205" lon="14.750588">
        <ele>11.343917</ele>
        <time>2026-03-25T14:11:17.973Z</time>
      </trkpt>
      <trkpt lat="44.768680" lon="14.750456">
        <ele>12.390770</ele>
        <time>2026-03-25T14:11:32.858Z</time>
      </trkpt>
      <trkpt lat="44.768718" lon="14.750424">
        <ele>12.486499</ele>
        <time>2026-03-25T14:11:34.342Z</time>
      </trkpt>
      <trkpt lat="44.768953" lon="14.750238">
        <ele>13.069347</ele>
        <time>2026-03-25T14:11:43.669Z</time>
      </trkpt>
      <trkpt lat="44.769227" lon="14.749899">
        <ele>13.857890</ele>
        <time>2026-03-25T14:11:56.391Z</time>
      </trkpt>
      <trkpt lat="44.769388" lon="14.749681">
        <ele>14.340770</ele>
        <time>2026-03-25T14:12:03.558Z</time>
      </trkpt>
      <trkpt lat="44.769799" lon="14.749108">
        <ele>14.144396</ele>
        <time>2026-03-25T14:12:19.157Z</time>
      </trkpt>
      <trkpt lat="44.770223" lon="14.748519">
        <ele>12.718350</ele>
        <time>2026-03-25T14:12:29.123Z</time>
      </trkpt>
      <trkpt lat="44.770306" lon="14.748336">
        <ele>12.349168</ele>
        <time>2026-03-25T14:12:31.348Z</time>
      </trkpt>
      <trkpt lat="44.770528" lon="14.747590">
        <ele>10.974008</ele>
        <time>2026-03-25T14:12:38.965Z</time>
      </trkpt>
      <trkpt lat="44.770558" lon="14.747410">
        <ele>10.659678</ele>
        <time>2026-03-25T14:12:40.647Z</time>
      </trkpt>
      <trkpt lat="44.770561" lon="14.747218">
        <ele>10.126175</ele>
        <time>2026-03-25T14:12:42.401Z</time>
      </trkpt>
      <trkpt lat="44.770519" lon="14.746864">
        <ele>9.038120</ele>
        <time>2026-03-25T14:12:45.691Z</time>
      </trkpt>
      <trkpt lat="44.770413" lon="14.745988">
        <ele>6.344172</ele>
        <time>2026-03-25T14:12:53.976Z</time>
      </trkpt>
      <trkpt lat="44.770347" lon="14.745198">
        <ele>3.932708</ele>
        <time>2026-03-25T14:13:01.913Z</time>
      </trkpt>
      <trkpt lat="44.770338" lon="14.745118">
        <ele>3.687157</ele>
        <time>2026-03-25T14:13:02.775Z</time>
      </trkpt>
      <trkpt lat="44.770256" lon="14.744573">
        <ele>2.775300</ele>
        <time>2026-03-25T14:13:09.172Z</time>
      </trkpt>
      <trkpt lat="44.770179" lon="14.744371">
        <ele>2.668144</ele>
        <time>2026-03-25T14:13:12.004Z</time>
      </trkpt>
      <trkpt lat="44.770155" lon="14.744326">
        <ele>2.641839</ele>
        <time>2026-03-25T14:13:12.725Z</time>
      </trkpt>
      <trkpt lat="44.769985" lon="14.744172">
        <ele>2.508779</ele>
        <time>2026-03-25T14:13:16.233Z</time>
      </trkpt>
      <trkpt lat="44.769518" lon="14.743874">
        <ele>2.171268</ele>
        <time>2026-03-25T14:13:25.532Z</time>
      </trkpt>
      <trkpt lat="44.769180" lon="14.743792">
        <ele>1.945481</ele>
        <time>2026-03-25T14:13:32.624Z</time>
      </trkpt>
      <trkpt lat="44.769014" lon="14.743822">
        <ele>1.835304</ele>
        <time>2026-03-25T14:13:36.142Z</time>
      </trkpt>
      <trkpt lat="44.768753" lon="14.744093">
        <ele>1.657926</ele>
        <time>2026-03-25T14:13:42.912Z</time>
      </trkpt>
      <trkpt lat="44.768699" lon="14.744110">
        <ele>1.633339</ele>
        <time>2026-03-25T14:13:44.025Z</time>
      </trkpt>
      <trkpt lat="44.768566" lon="14.744141">
        <ele>1.573438</ele>
        <time>2026-03-25T14:13:46.630Z</time>
      </trkpt>
      <trkpt lat="44.768476" lon="14.744147">
        <ele>1.533403</ele>
        <time>2026-03-25T14:13:48.351Z</time>
      </trkpt>
      <trkpt lat="44.768237" lon="14.744062">
        <ele>1.423872</ele>
        <time>2026-03-25T14:13:53.001Z</time>
      </trkpt>
      <trkpt lat="44.768008" lon="14.743958">
        <ele>1.316960</ele>
        <time>2026-03-25T14:13:57.600Z</time>
      </trkpt>
      <trkpt lat="44.767942" lon="14.743928">
        <ele>1.286144</ele>
        <time>2026-03-25T14:13:58.971Z</time>
      </trkpt>
      <trkpt lat="44.767454" lon="14.743323">
        <ele>0.997274</ele>
        <time>2026-03-25T14:14:11.189Z</time>
      </trkpt>
      <trkpt lat="44.767715" lon="14.743297">
        <ele>0.863274</ele>
        <time>2026-03-25T14:14:15.607Z</time>
      </trkpt>
      <trkpt lat="44.767828" lon="14.743237">
        <ele>0.791529</ele>
        <time>2026-03-25T14:14:17.604Z</time>
      </trkpt>
      <trkpt lat="44.768086" lon="14.742819">
        <ele>0.557908</ele>
        <time>2026-03-25T14:14:24.147Z</time>
      </trkpt>
      <trkpt lat="44.768114" lon="14.742736">
        <ele>0.519148</ele>
        <time>2026-03-25T14:14:25.262Z</time>
      </trkpt>
      <trkpt lat="44.768107" lon="14.742648">
        <ele>0.481799</ele>
        <time>2026-03-25T14:14:26.338Z</time>
      </trkpt>
      <trkpt lat="44.768010" lon="14.742335">
        <ele>0.337749</ele>
        <time>2026-03-25T14:14:30.555Z</time>
      </trkpt>
      <trkpt lat="44.768016" lon="14.742199">
        <ele>0.280275</ele>
        <time>2026-03-25T14:14:32.271Z</time>
      </trkpt>
      <trkpt lat="44.768062" lon="14.742104">
        <ele>0.231773</ele>
        <time>2026-03-25T14:14:33.728Z</time>
      </trkpt>
      <trkpt lat="44.768102" lon="14.742043">
        <ele>0.196748</ele>
        <time>2026-03-25T14:14:35.550Z</time>
      </trkpt>
      <trkpt lat="44.768096" lon="14.741922">
        <ele>0.145587</ele>
        <time>2026-03-25T14:14:37.118Z</time>
      </trkpt>
      <trkpt lat="44.768171" lon="14.741693">
        <ele>0.039216</ele>
        <time>2026-03-25T14:14:40.449Z</time>
      </trkpt>
      <trkpt lat="44.768248" lon="14.741677">
        <ele>-0.007025</ele>
        <time>2026-03-25T14:14:41.910Z</time>
      </trkpt>
      <trkpt lat="44.768298" lon="14.741619">
        <ele>-0.045507</ele>
        <time>2026-03-25T14:14:43.139Z</time>
      </trkpt>
      <trkpt lat="44.768446" lon="14.741311">
        <ele>-0.117876</ele>
        <time>2026-03-25T14:14:48.230Z</time>
      </trkpt>
      <trkpt lat="44.768457" lon="14.741185">
        <ele>-0.104331</ele>
        <time>2026-03-25T14:14:50.020Z</time>
      </trkpt>
      <trkpt lat="44.768326" lon="14.740539">
        <ele>-0.032644</ele>
        <time>2026-03-25T14:14:59.551Z</time>
      </trkpt>
      <trkpt lat="44.768331" lon="14.740468">
        <ele>-0.025031</ele>
        <time>2026-03-25T14:15:00.572Z</time>
      </trkpt>
      <trkpt lat="44.768396" lon="14.740343">
        <ele>-0.008498</ele>
        <time>2026-03-25T14:15:02.762Z</time>
      </trkpt>
      <trkpt lat="44.768414" lon="14.740182">
        <ele>0.008892</ele>
        <time>2026-03-25T14:15:05.087Z</time>
      </trkpt>
      <trkpt lat="44.768362" lon="14.739880">
        <ele>0.042051</ele>
        <time>2026-03-25T14:15:09.518Z</time>
      </trkpt>
      <trkpt lat="44.768224" lon="14.739622">
        <ele>0.076518</ele>
        <time>2026-03-25T14:15:14.192Z</time>
      </trkpt>
      <trkpt lat="44.768064" lon="14.739537">
        <ele>0.102219</ele>
        <time>2026-03-25T14:15:17.780Z</time>
      </trkpt>
      <trkpt lat="44.768051" lon="14.739499">
        <ele>0.106720</ele>
        <time>2026-03-25T14:15:18.407Z</time>
      </trkpt>
      <trkpt lat="44.768144" lon="14.739352">
        <ele>0.127729</ele>
        <time>2026-03-25T14:15:21.302Z</time>
      </trkpt>
      <trkpt lat="44.768487" lon="14.739043">
        <ele>0.151838</ele>
        <time>2026-03-25T14:15:29.521Z</time>
      </trkpt>
      <trkpt lat="44.768736" lon="14.738735">
        <ele>0.167142</ele>
        <time>2026-03-25T14:15:36.140Z</time>
      </trkpt>
      <trkpt lat="44.768881" lon="14.738484">
        <ele>0.177751</ele>
        <time>2026-03-25T14:15:40.707Z</time>
      </trkpt>
      <trkpt lat="44.768981" lon="14.738059">
        <ele>0.192431</ele>
        <time>2026-03-25T14:15:46.983Z</time>
      </trkpt>
      <trkpt lat="44.769345" lon="14.737212">
        <ele>0.145433</ele>
        <time>2026-03-25T14:16:00.216Z</time>
      </trkpt>
      <trkpt lat="44.769468" lon="14.736382">
        <ele>-0.169734</ele>
        <time>2026-03-25T14:16:10.733Z</time>
      </trkpt>
      <trkpt lat="44.769532" lon="14.736315">
        <ele>-0.211484</ele>
        <time>2026-03-25T14:16:12.141Z</time>
      </trkpt>
      <trkpt lat="44.769528" lon="14.735768">
        <ele>-0.414819</ele>
        <time>2026-03-25T14:16:23.714Z</time>
      </trkpt>
      <trkpt lat="44.769549" lon="14.735661">
        <ele>-0.456083</ele>
        <time>2026-03-25T14:16:26.118Z</time>
      </trkpt>
      <trkpt lat="44.769607" lon="14.735366">
        <ele>-0.569864</ele>
        <time>2026-03-25T14:16:32.736Z</time>
      </trkpt>
      <trkpt lat="44.769872" lon="14.734683">
        <ele>-0.592499</ele>
        <time>2026-03-25T14:16:49.599Z</time>
      </trkpt>
      <trkpt lat="44.770162" lon="14.734090">
        <ele>-0.334980</ele>
        <time>2026-03-25T14:17:05.579Z</time>
      </trkpt>
      <trkpt lat="44.770155" lon="14.733836">
        <ele>-0.244075</ele>
        <time>2026-03-25T14:17:11.463Z</time>
      </trkpt>
      <trkpt lat="44.770116" lon="14.733436">
        <ele>-0.099682</ele>
        <time>2026-03-25T14:17:21.077Z</time>
      </trkpt>
      <trkpt lat="44.770081" lon="14.733298">
        <ele>-0.047275</ele>
        <time>2026-03-25T14:17:24.646Z</time>
      </trkpt>
      <trkpt lat="44.770020" lon="14.733202">
        <ele>-0.001200</ele>
        <time>2026-03-25T14:17:27.793Z</time>
      </trkpt>
      <trkpt lat="44.769334" lon="14.732718">
        <ele>2.289899</ele>
        <time>2026-03-25T14:17:58.176Z</time>
      </trkpt>
      <trkpt lat="44.769274" lon="14.732664">
        <ele>2.663106</ele>
        <time>2026-03-25T14:18:01.819Z</time>
      </trkpt>
      <trkpt lat="44.769187" lon="14.732638">
        <ele>3.129269</ele>
        <time>2026-03-25T14:18:06.703Z</time>
      </trkpt>
      <trkpt lat="44.769044" lon="14.732821">
        <ele>4.141960</ele>
        <time>2026-03-25T14:18:18.116Z</time>
      </trkpt>
      <trkpt lat="44.768782" lon="14.732462">
        <ele>6.057834</ele>
        <time>2026-03-25T14:18:37.034Z</time>
      </trkpt>
      <trkpt lat="44.768689" lon="14.732327">
        <ele>6.757828</ele>
        <time>2026-03-25T14:18:44.220Z</time>
      </trkpt>
      <trkpt lat="44.768407" lon="14.731906">
        <ele>8.911705</ele>
        <time>2026-03-25T14:19:07.312Z</time>
      </trkpt>
      <trkpt lat="44.768377" lon="14.731782">
        <ele>9.399198</ele>
        <time>2026-03-25T14:19:12.641Z</time>
      </trkpt>
      <trkpt lat="44.768475" lon="14.731498">
        <ele>10.763248</ele>
        <time>2026-03-25T14:19:25.860Z</time>
      </trkpt>
      <trkpt lat="44.768714" lon="14.730901">
        <ele>13.813778</ele>
        <time>2026-03-25T14:19:53.579Z</time>
      </trkpt>
      <trkpt lat="44.768748" lon="14.730695">
        <ele>14.755114</ele>
        <time>2026-03-25T14:20:01.129Z</time>
      </trkpt>
      <trkpt lat="44.768410" lon="14.731185">
        <ele>17.795958</ele>
        <time>2026-03-25T14:20:24.658Z</time>
      </trkpt>
      <trkpt lat="44.768188" lon="14.731445">
        <ele>19.606000</ele>
        <time>2026-03-25T14:20:37.078Z</time>
      </trkpt>
      <trkpt lat="44.768095" lon="14.731641">
        <ele>20.655282</ele>
        <time>2026-03-25T14:20:44.430Z</time>
      </trkpt>
      <trkpt lat="44.767969" lon="14.731693">
        <ele>21.468631</ele>
        <time>2026-03-25T14:20:50.138Z</time>
      </trkpt>
      <trkpt lat="44.767902" lon="14.731616">
        <ele>22.001786</ele>
        <time>2026-03-25T14:20:54.033Z</time>
      </trkpt>
      <trkpt lat="44.767905" lon="14.731478">
        <ele>22.606143</ele>
        <time>2026-03-25T14:20:58.309Z</time>
      </trkpt>
      <trkpt lat="44.768228" lon="14.730932">
        <ele>25.717130</ele>
        <time>2026-03-25T14:21:21.933Z</time>
      </trkpt>
      <trkpt lat="44.768373" lon="14.730581">
        <ele>27.494741</ele>
        <time>2026-03-25T14:21:37.027Z</time>
      </trkpt>
      <trkpt lat="44.768422" lon="14.730269">
        <ele>28.893480</ele>
        <time>2026-03-25T14:21:49.769Z</time>
      </trkpt>
      <trkpt lat="44.768391" lon="14.729988">
        <ele>30.138266</ele>
        <time>2026-03-25T14:22:00.393Z</time>
      </trkpt>
      <trkpt lat="44.768311" lon="14.729816">
        <ele>31.038349</ele>
        <time>2026-03-25T14:22:08.110Z</time>
      </trkpt>
      <trkpt lat="44.768056" lon="14.729433">
        <ele>33.372943</ele>
        <time>2026-03-25T14:22:28.399Z</time>
      </trkpt>
      <trkpt lat="44.767732" lon="14.729003">
        <ele>36.190706</ele>
        <time>2026-03-25T14:22:52.517Z</time>
      </trkpt>
      <trkpt lat="44.767670" lon="14.728950">
        <ele>36.649764</ele>
        <time>2026-03-25T14:22:56.306Z</time>
      </trkpt>
      <trkpt lat="44.767308" lon="14.728643">
        <ele>39.324378</ele>
        <time>2026-03-25T14:23:18.005Z</time>
      </trkpt>
      <trkpt lat="44.767074" lon="14.728329">
        <ele>41.370087</ele>
        <time>2026-03-25T14:23:33.914Z</time>
      </trkpt>
      <trkpt lat="44.766814" lon="14.727791">
        <ele>44.070193</ele>
        <time>2026-03-25T14:23:55.627Z</time>
      </trkpt>
      <trkpt lat="44.767947" lon="14.726166">
        <ele>51.843602</ele>
        <time>2026-03-25T14:25:06.765Z</time>
      </trkpt>
      <trkpt lat="44.768007" lon="14.726051">
        <ele>52.230036</ele>
        <time>2026-03-25T14:25:10.475Z</time>
      </trkpt>
      <trkpt lat="44.768323" lon="14.725440">
        <ele>54.006245</ele>
        <time>2026-03-25T14:25:27.718Z</time>
      </trkpt>
      <trkpt lat="44.768743" lon="14.724302">
        <ele>57.019910</ele>
        <time>2026-03-25T14:25:56.933Z</time>
      </trkpt>
      <trkpt lat="44.769660" lon="14.722832">
        <ele>62.174539</ele>
        <time>2026-03-25T14:26:54.997Z</time>
      </trkpt>
      <trkpt lat="44.770215" lon="14.721981">
        <ele>64.964672</ele>
        <time>2026-03-25T14:27:25.377Z</time>
      </trkpt>
      <trkpt lat="44.770882" lon="14.721097">
        <ele>66.013964</ele>
        <time>2026-03-25T14:27:48.455Z</time>
      </trkpt>
      <trkpt lat="44.771045" lon="14.720882">
        <ele>66.269814</ele>
        <time>2026-03-25T14:27:52.767Z</time>
      </trkpt>
      <trkpt lat="44.771375" lon="14.720702">
        <ele>66.675261</ele>
        <time>2026-03-25T14:27:59.561Z</time>
      </trkpt>
      <trkpt lat="44.771624" lon="14.720469">
        <ele>66.955955</ele>
        <time>2026-03-25T14:28:05.546Z</time>
      </trkpt>
      <trkpt lat="44.771991" lon="14.720149">
        <ele>67.228416</ele>
        <time>2026-03-25T14:28:20.113Z</time>
      </trkpt>
      <trkpt lat="44.772821" lon="14.719453">
        <ele>67.838164</ele>
        <time>2026-03-25T14:28:42.293Z</time>
      </trkpt>
      <trkpt lat="44.773143" lon="14.719248">
        <ele>68.121421</ele>
        <time>2026-03-25T14:28:50.771Z</time>
      </trkpt>
      <trkpt lat="44.773214" lon="14.719207">
        <ele>68.233658</ele>
        <time>2026-03-25T14:28:52.602Z</time>
      </trkpt>
      <trkpt lat="44.773513" lon="14.719152">
        <ele>68.674712</ele>
        <time>2026-03-25T14:28:59.806Z</time>
      </trkpt>
      <trkpt lat="44.773941" lon="14.718834">
        <ele>69.382480</ele>
        <time>2026-03-25T14:29:11.878Z</time>
      </trkpt>
      <trkpt lat="44.774042" lon="14.718662">
        <ele>69.614257</ele>
        <time>2026-03-25T14:29:15.997Z</time>
      </trkpt>
      <trkpt lat="44.774177" lon="14.718397">
        <ele>69.952936</ele>
        <time>2026-03-25T14:29:22.062Z</time>
      </trkpt>
      <trkpt lat="44.774291" lon="14.718088">
        <ele>70.314524</ele>
        <time>2026-03-25T14:29:28.918Z</time>
      </trkpt>
      <trkpt lat="44.774340" lon="14.717660">
        <ele>70.921997</ele>
        <time>2026-03-25T14:29:38.168Z</time>
      </trkpt>
      <trkpt lat="44.774460" lon="14.717272">
        <ele>71.945739</ele>
        <time>2026-03-25T14:29:48.058Z</time>
      </trkpt>
      <trkpt lat="44.774596" lon="14.716732">
        <ele>73.331718</ele>
        <time>2026-03-25T14:30:02.442Z</time>
      </trkpt>
      <trkpt lat="44.774636" lon="14.716510">
        <ele>73.885742</ele>
        <time>2026-03-25T14:30:08.631Z</time>
      </trkpt>
      <trkpt lat="44.774702" lon="14.716307">
        <ele>74.425828</ele>
        <time>2026-03-25T14:30:14.814Z</time>
      </trkpt>
      <trkpt lat="44.775042" lon="14.715633">
        <ele>76.425878</ele>
        <time>2026-03-25T14:30:38.355Z</time>
      </trkpt>
      <trkpt lat="44.775248" lon="14.715042">
        <ele>77.552074</ele>
        <time>2026-03-25T14:30:57.055Z</time>
      </trkpt>
      <trkpt lat="44.775298" lon="14.714900">
        <ele>77.791658</ele>
        <time>2026-03-25T14:31:01.301Z</time>
      </trkpt>
      <trkpt lat="44.775331" lon="14.714673">
        <ele>78.141886</ele>
        <time>2026-03-25T14:31:07.088Z</time>
      </trkpt>
      <trkpt lat="44.775316" lon="14.713653">
        <ele>79.683934</ele>
        <time>2026-03-25T14:31:28.312Z</time>
      </trkpt>
      <trkpt lat="44.775401" lon="14.713489">
        <ele>79.990857</ele>
        <time>2026-03-25T14:31:31.618Z</time>
      </trkpt>
      <trkpt lat="44.775511" lon="14.713258">
        <ele>80.411291</ele>
        <time>2026-03-25T14:31:35.608Z</time>
      </trkpt>
      <trkpt lat="44.775555" lon="14.713082">
        <ele>80.577404</ele>
        <time>2026-03-25T14:31:38.065Z</time>
      </trkpt>
      <trkpt lat="44.775562" lon="14.712918">
        <ele>80.500196</ele>
        <time>2026-03-25T14:31:40.159Z</time>
      </trkpt>
      <trkpt lat="44.775493" lon="14.712554">
        <ele>80.323149</ele>
        <time>2026-03-25T14:31:44.775Z</time>
      </trkpt>
      <trkpt lat="44.775211" lon="14.711549">
        <ele>79.815312</ele>
        <time>2026-03-25T14:31:57.451Z</time>
      </trkpt>
      <trkpt lat="44.775055" lon="14.711248">
        <ele>79.640176</ele>
        <time>2026-03-25T14:32:01.969Z</time>
      </trkpt>
      <trkpt lat="44.774832" lon="14.711008">
        <ele>79.454399</ele>
        <time>2026-03-25T14:32:06.880Z</time>
      </trkpt>
      <trkpt lat="44.774633" lon="14.710712">
        <ele>79.436094</ele>
        <time>2026-03-25T14:32:12.164Z</time>
      </trkpt>
      <trkpt lat="44.774469" lon="14.710369">
        <ele>79.464183</ele>
        <time>2026-03-25T14:32:17.758Z</time>
      </trkpt>
      <trkpt lat="44.774336" lon="14.710156">
        <ele>79.483451</ele>
        <time>2026-03-25T14:32:21.842Z</time>
      </trkpt>
      <trkpt lat="44.774134" lon="14.709936">
        <ele>79.507882</ele>
        <time>2026-03-25T14:32:27.267Z</time>
      </trkpt>
      <trkpt lat="44.774027" lon="14.709521">
        <ele>79.537872</ele>
        <time>2026-03-25T14:32:34.057Z</time>
      </trkpt>
      <trkpt lat="44.773938" lon="14.708757">
        <ele>79.523676</ele>
        <time>2026-03-25T14:32:46.023Z</time>
      </trkpt>
      <trkpt lat="44.773986" lon="14.708486">
        <ele>79.237358</ele>
        <time>2026-03-25T14:32:50.230Z</time>
      </trkpt>
      <trkpt lat="44.773178" lon="14.707380">
        <ele>77.610466</ele>
        <time>2026-03-25T14:33:11.739Z</time>
      </trkpt>
      <trkpt lat="44.772965" lon="14.707150">
        <ele>77.222918</ele>
        <time>2026-03-25T14:33:16.192Z</time>
      </trkpt>
      <trkpt lat="44.772621" lon="14.706620">
        <ele>75.114141</ele>
        <time>2026-03-25T14:33:24.287Z</time>
      </trkpt>
      <trkpt lat="44.772597" lon="14.706603">
        <ele>74.969342</ele>
        <time>2026-03-25T14:33:24.703Z</time>
      </trkpt>
      <trkpt lat="44.771928" lon="14.706119">
        <ele>70.915506</ele>
        <time>2026-03-25T14:33:35.893Z</time>
      </trkpt>
      <trkpt lat="44.771595" lon="14.705690">
        <ele>68.483088</ele>
        <time>2026-03-25T14:33:42.410Z</time>
      </trkpt>
      <trkpt lat="44.771536" lon="14.705507">
        <ele>67.713989</ele>
        <time>2026-03-25T14:33:44.464Z</time>
      </trkpt>
      <trkpt lat="44.771567" lon="14.705291">
        <ele>66.924891</ele>
        <time>2026-03-25T14:33:46.701Z</time>
      </trkpt>
      <trkpt lat="44.771514" lon="14.705124">
        <ele>66.314480</ele>
        <time>2026-03-25T14:33:48.576Z</time>
      </trkpt>
      <trkpt lat="44.771394" lon="14.704949">
        <ele>65.502596</ele>
        <time>2026-03-25T14:33:51.093Z</time>
      </trkpt>
      <trkpt lat="44.771149" lon="14.704398">
        <ele>63.333089</ele>
        <time>2026-03-25T14:33:57.972Z</time>
      </trkpt>
      <trkpt lat="44.771090" lon="14.704200">
        <ele>62.616537</ele>
        <time>2026-03-25T14:34:00.302Z</time>
      </trkpt>
      <trkpt lat="44.771066" lon="14.703923">
        <ele>61.685350</ele>
        <time>2026-03-25T14:34:03.369Z</time>
      </trkpt>
      <trkpt lat="44.771032" lon="14.703610">
        <ele>60.628737</ele>
        <time>2026-03-25T14:34:06.976Z</time>
      </trkpt>
      <trkpt lat="44.770970" lon="14.703332">
        <ele>59.656372</ele>
        <time>2026-03-25T14:34:10.382Z</time>
      </trkpt>
      <trkpt lat="44.770761" lon="14.702971">
        <ele>58.589210</ele>
        <time>2026-03-25T14:34:15.888Z</time>
      </trkpt>
      <trkpt lat="44.770749" lon="14.702907">
        <ele>58.514212</ele>
        <time>2026-03-25T14:34:16.687Z</time>
      </trkpt>
      <trkpt lat="44.770771" lon="14.702763">
        <ele>58.347325</ele>
        <time>2026-03-25T14:34:18.475Z</time>
      </trkpt>
      <trkpt lat="44.770964" lon="14.702235">
        <ele>57.674465</ele>
        <time>2026-03-25T14:34:25.976Z</time>
      </trkpt>
      <trkpt lat="44.770876" lon="14.701850">
        <ele>57.216211</ele>
        <time>2026-03-25T14:34:31.242Z</time>
      </trkpt>
      <trkpt lat="44.770979" lon="14.701541">
        <ele>56.829445</ele>
        <time>2026-03-25T14:34:35.741Z</time>
      </trkpt>
      <trkpt lat="44.771011" lon="14.701331">
        <ele>56.586098</ele>
        <time>2026-03-25T14:34:38.634Z</time>
      </trkpt>
      <trkpt lat="44.771009" lon="14.700911">
        <ele>56.110231</ele>
        <time>2026-03-25T14:34:44.428Z</time>
      </trkpt>
      <trkpt lat="44.770956" lon="14.700377">
        <ele>55.769962</ele>
        <time>2026-03-25T14:34:52.082Z</time>
      </trkpt>
      <trkpt lat="44.770690" lon="14.699935">
        <ele>55.491593</ele>
        <time>2026-03-25T14:35:00.574Z</time>
      </trkpt>
      <trkpt lat="44.770720" lon="14.699600">
        <ele>55.329380</ele>
        <time>2026-03-25T14:35:05.733Z</time>
      </trkpt>
      <trkpt lat="44.770670" lon="14.699373">
        <ele>55.215198</ele>
        <time>2026-03-25T14:35:09.403Z</time>
      </trkpt>
      <trkpt lat="44.770363" lon="14.698800">
        <ele>54.870327</ele>
        <time>2026-03-25T14:35:19.578Z</time>
      </trkpt>
      <trkpt lat="44.769967" lon="14.698332">
        <ele>53.816964</ele>
        <time>2026-03-25T14:35:28.741Z</time>
      </trkpt>
      <trkpt lat="44.769830" lon="14.697875">
        <ele>52.854418</ele>
        <time>2026-03-25T14:35:34.607Z</time>
      </trkpt>
      <trkpt lat="44.769786" lon="14.697792">
        <ele>52.653426</ele>
        <time>2026-03-25T14:35:35.812Z</time>
      </trkpt>
      <trkpt lat="44.769577" lon="14.697555">
        <ele>51.920105</ele>
        <time>2026-03-25T14:35:40.190Z</time>
      </trkpt>
      <trkpt lat="44.769533" lon="14.697459">
        <ele>51.698386</ele>
        <time>2026-03-25T14:35:41.516Z</time>
      </trkpt>
      <trkpt lat="44.769501" lon="14.697066">
        <ele>50.930831</ele>
        <time>2026-03-25T14:35:46.090Z</time>
      </trkpt>
      <trkpt lat="44.769462" lon="14.696976">
        <ele>50.726240</ele>
        <time>2026-03-25T14:35:47.305Z</time>
      </trkpt>
      <trkpt lat="44.769264" lon="14.696896">
        <ele>50.163265</ele>
        <time>2026-03-25T14:35:50.630Z</time>
      </trkpt>
      <trkpt lat="44.769153" lon="14.696797">
        <ele>49.799100</ele>
        <time>2026-03-25T14:35:52.753Z</time>
      </trkpt>
      <trkpt lat="44.769134" lon="14.696703">
        <ele>49.579307</ele>
        <time>2026-03-25T14:35:53.879Z</time>
      </trkpt>
      <trkpt lat="44.769149" lon="14.696440">
        <ele>48.985955</ele>
        <time>2026-03-25T14:35:56.926Z</time>
      </trkpt>
      <trkpt lat="44.769129" lon="14.696328">
        <ele>48.726238</ele>
        <time>2026-03-25T14:35:58.284Z</time>
      </trkpt>
      <trkpt lat="44.768591" lon="14.695246">
        <ele>45.755547</ele>
        <time>2026-03-25T14:36:14.017Z</time>
      </trkpt>
      <trkpt lat="44.767945" lon="14.694599">
        <ele>42.793168</ele>
        <time>2026-03-25T14:36:26.841Z</time>
      </trkpt>
      <trkpt lat="44.766987" lon="14.692742">
        <ele>35.075074</ele>
        <time>2026-03-25T14:36:51.376Z</time>
      </trkpt>
      <trkpt lat="44.766773" lon="14.692439">
        <ele>33.765825</ele>
        <time>2026-03-25T14:36:55.978Z</time>
      </trkpt>
      <trkpt lat="44.766546" lon="14.691945">
        <ele>31.963213</ele>
        <time>2026-03-25T14:37:02.420Z</time>
      </trkpt>
      <trkpt lat="44.765835" lon="14.691016">
        <ele>27.786157</ele>
        <time>2026-03-25T14:37:17.651Z</time>
      </trkpt>
      <trkpt lat="44.764739" lon="14.689930">
        <ele>23.753044</ele>
        <time>2026-03-25T14:37:39.520Z</time>
      </trkpt>
      <trkpt lat="44.764837" lon="14.689751">
        <ele>23.270032</ele>
        <time>2026-03-25T14:37:42.225Z</time>
      </trkpt>
      <trkpt lat="44.764929" lon="14.689692">
        <ele>22.965791</ele>
        <time>2026-03-25T14:37:43.958Z</time>
      </trkpt>
      <trkpt lat="44.765051" lon="14.689675">
        <ele>22.596820</ele>
        <time>2026-03-25T14:37:46.050Z</time>
      </trkpt>
      <trkpt lat="44.765485" lon="14.689950">
        <ele>21.891968</ele>
        <time>2026-03-25T14:37:54.442Z</time>
      </trkpt>
      <trkpt lat="44.765990" lon="14.690622">
        <ele>21.042105</ele>
        <time>2026-03-25T14:38:07.497Z</time>
      </trkpt>
      <trkpt lat="44.766950" lon="14.691499">
        <ele>19.878804</ele>
        <time>2026-03-25T14:38:30.176Z</time>
      </trkpt>
      <trkpt lat="44.767811" lon="14.692559">
        <ele>19.084040</ele>
        <time>2026-03-25T14:38:53.186Z</time>
      </trkpt>
      <trkpt lat="44.767916" lon="14.692785">
        <ele>18.950769</ele>
        <time>2026-03-25T14:38:56.722Z</time>
      </trkpt>
      <trkpt lat="44.767990" lon="14.692825">
        <ele>18.860566</ele>
        <time>2026-03-25T14:38:58.173Z</time>
      </trkpt>
      <trkpt lat="44.768085" lon="14.692766">
        <ele>18.730965</ele>
        <time>2026-03-25T14:39:00.078Z</time>
      </trkpt>
      <trkpt lat="44.768111" lon="14.692549">
        <ele>18.535935</ele>
        <time>2026-03-25T14:39:02.920Z</time>
      </trkpt>
      <trkpt lat="44.768105" lon="14.692418">
        <ele>18.419598</ele>
        <time>2026-03-25T14:39:04.594Z</time>
      </trkpt>
      <trkpt lat="44.768083" lon="14.692215">
        <ele>18.237611</ele>
        <time>2026-03-25T14:39:07.228Z</time>
      </trkpt>
      <trkpt lat="44.767976" lon="14.691900">
        <ele>17.928143</ele>
        <time>2026-03-25T14:39:11.678Z</time>
      </trkpt>
      <trkpt lat="44.767715" lon="14.690751">
        <ele>16.859016</ele>
        <time>2026-03-25T14:39:27.219Z</time>
      </trkpt>
      <trkpt lat="44.767000" lon="14.688670">
        <ele>16.161208</ele>
        <time>2026-03-25T14:40:01.594Z</time>
      </trkpt>
      <trkpt lat="44.766868" lon="14.688034">
        <ele>16.204916</ele>
        <time>2026-03-25T14:40:10.810Z</time>
      </trkpt>
      <trkpt lat="44.766861" lon="14.687869">
        <ele>16.299219</ele>
        <time>2026-03-25T14:40:13.181Z</time>
      </trkpt>
      <trkpt lat="44.766825" lon="14.687673">
        <ele>16.414723</ele>
        <time>2026-03-25T14:40:16.175Z</time>
      </trkpt>
      <trkpt lat="44.766616" lon="14.687161">
        <ele>16.751668</ele>
        <time>2026-03-25T14:40:26.067Z</time>
      </trkpt>
      <trkpt lat="44.766615" lon="14.687109">
        <ele>16.781346</ele>
        <time>2026-03-25T14:40:27.086Z</time>
      </trkpt>
      <trkpt lat="44.766662" lon="14.686993">
        <ele>16.857545</ele>
        <time>2026-03-25T14:40:29.555Z</time>
      </trkpt>
      <trkpt lat="44.766711" lon="14.686941">
        <ele>16.906845</ele>
        <time>2026-03-25T14:40:31.250Z</time>
      </trkpt>
      <trkpt lat="44.766864" lon="14.686890">
        <ele>17.033188</ele>
        <time>2026-03-25T14:40:35.515Z</time>
      </trkpt>
      <trkpt lat="44.766962" lon="14.686904">
        <ele>17.112342</ele>
        <time>2026-03-25T14:40:38.179Z</time>
      </trkpt>
      <trkpt lat="44.767014" lon="14.686932">
        <ele>17.157077</ele>
        <time>2026-03-25T14:40:39.783Z</time>
      </trkpt>
      <trkpt lat="44.767143" lon="14.687152">
        <ele>17.319863</ele>
        <time>2026-03-25T14:40:45.512Z</time>
      </trkpt>
      <trkpt lat="44.767455" lon="14.687463">
        <ele>17.586788</ele>
        <time>2026-03-25T14:40:57.576Z</time>
      </trkpt>
      <trkpt lat="44.768017" lon="14.688125">
        <ele>17.982307</ele>
        <time>2026-03-25T14:41:21.947Z</time>
      </trkpt>
      <trkpt lat="44.768480" lon="14.688559">
        <ele>18.282556</ele>
        <time>2026-03-25T14:41:34.218Z</time>
      </trkpt>
      <trkpt lat="44.768696" lon="14.688604">
        <ele>18.400436</ele>
        <time>2026-03-25T14:41:38.247Z</time>
      </trkpt>
      <trkpt lat="44.768874" lon="14.688529">
        <ele>18.323980</ele>
        <time>2026-03-25T14:41:41.503Z</time>
      </trkpt>
      <trkpt lat="44.768939" lon="14.688434">
        <ele>18.020848</ele>
        <time>2026-03-25T14:41:43.090Z</time>
      </trkpt>
      <trkpt lat="44.768937" lon="14.688330">
        <ele>17.781816</ele>
        <time>2026-03-25T14:41:44.331Z</time>
      </trkpt>
      <trkpt lat="44.768630" lon="14.688106">
        <ele>16.662920</ele>
        <time>2026-03-25T14:41:50.023Z</time>
      </trkpt>
      <trkpt lat="44.768438" lon="14.687724">
        <ele>15.587572</ele>
        <time>2026-03-25T14:41:55.285Z</time>
      </trkpt>
      <trkpt lat="44.768322" lon="14.687546">
        <ele>15.032434</ele>
        <time>2026-03-25T14:41:57.944Z</time>
      </trkpt>
      <trkpt lat="44.768236" lon="14.687287">
        <ele>14.375497</ele>
        <time>2026-03-25T14:42:01.063Z</time>
      </trkpt>
      <trkpt lat="44.768111" lon="14.686706">
        <ele>12.980660</ele>
        <time>2026-03-25T14:42:07.746Z</time>
      </trkpt>
      <trkpt lat="44.768101" lon="14.686471">
        <ele>12.662804</ele>
        <time>2026-03-25T14:42:10.455Z</time>
      </trkpt>
      <trkpt lat="44.768130" lon="14.686273">
        <ele>12.680284</ele>
        <time>2026-03-25T14:42:12.893Z</time>
      </trkpt>
      <trkpt lat="44.767856" lon="14.685721">
        <ele>12.738520</ele>
        <time>2026-03-25T14:42:21.913Z</time>
      </trkpt>
      <trkpt lat="44.767790" lon="14.685518">
        <ele>12.757825</ele>
        <time>2026-03-25T14:42:25.028Z</time>
      </trkpt>
      <trkpt lat="44.767754" lon="14.685313">
        <ele>12.776085</ele>
        <time>2026-03-25T14:42:28.107Z</time>
      </trkpt>
      <trkpt lat="44.767790" lon="14.685058">
        <ele>12.798565</ele>
        <time>2026-03-25T14:42:32.488Z</time>
      </trkpt>
      <trkpt lat="44.767860" lon="14.684848">
        <ele>12.818624</ele>
        <time>2026-03-25T14:42:37.121Z</time>
      </trkpt>
      <trkpt lat="44.767856" lon="14.684716">
        <ele>12.830047</ele>
        <time>2026-03-25T14:42:40.084Z</time>
      </trkpt>
      <trkpt lat="44.767722" lon="14.684526">
        <ele>12.853203</ele>
        <time>2026-03-25T14:42:46.714Z</time>
      </trkpt>
      <trkpt lat="44.767574" lon="14.684382">
        <ele>12.905813</ele>
        <time>2026-03-25T14:42:53.824Z</time>
      </trkpt>
      <trkpt lat="44.767484" lon="14.684241">
        <ele>13.296119</ele>
        <time>2026-03-25T14:42:59.547Z</time>
      </trkpt>
      <trkpt lat="44.767438" lon="14.684117">
        <ele>13.584118</ele>
        <time>2026-03-25T14:43:03.839Z</time>
      </trkpt>
      <trkpt lat="44.767411" lon="14.683723">
        <ele>14.398939</ele>
        <time>2026-03-25T14:43:15.973Z</time>
      </trkpt>
      <trkpt lat="44.767466" lon="14.683533">
        <ele>14.821316</ele>
        <time>2026-03-25T14:43:22.030Z</time>
      </trkpt>
      <trkpt lat="44.767556" lon="14.683356">
        <ele>15.269477</ele>
        <time>2026-03-25T14:43:28.101Z</time>
      </trkpt>
      <trkpt lat="44.767887" lon="14.682919">
        <ele>16.584869</ele>
        <time>2026-03-25T14:43:44.514Z</time>
      </trkpt>
      <trkpt lat="44.768059" lon="14.682839">
        <ele>17.110056</ele>
        <time>2026-03-25T14:43:50.951Z</time>
      </trkpt>
      <trkpt lat="44.768445" lon="14.682813">
        <ele>18.121739</ele>
        <time>2026-03-25T14:44:02.933Z</time>
      </trkpt>
      <trkpt lat="44.768520" lon="14.682689">
        <ele>18.199695</ele>
        <time>2026-03-25T14:44:06.154Z</time>
      </trkpt>
      <trkpt lat="44.768529" lon="14.682503">
        <ele>18.288913</ele>
        <time>2026-03-25T14:44:09.671Z</time>
      </trkpt>
      <trkpt lat="44.768375" lon="14.682209">
        <ele>18.463759</ele>
        <time>2026-03-25T14:44:16.093Z</time>
      </trkpt>
      <trkpt lat="44.768326" lon="14.681918">
        <ele>18.606882</ele>
        <time>2026-03-25T14:44:20.875Z</time>
      </trkpt>
      <trkpt lat="44.768445" lon="14.681376">
        <ele>18.878380</ele>
        <time>2026-03-25T14:44:29.356Z</time>
      </trkpt>
      <trkpt lat="44.768615" lon="14.680862">
        <ele>19.149740</ele>
        <time>2026-03-25T14:44:37.844Z</time>
      </trkpt>
      <trkpt lat="44.768735" lon="14.680582">
        <ele>19.313237</ele>
        <time>2026-03-25T14:44:43.176Z</time>
      </trkpt>
      <trkpt lat="44.768854" lon="14.680414">
        <ele>19.583269</ele>
        <time>2026-03-25T14:44:47.461Z</time>
      </trkpt>
      <trkpt lat="44.769078" lon="14.680255">
        <ele>19.985286</ele>
        <time>2026-03-25T14:44:54.571Z</time>
      </trkpt>
      <trkpt lat="44.769425" lon="14.680151">
        <ele>20.553878</ele>
        <time>2026-03-25T14:45:06.270Z</time>
      </trkpt>
      <trkpt lat="44.769623" lon="14.680165">
        <ele>20.871615</ele>
        <time>2026-03-25T14:45:13.222Z</time>
      </trkpt>
      <trkpt lat="44.769954" lon="14.680329">
        <ele>21.433976</ele>
        <time>2026-03-25T14:45:25.752Z</time>
      </trkpt>
      <trkpt lat="44.770223" lon="14.680577">
        <ele>21.949242</ele>
        <time>2026-03-25T14:45:36.411Z</time>
      </trkpt>
      <trkpt lat="44.770391" lon="14.680870">
        <ele>21.834100</ele>
        <time>2026-03-25T14:45:43.743Z</time>
      </trkpt>
      <trkpt lat="44.770552" lon="14.681226">
        <ele>20.967576</ele>
        <time>2026-03-25T14:45:49.930Z</time>
      </trkpt>
      <trkpt lat="44.770625" lon="14.681254">
        <ele>20.748797</ele>
        <time>2026-03-25T14:45:51.321Z</time>
      </trkpt>
      <trkpt lat="44.770679" lon="14.681184">
        <ele>20.536586</ele>
        <time>2026-03-25T14:45:52.638Z</time>
      </trkpt>
      <trkpt lat="44.770733" lon="14.681016">
        <ele>20.157997</ele>
        <time>2026-03-25T14:45:54.894Z</time>
      </trkpt>
      <trkpt lat="44.770882" lon="14.680720">
        <ele>19.413091</ele>
        <time>2026-03-25T14:45:59.071Z</time>
      </trkpt>
      <trkpt lat="44.771194" lon="14.679882">
        <ele>17.470552</ele>
        <time>2026-03-25T14:46:09.181Z</time>
      </trkpt>
      <trkpt lat="44.771335" lon="14.679692">
        <ele>16.922971</ele>
        <time>2026-03-25T14:46:12.049Z</time>
      </trkpt>
      <trkpt lat="44.771474" lon="14.679637">
        <ele>16.596438</ele>
        <time>2026-03-25T14:46:14.158Z</time>
      </trkpt>
      <trkpt lat="44.771684" lon="14.679619">
        <ele>16.120619</ele>
        <time>2026-03-25T14:46:17.290Z</time>
      </trkpt>
      <trkpt lat="44.771770" lon="14.679534">
        <ele>15.883017</ele>
        <time>2026-03-25T14:46:18.873Z</time>
      </trkpt>
      <trkpt lat="44.771851" lon="14.679410">
        <ele>15.612470</ele>
        <time>2026-03-25T14:46:20.725Z</time>
      </trkpt>
      <trkpt lat="44.771888" lon="14.679354">
        <ele>15.489643</ele>
        <time>2026-03-25T14:46:21.581Z</time>
      </trkpt>
      <trkpt lat="44.772095" lon="14.679201">
        <ele>14.960953</ele>
        <time>2026-03-25T14:46:25.433Z</time>
      </trkpt>
      <trkpt lat="44.772337" lon="14.679115">
        <ele>14.396492</ele>
        <time>2026-03-25T14:46:29.917Z</time>
      </trkpt>
      <trkpt lat="44.772458" lon="14.679122">
        <ele>14.122606</ele>
        <time>2026-03-25T14:46:32.336Z</time>
      </trkpt>
      <trkpt lat="44.772739" lon="14.678926">
        <ele>13.413446</ele>
        <time>2026-03-25T14:46:39.870Z</time>
      </trkpt>
      <trkpt lat="44.772967" lon="14.678931">
        <ele>12.918071</ele>
        <time>2026-03-25T14:46:46.258Z</time>
      </trkpt>
      <trkpt lat="44.773253" lon="14.679009">
        <ele>13.037450</ele>
        <time>2026-03-25T14:46:54.722Z</time>
      </trkpt>
      <trkpt lat="44.773495" lon="14.679141">
        <ele>13.143797</ele>
        <time>2026-03-25T14:47:02.452Z</time>
      </trkpt>
      <trkpt lat="44.773711" lon="14.679324">
        <ele>13.247090</ele>
        <time>2026-03-25T14:47:09.721Z</time>
      </trkpt>
      <trkpt lat="44.773893" lon="14.679525">
        <ele>13.341862</ele>
        <time>2026-03-25T14:47:15.691Z</time>
      </trkpt>
      <trkpt lat="44.773998" lon="14.679527">
        <ele>13.384895</ele>
        <time>2026-03-25T14:47:18.071Z</time>
      </trkpt>
      <trkpt lat="44.774094" lon="14.679472">
        <ele>13.427365</ele>
        <time>2026-03-25T14:47:20.271Z</time>
      </trkpt>
      <trkpt lat="44.774143" lon="14.679330">
        <ele>13.473296</ele>
        <time>2026-03-25T14:47:22.550Z</time>
      </trkpt>
      <trkpt lat="44.774059" lon="14.678968">
        <ele>13.584090</ele>
        <time>2026-03-25T14:47:27.733Z</time>
      </trkpt>
      <trkpt lat="44.774056" lon="14.678774">
        <ele>13.640540</ele>
        <time>2026-03-25T14:47:30.248Z</time>
      </trkpt>
      <trkpt lat="44.774093" lon="14.678651">
        <ele>13.807510</ele>
        <time>2026-03-25T14:47:31.980Z</time>
      </trkpt>
      <trkpt lat="44.774087" lon="14.678517">
        <ele>14.029404</ele>
        <time>2026-03-25T14:47:33.701Z</time>
      </trkpt>
      <trkpt lat="44.774024" lon="14.678404">
        <ele>14.266861</ele>
        <time>2026-03-25T14:47:35.585Z</time>
      </trkpt>
      <trkpt lat="44.773860" lon="14.678324">
        <ele>14.670901</ele>
        <time>2026-03-25T14:47:38.903Z</time>
      </trkpt>
      <trkpt lat="44.773739" lon="14.678226">
        <ele>14.995833</ele>
        <time>2026-03-25T14:47:41.747Z</time>
      </trkpt>
      <trkpt lat="44.773646" lon="14.678086">
        <ele>15.312704</ele>
        <time>2026-03-25T14:47:44.912Z</time>
      </trkpt>
      <trkpt lat="44.773536" lon="14.677837">
        <ele>15.797389</ele>
        <time>2026-03-25T14:47:50.751Z</time>
      </trkpt>
      <trkpt lat="44.773491" lon="14.677634">
        <ele>16.148855</ele>
        <time>2026-03-25T14:47:55.768Z</time>
      </trkpt>
      <trkpt lat="44.773514" lon="14.677374">
        <ele>16.581869</ele>
        <time>2026-03-25T14:48:03.001Z</time>
      </trkpt>
      <trkpt lat="44.773750" lon="14.676913">
        <ele>17.521180</ele>
        <time>2026-03-25T14:48:22.263Z</time>
      </trkpt>
      <trkpt lat="44.773896" lon="14.676698">
        <ele>18.252606</ele>
        <time>2026-03-25T14:48:33.856Z</time>
      </trkpt>
      <trkpt lat="44.774145" lon="14.676470">
        <ele>19.898849</ele>
        <time>2026-03-25T14:48:50.957Z</time>
      </trkpt>
      <trkpt lat="44.774375" lon="14.676176">
        <ele>21.620459</ele>
        <time>2026-03-25T14:49:09.269Z</time>
      </trkpt>
      <trkpt lat="44.774651" lon="14.675668">
        <ele>24.137752</ele>
        <time>2026-03-25T14:49:34.137Z</time>
      </trkpt>
      <trkpt lat="44.774776" lon="14.674933">
        <ele>27.111858</ele>
        <time>2026-03-25T14:49:57.626Z</time>
      </trkpt>
      <trkpt lat="44.774874" lon="14.674655">
        <ele>28.068967</ele>
        <time>2026-03-25T14:50:05.677Z</time>
      </trkpt>
      <trkpt lat="44.775142" lon="14.674051">
        <ele>29.457080</ele>
        <time>2026-03-25T14:50:22.664Z</time>
      </trkpt>
      <trkpt lat="44.775293" lon="14.673592">
        <ele>30.442974</ele>
        <time>2026-03-25T14:50:34.959Z</time>
      </trkpt>
      <trkpt lat="44.775389" lon="14.673450">
        <ele>30.825124</ele>
        <time>2026-03-25T14:50:39.852Z</time>
      </trkpt>
      <trkpt lat="44.775504" lon="14.673352">
        <ele>31.194105</ele>
        <time>2026-03-25T14:50:44.560Z</time>
      </trkpt>
      <trkpt lat="44.775608" lon="14.673315">
        <ele>31.488580</ele>
        <time>2026-03-25T14:50:48.344Z</time>
      </trkpt>
      <trkpt lat="44.775698" lon="14.673326">
        <ele>31.736585</ele>
        <time>2026-03-25T14:50:51.506Z</time>
      </trkpt>
      <trkpt lat="44.775879" lon="14.673442">
        <ele>32.282490</ele>
        <time>2026-03-25T14:50:58.374Z</time>
      </trkpt>
      <trkpt lat="44.776373" lon="14.673934">
        <ele>33.447737</ele>
        <time>2026-03-25T14:51:18.267Z</time>
      </trkpt>
      <trkpt lat="44.776620" lon="14.673957">
        <ele>33.845665</ele>
        <time>2026-03-25T14:51:26.269Z</time>
      </trkpt>
      <trkpt lat="44.776771" lon="14.673826">
        <ele>34.130741</ele>
        <time>2026-03-25T14:51:31.875Z</time>
      </trkpt>
      <trkpt lat="44.776989" lon="14.673638">
        <ele>34.541634</ele>
        <time>2026-03-25T14:51:39.545Z</time>
      </trkpt>
      <trkpt lat="44.777844" lon="14.673500">
        <ele>35.612621</ele>
        <time>2026-03-25T14:52:01.314Z</time>
      </trkpt>
      <trkpt lat="44.778175" lon="14.673285">
        <ele>35.558935</ele>
        <time>2026-03-25T14:52:09.663Z</time>
      </trkpt>
      <trkpt lat="44.778904" lon="14.672924">
        <ele>35.445121</ele>
        <time>2026-03-25T14:52:25.521Z</time>
      </trkpt>
      <trkpt lat="44.778972" lon="14.672818">
        <ele>35.430184</ele>
        <time>2026-03-25T14:52:27.490Z</time>
      </trkpt>
      <trkpt lat="44.778983" lon="14.672538">
        <ele>35.400865</ele>
        <time>2026-03-25T14:52:31.380Z</time>
      </trkpt>
      <trkpt lat="44.779054" lon="14.672217">
        <ele>35.351544</ele>
        <time>2026-03-25T14:52:36.026Z</time>
      </trkpt>
      <trkpt lat="44.779249" lon="14.671862">
        <ele>35.223644</ele>
        <time>2026-03-25T14:52:42.354Z</time>
      </trkpt>
      <trkpt lat="44.779518" lon="14.671546">
        <ele>35.083052</ele>
        <time>2026-03-25T14:52:49.455Z</time>
      </trkpt>
      <trkpt lat="44.779821" lon="14.671284">
        <ele>34.940342</ele>
        <time>2026-03-25T14:52:56.953Z</time>
      </trkpt>
      <trkpt lat="44.780259" lon="14.671225">
        <ele>34.763723</ele>
        <time>2026-03-25T14:53:07.004Z</time>
      </trkpt>
      <trkpt lat="44.780568" lon="14.671075">
        <ele>34.487005</ele>
        <time>2026-03-25T14:53:14.129Z</time>
      </trkpt>
      <trkpt lat="44.780807" lon="14.671004">
        <ele>33.653578</ele>
        <time>2026-03-25T14:53:18.743Z</time>
      </trkpt>
      <trkpt lat="44.781054" lon="14.670976">
        <ele>32.808063</ele>
        <time>2026-03-25T14:53:22.966Z</time>
      </trkpt>
      <trkpt lat="44.781460" lon="14.670996">
        <ele>31.421900</ele>
        <time>2026-03-25T14:53:29.515Z</time>
      </trkpt>
      <trkpt lat="44.781453" lon="14.670862">
        <ele>31.096486</ele>
        <time>2026-03-25T14:53:30.808Z</time>
      </trkpt>
      <trkpt lat="44.781624" lon="14.670709">
        <ele>30.405293</ele>
        <time>2026-03-25T14:53:35.778Z</time>
      </trkpt>
      <trkpt lat="44.781785" lon="14.670433">
        <ele>29.540075</ele>
        <time>2026-03-25T14:53:41.872Z</time>
      </trkpt>
      <trkpt lat="44.781890" lon="14.670342">
        <ele>29.119443</ele>
        <time>2026-03-25T14:53:44.820Z</time>
      </trkpt>
      <trkpt lat="44.781981" lon="14.670353">
        <ele>28.807800</ele>
        <time>2026-03-25T14:53:46.995Z</time>
      </trkpt>
      <trkpt lat="44.782239" lon="14.670479">
        <ele>27.682808</ele>
        <time>2026-03-25T14:53:53.446Z</time>
      </trkpt>
      <trkpt lat="44.782322" lon="14.670554">
        <ele>27.244542</ele>
        <time>2026-03-25T14:53:55.749Z</time>
      </trkpt>
      <trkpt lat="44.782404" lon="14.670699">
        <ele>26.659659</ele>
        <time>2026-03-25T14:53:58.843Z</time>
      </trkpt>
      <trkpt lat="44.782491" lon="14.671117">
        <ele>25.285437</ele>
        <time>2026-03-25T14:54:06.211Z</time>
      </trkpt>
      <trkpt lat="44.782531" lon="14.671146">
        <ele>25.085491</ele>
        <time>2026-03-25T14:54:07.305Z</time>
      </trkpt>
      <trkpt lat="44.782665" lon="14.670957">
        <ele>24.242734</ele>
        <time>2026-03-25T14:54:12.087Z</time>
      </trkpt>
      <trkpt lat="44.782782" lon="14.670662">
        <ele>23.176645</ele>
        <time>2026-03-25T14:54:18.265Z</time>
      </trkpt>
      <trkpt lat="44.782881" lon="14.670542">
        <ele>22.596183</ele>
        <time>2026-03-25T14:54:21.609Z</time>
      </trkpt>
      <trkpt lat="44.782992" lon="14.670517">
        <ele>22.096559</ele>
        <time>2026-03-25T14:54:24.463Z</time>
      </trkpt>
      <trkpt lat="44.783088" lon="14.670535">
        <ele>21.666108</ele>
        <time>2026-03-25T14:54:26.912Z</time>
      </trkpt>
      <trkpt lat="44.783382" lon="14.670786">
        <ele>20.101771</ele>
        <time>2026-03-25T14:54:35.586Z</time>
      </trkpt>
      <trkpt lat="44.783454" lon="14.670808">
        <ele>19.743120</ele>
        <time>2026-03-25T14:54:37.429Z</time>
      </trkpt>
      <trkpt lat="44.783526" lon="14.670749">
        <ele>19.337644</ele>
        <time>2026-03-25T14:54:39.474Z</time>
      </trkpt>
      <trkpt lat="44.783551" lon="14.670692">
        <ele>19.106126</ele>
        <time>2026-03-25T14:54:40.658Z</time>
      </trkpt>
      <trkpt lat="44.783520" lon="14.670554">
        <ele>18.605992</ele>
        <time>2026-03-25T14:54:43.169Z</time>
      </trkpt>
      <trkpt lat="44.783121" lon="14.669765">
        <ele>15.258613</ele>
        <time>2026-03-25T14:54:59.630Z</time>
      </trkpt>
      <trkpt lat="44.782771" lon="14.669206">
        <ele>12.683008</ele>
        <time>2026-03-25T14:55:12.077Z</time>
      </trkpt>
      <trkpt lat="44.782546" lon="14.668622">
        <ele>10.989482</ele>
        <time>2026-03-25T14:55:23.584Z</time>
      </trkpt>
      <trkpt lat="44.782394" lon="14.668318">
        <ele>10.266614</ele>
        <time>2026-03-25T14:55:30.076Z</time>
      </trkpt>
      <trkpt lat="44.782329" lon="14.668086">
        <ele>9.781753</ele>
        <time>2026-03-25T14:55:34.497Z</time>
      </trkpt>
      <trkpt lat="44.782287" lon="14.667825">
        <ele>9.261503</ele>
        <time>2026-03-25T14:55:39.269Z</time>
      </trkpt>
      <trkpt lat="44.782288" lon="14.667746">
        <ele>9.107906</ele>
        <time>2026-03-25T14:55:40.714Z</time>
      </trkpt>
      <trkpt lat="44.782384" lon="14.667460">
        <ele>8.492899</ele>
        <time>2026-03-25T14:55:46.564Z</time>
      </trkpt>
      <trkpt lat="44.782374" lon="14.667359">
        <ele>8.294659</ele>
        <time>2026-03-25T14:55:48.511Z</time>
      </trkpt>
      <trkpt lat="44.782290" lon="14.667172">
        <ele>7.864457</ele>
        <time>2026-03-25T14:55:52.921Z</time>
      </trkpt>
      <trkpt lat="44.782284" lon="14.667023">
        <ele>7.574341</ele>
        <time>2026-03-25T14:55:56.017Z</time>
      </trkpt>
      <trkpt lat="44.782527" lon="14.666643">
        <ele>7.122211</ele>
        <time>2026-03-25T14:56:07.526Z</time>
      </trkpt>
      <trkpt lat="44.782569" lon="14.666525">
        <ele>7.404315</ele>
        <time>2026-03-25T14:56:10.748Z</time>
      </trkpt>
      <trkpt lat="44.782576" lon="14.666359">
        <ele>7.759693</ele>
        <time>2026-03-25T14:56:15.044Z</time>
      </trkpt>
      <trkpt lat="44.782609" lon="14.666246">
        <ele>8.020823</ele>
        <time>2026-03-25T14:56:18.215Z</time>
      </trkpt>
      <trkpt lat="44.782669" lon="14.666182">
        <ele>8.247409</ele>
        <time>2026-03-25T14:56:21.088Z</time>
      </trkpt>
      <trkpt lat="44.783373" lon="14.665831">
        <ele>10.495866</ele>
        <time>2026-03-25T14:56:59.295Z</time>
      </trkpt>
      <trkpt lat="44.783721" lon="14.665944">
        <ele>11.571113</ele>
        <time>2026-03-25T14:57:20.904Z</time>
      </trkpt>
      <trkpt lat="44.783874" lon="14.666080">
        <ele>12.115795</ele>
        <time>2026-03-25T14:57:31.487Z</time>
      </trkpt>
      <trkpt lat="44.784251" lon="14.666274">
        <ele>12.499796</ele>
        <time>2026-03-25T14:57:51.817Z</time>
      </trkpt>
      <trkpt lat="44.784437" lon="14.666293">
        <ele>12.628845</ele>
        <time>2026-03-25T14:57:59.677Z</time>
      </trkpt>
      <trkpt lat="44.784506" lon="14.666231">
        <ele>12.685476</ele>
        <time>2026-03-25T14:58:02.931Z</time>
      </trkpt>
      <trkpt lat="44.784547" lon="14.666140">
        <ele>12.738415</ele>
        <time>2026-03-25T14:58:05.804Z</time>
      </trkpt>
      <trkpt lat="44.784542" lon="14.666046">
        <ele>12.784713</ele>
        <time>2026-03-25T14:58:08.221Z</time>
      </trkpt>
      <trkpt lat="44.784507" lon="14.665980">
        <ele>12.825177</ele>
        <time>2026-03-25T14:58:10.346Z</time>
      </trkpt>
      <trkpt lat="44.784362" lon="14.665911">
        <ele>12.931085</ele>
        <time>2026-03-25T14:58:15.608Z</time>
      </trkpt>
      <trkpt lat="44.784237" lon="14.665761">
        <ele>13.044706</ele>
        <time>2026-03-25T14:58:20.633Z</time>
      </trkpt>
      <trkpt lat="44.784135" lon="14.665534">
        <ele>13.176662</ele>
        <time>2026-03-25T14:58:26.143Z</time>
      </trkpt>
      <trkpt lat="44.784052" lon="14.665104">
        <ele>13.395528</ele>
        <time>2026-03-25T14:58:34.798Z</time>
      </trkpt>
      <trkpt lat="44.784045" lon="14.664852">
        <ele>13.473887</ele>
        <time>2026-03-25T14:58:39.588Z</time>
      </trkpt>
      <trkpt lat="44.784146" lon="14.664241">
        <ele>13.113545</ele>
        <time>2026-03-25T14:58:51.522Z</time>
      </trkpt>
      <trkpt lat="44.784269" lon="14.663963">
        <ele>12.925382</ele>
        <time>2026-03-25T14:58:57.990Z</time>
      </trkpt>
      <trkpt lat="44.785135" lon="14.662814">
        <ele>12.131371</ele>
        <time>2026-03-25T14:59:35.492Z</time>
      </trkpt>
      <trkpt lat="44.785583" lon="14.662626">
        <ele>12.549360</ele>
        <time>2026-03-25T14:59:51.597Z</time>
      </trkpt>
      <trkpt lat="44.785734" lon="14.662551">
        <ele>12.692528</ele>
        <time>2026-03-25T14:59:57.377Z</time>
      </trkpt>
      <trkpt lat="44.786109" lon="14.662492">
        <ele>13.029935</ele>
        <time>2026-03-25T15:00:11.650Z</time>
      </trkpt>
      <trkpt lat="44.786220" lon="14.662413">
        <ele>13.141134</ele>
        <time>2026-03-25T15:00:16.499Z</time>
      </trkpt>
      <trkpt lat="44.786405" lon="14.662016">
        <ele>13.442542</ele>
        <time>2026-03-25T15:00:29.775Z</time>
      </trkpt>
      <trkpt lat="44.787028" lon="14.661648">
        <ele>13.877059</ele>
        <time>2026-03-25T15:00:55.204Z</time>
      </trkpt>
      <trkpt lat="44.787468" lon="14.661240">
        <ele>14.146114</ele>
        <time>2026-03-25T15:01:14.719Z</time>
      </trkpt>
      <trkpt lat="44.787892" lon="14.660970">
        <ele>14.383784</ele>
        <time>2026-03-25T15:01:31.095Z</time>
      </trkpt>
      <trkpt lat="44.788238" lon="14.660553">
        <ele>14.353019</ele>
        <time>2026-03-25T15:01:44.952Z</time>
      </trkpt>
      <trkpt lat="44.788710" lon="14.660237">
        <ele>13.106009</ele>
        <time>2026-03-25T15:01:59.382Z</time>
      </trkpt>
      <trkpt lat="44.788593" lon="14.659775">
        <ele>12.275254</ele>
        <time>2026-03-25T15:02:08.577Z</time>
      </trkpt>
      <trkpt lat="44.788605" lon="14.659466">
        <ele>11.751154</ele>
        <time>2026-03-25T15:02:14.288Z</time>
      </trkpt>
      <trkpt lat="44.788659" lon="14.659271">
        <ele>11.396656</ele>
        <time>2026-03-25T15:02:18.134Z</time>
      </trkpt>
      <trkpt lat="44.788909" lon="14.658810">
        <ele>10.414081</ele>
        <time>2026-03-25T15:02:28.684Z</time>
      </trkpt>
      <trkpt lat="44.789080" lon="14.658583">
        <ele>9.818562</ele>
        <time>2026-03-25T15:02:34.669Z</time>
      </trkpt>
      <trkpt lat="44.789198" lon="14.658495">
        <ele>9.473778</ele>
        <time>2026-03-25T15:02:38.118Z</time>
      </trkpt>
      <trkpt lat="44.789321" lon="14.658489">
        <ele>9.155941</ele>
        <time>2026-03-25T15:02:41.287Z</time>
      </trkpt>
      <trkpt lat="44.789537" lon="14.658608">
        <ele>8.557001</ele>
        <time>2026-03-25T15:02:47.298Z</time>
      </trkpt>
      <trkpt lat="44.789607" lon="14.658592">
        <ele>8.373864</ele>
        <time>2026-03-25T15:02:49.167Z</time>
      </trkpt>
      <trkpt lat="44.789621" lon="14.658490">
        <ele>8.183455</ele>
        <time>2026-03-25T15:02:51.093Z</time>
      </trkpt>
      <trkpt lat="44.789593" lon="14.658319">
        <ele>7.861814</ele>
        <time>2026-03-25T15:02:54.376Z</time>
      </trkpt>
      <trkpt lat="44.789481" lon="14.657941">
        <ele>7.111065</ele>
        <time>2026-03-25T15:03:02.111Z</time>
      </trkpt>
      <trkpt lat="44.789448" lon="14.657398">
        <ele>6.112216</ele>
        <time>2026-03-25T15:03:12.563Z</time>
      </trkpt>
      <trkpt lat="44.789482" lon="14.657110">
        <ele>5.634272</ele>
        <time>2026-03-25T15:03:18.319Z</time>
      </trkpt>
      <trkpt lat="44.789562" lon="14.656815">
        <ele>5.649062</ele>
        <time>2026-03-25T15:03:24.701Z</time>
      </trkpt>
      <trkpt lat="44.789670" lon="14.656533">
        <ele>5.664069</ele>
        <time>2026-03-25T15:03:31.339Z</time>
      </trkpt>
      <trkpt lat="44.789800" lon="14.656303">
        <ele>5.677840</ele>
        <time>2026-03-25T15:03:37.623Z</time>
      </trkpt>
      <trkpt lat="44.789984" lon="14.656134">
        <ele>5.692334</ele>
        <time>2026-03-25T15:03:44.555Z</time>
      </trkpt>
      <trkpt lat="44.790341" lon="14.656005">
        <ele>5.716655</ele>
        <time>2026-03-25T15:03:57.477Z</time>
      </trkpt>
      <trkpt lat="44.790654" lon="14.655952">
        <ele>5.737459</ele>
        <time>2026-03-25T15:04:09.471Z</time>
      </trkpt>
      <trkpt lat="44.790826" lon="14.655992">
        <ele>5.748963</ele>
        <time>2026-03-25T15:04:16.406Z</time>
      </trkpt>
      <trkpt lat="44.791493" lon="14.656278">
        <ele>6.655135</ele>
        <time>2026-03-25T15:04:44.658Z</time>
      </trkpt>
      <trkpt lat="44.791759" lon="14.656531">
        <ele>7.095765</ele>
        <time>2026-03-25T15:04:57.343Z</time>
      </trkpt>
      <trkpt lat="44.792030" lon="14.656929">
        <ele>7.633198</ele>
        <time>2026-03-25T15:05:12.521Z</time>
      </trkpt>
      <trkpt lat="44.792477" lon="14.657337">
        <ele>8.328130</ele>
        <time>2026-03-25T15:05:32.104Z</time>
      </trkpt>
      <trkpt lat="44.792983" lon="14.657801">
        <ele>8.947120</ele>
        <time>2026-03-25T15:05:53.574Z</time>
      </trkpt>
      <trkpt lat="44.793256" lon="14.658148">
        <ele>9.324079</ele>
        <time>2026-03-25T15:06:06.891Z</time>
      </trkpt>
      <trkpt lat="44.793509" lon="14.658549">
        <ele>9.714493</ele>
        <time>2026-03-25T15:06:21.075Z</time>
      </trkpt>
      <trkpt lat="44.793964" lon="14.659432">
        <ele>10.651820</ele>
        <time>2026-03-25T15:06:50.602Z</time>
      </trkpt>
      <trkpt lat="44.794978" lon="14.661249">
        <ele>12.995668</ele>
        <time>2026-03-25T15:07:53.738Z</time>
      </trkpt>
      <trkpt lat="44.795613" lon="14.661796">
        <ele>14.326205</ele>
        <time>2026-03-25T15:08:25.201Z</time>
      </trkpt>
      <trkpt lat="44.795366" lon="14.662347">
        <ele>15.153024</ele>
        <time>2026-03-25T15:08:39.541Z</time>
      </trkpt>
      <trkpt lat="44.796321" lon="14.663131">
        <ele>16.748287</ele>
        <time>2026-03-25T15:09:12.455Z</time>
      </trkpt>
      <trkpt lat="44.796638" lon="14.663535">
        <ele>17.305758</ele>
        <time>2026-03-25T15:09:23.180Z</time>
      </trkpt>
      <trkpt lat="44.796877" lon="14.663933">
        <ele>17.788327</ele>
        <time>2026-03-25T15:09:32.810Z</time>
      </trkpt>
      <trkpt lat="44.797319" lon="14.665003">
        <ele>18.807067</ele>
        <time>2026-03-25T15:09:57.433Z</time>
      </trkpt>
      <trkpt lat="44.797560" lon="14.665770">
        <ele>19.469542</ele>
        <time>2026-03-25T15:10:13.965Z</time>
      </trkpt>
      <trkpt lat="44.797638" lon="14.665988">
        <ele>19.662358</ele>
        <time>2026-03-25T15:10:18.552Z</time>
      </trkpt>
      <trkpt lat="44.797717" lon="14.666406">
        <ele>20.003985</ele>
        <time>2026-03-25T15:10:26.420Z</time>
      </trkpt>
      <trkpt lat="44.798031" lon="14.667136">
        <ele>20.241644</ele>
        <time>2026-03-25T15:10:41.231Z</time>
      </trkpt>
      <trkpt lat="44.798102" lon="14.667970">
        <ele>20.429518</ele>
        <time>2026-03-25T15:10:54.940Z</time>
      </trkpt>
      <trkpt lat="44.798082" lon="14.668096">
        <ele>20.458396</ele>
        <time>2026-03-25T15:10:57.028Z</time>
      </trkpt>
      <trkpt lat="44.797904" lon="14.668512">
        <ele>20.567047</ele>
        <time>2026-03-25T15:11:05.028Z</time>
      </trkpt>
      <trkpt lat="44.797847" lon="14.668751">
        <ele>20.623441</ele>
        <time>2026-03-25T15:11:08.997Z</time>
      </trkpt>
      <trkpt lat="44.797680" lon="14.669084">
        <ele>20.371801</ele>
        <time>2026-03-25T15:11:14.905Z</time>
      </trkpt>
      <trkpt lat="44.797557" lon="14.669139">
        <ele>20.234916</ele>
        <time>2026-03-25T15:11:17.448Z</time>
      </trkpt>
      <trkpt lat="44.797390" lon="14.669118">
        <ele>20.057063</ele>
        <time>2026-03-25T15:11:20.661Z</time>
      </trkpt>
      <trkpt lat="44.797339" lon="14.669150">
        <ele>19.997844</ele>
        <time>2026-03-25T15:11:21.712Z</time>
      </trkpt>
      <trkpt lat="44.797302" lon="14.669217">
        <ele>19.933938</ele>
        <time>2026-03-25T15:11:22.808Z</time>
      </trkpt>
      <trkpt lat="44.797259" lon="14.669373">
        <ele>19.807964</ele>
        <time>2026-03-25T15:11:25.009Z</time>
      </trkpt>
      <trkpt lat="44.797256" lon="14.669555">
        <ele>19.670931</ele>
        <time>2026-03-25T15:11:27.424Z</time>
      </trkpt>
      <trkpt lat="44.797334" lon="14.669855">
        <ele>19.430432</ele>
        <time>2026-03-25T15:11:31.634Z</time>
      </trkpt>
      <trkpt lat="44.797577" lon="14.670311">
        <ele>19.001177</ele>
        <time>2026-03-25T15:11:39.084Z</time>
      </trkpt>
      <trkpt lat="44.797677" lon="14.670528">
        <ele>18.806414</ele>
        <time>2026-03-25T15:11:42.384Z</time>
      </trkpt>
      <trkpt lat="44.797668" lon="14.670689">
        <ele>18.727725</ele>
        <time>2026-03-25T15:11:44.448Z</time>
      </trkpt>
      <trkpt lat="44.797589" lon="14.670814">
        <ele>18.726464</ele>
        <time>2026-03-25T15:11:46.548Z</time>
      </trkpt>
      <trkpt lat="44.797308" lon="14.670987">
        <ele>18.723208</ele>
        <time>2026-03-25T15:11:52.002Z</time>
      </trkpt>
      <trkpt lat="44.797185" lon="14.671128">
        <ele>18.721525</ele>
        <time>2026-03-25T15:11:54.941Z</time>
      </trkpt>
      <trkpt lat="44.797102" lon="14.671278">
        <ele>18.720092</ele>
        <time>2026-03-25T15:11:57.528Z</time>
      </trkpt>
      <trkpt lat="44.796969" lon="14.671678">
        <ele>18.716764</ele>
        <time>2026-03-25T15:12:04.191Z</time>
      </trkpt>
      <trkpt lat="44.796957" lon="14.672048">
        <ele>18.713973</ele>
        <time>2026-03-25T15:12:11.165Z</time>
      </trkpt>
      <trkpt lat="44.796921" lon="14.672230">
        <ele>18.712550</ele>
        <time>2026-03-25T15:12:15.007Z</time>
      </trkpt>
      <trkpt lat="44.796816" lon="14.672391">
        <ele>18.710902</ele>
        <time>2026-03-25T15:12:19.637Z</time>
      </trkpt>
      <trkpt lat="44.796665" lon="14.672463">
        <ele>18.709210</ele>
        <time>2026-03-25T15:12:24.538Z</time>
      </trkpt>
      <trkpt lat="44.796531" lon="14.672450">
        <ele>18.812042</ele>
        <time>2026-03-25T15:12:28.761Z</time>
      </trkpt>
      <trkpt lat="44.796207" lon="14.672299">
        <ele>19.103934</ele>
        <time>2026-03-25T15:12:39.418Z</time>
      </trkpt>
      <trkpt lat="44.796019" lon="14.672248">
        <ele>19.267690</ele>
        <time>2026-03-25T15:12:45.101Z</time>
      </trkpt>
      <trkpt lat="44.795909" lon="14.672114">
        <ele>19.392059</ele>
        <time>2026-03-25T15:12:49.282Z</time>
      </trkpt>
      <trkpt lat="44.795836" lon="14.671964">
        <ele>19.502457</ele>
        <time>2026-03-25T15:12:52.865Z</time>
      </trkpt>
      <trkpt lat="44.795762" lon="14.671896">
        <ele>19.578021</ele>
        <time>2026-03-25T15:12:55.212Z</time>
      </trkpt>
      <trkpt lat="44.795721" lon="14.671894">
        <ele>19.613111</ele>
        <time>2026-03-25T15:12:56.308Z</time>
      </trkpt>
      <trkpt lat="44.795644" lon="14.671952">
        <ele>19.687790</ele>
        <time>2026-03-25T15:12:58.459Z</time>
      </trkpt>
      <trkpt lat="44.795616" lon="14.672076">
        <ele>19.766773</ele>
        <time>2026-03-25T15:13:00.626Z</time>
      </trkpt>
      <trkpt lat="44.795674" lon="14.672241">
        <ele>19.878537</ele>
        <time>2026-03-25T15:13:03.618Z</time>
      </trkpt>
      <trkpt lat="44.796053" lon="14.672742">
        <ele>20.282888</ele>
        <time>2026-03-25T15:13:14.050Z</time>
      </trkpt>
      <trkpt lat="44.796205" lon="14.673042">
        <ele>20.387721</ele>
        <time>2026-03-25T15:13:19.124Z</time>
      </trkpt>
      <trkpt lat="44.796198" lon="14.673145">
        <ele>20.417147</ele>
        <time>2026-03-25T15:13:20.598Z</time>
      </trkpt>
      <trkpt lat="44.796154" lon="14.673260">
        <ele>20.454303</ele>
        <time>2026-03-25T15:13:22.497Z</time>
      </trkpt>
      <trkpt lat="44.795857" lon="14.673839">
        <ele>20.657481</ele>
        <time>2026-03-25T15:13:33.891Z</time>
      </trkpt>
      <trkpt lat="44.795810" lon="14.673942">
        <ele>20.692307</ele>
        <time>2026-03-25T15:13:36.095Z</time>
      </trkpt>
      <trkpt lat="44.795753" lon="14.674001">
        <ele>20.720651</ele>
        <time>2026-03-25T15:13:37.999Z</time>
      </trkpt>
      <trkpt lat="44.795549" lon="14.674111">
        <ele>20.808188</ele>
        <time>2026-03-25T15:13:43.935Z</time>
      </trkpt>
      <trkpt lat="44.795329" lon="14.674095">
        <ele>20.896474</ele>
        <time>2026-03-25T15:13:50.133Z</time>
      </trkpt>
      <trkpt lat="44.795222" lon="14.673966">
        <ele>20.952909</ele>
        <time>2026-03-25T15:13:54.061Z</time>
      </trkpt>
      <trkpt lat="44.795154" lon="14.673939">
        <ele>20.986441</ele>
        <time>2026-03-25T15:13:55.981Z</time>
      </trkpt>
      <trkpt lat="44.794975" lon="14.674114">
        <ele>21.109151</ele>
        <time>2026-03-25T15:14:01.790Z</time>
      </trkpt>
      <trkpt lat="44.794963" lon="14.674216">
        <ele>21.150477</ele>
        <time>2026-03-25T15:14:03.728Z</time>
      </trkpt>
      <trkpt lat="44.795071" lon="14.674477">
        <ele>21.271239</ele>
        <time>2026-03-25T15:14:09.407Z</time>
      </trkpt>
      <trkpt lat="44.795098" lon="14.674605">
        <ele>21.324613</ele>
        <time>2026-03-25T15:14:11.822Z</time>
      </trkpt>
      <trkpt lat="44.795104" lon="14.674672">
        <ele>21.351605</ele>
        <time>2026-03-25T15:14:13.029Z</time>
      </trkpt>
      <trkpt lat="44.795047" lon="14.674919">
        <ele>21.455421</ele>
        <time>2026-03-25T15:14:17.425Z</time>
      </trkpt>
      <trkpt lat="44.795114" lon="14.675154">
        <ele>21.556648</ele>
        <time>2026-03-25T15:14:21.318Z</time>
      </trkpt>
      <trkpt lat="44.795130" lon="14.675351">
        <ele>21.635903</ele>
        <time>2026-03-25T15:14:24.326Z</time>
      </trkpt>
      <trkpt lat="44.795113" lon="14.675655">
        <ele>21.757788</ele>
        <time>2026-03-25T15:14:28.879Z</time>
      </trkpt>
      <trkpt lat="44.795169" lon="14.675807">
        <ele>21.826242</ele>
        <time>2026-03-25T15:14:31.433Z</time>
      </trkpt>
      <trkpt lat="44.795167" lon="14.675873">
        <ele>21.852647</ele>
        <time>2026-03-25T15:14:32.438Z</time>
      </trkpt>
      <trkpt lat="44.795092" lon="14.676020">
        <ele>21.925012</ele>
        <time>2026-03-25T15:14:35.163Z</time>
      </trkpt>
      <trkpt lat="44.794995" lon="14.676148">
        <ele>22.037086</ele>
        <time>2026-03-25T15:14:38.117Z</time>
      </trkpt>
      <trkpt lat="44.794664" lon="14.676584">
        <ele>22.807820</ele>
        <time>2026-03-25T15:14:49.653Z</time>
      </trkpt>
      <trkpt lat="44.794652" lon="14.676655">
        <ele>22.895925</ele>
        <time>2026-03-25T15:14:51.157Z</time>
      </trkpt>
      <trkpt lat="44.794686" lon="14.676844">
        <ele>23.131290</ele>
        <time>2026-03-25T15:14:55.264Z</time>
      </trkpt>
      <trkpt lat="44.794669" lon="14.676924">
        <ele>23.232098</ele>
        <time>2026-03-25T15:14:57.116Z</time>
      </trkpt>
      <trkpt lat="44.794501" lon="14.677157">
        <ele>23.633071</ele>
        <time>2026-03-25T15:15:04.742Z</time>
      </trkpt>
      <trkpt lat="44.794431" lon="14.677336">
        <ele>23.879786</ele>
        <time>2026-03-25T15:15:09.613Z</time>
      </trkpt>
      <trkpt lat="44.794245" lon="14.677444">
        <ele>24.221992</ele>
        <time>2026-03-25T15:15:16.484Z</time>
      </trkpt>
      <trkpt lat="44.793967" lon="14.677420">
        <ele>24.695775</ele>
        <time>2026-03-25T15:15:25.850Z</time>
      </trkpt>
      <trkpt lat="44.793739" lon="14.677463">
        <ele>25.091533</ele>
        <time>2026-03-25T15:15:33.506Z</time>
      </trkpt>
      <trkpt lat="44.793553" lon="14.677677">
        <ele>25.539547</ele>
        <time>2026-03-25T15:15:41.355Z</time>
      </trkpt>
      <trkpt lat="44.793381" lon="14.678053">
        <ele>26.131857</ele>
        <time>2026-03-25T15:15:51.377Z</time>
      </trkpt>
      <trkpt lat="44.793119" lon="14.678445">
        <ele>26.844842</ele>
        <time>2026-03-25T15:16:03.139Z</time>
      </trkpt>
      <trkpt lat="44.793112" lon="14.678551">
        <ele>26.985798</ele>
        <time>2026-03-25T15:16:05.447Z</time>
      </trkpt>
      <trkpt lat="44.793131" lon="14.678584">
        <ele>27.042064</ele>
        <time>2026-03-25T15:16:06.346Z</time>
      </trkpt>
      <trkpt lat="44.793193" lon="14.678594">
        <ele>27.158497</ele>
        <time>2026-03-25T15:16:08.250Z</time>
      </trkpt>
      <trkpt lat="44.793431" lon="14.678372">
        <ele>27.691023</ele>
        <time>2026-03-25T15:16:16.672Z</time>
      </trkpt>
      <trkpt lat="44.793542" lon="14.678351">
        <ele>27.899982</ele>
        <time>2026-03-25T15:16:19.855Z</time>
      </trkpt>
      <trkpt lat="44.793658" lon="14.678393">
        <ele>28.123442</ele>
        <time>2026-03-25T15:16:23.295Z</time>
      </trkpt>
      <trkpt lat="44.793770" lon="14.678557">
        <ele>28.418212</ele>
        <time>2026-03-25T15:16:27.868Z</time>
      </trkpt>
      <trkpt lat="44.793973" lon="14.679125">
        <ele>29.061355</ele>
        <time>2026-03-25T15:16:40.982Z</time>
      </trkpt>
      <trkpt lat="44.793935" lon="14.679213">
        <ele>29.165529</ele>
        <time>2026-03-25T15:16:43.147Z</time>
      </trkpt>
      <trkpt lat="44.793849" lon="14.679274">
        <ele>29.302733</ele>
        <time>2026-03-25T15:16:45.920Z</time>
      </trkpt>
      <trkpt lat="44.793593" lon="14.679262">
        <ele>29.667749</ele>
        <time>2026-03-25T15:16:53.454Z</time>
      </trkpt>
      <trkpt lat="44.793549" lon="14.679299">
        <ele>29.740767</ele>
        <time>2026-03-25T15:16:54.967Z</time>
      </trkpt>
      <trkpt lat="44.793395" lon="14.679482">
        <ele>30.027841</ele>
        <time>2026-03-25T15:17:00.954Z</time>
      </trkpt>
      <trkpt lat="44.793237" lon="14.679877">
        <ele>30.486388</ele>
        <time>2026-03-25T15:17:10.254Z</time>
      </trkpt>
      <trkpt lat="44.793716" lon="14.680366">
        <ele>31.220306</ele>
        <time>2026-03-25T15:17:26.182Z</time>
      </trkpt>
      <trkpt lat="44.794233" lon="14.681105">
        <ele>31.959966</ele>
        <time>2026-03-25T15:17:45.009Z</time>
      </trkpt>
      <trkpt lat="44.794377" lon="14.681402">
        <ele>32.216348</ele>
        <time>2026-03-25T15:17:51.562Z</time>
      </trkpt>
      <trkpt lat="44.794419" lon="14.681585">
        <ele>32.353436</ele>
        <time>2026-03-25T15:17:55.162Z</time>
      </trkpt>
      <trkpt lat="44.794434" lon="14.681832">
        <ele>32.530132</ele>
        <time>2026-03-25T15:17:59.816Z</time>
      </trkpt>
      <trkpt lat="44.794387" lon="14.681975">
        <ele>32.642458</ele>
        <time>2026-03-25T15:18:02.794Z</time>
      </trkpt>
      <trkpt lat="44.794249" lon="14.682118">
        <ele>32.814461</ele>
        <time>2026-03-25T15:18:07.370Z</time>
      </trkpt>
      <trkpt lat="44.793951" lon="14.682318">
        <ele>33.145672</ele>
        <time>2026-03-25T15:18:16.369Z</time>
      </trkpt>
      <trkpt lat="44.793726" lon="14.682359">
        <ele>33.373327</ele>
        <time>2026-03-25T15:18:22.596Z</time>
      </trkpt>
      <trkpt lat="44.793530" lon="14.682190">
        <ele>33.603901</ele>
        <time>2026-03-25T15:18:28.807Z</time>
      </trkpt>
      <trkpt lat="44.793429" lon="14.682171">
        <ele>33.706148</ele>
        <time>2026-03-25T15:18:31.494Z</time>
      </trkpt>
      <trkpt lat="44.793347" lon="14.682211">
        <ele>33.793221</ele>
        <time>2026-03-25T15:18:33.783Z</time>
      </trkpt>
      <trkpt lat="44.793310" lon="14.682348">
        <ele>33.897605</ele>
        <time>2026-03-25T15:18:36.544Z</time>
      </trkpt>
      <trkpt lat="44.793318" lon="14.682470">
        <ele>33.984851</ele>
        <time>2026-03-25T15:18:38.880Z</time>
      </trkpt>
      <trkpt lat="44.793450" lon="14.682741">
        <ele>34.218913</ele>
        <time>2026-03-25T15:18:45.087Z</time>
      </trkpt>
      <trkpt lat="44.793797" lon="14.683156">
        <ele>34.673154</ele>
        <time>2026-03-25T15:18:56.862Z</time>
      </trkpt>
      <trkpt lat="44.793907" lon="14.683360">
        <ele>34.851294</ele>
        <time>2026-03-25T15:19:01.343Z</time>
      </trkpt>
      <trkpt lat="44.794042" lon="14.684047">
        <ele>35.346935</ele>
        <time>2026-03-25T15:19:13.552Z</time>
      </trkpt>
      <trkpt lat="44.794132" lon="14.684309">
        <ele>35.549321</ele>
        <time>2026-03-25T15:19:18.613Z</time>
      </trkpt>
      <trkpt lat="44.794255" lon="14.684932">
        <ele>35.998937</ele>
        <time>2026-03-25T15:19:30.593Z</time>
      </trkpt>
      <trkpt lat="44.794324" lon="14.685424">
        <ele>36.352853</ele>
        <time>2026-03-25T15:19:40.804Z</time>
      </trkpt>
      <trkpt lat="44.794276" lon="14.685638">
        <ele>36.567474</ele>
        <time>2026-03-25T15:19:45.603Z</time>
      </trkpt>
      <trkpt lat="44.794165" lon="14.685874">
        <ele>36.838223</ele>
        <time>2026-03-25T15:19:51.834Z</time>
      </trkpt>
      <trkpt lat="44.794109" lon="14.685944">
        <ele>36.939097</ele>
        <time>2026-03-25T15:19:54.131Z</time>
      </trkpt>
      <trkpt lat="44.794037" lon="14.685996">
        <ele>37.048120</ele>
        <time>2026-03-25T15:19:56.642Z</time>
      </trkpt>
      <trkpt lat="44.793962" lon="14.686003">
        <ele>37.149408</ele>
        <time>2026-03-25T15:19:58.946Z</time>
      </trkpt>
      <trkpt lat="44.793774" lon="14.685964">
        <ele>37.405476</ele>
        <time>2026-03-25T15:20:04.795Z</time>
      </trkpt>
      <trkpt lat="44.793394" lon="14.685718">
        <ele>37.968995</ele>
        <time>2026-03-25T15:20:17.400Z</time>
      </trkpt>
      <trkpt lat="44.793276" lon="14.685703">
        <ele>38.128651</ele>
        <time>2026-03-25T15:20:20.876Z</time>
      </trkpt>
      <trkpt lat="44.793208" lon="14.685771">
        <ele>38.241013</ele>
        <time>2026-03-25T15:20:23.288Z</time>
      </trkpt>
      <trkpt lat="44.793151" lon="14.686096">
        <ele>38.561158</ele>
        <time>2026-03-25T15:20:29.838Z</time>
      </trkpt>
      <trkpt lat="44.793197" lon="14.686886">
        <ele>37.575323</ele>
        <time>2026-03-25T15:20:42.981Z</time>
      </trkpt>
      <trkpt lat="44.793254" lon="14.687301">
        <ele>36.724557</ele>
        <time>2026-03-25T15:20:48.409Z</time>
      </trkpt>
      <trkpt lat="44.793339" lon="14.687586">
        <ele>36.102342</ele>
        <time>2026-03-25T15:20:51.982Z</time>
      </trkpt>
      <trkpt lat="44.793384" lon="14.687897">
        <ele>35.463518</ele>
        <time>2026-03-25T15:20:55.525Z</time>
      </trkpt>
      <trkpt lat="44.793366" lon="14.688160">
        <ele>34.931726</ele>
        <time>2026-03-25T15:20:58.379Z</time>
      </trkpt>
      <trkpt lat="44.793335" lon="14.688272">
        <ele>34.689766</ele>
        <time>2026-03-25T15:20:59.664Z</time>
      </trkpt>
      <trkpt lat="44.793258" lon="14.688410">
        <ele>34.336443</ele>
        <time>2026-03-25T15:21:01.524Z</time>
      </trkpt>
      <trkpt lat="44.793095" lon="14.688585">
        <ele>33.755259</ele>
        <time>2026-03-25T15:21:04.580Z</time>
      </trkpt>
      <trkpt lat="44.792883" lon="14.688724">
        <ele>32.791259</ele>
        <time>2026-03-25T15:21:08.047Z</time>
      </trkpt>
      <trkpt lat="44.792789" lon="14.688752">
        <ele>32.373466</ele>
        <time>2026-03-25T15:21:09.475Z</time>
      </trkpt>
      <trkpt lat="44.792589" lon="14.688659">
        <ele>31.457632</ele>
        <time>2026-03-25T15:21:12.570Z</time>
      </trkpt>
      <trkpt lat="44.792344" lon="14.688456">
        <ele>30.221713</ele>
        <time>2026-03-25T15:21:16.758Z</time>
      </trkpt>
      <trkpt lat="44.791995" lon="14.688332">
        <ele>28.656579</ele>
        <time>2026-03-25T15:21:22.167Z</time>
      </trkpt>
      <trkpt lat="44.791900" lon="14.688213">
        <ele>28.103840</ele>
        <time>2026-03-25T15:21:24.153Z</time>
      </trkpt>
      <trkpt lat="44.791858" lon="14.687661">
        <ele>26.390596</ele>
        <time>2026-03-25T15:21:30.652Z</time>
      </trkpt>
      <trkpt lat="44.791839" lon="14.687619">
        <ele>26.236889</ele>
        <time>2026-03-25T15:21:31.259Z</time>
      </trkpt>
      <trkpt lat="44.791788" lon="14.687603">
        <ele>26.009684</ele>
        <time>2026-03-25T15:21:32.199Z</time>
      </trkpt>
      <trkpt lat="44.791605" lon="14.687705">
        <ele>25.845781</ele>
        <time>2026-03-25T15:21:35.826Z</time>
      </trkpt>
      <trkpt lat="44.791315" lon="14.687555">
        <ele>25.867409</ele>
        <time>2026-03-25T15:21:41.942Z</time>
      </trkpt>
      <trkpt lat="44.790981" lon="14.687548">
        <ele>25.890797</ele>
        <time>2026-03-25T15:21:49.112Z</time>
      </trkpt>
      <trkpt lat="44.790864" lon="14.687486">
        <ele>25.899548</ele>
        <time>2026-03-25T15:21:52.089Z</time>
      </trkpt>
      <trkpt lat="44.790793" lon="14.687395">
        <ele>25.906268</ele>
        <time>2026-03-25T15:21:54.461Z</time>
      </trkpt>
      <trkpt lat="44.790700" lon="14.687067">
        <ele>25.923818</ele>
        <time>2026-03-25T15:22:00.922Z</time>
      </trkpt>
      <trkpt lat="44.790709" lon="14.686967">
        <ele>25.928827</ele>
        <time>2026-03-25T15:22:02.855Z</time>
      </trkpt>
      <trkpt lat="44.790800" lon="14.686832">
        <ele>25.938078</ele>
        <time>2026-03-25T15:22:06.465Z</time>
      </trkpt>
      <trkpt lat="44.790789" lon="14.686778">
        <ele>25.940870</ele>
        <time>2026-03-25T15:22:07.578Z</time>
      </trkpt>
      <trkpt lat="44.790766" lon="14.686755">
        <ele>25.942844</ele>
        <time>2026-03-25T15:22:08.364Z</time>
      </trkpt>
      <trkpt lat="44.790309" lon="14.686785">
        <ele>26.027544</ele>
        <time>2026-03-25T15:22:21.580Z</time>
      </trkpt>
      <trkpt lat="44.790199" lon="14.686688">
        <ele>26.070500</ele>
        <time>2026-03-25T15:22:25.160Z</time>
      </trkpt>
      <trkpt lat="44.790001" lon="14.686343">
        <ele>26.174735</ele>
        <time>2026-03-25T15:22:33.114Z</time>
      </trkpt>
      <trkpt lat="44.789908" lon="14.686302">
        <ele>26.206992</ele>
        <time>2026-03-25T15:22:35.313Z</time>
      </trkpt>
      <trkpt lat="44.789831" lon="14.686363">
        <ele>26.236234</ele>
        <time>2026-03-25T15:22:37.249Z</time>
      </trkpt>
      <trkpt lat="44.789783" lon="14.686529">
        <ele>26.278344</ele>
        <time>2026-03-25T15:22:39.902Z</time>
      </trkpt>
      <trkpt lat="44.789738" lon="14.686577">
        <ele>26.297028</ele>
        <time>2026-03-25T15:22:41.072Z</time>
      </trkpt>
      <trkpt lat="44.789720" lon="14.686638">
        <ele>26.312548</ele>
        <time>2026-03-25T15:22:42.017Z</time>
      </trkpt>
      <trkpt lat="44.789754" lon="14.686725">
        <ele>26.335880</ele>
        <time>2026-03-25T15:22:43.452Z</time>
      </trkpt>
      <trkpt lat="44.789872" lon="14.686854">
        <ele>26.385319</ele>
        <time>2026-03-25T15:22:46.417Z</time>
      </trkpt>
      <trkpt lat="44.789938" lon="14.687257">
        <ele>26.482483</ele>
        <time>2026-03-25T15:22:52.272Z</time>
      </trkpt>
      <trkpt lat="44.790089" lon="14.687570">
        <ele>26.647023</ele>
        <time>2026-03-25T15:22:57.863Z</time>
      </trkpt>
      <trkpt lat="44.790124" lon="14.687829">
        <ele>27.016137</ele>
        <time>2026-03-25T15:23:02.002Z</time>
      </trkpt>
      <trkpt lat="44.790317" lon="14.688260">
        <ele>27.729609</ele>
        <time>2026-03-25T15:23:11.094Z</time>
      </trkpt>
      <trkpt lat="44.790322" lon="14.688413">
        <ele>27.944034</ele>
        <time>2026-03-25T15:23:14.074Z</time>
      </trkpt>
      <trkpt lat="44.790278" lon="14.688471">
        <ele>28.062892</ele>
        <time>2026-03-25T15:23:15.862Z</time>
      </trkpt>
      <trkpt lat="44.790201" lon="14.688456">
        <ele>28.216234</ele>
        <time>2026-03-25T15:23:18.228Z</time>
      </trkpt>
      <trkpt lat="44.789835" lon="14.688087">
        <ele>29.104018</ele>
        <time>2026-03-25T15:23:33.722Z</time>
      </trkpt>
      <trkpt lat="44.789625" lon="14.687968">
        <ele>29.550526</ele>
        <time>2026-03-25T15:23:42.382Z</time>
      </trkpt>
      <trkpt lat="44.789351" lon="14.687764">
        <ele>30.193466</ele>
        <time>2026-03-25T15:23:54.956Z</time>
      </trkpt>
      <trkpt lat="44.789215" lon="14.687738">
        <ele>30.612889</ele>
        <time>2026-03-25T15:24:00.768Z</time>
      </trkpt>
      <trkpt lat="44.789162" lon="14.687867">
        <ele>30.936171</ele>
        <time>2026-03-25T15:24:05.235Z</time>
      </trkpt>
      <trkpt lat="44.789180" lon="14.688101">
        <ele>31.446654</ele>
        <time>2026-03-25T15:24:12.102Z</time>
      </trkpt>
      <trkpt lat="44.789449" lon="14.688691">
        <ele>32.967578</ele>
        <time>2026-03-25T15:24:31.338Z</time>
      </trkpt>
      <trkpt lat="44.789515" lon="14.688935">
        <ele>33.533908</ele>
        <time>2026-03-25T15:24:37.858Z</time>
      </trkpt>
      <trkpt lat="44.789522" lon="14.689169">
        <ele>34.041867</ele>
        <time>2026-03-25T15:24:43.328Z</time>
      </trkpt>
      <trkpt lat="44.789359" lon="14.689499">
        <ele>34.913865</ele>
        <time>2026-03-25T15:24:52.196Z</time>
      </trkpt>
      <trkpt lat="44.789399" lon="14.689614">
        <ele>35.191626</ele>
        <time>2026-03-25T15:24:54.994Z</time>
      </trkpt>
      <trkpt lat="44.789465" lon="14.689681">
        <ele>35.440216</ele>
        <time>2026-03-25T15:24:57.569Z</time>
      </trkpt>
      <trkpt lat="44.789725" lon="14.689751">
        <ele>36.485344</ele>
        <time>2026-03-25T15:25:06.374Z</time>
      </trkpt>
      <trkpt lat="44.789880" lon="14.690174">
        <ele>37.894042</ele>
        <time>2026-03-25T15:25:18.716Z</time>
      </trkpt>
      <trkpt lat="44.790130" lon="14.690637">
        <ele>39.615561</ele>
        <time>2026-03-25T15:25:35.528Z</time>
      </trkpt>
      <trkpt lat="44.790162" lon="14.690771">
        <ele>40.033925</ele>
        <time>2026-03-25T15:25:39.937Z</time>
      </trkpt>
      <trkpt lat="44.790107" lon="14.690960">
        <ele>40.638383</ele>
        <time>2026-03-25T15:25:46.521Z</time>
      </trkpt>
      <trkpt lat="44.790001" lon="14.691130">
        <ele>41.308005</ele>
        <time>2026-03-25T15:25:53.798Z</time>
      </trkpt>
      <trkpt lat="44.789801" lon="14.691353">
        <ele>42.371415</ele>
        <time>2026-03-25T15:26:05.964Z</time>
      </trkpt>
      <trkpt lat="44.789551" lon="14.691520">
        <ele>43.660053</ele>
        <time>2026-03-25T15:26:20.257Z</time>
      </trkpt>
      <trkpt lat="44.789409" lon="14.691657">
        <ele>44.605869</ele>
        <time>2026-03-25T15:26:29.533Z</time>
      </trkpt>
      <trkpt lat="44.789293" lon="14.691902">
        <ele>45.754602</ele>
        <time>2026-03-25T15:26:40.927Z</time>
      </trkpt>
      <trkpt lat="44.789246" lon="14.692091">
        <ele>46.535722</ele>
        <time>2026-03-25T15:26:48.643Z</time>
      </trkpt>
      <trkpt lat="44.789133" lon="14.692265">
        <ele>47.455650</ele>
        <time>2026-03-25T15:26:57.573Z</time>
      </trkpt>
      <trkpt lat="44.788888" lon="14.692577">
        <ele>49.270564</ele>
        <time>2026-03-25T15:27:14.267Z</time>
      </trkpt>
      <trkpt lat="44.788551" lon="14.692847">
        <ele>51.401127</ele>
        <time>2026-03-25T15:27:32.242Z</time>
      </trkpt>
      <trkpt lat="44.788417" lon="14.692992">
        <ele>52.329678</ele>
        <time>2026-03-25T15:27:39.678Z</time>
      </trkpt>
      <trkpt lat="44.788275" lon="14.693214">
        <ele>53.282169</ele>
        <time>2026-03-25T15:27:49.032Z</time>
      </trkpt>
      <trkpt lat="44.787970" lon="14.693582">
        <ele>54.566300</ele>
        <time>2026-03-25T15:28:05.854Z</time>
      </trkpt>
      <trkpt lat="44.787975" lon="14.693756">
        <ele>54.961545</ele>
        <time>2026-03-25T15:28:10.757Z</time>
      </trkpt>
      <trkpt lat="44.788062" lon="14.694023">
        <ele>55.628362</ele>
        <time>2026-03-25T15:28:18.804Z</time>
      </trkpt>
      <trkpt lat="44.788094" lon="14.694238">
        <ele>56.126955</ele>
        <time>2026-03-25T15:28:24.573Z</time>
      </trkpt>
      <trkpt lat="44.788086" lon="14.694434">
        <ele>56.572544</ele>
        <time>2026-03-25T15:28:29.532Z</time>
      </trkpt>
      <trkpt lat="44.788015" lon="14.694549">
        <ele>56.918494</ele>
        <time>2026-03-25T15:28:33.248Z</time>
      </trkpt>
      <trkpt lat="44.786996" lon="14.695246">
        <ele>59.765909</ele>
        <time>2026-03-25T15:29:09.597Z</time>
      </trkpt>
      <trkpt lat="44.786695" lon="14.695627">
        <ele>60.503810</ele>
        <time>2026-03-25T15:29:22.721Z</time>
      </trkpt>
      <trkpt lat="44.786515" lon="14.696115">
        <ele>61.215646</ele>
        <time>2026-03-25T15:29:34.557Z</time>
      </trkpt>
      <trkpt lat="44.786432" lon="14.696665">
        <ele>61.943438</ele>
        <time>2026-03-25T15:29:45.623Z</time>
      </trkpt>
      <trkpt lat="44.786393" lon="14.697264">
        <ele>62.037559</ele>
        <time>2026-03-25T15:29:56.846Z</time>
      </trkpt>
      <trkpt lat="44.786452" lon="14.697393">
        <ele>62.043185</ele>
        <time>2026-03-25T15:29:59.682Z</time>
      </trkpt>
      <trkpt lat="44.786584" lon="14.697552">
        <ele>62.052154</ele>
        <time>2026-03-25T15:30:04.392Z</time>
      </trkpt>
      <trkpt lat="44.786711" lon="14.697795">
        <ele>62.063215</ele>
        <time>2026-03-25T15:30:10.387Z</time>
      </trkpt>
      <trkpt lat="44.786745" lon="14.697926">
        <ele>62.068328</ele>
        <time>2026-03-25T15:30:13.090Z</time>
      </trkpt>
      <trkpt lat="44.786773" lon="14.698292">
        <ele>62.081822</ele>
        <time>2026-03-25T15:30:19.509Z</time>
      </trkpt>
      <trkpt lat="44.786696" lon="14.698567">
        <ele>62.092658</ele>
        <time>2026-03-25T15:30:23.764Z</time>
      </trkpt>
      <trkpt lat="44.786597" lon="14.698733">
        <ele>62.100606</ele>
        <time>2026-03-25T15:30:26.611Z</time>
      </trkpt>
      <trkpt lat="44.786332" lon="14.698993">
        <ele>61.222925</ele>
        <time>2026-03-25T15:30:32.217Z</time>
      </trkpt>
      <trkpt lat="44.786243" lon="14.699152">
        <ele>60.251037</ele>
        <time>2026-03-25T15:30:34.551Z</time>
      </trkpt>
      <trkpt lat="44.786120" lon="14.699437">
        <ele>58.650143</ele>
        <time>2026-03-25T15:30:38.294Z</time>
      </trkpt>
      <trkpt lat="44.786138" lon="14.699610">
        <ele>57.810956</ele>
        <time>2026-03-25T15:30:40.199Z</time>
      </trkpt>
      <trkpt lat="44.786209" lon="14.699730">
        <ele>57.061139</ele>
        <time>2026-03-25T15:30:41.871Z</time>
      </trkpt>
      <trkpt lat="44.786231" lon="14.699956">
        <ele>55.966300</ele>
        <time>2026-03-25T15:30:44.252Z</time>
      </trkpt>
      <trkpt lat="44.786220" lon="14.700051">
        <ele>55.504321</ele>
        <time>2026-03-25T15:30:45.258Z</time>
      </trkpt>
      <trkpt lat="44.786253" lon="14.700074">
        <ele>55.255354</ele>
        <time>2026-03-25T15:30:45.770Z</time>
      </trkpt>
      <trkpt lat="44.786373" lon="14.700592">
        <ele>52.640140</ele>
        <time>2026-03-25T15:30:54.282Z</time>
      </trkpt>
      <trkpt lat="44.786278" lon="14.701057">
        <ele>50.317761</ele>
        <time>2026-03-25T15:31:01.561Z</time>
      </trkpt>
      <trkpt lat="44.786174" lon="14.701776">
        <ele>43.857721</ele>
        <time>2026-03-25T15:31:12.400Z</time>
      </trkpt>
      <trkpt lat="44.786051" lon="14.702360">
        <ele>38.208117</ele>
        <time>2026-03-25T15:31:21.311Z</time>
      </trkpt>
      <trkpt lat="44.786058" lon="14.702676">
        <ele>35.276026</ele>
        <time>2026-03-25T15:31:25.893Z</time>
      </trkpt>
      <trkpt lat="44.786017" lon="14.702958">
        <ele>32.606376</ele>
        <time>2026-03-25T15:31:30.036Z</time>
      </trkpt>
      <trkpt lat="44.785751" lon="14.703822">
        <ele>24.274704</ele>
        <time>2026-03-25T15:31:43.629Z</time>
      </trkpt>
      <trkpt lat="44.785716" lon="14.703938">
        <ele>23.288703</ele>
        <time>2026-03-25T15:31:45.476Z</time>
      </trkpt>
      <trkpt lat="44.785664" lon="14.704031">
        <ele>22.362576</ele>
        <time>2026-03-25T15:31:47.194Z</time>
      </trkpt>
      <trkpt lat="44.785616" lon="14.704042">
        <ele>21.826590</ele>
        <time>2026-03-25T15:31:48.203Z</time>
      </trkpt>
      <trkpt lat="44.785411" lon="14.704494">
        <ele>17.630555</ele>
        <time>2026-03-25T15:31:56.129Z</time>
      </trkpt>
      <trkpt lat="44.785133" lon="14.704799">
        <ele>13.747200</ele>
        <time>2026-03-25T15:32:03.543Z</time>
      </trkpt>
      <trkpt lat="44.784942" lon="14.704922">
        <ele>11.432618</ele>
        <time>2026-03-25T15:32:07.998Z</time>
      </trkpt>
      <trkpt lat="44.784894" lon="14.705038">
        <ele>10.382241</ele>
        <time>2026-03-25T15:32:10.063Z</time>
      </trkpt>
      <trkpt lat="44.784880" lon="14.705154">
        <ele>9.461793</ele>
        <time>2026-03-25T15:32:11.877Z</time>
      </trkpt>
      <trkpt lat="44.784855" lon="14.705149">
        <ele>9.183492</ele>
        <time>2026-03-25T15:32:13.699Z</time>
      </trkpt>
      <trkpt lat="44.784795" lon="14.705220">
        <ele>8.319904</ele>
        <time>2026-03-25T15:32:19.135Z</time>
      </trkpt>
      <trkpt lat="44.784795" lon="14.705220">
        <ele>8.319904</ele>
        <time>2026-03-25T15:32:19.147Z</time>
      </trkpt>
      <trkpt lat="44.784600" lon="14.706177">
        <ele>4.558039</ele>
        <time>2026-03-25T15:32:49.434Z</time>
      </trkpt>
      <trkpt lat="44.784405" lon="14.707135">
        <ele>1.917264</ele>
        <time>2026-03-25T15:33:19.687Z</time>
      </trkpt>
      <trkpt lat="44.784405" lon="14.707135">
        <ele>1.917264</ele>
        <time>2026-03-25T15:33:19.694Z</time>
      </trkpt>
      <trkpt lat="44.784854" lon="14.707387">
        <ele>0.112920</ele>
        <time>2026-03-25T15:33:27.989Z</time>
      </trkpt>
      <trkpt lat="44.785091" lon="14.707552">
        <ele>-0.014043</ele>
        <time>2026-03-25T15:33:33.533Z</time>
      </trkpt>
      <trkpt lat="44.785336" lon="14.707760">
        <ele>0.095649</ele>
        <time>2026-03-25T15:33:39.839Z</time>
      </trkpt>
      <trkpt lat="44.785533" lon="14.707978">
        <ele>0.191710</ele>
        <time>2026-03-25T15:33:45.523Z</time>
      </trkpt>
      <trkpt lat="44.785609" lon="14.707981">
        <ele>0.220866</ele>
        <time>2026-03-25T15:33:47.717Z</time>
      </trkpt>
      <trkpt lat="44.786017" lon="14.708283">
        <ele>0.397604</ele>
        <time>2026-03-25T15:34:01.293Z</time>
      </trkpt>
      <trkpt lat="44.786718" lon="14.708735">
        <ele>0.765392</ele>
        <time>2026-03-25T15:34:22.630Z</time>
      </trkpt>
      <trkpt lat="44.786987" lon="14.708819">
        <ele>0.949134</ele>
        <time>2026-03-25T15:34:29.764Z</time>
      </trkpt>
      <trkpt lat="44.787028" lon="14.708832">
        <ele>0.977159</ele>
        <time>2026-03-25T15:34:30.856Z</time>
      </trkpt>
      <trkpt lat="44.787232" lon="14.708745">
        <ele>1.119297</ele>
        <time>2026-03-25T15:34:36.214Z</time>
      </trkpt>
      <trkpt lat="44.788065" lon="14.708089">
        <ele>1.755682</ele>
        <time>2026-03-25T15:35:02.907Z</time>
      </trkpt>
      <trkpt lat="44.788125" lon="14.708077">
        <ele>1.797342</ele>
        <time>2026-03-25T15:35:04.881Z</time>
      </trkpt>
      <trkpt lat="44.788278" lon="14.707862">
        <ele>2.116275</ele>
        <time>2026-03-25T15:35:10.776Z</time>
      </trkpt>
      <trkpt lat="44.788711" lon="14.707953">
        <ele>2.762438</ele>
        <time>2026-03-25T15:35:25.486Z</time>
      </trkpt>
      <trkpt lat="44.788885" lon="14.707865">
        <ele>3.035299</ele>
        <time>2026-03-25T15:35:32.514Z</time>
      </trkpt>
      <trkpt lat="44.789071" lon="14.708054">
        <ele>3.373769</ele>
        <time>2026-03-25T15:35:40.127Z</time>
      </trkpt>
      <trkpt lat="44.789212" lon="14.708156">
        <ele>3.607705</ele>
        <time>2026-03-25T15:35:44.497Z</time>
      </trkpt>
      <trkpt lat="44.789397" lon="14.708412">
        <ele>3.990416</ele>
        <time>2026-03-25T15:35:50.336Z</time>
      </trkpt>
      <trkpt lat="44.789503" lon="14.708733">
        <ele>4.361278</ele>
        <time>2026-03-25T15:35:55.124Z</time>
      </trkpt>
      <trkpt lat="44.789596" lon="14.709010">
        <ele>4.244817</ele>
        <time>2026-03-25T15:35:59.157Z</time>
      </trkpt>
      <trkpt lat="44.789651" lon="14.708988">
        <ele>4.170402</ele>
        <time>2026-03-25T15:36:00.116Z</time>
      </trkpt>
      <trkpt lat="44.789771" lon="14.708953">
        <ele>4.010904</ele>
        <time>2026-03-25T15:36:02.355Z</time>
      </trkpt>
      <trkpt lat="44.790137" lon="14.708846">
        <ele>3.524388</ele>
        <time>2026-03-25T15:36:08.758Z</time>
      </trkpt>
      <trkpt lat="44.790176" lon="14.708829">
        <ele>3.471254</ele>
        <time>2026-03-25T15:36:09.479Z</time>
      </trkpt>
      <trkpt lat="44.790188" lon="14.708823">
        <ele>3.454681</ele>
        <time>2026-03-25T15:36:09.703Z</time>
      </trkpt>
      <trkpt lat="44.790309" lon="14.708755">
        <ele>3.285129</ele>
        <time>2026-03-25T15:36:11.812Z</time>
      </trkpt>
      <trkpt lat="44.790485" lon="14.708619">
        <ele>3.023870</ele>
        <time>2026-03-25T15:36:14.976Z</time>
      </trkpt>
      <trkpt lat="44.790638" lon="14.708381">
        <ele>2.727245</ele>
        <time>2026-03-25T15:36:18.468Z</time>
      </trkpt>
      <trkpt lat="44.790820" lon="14.707912">
        <ele>2.233496</ele>
        <time>2026-03-25T15:36:24.989Z</time>
      </trkpt>
      <trkpt lat="44.791061" lon="14.707555">
        <ele>2.235847</ele>
        <time>2026-03-25T15:36:31.921Z</time>
      </trkpt>
      <trkpt lat="44.791225" lon="14.707391">
        <ele>2.336526</ele>
        <time>2026-03-25T15:36:35.712Z</time>
      </trkpt>
      <trkpt lat="44.791459" lon="14.707256">
        <ele>2.463114</ele>
        <time>2026-03-25T15:36:40.694Z</time>
      </trkpt>
      <trkpt lat="44.791629" lon="14.707055">
        <ele>2.574214</ele>
        <time>2026-03-25T15:36:45.494Z</time>
      </trkpt>
      <trkpt lat="44.791722" lon="14.706757">
        <ele>2.689875</ele>
        <time>2026-03-25T15:36:51.213Z</time>
      </trkpt>
      <trkpt lat="44.791777" lon="14.706521">
        <ele>2.778129</ele>
        <time>2026-03-25T15:36:55.631Z</time>
      </trkpt>
      <trkpt lat="44.791823" lon="14.706187">
        <ele>2.899009</ele>
        <time>2026-03-25T15:37:01.602Z</time>
      </trkpt>
      <trkpt lat="44.791892" lon="14.706004">
        <ele>2.972634</ele>
        <time>2026-03-25T15:37:05.531Z</time>
      </trkpt>
      <trkpt lat="44.792127" lon="14.705699">
        <ele>3.666606</ele>
        <time>2026-03-25T15:37:15.115Z</time>
      </trkpt>
      <trkpt lat="44.792158" lon="14.705636">
        <ele>3.811761</ele>
        <time>2026-03-25T15:37:17.020Z</time>
      </trkpt>
      <trkpt lat="44.792266" lon="14.705373">
        <ele>4.387093</ele>
        <time>2026-03-25T15:37:24.975Z</time>
      </trkpt>
      <trkpt lat="44.792264" lon="14.705310">
        <ele>4.506498</ele>
        <time>2026-03-25T15:37:26.748Z</time>
      </trkpt>
      <trkpt lat="44.792258" lon="14.705051">
        <ele>4.997157</ele>
        <time>2026-03-25T15:37:34.554Z</time>
      </trkpt>
      <trkpt lat="44.792383" lon="14.704911">
        <ele>5.423178</ele>
        <time>2026-03-25T15:37:41.628Z</time>
      </trkpt>
      <trkpt lat="44.792526" lon="14.704771">
        <ele>5.887756</ele>
        <time>2026-03-25T15:37:49.154Z</time>
      </trkpt>
      <trkpt lat="44.792652" lon="14.704702">
        <ele>6.248425</ele>
        <time>2026-03-25T15:37:54.541Z</time>
      </trkpt>
      <trkpt lat="44.792767" lon="14.704639">
        <ele>6.577623</ele>
        <time>2026-03-25T15:37:59.371Z</time>
      </trkpt>
      <trkpt lat="44.793195" lon="14.704295">
        <ele>7.733423</ele>
        <time>2026-03-25T15:38:14.528Z</time>
      </trkpt>
      <trkpt lat="44.793296" lon="14.704214">
        <ele>7.458177</ele>
        <time>2026-03-25T15:38:17.275Z</time>
      </trkpt>
      <trkpt lat="44.793475" lon="14.704094">
        <ele>6.988684</ele>
        <time>2026-03-25T15:38:21.072Z</time>
      </trkpt>
      <trkpt lat="44.793558" lon="14.703943">
        <ele>6.667653</ele>
        <time>2026-03-25T15:38:23.414Z</time>
      </trkpt>
      <trkpt lat="44.793670" lon="14.704020">
        <ele>6.372494</ele>
        <time>2026-03-25T15:38:25.442Z</time>
      </trkpt>
      <trkpt lat="44.793766" lon="14.703965">
        <ele>6.127045</ele>
        <time>2026-03-25T15:38:27.078Z</time>
      </trkpt>
      <trkpt lat="44.793875" lon="14.703632">
        <ele>5.510670</ele>
        <time>2026-03-25T15:38:31.022Z</time>
      </trkpt>
      <trkpt lat="44.793887" lon="14.703583">
        <ele>5.423545</ele>
        <time>2026-03-25T15:38:31.559Z</time>
      </trkpt>
      <trkpt lat="44.793973" lon="14.703515">
        <ele>5.189979</ele>
        <time>2026-03-25T15:38:32.996Z</time>
      </trkpt>
      <trkpt lat="44.794002" lon="14.703505">
        <ele>5.119266</ele>
        <time>2026-03-25T15:38:33.419Z</time>
      </trkpt>
      <trkpt lat="44.794099" lon="14.703570">
        <ele>4.864869</ele>
        <time>2026-03-25T15:38:34.948Z</time>
      </trkpt>
      <trkpt lat="44.794190" lon="14.703665">
        <ele>4.596633</ele>
        <time>2026-03-25T15:38:36.570Z</time>
      </trkpt>
      <trkpt lat="44.794400" lon="14.703934">
        <ele>3.924464</ele>
        <time>2026-03-25T15:38:40.677Z</time>
      </trkpt>
      <trkpt lat="44.794429" lon="14.703951">
        <ele>3.850072</ele>
        <time>2026-03-25T15:38:41.140Z</time>
      </trkpt>
      <trkpt lat="44.794460" lon="14.703969">
        <ele>3.770660</ele>
        <time>2026-03-25T15:38:41.623Z</time>
      </trkpt>
      <trkpt lat="44.794578" lon="14.703980">
        <ele>3.517549</ele>
        <time>2026-03-25T15:38:43.343Z</time>
      </trkpt>
      <trkpt lat="44.794967" lon="14.703840">
        <ele>3.013082</ele>
        <time>2026-03-25T15:38:49.363Z</time>
      </trkpt>
      <trkpt lat="44.795250" lon="14.703867">
        <ele>2.656679</ele>
        <time>2026-03-25T15:38:54.059Z</time>
      </trkpt>
      <trkpt lat="44.795418" lon="14.703792">
        <ele>2.435248</ele>
        <time>2026-03-25T15:38:57.210Z</time>
      </trkpt>
      <trkpt lat="44.795547" lon="14.703497">
        <ele>2.126282</ele>
        <time>2026-03-25T15:39:01.862Z</time>
      </trkpt>
      <trkpt lat="44.795773" lon="14.703293">
        <ele>1.789052</ele>
        <time>2026-03-25T15:39:07.140Z</time>
      </trkpt>
      <trkpt lat="44.795981" lon="14.703176">
        <ele>1.507649</ele>
        <time>2026-03-25T15:39:12.249Z</time>
      </trkpt>
      <trkpt lat="44.796149" lon="14.703076">
        <ele>1.294306</ele>
        <time>2026-03-25T15:39:16.764Z</time>
      </trkpt>
      <trkpt lat="44.796630" lon="14.702779">
        <ele>1.727058</ele>
        <time>2026-03-25T15:39:30.422Z</time>
      </trkpt>
      <trkpt lat="44.796889" lon="14.702827">
        <ele>1.942326</ele>
        <time>2026-03-25T15:39:37.306Z</time>
      </trkpt>
      <trkpt lat="44.797245" lon="14.702659">
        <ele>2.251703</ele>
        <time>2026-03-25T15:39:46.429Z</time>
      </trkpt>
      <trkpt lat="44.797563" lon="14.702827">
        <ele>2.531563</ele>
        <time>2026-03-25T15:39:53.692Z</time>
      </trkpt>
      <trkpt lat="44.797830" lon="14.702734">
        <ele>2.758207</ele>
        <time>2026-03-25T15:40:00.567Z</time>
      </trkpt>
      <trkpt lat="44.797970" lon="14.702445">
        <ele>2.607888</ele>
        <time>2026-03-25T15:40:05.768Z</time>
      </trkpt>
      <trkpt lat="44.797956" lon="14.702167">
        <ele>2.470514</ele>
        <time>2026-03-25T15:40:09.228Z</time>
      </trkpt>
      <trkpt lat="44.798118" lon="14.702071">
        <ele>2.348439</ele>
        <time>2026-03-25T15:40:12.159Z</time>
      </trkpt>
      <trkpt lat="44.798247" lon="14.702198">
        <ele>2.239131</ele>
        <time>2026-03-25T15:40:14.737Z</time>
      </trkpt>
      <trkpt lat="44.798413" lon="14.702309">
        <ele>2.111500</ele>
        <time>2026-03-25T15:40:17.776Z</time>
      </trkpt>
      <trkpt lat="44.798744" lon="14.701602">
        <ele>1.694000</ele>
        <time>2026-03-25T15:40:27.790Z</time>
      </trkpt>
      <trkpt lat="44.798836" lon="14.701552">
        <ele>1.625507</ele>
        <time>2026-03-25T15:40:29.516Z</time>
      </trkpt>
      <trkpt lat="44.799302" lon="14.701297">
        <ele>1.555119</ele>
        <time>2026-03-25T15:40:38.161Z</time>
      </trkpt>
      <trkpt lat="44.799569" lon="14.701101">
        <ele>1.584678</ele>
        <time>2026-03-25T15:40:43.179Z</time>
      </trkpt>
      <trkpt lat="44.799839" lon="14.700816">
        <ele>1.617800</ele>
        <time>2026-03-25T15:40:49.155Z</time>
      </trkpt>
      <trkpt lat="44.800170" lon="14.700711">
        <ele>1.651113</ele>
        <time>2026-03-25T15:40:55.388Z</time>
      </trkpt>
      <trkpt lat="44.800511" lon="14.700321">
        <ele>1.694232</ele>
        <time>2026-03-25T15:41:05.552Z</time>
      </trkpt>
      <trkpt lat="44.800548" lon="14.700043">
        <ele>2.602008</ele>
        <time>2026-03-25T15:41:11.989Z</time>
      </trkpt>
      <trkpt lat="44.800705" lon="14.699702">
        <ele>4.154199</ele>
        <time>2026-03-25T15:41:23.246Z</time>
      </trkpt>
      <trkpt lat="44.800708" lon="14.699806">
        <ele>4.551648</ele>
        <time>2026-03-25T15:41:26.376Z</time>
      </trkpt>
      <trkpt lat="44.800840" lon="14.700096">
        <ele>5.867259</ele>
        <time>2026-03-25T15:41:36.996Z</time>
      </trkpt>
      <trkpt lat="44.800908" lon="14.700240">
        <ele>6.527754</ele>
        <time>2026-03-25T15:41:43.211Z</time>
      </trkpt>
      <trkpt lat="44.800986" lon="14.700504">
        <ele>7.619725</ele>
        <time>2026-03-25T15:41:52.908Z</time>
      </trkpt>
      <trkpt lat="44.801031" lon="14.700656">
        <ele>8.248623</ele>
        <time>2026-03-25T15:41:58.743Z</time>
      </trkpt>
      <trkpt lat="44.801042" lon="14.700693">
        <ele>8.401806</ele>
        <time>2026-03-25T15:42:00.309Z</time>
      </trkpt>
      <trkpt lat="44.801107" lon="14.700834">
        <ele>9.043858</ele>
        <time>2026-03-25T15:42:06.738Z</time>
      </trkpt>
      <trkpt lat="44.801277" lon="14.701120">
        <ele>10.468486</ele>
        <time>2026-03-25T15:42:22.162Z</time>
      </trkpt>
      <trkpt lat="44.801386" lon="14.701238">
        <ele>11.208142</ele>
        <time>2026-03-25T15:42:30.831Z</time>
      </trkpt>
      <trkpt lat="44.801574" lon="14.701269">
        <ele>12.839501</ele>
        <time>2026-03-25T15:42:43.525Z</time>
      </trkpt>
      <trkpt lat="44.801642" lon="14.701310">
        <ele>13.524438</ele>
        <time>2026-03-25T15:42:48.589Z</time>
      </trkpt>
      <trkpt lat="44.801811" lon="14.701410">
        <ele>15.221843</ele>
        <time>2026-03-25T15:43:01.297Z</time>
      </trkpt>
      <trkpt lat="44.801903" lon="14.701530">
        <ele>16.382716</ele>
        <time>2026-03-25T15:43:09.835Z</time>
      </trkpt>
      <trkpt lat="44.801947" lon="14.702131">
        <ele>20.352796</ele>
        <time>2026-03-25T15:43:39.220Z</time>
      </trkpt>
      <trkpt lat="44.801908" lon="14.702210">
        <ele>20.985180</ele>
        <time>2026-03-25T15:43:44.056Z</time>
      </trkpt>
      <trkpt lat="44.801710" lon="14.702673">
        <ele>24.537358</ele>
        <time>2026-03-25T15:44:12.237Z</time>
      </trkpt>
      <trkpt lat="44.801795" lon="14.703203">
        <ele>28.043887</ele>
        <time>2026-03-25T15:44:39.855Z</time>
      </trkpt>
      <trkpt lat="44.801831" lon="14.703332">
        <ele>28.171886</ele>
        <time>2026-03-25T15:44:46.216Z</time>
      </trkpt>
      <trkpt lat="44.801884" lon="14.703530">
        <ele>28.367293</ele>
        <time>2026-03-25T15:44:55.215Z</time>
      </trkpt>
      <trkpt lat="44.801957" lon="14.703946">
        <ele>28.762992</ele>
        <time>2026-03-25T15:45:10.509Z</time>
      </trkpt>
      <trkpt lat="44.801980" lon="14.704189">
        <ele>28.989361</ele>
        <time>2026-03-25T15:45:17.111Z</time>
      </trkpt>
      <trkpt lat="44.802040" lon="14.704499">
        <ele>29.286068</ele>
        <time>2026-03-25T15:45:23.632Z</time>
      </trkpt>
      <trkpt lat="44.802036" lon="14.704564">
        <ele>29.346313</ele>
        <time>2026-03-25T15:45:24.567Z</time>
      </trkpt>
      <trkpt lat="44.802359" lon="14.705175">
        <ele>30.049868</ele>
        <time>2026-03-25T15:45:33.319Z</time>
      </trkpt>
      <trkpt lat="44.802472" lon="14.705560">
        <ele>30.008918</ele>
        <time>2026-03-25T15:45:37.450Z</time>
      </trkpt>
      <trkpt lat="44.802630" lon="14.705957">
        <ele>27.469530</ele>
        <time>2026-03-25T15:45:41.755Z</time>
      </trkpt>
      <trkpt lat="44.803033" lon="14.706731">
        <ele>22.113714</ele>
        <time>2026-03-25T15:45:50.623Z</time>
      </trkpt>
      <trkpt lat="44.803352" lon="14.707279">
        <ele>18.159363</ele>
        <time>2026-03-25T15:45:57.083Z</time>
      </trkpt>
      <trkpt lat="44.803365" lon="14.707342">
        <ele>17.793343</ele>
        <time>2026-03-25T15:45:57.683Z</time>
      </trkpt>
      <trkpt lat="44.803345" lon="14.707513">
        <ele>16.826512</ele>
        <time>2026-03-25T15:45:59.278Z</time>
      </trkpt>
      <trkpt lat="44.803767" lon="14.708363">
        <ele>12.875341</ele>
        <time>2026-03-25T15:46:08.917Z</time>
      </trkpt>
      <trkpt lat="44.803556" lon="14.708622">
        <ele>11.453258</ele>
        <time>2026-03-25T15:46:12.540Z</time>
      </trkpt>
      <trkpt lat="44.803462" lon="14.708782">
        <ele>10.704164</ele>
        <time>2026-03-25T15:46:14.522Z</time>
      </trkpt>
      <trkpt lat="44.803431" lon="14.708904">
        <ele>10.236859</ele>
        <time>2026-03-25T15:46:15.789Z</time>
      </trkpt>
      <trkpt lat="44.803430" lon="14.709162">
        <ele>9.306470</ele>
        <time>2026-03-25T15:46:18.416Z</time>
      </trkpt>
      <trkpt lat="44.803390" lon="14.709316">
        <ele>8.715089</ele>
        <time>2026-03-25T15:46:20.147Z</time>
      </trkpt>
      <trkpt lat="44.803293" lon="14.709407">
        <ele>8.122867</ele>
        <time>2026-03-25T15:46:21.987Z</time>
      </trkpt>
      <trkpt lat="44.803053" lon="14.709440">
        <ele>7.086215</ele>
        <time>2026-03-25T15:46:26.213Z</time>
      </trkpt>
      <trkpt lat="44.802888" lon="14.709506">
        <ele>7.065446</ele>
        <time>2026-03-25T15:46:29.453Z</time>
      </trkpt>
      <trkpt lat="44.802718" lon="14.709679">
        <ele>7.040055</ele>
        <time>2026-03-25T15:46:33.449Z</time>
      </trkpt>
      <trkpt lat="44.802318" lon="14.710591">
        <ele>6.947935</ele>
        <time>2026-03-25T15:46:49.464Z</time>
      </trkpt>
      <trkpt lat="44.802283" lon="14.710958">
        <ele>6.916119</ele>
        <time>2026-03-25T15:46:54.382Z</time>
      </trkpt>
      <trkpt lat="44.802275" lon="14.711344">
        <ele>6.882940</ele>
        <time>2026-03-25T15:46:59.183Z</time>
      </trkpt>
      <trkpt lat="44.802212" lon="14.711571">
        <ele>7.171213</ele>
        <time>2026-03-25T15:47:02.211Z</time>
      </trkpt>
      <trkpt lat="44.802098" lon="14.711642">
        <ele>7.579271</ele>
        <time>2026-03-25T15:47:04.660Z</time>
      </trkpt>
      <trkpt lat="44.801749" lon="14.711734">
        <ele>8.741720</ele>
        <time>2026-03-25T15:47:13.924Z</time>
      </trkpt>
      <trkpt lat="44.801622" lon="14.711836">
        <ele>9.220299</ele>
        <time>2026-03-25T15:47:18.753Z</time>
      </trkpt>
      <trkpt lat="44.801400" lon="14.712149">
        <ele>10.248404</ele>
        <time>2026-03-25T15:47:30.672Z</time>
      </trkpt>
      <trkpt lat="44.801279" lon="14.712238">
        <ele>10.695268</ele>
        <time>2026-03-25T15:47:36.536Z</time>
      </trkpt>
      <trkpt lat="44.801041" lon="14.712223">
        <ele>11.475264</ele>
        <time>2026-03-25T15:47:47.898Z</time>
      </trkpt>
      <trkpt lat="44.800944" lon="14.712263">
        <ele>11.806160</ele>
        <time>2026-03-25T15:47:52.645Z</time>
      </trkpt>
      <trkpt lat="44.800886" lon="14.712360">
        <ele>12.100843</ele>
        <time>2026-03-25T15:47:56.955Z</time>
      </trkpt>
      <trkpt lat="44.800826" lon="14.712623">
        <ele>12.742626</ele>
        <time>2026-03-25T15:48:06.011Z</time>
      </trkpt>
      <trkpt lat="44.800821" lon="14.712772">
        <ele>12.984024</ele>
        <time>2026-03-25T15:48:11.046Z</time>
      </trkpt>
      <trkpt lat="44.800813" lon="14.713000">
        <ele>13.344014</ele>
        <time>2026-03-25T15:48:18.715Z</time>
      </trkpt>
      <trkpt lat="44.800781" lon="14.713121">
        <ele>13.547652</ele>
        <time>2026-03-25T15:48:22.941Z</time>
      </trkpt>
      <trkpt lat="44.800649" lon="14.713461">
        <ele>14.158836</ele>
        <time>2026-03-25T15:48:35.417Z</time>
      </trkpt>
      <trkpt lat="44.800477" lon="14.713764">
        <ele>14.770756</ele>
        <time>2026-03-25T15:48:46.034Z</time>
      </trkpt>
      <trkpt lat="44.800206" lon="14.714306">
        <ele>15.816374</ele>
        <time>2026-03-25T15:48:58.909Z</time>
      </trkpt>
      <trkpt lat="44.800128" lon="14.714463">
        <ele>16.118618</ele>
        <time>2026-03-25T15:49:01.689Z</time>
      </trkpt>
      <trkpt lat="44.800079" lon="14.714512">
        <ele>16.252149</ele>
        <time>2026-03-25T15:49:02.787Z</time>
      </trkpt>
      <trkpt lat="44.800034" lon="14.714557">
        <ele>16.374780</ele>
        <time>2026-03-25T15:49:03.739Z</time>
      </trkpt>
      <trkpt lat="44.799520" lon="14.715077">
        <ele>14.631922</ele>
        <time>2026-03-25T15:49:12.794Z</time>
      </trkpt>
      <trkpt lat="44.799304" lon="14.715330">
        <ele>13.332261</ele>
        <time>2026-03-25T15:49:16.536Z</time>
      </trkpt>
      <trkpt lat="44.799210" lon="14.715461">
        <ele>12.720527</ele>
        <time>2026-03-25T15:49:18.267Z</time>
      </trkpt>
      <trkpt lat="44.799187" lon="14.715561">
        <ele>12.375359</ele>
        <time>2026-03-25T15:49:19.235Z</time>
      </trkpt>
      <trkpt lat="44.799195" lon="14.715694">
        <ele>11.937089</ele>
        <time>2026-03-25T15:49:20.484Z</time>
      </trkpt>
      <trkpt lat="44.799271" lon="14.715920">
        <ele>11.115904</ele>
        <time>2026-03-25T15:49:22.790Z</time>
      </trkpt>
      <trkpt lat="44.799367" lon="14.716245">
        <ele>9.960002</ele>
        <time>2026-03-25T15:49:26.008Z</time>
      </trkpt>
      <trkpt lat="44.799420" lon="14.716521">
        <ele>9.021163</ele>
        <time>2026-03-25T15:49:28.597Z</time>
      </trkpt>
      <trkpt lat="44.799385" lon="14.716709">
        <ele>8.412955</ele>
        <time>2026-03-25T15:49:30.362Z</time>
      </trkpt>
      <trkpt lat="44.799272" lon="14.716960">
        <ele>7.985918</ele>
        <time>2026-03-25T15:49:33.071Z</time>
      </trkpt>
      <trkpt lat="44.799235" lon="14.717126">
        <ele>7.735955</ele>
        <time>2026-03-25T15:49:34.703Z</time>
      </trkpt>
      <trkpt lat="44.799256" lon="14.717336">
        <ele>7.431288</ele>
        <time>2026-03-25T15:49:36.777Z</time>
      </trkpt>
      <trkpt lat="44.799359" lon="14.717588">
        <ele>7.013502</ele>
        <time>2026-03-25T15:49:39.825Z</time>
      </trkpt>
      <trkpt lat="44.799417" lon="14.717705">
        <ele>6.808466</ele>
        <time>2026-03-25T15:49:41.452Z</time>
      </trkpt>
      <trkpt lat="44.799460" lon="14.717902">
        <ele>6.512370</ele>
        <time>2026-03-25T15:49:43.956Z</time>
      </trkpt>
      <trkpt lat="44.799479" lon="14.717990">
        <ele>6.380227</ele>
        <time>2026-03-25T15:49:45.109Z</time>
      </trkpt>
      <trkpt lat="44.799479" lon="14.718245">
        <ele>6.013896</ele>
        <time>2026-03-25T15:49:48.520Z</time>
      </trkpt>
      <trkpt lat="44.799449" lon="14.718426">
        <ele>5.746874</ele>
        <time>2026-03-25T15:49:51.116Z</time>
      </trkpt>
      <trkpt lat="44.799406" lon="14.718661">
        <ele>5.398231</ele>
        <time>2026-03-25T15:49:54.678Z</time>
      </trkpt>
      <trkpt lat="44.799245" lon="14.719250">
        <ele>4.928978</ele>
        <time>2026-03-25T15:50:03.226Z</time>
      </trkpt>
      <trkpt lat="44.799237" lon="14.719277">
        <ele>4.947573</ele>
        <time>2026-03-25T15:50:03.683Z</time>
      </trkpt>
      <trkpt lat="44.799229" lon="14.719310">
        <ele>4.969736</ele>
        <time>2026-03-25T15:50:04.241Z</time>
      </trkpt>
      <trkpt lat="44.799132" lon="14.719687">
        <ele>5.224600</ele>
        <time>2026-03-25T15:50:11.028Z</time>
      </trkpt>
      <trkpt lat="44.799051" lon="14.719859">
        <ele>5.355797</ele>
        <time>2026-03-25T15:50:15.266Z</time>
      </trkpt>
      <trkpt lat="44.798950" lon="14.720074">
        <ele>5.519669</ele>
        <time>2026-03-25T15:50:20.675Z</time>
      </trkpt>
      <trkpt lat="44.798866" lon="14.720298">
        <ele>5.680688</ele>
        <time>2026-03-25T15:50:25.400Z</time>
      </trkpt>
      <trkpt lat="44.798718" lon="14.720714">
        <ele>5.976444</ele>
        <time>2026-03-25T15:50:34.271Z</time>
      </trkpt>
      <trkpt lat="44.798708" lon="14.720756">
        <ele>6.004600</ele>
        <time>2026-03-25T15:50:35.071Z</time>
      </trkpt>
      <trkpt lat="44.798667" lon="14.720938">
        <ele>6.125958</ele>
        <time>2026-03-25T15:50:38.485Z</time>
      </trkpt>
      <trkpt lat="44.798648" lon="14.721024">
        <ele>6.183203</ele>
        <time>2026-03-25T15:50:40.079Z</time>
      </trkpt>
      <trkpt lat="44.798636" lon="14.721078">
        <ele>6.219166</ele>
        <time>2026-03-25T15:50:41.042Z</time>
      </trkpt>
      <trkpt lat="44.798615" lon="14.721170">
        <ele>6.280587</ele>
        <time>2026-03-25T15:50:42.567Z</time>
      </trkpt>
      <trkpt lat="44.798575" lon="14.721338">
        <ele>6.393209</ele>
        <time>2026-03-25T15:50:45.034Z</time>
      </trkpt>
      <trkpt lat="44.798566" lon="14.721364">
        <ele>6.400175</ele>
        <time>2026-03-25T15:50:45.401Z</time>
      </trkpt>
      <trkpt lat="44.798511" lon="14.721525">
        <ele>6.291669</ele>
        <time>2026-03-25T15:50:47.681Z</time>
      </trkpt>
      <trkpt lat="44.798424" lon="14.721761">
        <ele>6.130173</ele>
        <time>2026-03-25T15:50:51.022Z</time>
      </trkpt>
      <trkpt lat="44.798355" lon="14.721915">
        <ele>6.019575</ele>
        <time>2026-03-25T15:50:53.524Z</time>
      </trkpt>
      <trkpt lat="44.798117" lon="14.722440">
        <ele>5.641263</ele>
        <time>2026-03-25T15:51:01.513Z</time>
      </trkpt>
      <trkpt lat="44.798030" lon="14.722616">
        <ele>5.511010</ele>
        <time>2026-03-25T15:51:03.962Z</time>
      </trkpt>
      <trkpt lat="44.797864" lon="14.722951">
        <ele>5.262889</ele>
        <time>2026-03-25T15:51:08.390Z</time>
      </trkpt>
      <trkpt lat="44.797796" lon="14.723187">
        <ele>5.108214</ele>
        <time>2026-03-25T15:51:11.256Z</time>
      </trkpt>
      <trkpt lat="44.797781" lon="14.723239">
        <ele>5.074127</ele>
        <time>2026-03-25T15:51:11.869Z</time>
      </trkpt>
      <trkpt lat="44.797731" lon="14.723558">
        <ele>4.875744</ele>
        <time>2026-03-25T15:51:15.415Z</time>
      </trkpt>
      <trkpt lat="44.797681" lon="14.723871">
        <ele>4.943725</ele>
        <time>2026-03-25T15:51:19.123Z</time>
      </trkpt>
      <trkpt lat="44.797660" lon="14.724005">
        <ele>4.978384</ele>
        <time>2026-03-25T15:51:20.666Z</time>
      </trkpt>
      <trkpt lat="44.797607" lon="14.724147">
        <ele>5.018907</ele>
        <time>2026-03-25T15:51:22.713Z</time>
      </trkpt>
      <trkpt lat="44.797522" lon="14.724350">
        <ele>5.078438</ele>
        <time>2026-03-25T15:51:26.108Z</time>
      </trkpt>
      <trkpt lat="44.797513" lon="14.724369">
        <ele>5.084207</ele>
        <time>2026-03-25T15:51:26.465Z</time>
      </trkpt>
      <trkpt lat="44.797409" lon="14.724579">
        <ele>5.148886</ele>
        <time>2026-03-25T15:51:30.723Z</time>
      </trkpt>
      <trkpt lat="44.797193" lon="14.724866">
        <ele>5.254549</ele>
        <time>2026-03-25T15:51:37.294Z</time>
      </trkpt>
      <trkpt lat="44.797019" lon="14.725011">
        <ele>5.326497</ele>
        <time>2026-03-25T15:51:42.147Z</time>
      </trkpt>
      <trkpt lat="44.796910" lon="14.725103">
        <ele>5.371719</ele>
        <time>2026-03-25T15:51:45.274Z</time>
      </trkpt>
      <trkpt lat="44.796672" lon="14.725273">
        <ele>5.466689</ele>
        <time>2026-03-25T15:51:52.693Z</time>
      </trkpt>
      <trkpt lat="44.796346" lon="14.725574">
        <ele>6.428919</ele>
        <time>2026-03-25T15:52:03.584Z</time>
      </trkpt>
      <trkpt lat="44.796237" lon="14.725665">
        <ele>6.850248</ele>
        <time>2026-03-25T15:52:07.058Z</time>
      </trkpt>
      <trkpt lat="44.796088" lon="14.725790">
        <ele>7.426923</ele>
        <time>2026-03-25T15:52:12.049Z</time>
      </trkpt>
      <trkpt lat="44.795939" lon="14.725915">
        <ele>8.003599</ele>
        <time>2026-03-25T15:52:17.415Z</time>
      </trkpt>
      <trkpt lat="44.795847" lon="14.726027">
        <ele>8.407913</ele>
        <time>2026-03-25T15:52:21.638Z</time>
      </trkpt>
      <trkpt lat="44.795735" lon="14.726164">
        <ele>8.901128</ele>
        <time>2026-03-25T15:52:27.234Z</time>
      </trkpt>
      <trkpt lat="44.795641" lon="14.726295">
        <ele>9.340784</ele>
        <time>2026-03-25T15:52:32.661Z</time>
      </trkpt>
      <trkpt lat="44.795584" lon="14.726388">
        <ele>9.630787</ele>
        <time>2026-03-25T15:52:36.465Z</time>
      </trkpt>
      <trkpt lat="44.795528" lon="14.726479">
        <ele>9.915045</ele>
        <time>2026-03-25T15:52:40.295Z</time>
      </trkpt>
      <trkpt lat="44.795492" lon="14.726539">
        <ele>10.100471</ele>
        <time>2026-03-25T15:52:42.859Z</time>
      </trkpt>
      <trkpt lat="44.795446" lon="14.726613">
        <ele>10.332635</ele>
        <time>2026-03-25T15:52:46.073Z</time>
      </trkpt>
      <trkpt lat="44.795356" lon="14.726803">
        <ele>10.871741</ele>
        <time>2026-03-25T15:52:53.834Z</time>
      </trkpt>
      <trkpt lat="44.795306" lon="14.727000">
        <ele>11.365492</ele>
        <time>2026-03-25T15:53:00.720Z</time>
      </trkpt>
      <trkpt lat="44.795191" lon="14.727460">
        <ele>11.868468</ele>
        <time>2026-03-25T15:53:15.139Z</time>
      </trkpt>
      <trkpt lat="44.795111" lon="14.727656">
        <ele>12.065774</ele>
        <time>2026-03-25T15:53:20.999Z</time>
      </trkpt>
      <trkpt lat="44.794863" lon="14.728239">
        <ele>12.658913</ele>
        <time>2026-03-25T15:53:36.647Z</time>
      </trkpt>
      <trkpt lat="44.794766" lon="14.728714">
        <ele>13.090229</ele>
        <time>2026-03-25T15:53:44.367Z</time>
      </trkpt>
      <trkpt lat="44.794719" lon="14.728844">
        <ele>13.217544</ele>
        <time>2026-03-25T15:53:46.246Z</time>
      </trkpt>
      <trkpt lat="44.794627" lon="14.729100">
        <ele>13.467948</ele>
        <time>2026-03-25T15:53:49.656Z</time>
      </trkpt>
      <trkpt lat="44.794201" lon="14.729742">
        <ele>11.936966</ele>
        <time>2026-03-25T15:53:58.397Z</time>
      </trkpt>
      <trkpt lat="44.794052" lon="14.730028">
        <ele>10.916460</ele>
        <time>2026-03-25T15:54:01.729Z</time>
      </trkpt>
      <trkpt lat="44.794009" lon="14.730255">
        <ele>10.240676</ele>
        <time>2026-03-25T15:54:03.969Z</time>
      </trkpt>
      <trkpt lat="44.793996" lon="14.730381">
        <ele>9.874450</ele>
        <time>2026-03-25T15:54:05.205Z</time>
      </trkpt>
      <trkpt lat="44.794020" lon="14.730605">
        <ele>9.222853</ele>
        <time>2026-03-25T15:54:07.382Z</time>
      </trkpt>
      <trkpt lat="44.794072" lon="14.730595">
        <ele>9.010135</ele>
        <time>2026-03-25T15:54:08.081Z</time>
      </trkpt>
      <trkpt lat="44.794155" lon="14.730610">
        <ele>8.670966</ele>
        <time>2026-03-25T15:54:09.232Z</time>
      </trkpt>
      <trkpt lat="44.794358" lon="14.730733">
        <ele>7.775335</ele>
        <time>2026-03-25T15:54:12.240Z</time>
      </trkpt>
      <trkpt lat="44.795061" lon="14.731554">
        <ele>4.904743</ele>
        <time>2026-03-25T15:54:24.675Z</time>
      </trkpt>
      <trkpt lat="44.796378" lon="14.733094">
        <ele>1.454063</ele>
        <time>2026-03-25T15:54:51.661Z</time>
      </trkpt>
      <trkpt lat="44.796447" lon="14.733193">
        <ele>1.402278</ele>
        <time>2026-03-25T15:54:53.420Z</time>
      </trkpt>
      <trkpt lat="44.796670" lon="14.733565">
        <ele>1.220548</ele>
        <time>2026-03-25T15:54:59.752Z</time>
      </trkpt>
      <trkpt lat="44.796822" lon="14.733761">
        <ele>1.112197</ele>
        <time>2026-03-25T15:55:03.670Z</time>
      </trkpt>
      <trkpt lat="44.796923" lon="14.733843">
        <ele>1.050897</ele>
        <time>2026-03-25T15:55:05.960Z</time>
      </trkpt>
      <trkpt lat="44.797131" lon="14.733897">
        <ele>0.939670</ele>
        <time>2026-03-25T15:55:10.248Z</time>
      </trkpt>
      <trkpt lat="44.797121" lon="14.734051">
        <ele>0.881960</ele>
        <time>2026-03-25T15:55:12.521Z</time>
      </trkpt>
      <trkpt lat="44.797030" lon="14.734268">
        <ele>0.787896</ele>
        <time>2026-03-25T15:55:16.276Z</time>
      </trkpt>
      <trkpt lat="44.796495" lon="14.734861">
        <ele>0.893057</ele>
        <time>2026-03-25T15:55:30.126Z</time>
      </trkpt>
      <trkpt lat="44.796171" lon="14.735100">
        <ele>0.966364</ele>
        <time>2026-03-25T15:55:37.169Z</time>
      </trkpt>
      <trkpt lat="44.796016" lon="14.735249">
        <ele>1.003975</ele>
        <time>2026-03-25T15:55:40.782Z</time>
      </trkpt>
      <trkpt lat="44.795669" lon="14.735683">
        <ele>1.096977</ele>
        <time>2026-03-25T15:55:50.132Z</time>
      </trkpt>
      <trkpt lat="44.795340" lon="14.736059">
        <ele>1.252847</ele>
        <time>2026-03-25T15:55:58.959Z</time>
      </trkpt>
      <trkpt lat="44.795107" lon="14.736232">
        <ele>1.372420</ele>
        <time>2026-03-25T15:56:04.588Z</time>
      </trkpt>
      <trkpt lat="44.794937" lon="14.736316">
        <ele>1.454211</ele>
        <time>2026-03-25T15:56:08.455Z</time>
      </trkpt>
      <trkpt lat="44.794591" lon="14.736408">
        <ele>1.614074</ele>
        <time>2026-03-25T15:56:15.990Z</time>
      </trkpt>
      <trkpt lat="44.793642" lon="14.737018">
        <ele>2.423673</ele>
        <time>2026-03-25T15:56:38.715Z</time>
      </trkpt>
      <trkpt lat="44.793128" lon="14.737458">
        <ele>3.328487</ele>
        <time>2026-03-25T15:56:53.032Z</time>
      </trkpt>
      <trkpt lat="44.792736" lon="14.737922">
        <ele>4.098706</ele>
        <time>2026-03-25T15:57:07.271Z</time>
      </trkpt>
      <trkpt lat="44.792570" lon="14.738126">
        <ele>4.430086</ele>
        <time>2026-03-25T15:57:14.023Z</time>
      </trkpt>
      <trkpt lat="44.791881" lon="14.738834">
        <ele>7.138736</ele>
        <time>2026-03-25T15:57:43.730Z</time>
      </trkpt>
      <trkpt lat="44.791554" lon="14.739264">
        <ele>8.712835</ele>
        <time>2026-03-25T15:58:00.601Z</time>
      </trkpt>
      <trkpt lat="44.791584" lon="14.739318">
        <ele>8.884116</ele>
        <time>2026-03-25T15:58:02.424Z</time>
      </trkpt>
      <trkpt lat="44.791811" lon="14.739715">
        <ele>10.157450</ele>
        <time>2026-03-25T15:58:16.303Z</time>
      </trkpt>
      <trkpt lat="44.791945" lon="14.740141">
        <ele>11.449826</ele>
        <time>2026-03-25T15:58:29.446Z</time>
      </trkpt>
      <trkpt lat="44.792147" lon="14.740723">
        <ele>13.674959</ele>
        <time>2026-03-25T15:58:48.228Z</time>
      </trkpt>
      <trkpt lat="44.792269" lon="14.741459">
        <ele>16.270784</ele>
        <time>2026-03-25T15:59:10.968Z</time>
      </trkpt>
      <trkpt lat="44.792332" lon="14.741700">
        <ele>17.152865</ele>
        <time>2026-03-25T15:59:19.290Z</time>
      </trkpt>
      <trkpt lat="44.792681" lon="14.742252">
        <ele>19.694384</ele>
        <time>2026-03-25T15:59:43.675Z</time>
      </trkpt>
      <trkpt lat="44.792543" lon="14.742521">
        <ele>21.151351</ele>
        <time>2026-03-25T15:59:55.010Z</time>
      </trkpt>
      <trkpt lat="44.792448" lon="14.742819">
        <ele>22.585319</ele>
        <time>2026-03-25T16:00:06.236Z</time>
      </trkpt>
      <trkpt lat="44.792391" lon="14.743007">
        <ele>23.482691</ele>
        <time>2026-03-25T16:00:13.285Z</time>
      </trkpt>
      <trkpt lat="44.792374" lon="14.743094">
        <ele>23.878784</ele>
        <time>2026-03-25T16:00:16.384Z</time>
      </trkpt>
      <trkpt lat="44.792419" lon="14.743295">
        <ele>24.803924</ele>
        <time>2026-03-25T16:00:23.589Z</time>
      </trkpt>
      <trkpt lat="44.792709" lon="14.743768">
        <ele>27.547648</ele>
        <time>2026-03-25T16:00:46.250Z</time>
      </trkpt>
      <trkpt lat="44.792845" lon="14.744057">
        <ele>29.069751</ele>
        <time>2026-03-25T16:00:58.946Z</time>
      </trkpt>
      <trkpt lat="44.792862" lon="14.744258">
        <ele>29.958265</ele>
        <time>2026-03-25T16:01:06.305Z</time>
      </trkpt>
      <trkpt lat="44.792787" lon="14.744420">
        <ele>30.807285</ele>
        <time>2026-03-25T16:01:13.469Z</time>
      </trkpt>
      <trkpt lat="44.792684" lon="14.744541">
        <ele>31.945663</ele>
        <time>2026-03-25T16:01:20.613Z</time>
      </trkpt>
      <trkpt lat="44.792869" lon="14.744635">
        <ele>33.615632</ele>
        <time>2026-03-25T16:01:34.040Z</time>
      </trkpt>
      <trkpt lat="44.793097" lon="14.744604">
        <ele>35.560726</ele>
        <time>2026-03-25T16:01:49.765Z</time>
      </trkpt>
      <trkpt lat="44.793511" lon="14.744319">
        <ele>39.473367</ele>
        <time>2026-03-25T16:02:22.600Z</time>
      </trkpt>
      <trkpt lat="44.794052" lon="14.744013">
        <ele>44.423629</ele>
        <time>2026-03-25T16:03:07.799Z</time>
      </trkpt>
      <trkpt lat="44.794207" lon="14.743468">
        <ele>49.245590</ele>
        <time>2026-03-25T16:03:42.765Z</time>
      </trkpt>
      <trkpt lat="44.794391" lon="14.743197">
        <ele>53.049087</ele>
        <time>2026-03-25T16:04:06.622Z</time>
      </trkpt>
      <trkpt lat="44.795134" lon="14.742638">
        <ele>65.085349</ele>
        <time>2026-03-25T16:05:34.207Z</time>
      </trkpt>
      <trkpt lat="44.795550" lon="14.742516">
        <ele>71.157512</ele>
        <time>2026-03-25T16:06:25.435Z</time>
      </trkpt>
      <trkpt lat="44.796189" lon="14.742720">
        <ele>82.888678</ele>
        <time>2026-03-25T16:07:50.336Z</time>
      </trkpt>
      <trkpt lat="44.796419" lon="14.742839">
        <ele>87.339208</ele>
        <time>2026-03-25T16:08:22.875Z</time>
      </trkpt>
      <trkpt lat="44.797067" lon="14.743370">
        <ele>100.955164</ele>
        <time>2026-03-25T16:09:59.299Z</time>
      </trkpt>
      <trkpt lat="44.797228" lon="14.743384">
        <ele>103.885218</ele>
        <time>2026-03-25T16:10:18.345Z</time>
      </trkpt>
      <trkpt lat="44.797493" lon="14.743333">
        <ele>106.757737</ele>
        <time>2026-03-25T16:10:48.530Z</time>
      </trkpt>
      <trkpt lat="44.797783" lon="14.743391">
        <ele>109.613743</ele>
        <time>2026-03-25T16:11:18.684Z</time>
      </trkpt>
      <trkpt lat="44.798324" lon="14.743640">
        <ele>115.163023</ele>
        <time>2026-03-25T16:12:07.015Z</time>
      </trkpt>
      <trkpt lat="44.798466" lon="14.743757">
        <ele>116.766889</ele>
        <time>2026-03-25T16:12:18.518Z</time>
      </trkpt>
      <trkpt lat="44.798670" lon="14.743840">
        <ele>118.837249</ele>
        <time>2026-03-25T16:12:31.854Z</time>
      </trkpt>
      <trkpt lat="44.798954" lon="14.743741">
        <ele>121.689875</ele>
        <time>2026-03-25T16:12:47.339Z</time>
      </trkpt>
      <trkpt lat="44.799397" lon="14.743434">
        <ele>121.444813</ele>
        <time>2026-03-25T16:13:06.179Z</time>
      </trkpt>
      <trkpt lat="44.799692" lon="14.743061">
        <ele>120.973835</ele>
        <time>2026-03-25T16:13:17.118Z</time>
      </trkpt>
      <trkpt lat="44.799794" lon="14.742836">
        <ele>120.748695</ele>
        <time>2026-03-25T16:13:22.099Z</time>
      </trkpt>
      <trkpt lat="44.799859" lon="14.742603">
        <ele>120.537585</ele>
        <time>2026-03-25T16:13:26.688Z</time>
      </trkpt>
      <trkpt lat="44.799942" lon="14.742473">
        <ele>120.390124</ele>
        <time>2026-03-25T16:13:29.859Z</time>
      </trkpt>
      <trkpt lat="44.800061" lon="14.742460">
        <ele>120.248286</ele>
        <time>2026-03-25T16:13:32.903Z</time>
      </trkpt>
      <trkpt lat="44.800300" lon="14.742735">
        <ele>119.881631</ele>
        <time>2026-03-25T16:13:40.763Z</time>
      </trkpt>
      <trkpt lat="44.800549" lon="14.742910">
        <ele>119.422684</ele>
        <time>2026-03-25T16:13:47.858Z</time>
      </trkpt>
      <trkpt lat="44.800787" lon="14.742986">
        <ele>119.011083</ele>
        <time>2026-03-25T16:13:54.122Z</time>
      </trkpt>
      <trkpt lat="44.801108" lon="14.743138">
        <ele>118.439921</ele>
        <time>2026-03-25T16:14:03.036Z</time>
      </trkpt>
      <trkpt lat="44.801420" lon="14.743484">
        <ele>117.770298</ele>
        <time>2026-03-25T16:14:14.117Z</time>
      </trkpt>
      <trkpt lat="44.802174" lon="14.744154">
        <ele>117.266067</ele>
        <time>2026-03-25T16:14:43.525Z</time>
      </trkpt>
      <trkpt lat="44.802369" lon="14.744192">
        <ele>117.530355</ele>
        <time>2026-03-25T16:14:51.312Z</time>
      </trkpt>
      <trkpt lat="44.802827" lon="14.744192">
        <ele>118.145245</ele>
        <time>2026-03-25T16:15:10.298Z</time>
      </trkpt>
      <trkpt lat="44.803116" lon="14.744087">
        <ele>118.545927</ele>
        <time>2026-03-25T16:15:22.882Z</time>
      </trkpt>
      <trkpt lat="44.803368" lon="14.744085">
        <ele>118.884256</ele>
        <time>2026-03-25T16:15:33.475Z</time>
      </trkpt>
      <trkpt lat="44.803855" lon="14.743938">
        <ele>119.305016</ele>
        <time>2026-03-25T16:15:52.985Z</time>
      </trkpt>
      <trkpt lat="44.803984" lon="14.743924">
        <ele>119.341983</ele>
        <time>2026-03-25T16:15:57.600Z</time>
      </trkpt>
      <trkpt lat="44.804198" lon="14.743835">
        <ele>119.405733</ele>
        <time>2026-03-25T16:16:05.125Z</time>
      </trkpt>
      <trkpt lat="44.804395" lon="14.743868">
        <ele>119.462416</ele>
        <time>2026-03-25T16:16:11.503Z</time>
      </trkpt>
      <trkpt lat="44.804900" lon="14.743697">
        <ele>119.610809</ele>
        <time>2026-03-25T16:16:27.555Z</time>
      </trkpt>
      <trkpt lat="44.805035" lon="14.743450">
        <ele>119.674014</ele>
        <time>2026-03-25T16:16:34.307Z</time>
      </trkpt>
      <trkpt lat="44.805074" lon="14.743404">
        <ele>119.688545</ele>
        <time>2026-03-25T16:16:35.866Z</time>
      </trkpt>
      <trkpt lat="44.805129" lon="14.743341">
        <ele>119.708794</ele>
        <time>2026-03-25T16:16:38.062Z</time>
      </trkpt>
      <trkpt lat="44.805485" lon="14.743081">
        <ele>119.675571</ele>
        <time>2026-03-25T16:16:50.635Z</time>
      </trkpt>
      <trkpt lat="44.805679" lon="14.742969">
        <ele>119.611581</ele>
        <time>2026-03-25T16:16:57.428Z</time>
      </trkpt>
      <trkpt lat="44.806140" lon="14.742803">
        <ele>119.466349</ele>
        <time>2026-03-25T16:17:13.506Z</time>
      </trkpt>
      <trkpt lat="44.806575" lon="14.742555">
        <ele>119.323123</ele>
        <time>2026-03-25T16:17:28.442Z</time>
      </trkpt>
      <trkpt lat="44.806765" lon="14.742560">
        <ele>119.265118</ele>
        <time>2026-03-25T16:17:34.195Z</time>
      </trkpt>
      <trkpt lat="44.806798" lon="14.742588">
        <ele>119.253361</ele>
        <time>2026-03-25T16:17:35.336Z</time>
      </trkpt>
      <trkpt lat="44.806850" lon="14.742587">
        <ele>119.237488</ele>
        <time>2026-03-25T16:17:36.873Z</time>
      </trkpt>
      <trkpt lat="44.807105" lon="14.742464">
        <ele>118.888089</ele>
        <time>2026-03-25T16:17:44.455Z</time>
      </trkpt>
      <trkpt lat="44.807246" lon="14.742379">
        <ele>118.579011</ele>
        <time>2026-03-25T16:17:48.541Z</time>
      </trkpt>
      <trkpt lat="44.807392" lon="14.742293">
        <ele>118.260095</ele>
        <time>2026-03-25T16:17:52.691Z</time>
      </trkpt>
      <trkpt lat="44.807690" lon="14.742245">
        <ele>117.655585</ele>
        <time>2026-03-25T16:18:01.090Z</time>
      </trkpt>
      <trkpt lat="44.807756" lon="14.742189">
        <ele>117.500323</ele>
        <time>2026-03-25T16:18:03.238Z</time>
      </trkpt>
      <trkpt lat="44.807783" lon="14.742102">
        <ele>117.364541</ele>
        <time>2026-03-25T16:18:05.130Z</time>
      </trkpt>
      <trkpt lat="44.807812" lon="14.742009">
        <ele>117.219282</ele>
        <time>2026-03-25T16:18:07.109Z</time>
      </trkpt>
      <trkpt lat="44.808054" lon="14.741807">
        <ele>116.652435</ele>
        <time>2026-03-25T16:18:14.798Z</time>
      </trkpt>
      <trkpt lat="44.808165" lon="14.741643">
        <ele>116.328337</ele>
        <time>2026-03-25T16:18:19.094Z</time>
      </trkpt>
      <trkpt lat="44.808157" lon="14.741542">
        <ele>116.183021</ele>
        <time>2026-03-25T16:18:20.991Z</time>
      </trkpt>
      <trkpt lat="44.808033" lon="14.741591">
        <ele>115.923470</ele>
        <time>2026-03-25T16:18:29.923Z</time>
      </trkpt>
      <trkpt lat="44.808019" lon="14.741596">
        <ele>115.894363</ele>
        <time>2026-03-25T16:18:30.922Z</time>
      </trkpt>
      <trkpt lat="44.807827" lon="14.741550">
        <ele>115.506035</ele>
        <time>2026-03-25T16:18:44.454Z</time>
      </trkpt>
      <trkpt lat="44.807724" lon="14.741641">
        <ele>115.274535</ele>
        <time>2026-03-25T16:18:52.946Z</time>
      </trkpt>
      <trkpt lat="44.807686" lon="14.741594">
        <ele>115.178257</ele>
        <time>2026-03-25T16:18:56.426Z</time>
      </trkpt>
      <trkpt lat="44.807699" lon="14.741552">
        <ele>115.116345</ele>
        <time>2026-03-25T16:18:58.660Z</time>
      </trkpt>
      <trkpt lat="44.808047" lon="14.741353">
        <ele>114.401156</ele>
        <time>2026-03-25T16:19:24.768Z</time>
      </trkpt>
      <trkpt lat="44.808103" lon="14.741210">
        <ele>114.180469</ele>
        <time>2026-03-25T16:19:32.819Z</time>
      </trkpt>
      <trkpt lat="44.808119" lon="14.741121">
        <ele>114.056420</ele>
        <time>2026-03-25T16:19:37.345Z</time>
      </trkpt>
      <trkpt lat="44.808213" lon="14.740604">
        <ele>113.335327</ele>
        <time>2026-03-25T16:20:03.681Z</time>
      </trkpt>
      <trkpt lat="44.808241" lon="14.740555">
        <ele>113.250320</ele>
        <time>2026-03-25T16:20:06.762Z</time>
      </trkpt>
      <trkpt lat="44.808304" lon="14.740630">
        <ele>113.093276</ele>
        <time>2026-03-25T16:20:12.466Z</time>
      </trkpt>
      <trkpt lat="44.808317" lon="14.740721">
        <ele>112.967859</ele>
        <time>2026-03-25T16:20:17.015Z</time>
      </trkpt>
      <trkpt lat="44.808248" lon="14.741059">
        <ele>112.492658</ele>
        <time>2026-03-25T16:20:34.359Z</time>
      </trkpt>
      <trkpt lat="44.808295" lon="14.741110">
        <ele>112.379701</ele>
        <time>2026-03-25T16:20:38.464Z</time>
      </trkpt>
      <trkpt lat="44.808301" lon="14.741101">
        <ele>112.363015</ele>
        <time>2026-03-25T16:20:39.096Z</time>
      </trkpt>
      <trkpt lat="44.808331" lon="14.741056">
        <ele>112.279585</ele>
        <time>2026-03-25T16:20:42.123Z</time>
      </trkpt>
      <trkpt lat="44.808450" lon="14.740611">
        <ele>112.075177</ele>
        <time>2026-03-25T16:21:05.583Z</time>
      </trkpt>
      <trkpt lat="44.808499" lon="14.740503">
        <ele>112.049184</ele>
        <time>2026-03-25T16:21:11.935Z</time>
      </trkpt>
      <trkpt lat="44.808545" lon="14.740470">
        <ele>112.034432</ele>
        <time>2026-03-25T16:21:15.504Z</time>
      </trkpt>
      <trkpt lat="44.808603" lon="14.740500">
        <ele>112.016775</ele>
        <time>2026-03-25T16:21:19.785Z</time>
      </trkpt>
      <trkpt lat="44.808644" lon="14.740343">
        <ele>111.982853</ele>
        <time>2026-03-25T16:21:28.015Z</time>
      </trkpt>
      <trkpt lat="44.808751" lon="14.740204">
        <ele>111.941265</ele>
        <time>2026-03-25T16:21:38.111Z</time>
      </trkpt>
      <trkpt lat="44.808968" lon="14.740356">
        <ele>111.872011</ele>
        <time>2026-03-25T16:21:54.935Z</time>
      </trkpt>
      <trkpt lat="44.809037" lon="14.740753">
        <ele>111.789134</ele>
        <time>2026-03-25T16:22:15.096Z</time>
      </trkpt>
      <trkpt lat="44.809176" lon="14.740760">
        <ele>111.749383</ele>
        <time>2026-03-25T16:22:24.762Z</time>
      </trkpt>
      <trkpt lat="44.809207" lon="14.740724">
        <ele>111.737903</ele>
        <time>2026-03-25T16:22:25.970Z</time>
      </trkpt>
      <trkpt lat="44.809325" lon="14.740715">
        <ele>111.704130</ele>
        <time>2026-03-25T16:22:29.923Z</time>
      </trkpt>
      <trkpt lat="44.809321" lon="14.740373">
        <ele>111.615666</ele>
        <time>2026-03-25T16:22:37.460Z</time>
      </trkpt>
      <trkpt lat="44.809373" lon="14.740067">
        <ele>111.223449</ele>
        <time>2026-03-25T16:22:44.366Z</time>
      </trkpt>
      <trkpt lat="44.809886" lon="14.739044">
        <ele>109.661904</ele>
        <time>2026-03-25T16:23:08.983Z</time>
      </trkpt>
      <trkpt lat="44.810027" lon="14.738694">
        <ele>109.160205</ele>
        <time>2026-03-25T16:23:16.598Z</time>
      </trkpt>
      <trkpt lat="44.810106" lon="14.738423">
        <ele>108.795004</ele>
        <time>2026-03-25T16:23:22.083Z</time>
      </trkpt>
      <trkpt lat="44.810124" lon="14.738257">
        <ele>108.585685</ele>
        <time>2026-03-25T16:23:25.218Z</time>
      </trkpt>
      <trkpt lat="44.810095" lon="14.738050">
        <ele>108.454386</ele>
        <time>2026-03-25T16:23:29.130Z</time>
      </trkpt>
      <trkpt lat="44.810111" lon="14.737890">
        <ele>108.423417</ele>
        <time>2026-03-25T16:23:32.129Z</time>
      </trkpt>
      <trkpt lat="44.810237" lon="14.737447">
        <ele>108.331940</ele>
        <time>2026-03-25T16:23:41.186Z</time>
      </trkpt>
      <trkpt lat="44.810170" lon="14.737165">
        <ele>108.274940</ele>
        <time>2026-03-25T16:23:47.334Z</time>
      </trkpt>
      <trkpt lat="44.810065" lon="14.736478">
        <ele>108.140245</ele>
        <time>2026-03-25T16:24:03.654Z</time>
      </trkpt>
      <trkpt lat="44.809988" lon="14.736368">
        <ele>108.110627</ele>
        <time>2026-03-25T16:24:07.489Z</time>
      </trkpt>
      <trkpt lat="44.809865" lon="14.736301">
        <ele>108.075002</ele>
        <time>2026-03-25T16:24:12.437Z</time>
      </trkpt>
      <trkpt lat="44.809711" lon="14.736320">
        <ele>108.033238</ele>
        <time>2026-03-25T16:24:18.492Z</time>
      </trkpt>
      <trkpt lat="44.809591" lon="14.736320">
        <ele>108.000819</ele>
        <time>2026-03-25T16:24:23.469Z</time>
      </trkpt>
      <trkpt lat="44.809480" lon="14.736264">
        <ele>108.201773</ele>
        <time>2026-03-25T16:24:28.504Z</time>
      </trkpt>
      <trkpt lat="44.809404" lon="14.736116">
        <ele>108.514758</ele>
        <time>2026-03-25T16:24:34.217Z</time>
      </trkpt>
      <trkpt lat="44.809400" lon="14.735974">
        <ele>108.758211</ele>
        <time>2026-03-25T16:24:38.765Z</time>
      </trkpt>
      <trkpt lat="44.809437" lon="14.735800">
        <ele>109.069392</ele>
        <time>2026-03-25T16:24:44.901Z</time>
      </trkpt>
      <trkpt lat="44.809569" lon="14.735443">
        <ele>109.759045</ele>
        <time>2026-03-25T16:24:59.259Z</time>
      </trkpt>
      <trkpt lat="44.809654" lon="14.735421">
        <ele>109.967724</ele>
        <time>2026-03-25T16:25:03.713Z</time>
      </trkpt>
      <trkpt lat="44.809720" lon="14.735324">
        <ele>110.197965</ele>
        <time>2026-03-25T16:25:08.602Z</time>
      </trkpt>
      <trkpt lat="44.809728" lon="14.735112">
        <ele>110.561654</ele>
        <time>2026-03-25T16:25:15.897Z</time>
      </trkpt>
      <trkpt lat="44.809691" lon="14.734909">
        <ele>110.920706</ele>
        <time>2026-03-25T16:25:22.502Z</time>
      </trkpt>
      <trkpt lat="44.809505" lon="14.734528">
        <ele>111.712996</ele>
        <time>2026-03-25T16:25:36.061Z</time>
      </trkpt>
      <trkpt lat="44.809404" lon="14.734378">
        <ele>112.067269</ele>
        <time>2026-03-25T16:25:41.896Z</time>
      </trkpt>
      <trkpt lat="44.809231" lon="14.734217">
        <ele>112.425313</ele>
        <time>2026-03-25T16:25:49.879Z</time>
      </trkpt>
      <trkpt lat="44.809123" lon="14.734011">
        <ele>112.594890</ele>
        <time>2026-03-25T16:25:56.744Z</time>
      </trkpt>
      <trkpt lat="44.808991" lon="14.733581">
        <ele>112.905073</ele>
        <time>2026-03-25T16:26:09.145Z</time>
      </trkpt>
      <trkpt lat="44.809037" lon="14.733115">
        <ele>113.216555</ele>
        <time>2026-03-25T16:26:21.320Z</time>
      </trkpt>
      <trkpt lat="44.809007" lon="14.732971">
        <ele>113.315914</ele>
        <time>2026-03-25T16:26:25.084Z</time>
      </trkpt>
      <trkpt lat="44.808891" lon="14.732821">
        <ele>113.462812</ele>
        <time>2026-03-25T16:26:30.616Z</time>
      </trkpt>
      <trkpt lat="44.808308" lon="14.732280">
        <ele>113.993977</ele>
        <time>2026-03-25T16:26:54.794Z</time>
      </trkpt>
      <trkpt lat="44.808063" lon="14.731895">
        <ele>113.925705</ele>
        <time>2026-03-25T16:27:07.396Z</time>
      </trkpt>
      <trkpt lat="44.807697" lon="14.731540">
        <ele>113.843037</ele>
        <time>2026-03-25T16:27:22.215Z</time>
      </trkpt>
      <trkpt lat="44.807319" lon="14.731303">
        <ele>113.766059</ele>
        <time>2026-03-25T16:27:35.030Z</time>
      </trkpt>
      <trkpt lat="44.807163" lon="14.731259">
        <ele>113.736457</ele>
        <time>2026-03-25T16:27:39.693Z</time>
      </trkpt>
      <trkpt lat="44.806979" lon="14.731161">
        <ele>113.699858</ele>
        <time>2026-03-25T16:27:45.430Z</time>
      </trkpt>
      <trkpt lat="44.806807" lon="14.731014">
        <ele>113.489976</ele>
        <time>2026-03-25T16:27:51.275Z</time>
      </trkpt>
      <trkpt lat="44.806749" lon="14.730990">
        <ele>113.363670</ele>
        <time>2026-03-25T16:27:53.024Z</time>
      </trkpt>
      <trkpt lat="44.806555" lon="14.731031">
        <ele>112.953774</ele>
        <time>2026-03-25T16:27:58.587Z</time>
      </trkpt>
      <trkpt lat="44.806488" lon="14.730978">
        <ele>112.793235</ele>
        <time>2026-03-25T16:28:00.758Z</time>
      </trkpt>
      <trkpt lat="44.806295" lon="14.730700">
        <ele>112.216622</ele>
        <time>2026-03-25T16:28:08.388Z</time>
      </trkpt>
      <trkpt lat="44.806308" lon="14.730676">
        <ele>112.171858</ele>
        <time>2026-03-25T16:28:08.980Z</time>
      </trkpt>
      <trkpt lat="44.806375" lon="14.730548">
        <ele>111.936045</ele>
        <time>2026-03-25T16:28:12.068Z</time>
      </trkpt>
      <trkpt lat="44.806562" lon="14.730456">
        <ele>111.522188</ele>
        <time>2026-03-25T16:28:17.405Z</time>
      </trkpt>
      <trkpt lat="44.806675" lon="14.730431">
        <ele>111.283183</ele>
        <time>2026-03-25T16:28:20.461Z</time>
      </trkpt>
      <trkpt lat="44.806999" lon="14.730508">
        <ele>110.596626</ele>
        <time>2026-03-25T16:28:29.177Z</time>
      </trkpt>
      <trkpt lat="44.807093" lon="14.730473">
        <ele>110.393474</ele>
        <time>2026-03-25T16:28:31.723Z</time>
      </trkpt>
      <trkpt lat="44.807722" lon="14.729917">
        <ele>109.052739</ele>
        <time>2026-03-25T16:28:51.221Z</time>
      </trkpt>
      <trkpt lat="44.807803" lon="14.729898">
        <ele>108.914659</ele>
        <time>2026-03-25T16:28:53.366Z</time>
      </trkpt>
      <trkpt lat="44.807884" lon="14.729932">
        <ele>108.772541</ele>
        <time>2026-03-25T16:28:55.576Z</time>
      </trkpt>
      <trkpt lat="44.808136" lon="14.730112">
        <ele>108.297482</ele>
        <time>2026-03-25T16:29:03.071Z</time>
      </trkpt>
      <trkpt lat="44.808343" lon="14.730118">
        <ele>107.949325</ele>
        <time>2026-03-25T16:29:08.804Z</time>
      </trkpt>
      <trkpt lat="44.808799" lon="14.729989">
        <ele>107.167241</ele>
        <time>2026-03-25T16:29:22.665Z</time>
      </trkpt>
      <trkpt lat="44.808847" lon="14.729965">
        <ele>107.081598</ele>
        <time>2026-03-25T16:29:24.263Z</time>
      </trkpt>
      <trkpt lat="44.808892" lon="14.729883">
        <ele>106.957922</ele>
        <time>2026-03-25T16:29:26.638Z</time>
      </trkpt>
      <trkpt lat="44.808924" lon="14.729585">
        <ele>107.149425</ele>
        <time>2026-03-25T16:29:33.907Z</time>
      </trkpt>
      <trkpt lat="44.809076" lon="14.729417">
        <ele>107.425008</ele>
        <time>2026-03-25T16:29:40.978Z</time>
      </trkpt>
      <trkpt lat="44.809126" lon="14.729336">
        <ele>107.533686</ele>
        <time>2026-03-25T16:29:43.836Z</time>
      </trkpt>
      <trkpt lat="44.809133" lon="14.729273">
        <ele>107.598232</ele>
        <time>2026-03-25T16:29:45.604Z</time>
      </trkpt>
      <trkpt lat="44.809080" lon="14.729079">
        <ele>107.808656</ele>
        <time>2026-03-25T16:29:51.484Z</time>
      </trkpt>
      <trkpt lat="44.808973" lon="14.728856">
        <ele>108.081154</ele>
        <time>2026-03-25T16:29:59.379Z</time>
      </trkpt>
      <trkpt lat="44.808783" lon="14.728547">
        <ele>108.495049</ele>
        <time>2026-03-25T16:30:11.784Z</time>
      </trkpt>
      <trkpt lat="44.808543" lon="14.727966">
        <ele>109.175565</ele>
        <time>2026-03-25T16:30:32.352Z</time>
      </trkpt>
      <trkpt lat="44.808454" lon="14.727830">
        <ele>109.362845</ele>
        <time>2026-03-25T16:30:37.678Z</time>
      </trkpt>
      <trkpt lat="44.808395" lon="14.727792">
        <ele>109.455394</ele>
        <time>2026-03-25T16:30:40.226Z</time>
      </trkpt>
      <trkpt lat="44.808323" lon="14.727791">
        <ele>109.609267</ele>
        <time>2026-03-25T16:30:43.062Z</time>
      </trkpt>
      <trkpt lat="44.808186" lon="14.727883">
        <ele>109.941759</ele>
        <time>2026-03-25T16:30:48.898Z</time>
      </trkpt>
      <trkpt lat="44.808151" lon="14.727877">
        <ele>110.019009</ele>
        <time>2026-03-25T16:30:50.248Z</time>
      </trkpt>
      <trkpt lat="44.807964" lon="14.727584">
        <ele>110.631631</ele>
        <time>2026-03-25T16:31:00.845Z</time>
      </trkpt>
      <trkpt lat="44.807766" lon="14.727472">
        <ele>111.099080</ele>
        <time>2026-03-25T16:31:08.980Z</time>
      </trkpt>
      <trkpt lat="44.807725" lon="14.727435">
        <ele>111.205745</ele>
        <time>2026-03-25T16:31:10.832Z</time>
      </trkpt>
      <trkpt lat="44.807694" lon="14.727354">
        <ele>111.348808</ele>
        <time>2026-03-25T16:31:13.375Z</time>
      </trkpt>
      <trkpt lat="44.807739" lon="14.727214">
        <ele>111.587725</ele>
        <time>2026-03-25T16:31:17.570Z</time>
      </trkpt>
      <trkpt lat="44.808067" lon="14.726536">
        <ele>112.863343</ele>
        <time>2026-03-25T16:31:42.044Z</time>
      </trkpt>
      <trkpt lat="44.808471" lon="14.725946">
        <ele>115.113316</ele>
        <time>2026-03-25T16:32:11.701Z</time>
      </trkpt>
      <trkpt lat="44.808803" lon="14.725397">
        <ele>117.723747</ele>
        <time>2026-03-25T16:32:42.227Z</time>
      </trkpt>
      <trkpt lat="44.808907" lon="14.725330">
        <ele>118.306987</ele>
        <time>2026-03-25T16:32:49.491Z</time>
      </trkpt>
      <trkpt lat="44.809323" lon="14.724916">
        <ele>120.904398</ele>
        <time>2026-03-25T16:33:22.438Z</time>
      </trkpt>
      <trkpt lat="44.809923" lon="14.724215">
        <ele>122.924160</ele>
        <time>2026-03-25T16:34:07.324Z</time>
      </trkpt>
      <trkpt lat="44.810404" lon="14.723850">
        <ele>123.343701</ele>
        <time>2026-03-25T16:34:29.387Z</time>
      </trkpt>
      <trkpt lat="44.810847" lon="14.723508">
        <ele>123.731614</ele>
        <time>2026-03-25T16:34:43.884Z</time>
      </trkpt>
      <trkpt lat="44.811061" lon="14.723392">
        <ele>123.907701</ele>
        <time>2026-03-25T16:34:49.782Z</time>
      </trkpt>
      <trkpt lat="44.811320" lon="14.723072">
        <ele>122.579130</ele>
        <time>2026-03-25T16:34:58.279Z</time>
      </trkpt>
      <trkpt lat="44.811514" lon="14.722884">
        <ele>121.409330</ele>
        <time>2026-03-25T16:35:03.896Z</time>
      </trkpt>
      <trkpt lat="44.812470" lon="14.722413">
        <ele>116.377254</ele>
        <time>2026-03-25T16:35:27.513Z</time>
      </trkpt>
      <trkpt lat="44.812749" lon="14.722234">
        <ele>114.992427</ele>
        <time>2026-03-25T16:35:34.758Z</time>
      </trkpt>
      <trkpt lat="44.812936" lon="14.722211">
        <ele>114.829809</ele>
        <time>2026-03-25T16:35:39.401Z</time>
      </trkpt>
      <trkpt lat="44.813585" lon="14.721874">
        <ele>114.230633</ele>
        <time>2026-03-25T16:35:58.397Z</time>
      </trkpt>
      <trkpt lat="44.813705" lon="14.721864">
        <ele>114.126493</ele>
        <time>2026-03-25T16:36:02.076Z</time>
      </trkpt>
      <trkpt lat="44.814161" lon="14.721600">
        <ele>113.699430</ele>
        <time>2026-03-25T16:36:20.146Z</time>
      </trkpt>
      <trkpt lat="44.814342" lon="14.721418">
        <ele>113.506821</ele>
        <time>2026-03-25T16:36:29.773Z</time>
      </trkpt>
      <trkpt lat="44.815105" lon="14.720289">
        <ele>115.754246</ele>
        <time>2026-03-25T16:37:21.863Z</time>
      </trkpt>
      <trkpt lat="44.815127" lon="14.720255">
        <ele>115.825059</ele>
        <time>2026-03-25T16:37:23.316Z</time>
      </trkpt>
      <trkpt lat="44.815421" lon="14.719866">
        <ele>116.699696</ele>
        <time>2026-03-25T16:37:40.855Z</time>
      </trkpt>
      <trkpt lat="44.815930" lon="14.718865">
        <ele>115.921155</ele>
        <time>2026-03-25T16:38:11.691Z</time>
      </trkpt>
      <trkpt lat="44.816339" lon="14.718318">
        <ele>114.485519</ele>
        <time>2026-03-25T16:38:27.008Z</time>
      </trkpt>
      <trkpt lat="44.816504" lon="14.718132">
        <ele>113.947536</ele>
        <time>2026-03-25T16:38:32.272Z</time>
      </trkpt>
      <trkpt lat="44.817050" lon="14.717650">
        <ele>111.289483</ele>
        <time>2026-03-25T16:38:47.318Z</time>
      </trkpt>
      <trkpt lat="44.818241" lon="14.716338">
        <ele>99.242164</ele>
        <time>2026-03-25T16:39:20.844Z</time>
      </trkpt>
      <trkpt lat="44.818436" lon="14.716075">
        <ele>96.631738</ele>
        <time>2026-03-25T16:39:26.692Z</time>
      </trkpt>
      <trkpt lat="44.818599" lon="14.715777">
        <ele>93.784143</ele>
        <time>2026-03-25T16:39:32.441Z</time>
      </trkpt>
      <trkpt lat="44.818534" lon="14.715620">
        <ele>92.408541</ele>
        <time>2026-03-25T16:39:35.186Z</time>
      </trkpt>
      <trkpt lat="44.818403" lon="14.715536">
        <ele>90.873277</ele>
        <time>2026-03-25T16:39:38.263Z</time>
      </trkpt>
      <trkpt lat="44.817504" lon="14.715398">
        <ele>81.226152</ele>
        <time>2026-03-25T16:39:57.368Z</time>
      </trkpt>
      <trkpt lat="44.817265" lon="14.715577">
        <ele>78.414833</ele>
        <time>2026-03-25T16:40:02.995Z</time>
      </trkpt>
      <trkpt lat="44.817078" lon="14.715652">
        <ele>76.511266</ele>
        <time>2026-03-25T16:40:06.993Z</time>
      </trkpt>
      <trkpt lat="44.816807" lon="14.715744">
        <ele>73.782062</ele>
        <time>2026-03-25T16:40:12.795Z</time>
      </trkpt>
      <trkpt lat="44.816567" lon="14.715752">
        <ele>71.431574</ele>
        <time>2026-03-25T16:40:17.951Z</time>
      </trkpt>
      <trkpt lat="44.815957" lon="14.716116">
        <ele>64.946046</ele>
        <time>2026-03-25T16:40:32.402Z</time>
      </trkpt>
      <trkpt lat="44.815954" lon="14.716036">
        <ele>64.389633</ele>
        <time>2026-03-25T16:40:33.646Z</time>
      </trkpt>
      <trkpt lat="44.815983" lon="14.715961">
        <ele>63.796365</ele>
        <time>2026-03-25T16:40:34.995Z</time>
      </trkpt>
      <trkpt lat="44.816183" lon="14.715843">
        <ele>61.673584</ele>
        <time>2026-03-25T16:40:39.777Z</time>
      </trkpt>
      <trkpt lat="44.816227" lon="14.715736">
        <ele>61.276068</ele>
        <time>2026-03-25T16:40:41.709Z</time>
      </trkpt>
      <trkpt lat="44.816253" lon="14.715472">
        <ele>60.446724</ele>
        <time>2026-03-25T16:40:45.952Z</time>
      </trkpt>
      <trkpt lat="44.816269" lon="14.715323">
        <ele>59.977813</ele>
        <time>2026-03-25T16:40:48.408Z</time>
      </trkpt>
      <trkpt lat="44.816584" lon="14.714623">
        <ele>57.398400</ele>
        <time>2026-03-25T16:41:02.948Z</time>
      </trkpt>
      <trkpt lat="44.816609" lon="14.714534">
        <ele>57.100546</ele>
        <time>2026-03-25T16:41:04.683Z</time>
      </trkpt>
      <trkpt lat="44.816602" lon="14.714364">
        <ele>56.570686</ele>
        <time>2026-03-25T16:41:07.684Z</time>
      </trkpt>
      <trkpt lat="44.816912" lon="14.714065">
        <ele>54.923077</ele>
        <time>2026-03-25T16:41:13.103Z</time>
      </trkpt>
      <trkpt lat="44.817569" lon="14.713590">
        <ele>52.156988</ele>
        <time>2026-03-25T16:41:25.205Z</time>
      </trkpt>
      <trkpt lat="44.817732" lon="14.713520">
        <ele>51.579688</ele>
        <time>2026-03-25T16:41:28.141Z</time>
      </trkpt>
      <trkpt lat="44.818101" lon="14.713490">
        <ele>50.327440</ele>
        <time>2026-03-25T16:41:34.093Z</time>
      </trkpt>
      <trkpt lat="44.818286" lon="14.713433">
        <ele>49.685865</ele>
        <time>2026-03-25T16:41:36.960Z</time>
      </trkpt>
      <trkpt lat="44.818368" lon="14.713374">
        <ele>49.373957</ele>
        <time>2026-03-25T16:41:38.279Z</time>
      </trkpt>
      <trkpt lat="44.819127" lon="14.712825">
        <ele>46.786376</ele>
        <time>2026-03-25T16:41:49.045Z</time>
      </trkpt>
      <trkpt lat="44.819272" lon="14.712674">
        <ele>46.331804</ele>
        <time>2026-03-25T16:41:51.242Z</time>
      </trkpt>
      <trkpt lat="44.819520" lon="14.712339">
        <ele>45.465711</ele>
        <time>2026-03-25T16:41:55.632Z</time>
      </trkpt>
      <trkpt lat="44.819768" lon="14.712023">
        <ele>44.622774</ele>
        <time>2026-03-25T16:42:00.820Z</time>
      </trkpt>
      <trkpt lat="44.819919" lon="14.711932">
        <ele>44.208680</ele>
        <time>2026-03-25T16:42:04.727Z</time>
      </trkpt>
      <trkpt lat="44.820147" lon="14.711922">
        <ele>43.633474</ele>
        <time>2026-03-25T16:42:11.945Z</time>
      </trkpt>
      <trkpt lat="44.820334" lon="14.712023">
        <ele>43.134782</ele>
        <time>2026-03-25T16:42:18.922Z</time>
      </trkpt>
      <trkpt lat="44.820463" lon="14.712172">
        <ele>43.539848</ele>
        <time>2026-03-25T16:42:25.255Z</time>
      </trkpt>
      <trkpt lat="44.820688" lon="14.712618">
        <ele>44.482782</ele>
        <time>2026-03-25T16:42:44.133Z</time>
      </trkpt>
      <trkpt lat="44.820970" lon="14.713170">
        <ele>45.654801</ele>
        <time>2026-03-25T16:43:10.189Z</time>
      </trkpt>
      <trkpt lat="44.821176" lon="14.713390">
        <ele>46.282517</ele>
        <time>2026-03-25T16:43:19.855Z</time>
      </trkpt>
      <trkpt lat="44.822665" lon="14.714404">
        <ele>44.061887</ele>
        <time>2026-03-25T16:43:43.261Z</time>
      </trkpt>
      <trkpt lat="44.822814" lon="14.714484">
        <ele>43.586043</ele>
        <time>2026-03-25T16:43:45.523Z</time>
      </trkpt>
      <trkpt lat="44.823208" lon="14.714619">
        <ele>42.375926</ele>
        <time>2026-03-25T16:43:51.531Z</time>
      </trkpt>
      <trkpt lat="44.823781" lon="14.714734">
        <ele>40.740872</ele>
        <time>2026-03-25T16:44:00.631Z</time>
      </trkpt>
      <trkpt lat="44.824442" lon="14.714951">
        <ele>38.841338</ele>
        <time>2026-03-25T16:44:10.515Z</time>
      </trkpt>
      <trkpt lat="44.825307" lon="14.715437">
        <ele>35.984492</ele>
        <time>2026-03-25T16:44:23.894Z</time>
      </trkpt>
      <trkpt lat="44.825457" lon="14.715477">
        <ele>35.433128</ele>
        <time>2026-03-25T16:44:26.167Z</time>
      </trkpt>
      <trkpt lat="44.825856" lon="14.715489">
        <ele>33.991720</ele>
        <time>2026-03-25T16:44:31.818Z</time>
      </trkpt>
      <trkpt lat="44.825987" lon="14.715530">
        <ele>33.507067</ele>
        <time>2026-03-25T16:44:33.659Z</time>
      </trkpt>
      <trkpt lat="44.826178" lon="14.715667">
        <ele>32.733091</ele>
        <time>2026-03-25T16:44:36.568Z</time>
      </trkpt>
      <trkpt lat="44.826366" lon="14.715945">
        <ele>31.749132</ele>
        <time>2026-03-25T16:44:40.352Z</time>
      </trkpt>
      <trkpt lat="44.826766" lon="14.716864">
        <ele>29.440340</ele>
        <time>2026-03-25T16:44:51.108Z</time>
      </trkpt>
      <trkpt lat="44.827329" lon="14.717735">
        <ele>27.268828</ele>
        <time>2026-03-25T16:45:03.086Z</time>
      </trkpt>
      <trkpt lat="44.827461" lon="14.718119">
        <ele>26.482520</ele>
        <time>2026-03-25T16:45:08.122Z</time>
      </trkpt>
      <trkpt lat="44.827496" lon="14.718285">
        <ele>26.163409</ele>
        <time>2026-03-25T16:45:10.329Z</time>
      </trkpt>
      <trkpt lat="44.827577" lon="14.718670">
        <ele>25.461611</ele>
        <time>2026-03-25T16:45:15.531Z</time>
      </trkpt>
      <trkpt lat="44.827612" lon="14.718639">
        <ele>25.362333</ele>
        <time>2026-03-25T16:45:16.991Z</time>
      </trkpt>
      <trkpt lat="44.827752" lon="14.719084">
        <ele>24.533031</ele>
        <time>2026-03-25T16:45:25.305Z</time>
      </trkpt>
      <trkpt lat="44.828078" lon="14.719777">
        <ele>23.116417</ele>
        <time>2026-03-25T16:45:38.205Z</time>
      </trkpt>
      <trkpt lat="44.828133" lon="14.720068">
        <ele>22.603395</ele>
        <time>2026-03-25T16:45:42.400Z</time>
      </trkpt>
      <trkpt lat="44.828136" lon="14.720364">
        <ele>22.099106</ele>
        <time>2026-03-25T16:45:46.368Z</time>
      </trkpt>
      <trkpt lat="44.828085" lon="14.720628">
        <ele>21.632995</ele>
        <time>2026-03-25T16:45:49.995Z</time>
      </trkpt>
      <trkpt lat="44.828011" lon="14.720825">
        <ele>20.794871</ele>
        <time>2026-03-25T16:45:52.883Z</time>
      </trkpt>
      <trkpt lat="44.827367" lon="14.721801">
        <ele>15.596938</ele>
        <time>2026-03-25T16:46:09.632Z</time>
      </trkpt>
      <trkpt lat="44.827226" lon="14.722083">
        <ele>14.251575</ele>
        <time>2026-03-25T16:46:13.967Z</time>
      </trkpt>
      <trkpt lat="44.827140" lon="14.722368">
        <ele>13.043891</ele>
        <time>2026-03-25T16:46:17.920Z</time>
      </trkpt>
      <trkpt lat="44.827104" lon="14.722667">
        <ele>11.861337</ele>
        <time>2026-03-25T16:46:21.868Z</time>
      </trkpt>
      <trkpt lat="44.827120" lon="14.722986">
        <ele>11.164693</ele>
        <time>2026-03-25T16:46:26.123Z</time>
      </trkpt>
      <trkpt lat="44.827344" lon="14.723877">
        <ele>9.312893</ele>
        <time>2026-03-25T16:46:39.448Z</time>
      </trkpt>
      <trkpt lat="44.827366" lon="14.724455">
        <ele>8.179016</ele>
        <time>2026-03-25T16:46:48.198Z</time>
      </trkpt>
      <trkpt lat="44.827323" lon="14.724758">
        <ele>7.573701</ele>
        <time>2026-03-25T16:46:52.985Z</time>
      </trkpt>
      <trkpt lat="44.827260" lon="14.725011">
        <ele>7.048438</ele>
        <time>2026-03-25T16:46:57.167Z</time>
      </trkpt>
      <trkpt lat="44.826848" lon="14.726111">
        <ele>5.758299</ele>
        <time>2026-03-25T16:47:16.781Z</time>
      </trkpt>
      <trkpt lat="44.826815" lon="14.726455">
        <ele>5.442524</ele>
        <time>2026-03-25T16:47:22.203Z</time>
      </trkpt>
      <trkpt lat="44.826830" lon="14.726660">
        <ele>5.255053</ele>
        <time>2026-03-25T16:47:25.414Z</time>
      </trkpt>
      <trkpt lat="44.826874" lon="14.726828">
        <ele>5.092143</ele>
        <time>2026-03-25T16:47:28.201Z</time>
      </trkpt>
      <trkpt lat="44.826936" lon="14.726973">
        <ele>4.938125</ele>
        <time>2026-03-25T16:47:30.811Z</time>
      </trkpt>
      <trkpt lat="44.827041" lon="14.727126">
        <ele>4.744457</ele>
        <time>2026-03-25T16:47:34.174Z</time>
      </trkpt>
      <trkpt lat="44.827178" lon="14.727258">
        <ele>4.531634</ele>
        <time>2026-03-25T16:47:37.957Z</time>
      </trkpt>
      <trkpt lat="44.827823" lon="14.727727">
        <ele>4.078463</ele>
        <time>2026-03-25T16:47:55.337Z</time>
      </trkpt>
      <trkpt lat="44.827797" lon="14.727772">
        <ele>4.055520</ele>
        <time>2026-03-25T16:47:56.568Z</time>
      </trkpt>
      <trkpt lat="44.827186" lon="14.727337">
        <ele>3.674038</ele>
        <time>2026-03-25T16:48:08.561Z</time>
      </trkpt>
      <trkpt lat="44.827797" lon="14.727772">
        <ele>3.475768</ele>
        <time>2026-03-25T16:48:21.373Z</time>
      </trkpt>
      <trkpt lat="44.827809" lon="14.727783">
        <ele>3.477502</ele>
        <time>2026-03-25T16:48:21.634Z</time>
      </trkpt>
      <trkpt lat="44.827879" lon="14.727846">
        <ele>3.487561</ele>
        <time>2026-03-25T16:48:23.187Z</time>
      </trkpt>
      <trkpt lat="44.828158" lon="14.728169">
        <ele>3.531290</ele>
        <time>2026-03-25T16:48:29.754Z</time>
      </trkpt>
      <trkpt lat="44.828413" lon="14.728598">
        <ele>3.579379</ele>
        <time>2026-03-25T16:48:37.096Z</time>
      </trkpt>
      <trkpt lat="44.828687" lon="14.729056">
        <ele>3.630855</ele>
        <time>2026-03-25T16:48:46.279Z</time>
      </trkpt>
      <trkpt lat="44.828993" lon="14.729576">
        <ele>3.984974</ele>
        <time>2026-03-25T16:48:57.721Z</time>
      </trkpt>
      <trkpt lat="44.829455" lon="14.730368">
        <ele>5.005644</ele>
        <time>2026-03-25T16:49:16.374Z</time>
      </trkpt>
      <trkpt lat="44.829594" lon="14.730606">
        <ele>5.312508</ele>
        <time>2026-03-25T16:49:22.140Z</time>
      </trkpt>
      <trkpt lat="44.829617" lon="14.730645">
        <ele>5.362992</ele>
        <time>2026-03-25T16:49:23.109Z</time>
      </trkpt>
      <trkpt lat="44.829785" lon="14.730960">
        <ele>5.755268</ele>
        <time>2026-03-25T16:49:31.128Z</time>
      </trkpt>
      <trkpt lat="44.829815" lon="14.731190">
        <ele>5.988025</ele>
        <time>2026-03-25T16:49:36.039Z</time>
      </trkpt>
      <trkpt lat="44.829796" lon="14.731286">
        <ele>6.087224</ele>
        <time>2026-03-25T16:49:38.158Z</time>
      </trkpt>
      <trkpt lat="44.829797" lon="14.731290">
        <ele>6.091445</ele>
        <time>2026-03-25T16:49:38.253Z</time>
      </trkpt>
      <trkpt lat="44.829819" lon="14.731380">
        <ele>6.185751</ele>
        <time>2026-03-25T16:49:40.246Z</time>
      </trkpt>
      <trkpt lat="44.829858" lon="14.731428">
        <ele>6.227909</ele>
        <time>2026-03-25T16:49:41.717Z</time>
      </trkpt>
      <trkpt lat="44.829934" lon="14.731444">
        <ele>6.290488</ele>
        <time>2026-03-25T16:49:43.934Z</time>
      </trkpt>
      <trkpt lat="44.830015" lon="14.731364">
        <ele>6.371024</ele>
        <time>2026-03-25T16:49:46.674Z</time>
      </trkpt>
      <trkpt lat="44.830025" lon="14.731331">
        <ele>6.391750</ele>
        <time>2026-03-25T16:49:47.368Z</time>
      </trkpt>
      <trkpt lat="44.830031" lon="14.731285">
        <ele>6.418764</ele>
        <time>2026-03-25T16:49:48.273Z</time>
      </trkpt>
      <trkpt lat="44.830129" lon="14.731170">
        <ele>6.522595</ele>
        <time>2026-03-25T16:49:51.646Z</time>
      </trkpt>
      <trkpt lat="44.830226" lon="14.731112">
        <ele>6.608398</ele>
        <time>2026-03-25T16:49:54.334Z</time>
      </trkpt>
      <trkpt lat="44.830393" lon="14.730948">
        <ele>6.774132</ele>
        <time>2026-03-25T16:49:59.525Z</time>
      </trkpt>
      <trkpt lat="44.830574" lon="14.730761">
        <ele>6.956866</ele>
        <time>2026-03-25T16:50:05.086Z</time>
      </trkpt>
      <trkpt lat="44.830583" lon="14.730750">
        <ele>6.966566</ele>
        <time>2026-03-25T16:50:05.387Z</time>
      </trkpt>
      <trkpt lat="44.830635" lon="14.730694">
        <ele>7.019852</ele>
        <time>2026-03-25T16:50:07.011Z</time>
      </trkpt>
      <trkpt lat="44.830660" lon="14.730662">
        <ele>7.047348</ele>
        <time>2026-03-25T16:50:07.865Z</time>
      </trkpt>
      <trkpt lat="44.831026" lon="14.730192">
        <ele>7.450491</ele>
        <time>2026-03-25T16:50:19.679Z</time>
      </trkpt>
      <trkpt lat="44.831637" lon="14.728494">
        <ele>6.042113</ele>
        <time>2026-03-25T16:50:42.062Z</time>
      </trkpt>
      <trkpt lat="44.831657" lon="14.728355">
        <ele>5.895822</ele>
        <time>2026-03-25T16:50:43.559Z</time>
      </trkpt>
      <trkpt lat="44.831684" lon="14.728032">
        <ele>5.560361</ele>
        <time>2026-03-25T16:50:47.096Z</time>
      </trkpt>
      <trkpt lat="44.831734" lon="14.727794">
        <ele>5.304334</ele>
        <time>2026-03-25T16:50:49.785Z</time>
      </trkpt>
      <trkpt lat="44.831871" lon="14.727402">
        <ele>4.824527</ele>
        <time>2026-03-25T16:50:54.539Z</time>
      </trkpt>
      <trkpt lat="44.831980" lon="14.727221">
        <ele>4.540160</ele>
        <time>2026-03-25T16:50:57.081Z</time>
      </trkpt>
      <trkpt lat="44.831985" lon="14.727212">
        <ele>4.526468</ele>
        <time>2026-03-25T16:50:57.207Z</time>
      </trkpt>
      <trkpt lat="44.832172" lon="14.727082">
        <ele>4.174396</ele>
        <time>2026-03-25T16:51:00.279Z</time>
      </trkpt>
      <trkpt lat="44.832573" lon="14.727040">
        <ele>3.495373</ele>
        <time>2026-03-25T16:51:06.521Z</time>
      </trkpt>
      <trkpt lat="44.832874" lon="14.726929">
        <ele>2.969989</ele>
        <time>2026-03-25T16:51:11.633Z</time>
      </trkpt>
      <trkpt lat="44.832968" lon="14.726893">
        <ele>2.805503</ele>
        <time>2026-03-25T16:51:13.274Z</time>
      </trkpt>
      <trkpt lat="44.833384" lon="14.726712">
        <ele>2.070336</ele>
        <time>2026-03-25T16:51:20.718Z</time>
      </trkpt>
      <trkpt lat="44.833698" lon="14.726435">
        <ele>1.838914</ele>
        <time>2026-03-25T16:51:26.815Z</time>
      </trkpt>
      <trkpt lat="44.833813" lon="14.726364">
        <ele>1.778316</ele>
        <time>2026-03-25T16:51:28.825Z</time>
      </trkpt>
      <trkpt lat="44.833902" lon="14.726341">
        <ele>1.734640</ele>
        <time>2026-03-25T16:51:30.280Z</time>
      </trkpt>
      <trkpt lat="44.834218" lon="14.726349">
        <ele>1.582081</ele>
        <time>2026-03-25T16:51:35.497Z</time>
      </trkpt>
      <trkpt lat="44.834417" lon="14.726210">
        <ele>1.474885</ele>
        <time>2026-03-25T16:51:39.470Z</time>
      </trkpt>
      <trkpt lat="44.834555" lon="14.726060">
        <ele>1.390780</ele>
        <time>2026-03-25T16:51:42.911Z</time>
      </trkpt>
      <trkpt lat="44.834822" lon="14.725824">
        <ele>1.238672</ele>
        <time>2026-03-25T16:51:49.773Z</time>
      </trkpt>
      <trkpt lat="44.835163" lon="14.725588">
        <ele>1.085641</ele>
        <time>2026-03-25T16:51:58.150Z</time>
      </trkpt>
      <trkpt lat="44.835262" lon="14.725548">
        <ele>1.056551</ele>
        <time>2026-03-25T16:52:00.208Z</time>
      </trkpt>
      <trkpt lat="44.835369" lon="14.725550">
        <ele>1.026324</ele>
        <time>2026-03-25T16:52:02.378Z</time>
      </trkpt>
      <trkpt lat="44.835652" lon="14.725700">
        <ele>0.940925</ele>
        <time>2026-03-25T16:52:08.150Z</time>
      </trkpt>
      <trkpt lat="44.836076" lon="14.725805">
        <ele>0.819325</ele>
        <time>2026-03-25T16:52:16.221Z</time>
      </trkpt>
      <trkpt lat="44.836125" lon="14.725819">
        <ele>0.805203</ele>
        <time>2026-03-25T16:52:17.138Z</time>
      </trkpt>
      <trkpt lat="44.836678" lon="14.725984">
        <ele>0.645539</ele>
        <time>2026-03-25T16:52:27.090Z</time>
      </trkpt>
      <trkpt lat="44.836780" lon="14.725987">
        <ele>0.614147</ele>
        <time>2026-03-25T16:52:28.747Z</time>
      </trkpt>
      <trkpt lat="44.836979" lon="14.725914">
        <ele>0.514962</ele>
        <time>2026-03-25T16:52:32.108Z</time>
      </trkpt>
      <trkpt lat="44.837197" lon="14.725690">
        <ele>0.384854</ele>
        <time>2026-03-25T16:52:36.557Z</time>
      </trkpt>
      <trkpt lat="44.837461" lon="14.725218">
        <ele>0.179229</ele>
        <time>2026-03-25T16:52:43.869Z</time>
      </trkpt>
      <trkpt lat="44.837495" lon="14.725252">
        <ele>0.159124</ele>
        <time>2026-03-25T16:52:44.623Z</time>
      </trkpt>
      <trkpt lat="44.837462" lon="14.725311">
        <ele>0.133420</ele>
        <time>2026-03-25T16:52:48.335Z</time>
      </trkpt>
      <trkpt lat="44.837495" lon="14.725252">
        <ele>0.107717</ele>
        <time>2026-03-25T16:52:52.047Z</time>
      </trkpt>
      <trkpt lat="44.837461" lon="14.725218">
        <ele>0.087612</ele>
        <time>2026-03-25T16:52:52.827Z</time>
      </trkpt>
      <trkpt lat="44.837567" lon="14.725035">
        <ele>0.006789</ele>
        <time>2026-03-25T16:52:55.984Z</time>
      </trkpt>
      <trkpt lat="44.837735" lon="14.724726">
        <ele>-0.126395</ele>
        <time>2026-03-25T16:53:01.281Z</time>
      </trkpt>
      <trkpt lat="44.837848" lon="14.724488">
        <ele>-0.224365</ele>
        <time>2026-03-25T16:53:05.305Z</time>
      </trkpt>
      <trkpt lat="44.837907" lon="14.724182">
        <ele>-0.247241</ele>
        <time>2026-03-25T16:53:09.882Z</time>
      </trkpt>
      <trkpt lat="44.837921" lon="14.723943">
        <ele>-0.247241</ele>
        <time>2026-03-25T16:53:13.386Z</time>
      </trkpt>
      <trkpt lat="44.837907" lon="14.723616">
        <ele>-0.247241</ele>
        <time>2026-03-25T16:53:18.126Z</time>
      </trkpt>
      <trkpt lat="44.837906" lon="14.723592">
        <ele>-0.247241</ele>
        <time>2026-03-25T16:53:18.472Z</time>
      </trkpt>
      <trkpt lat="44.837795" lon="14.722890">
        <ele>-0.247241</ele>
        <time>2026-03-25T16:53:28.360Z</time>
      </trkpt>
      <trkpt lat="44.837765" lon="14.722738">
        <ele>-0.247241</ele>
        <time>2026-03-25T16:53:30.501Z</time>
      </trkpt>
      <trkpt lat="44.837748" lon="14.722645">
        <ele>-0.247241</ele>
        <time>2026-03-25T16:53:31.798Z</time>
      </trkpt>
      <trkpt lat="44.837700" lon="14.722285">
        <ele>-0.247241</ele>
        <time>2026-03-25T16:53:38.369Z</time>
      </trkpt>
      <trkpt lat="44.837715" lon="14.721978">
        <ele>-0.247241</ele>
        <time>2026-03-25T16:53:43.895Z</time>
      </trkpt>
      <trkpt lat="44.837797" lon="14.721790">
        <ele>-0.247241</ele>
        <time>2026-03-25T16:53:47.835Z</time>
      </trkpt>
      <trkpt lat="44.837769" lon="14.721386">
        <ele>-0.247241</ele>
        <time>2026-03-25T16:53:55.065Z</time>
      </trkpt>
    </trkseg>
  </trk>
</gpx>