<?xml version='1.0' encoding='UTF-8'?>
<gpx version="1.1" creator="https://www.komoot.de" xmlns="http://www.topografix.com/GPX/1/1" xmlns:xsi="http://www.w3.org/2001/XMLSchema-instance" xsi:schemaLocation="http://www.topografix.com/GPX/1/1 http://www.topografix.com/GPX/1/1/gpx.xsd">
  <metadata>
    <name>7S26.3 - Pag</name>
    <author>
      <link href="https://www.komoot.de">
        <text>komoot</text>
        <type>text/html</type>
      </link>
    </author>
  </metadata>
  <wpt lat="44.357950" lon="15.194755">
    <name>Sentiero dell'Isola di Pag</name>
    <sym>Flag, Blue</sym>
  </wpt>
  <wpt lat="44.419522" lon="15.077940">
    <name>Saline di Pag</name>
    <sym>Flag, Blue</sym>
  </wpt>
  <wpt lat="44.603831" lon="14.896306">
    <name>Vista sulla formazione rocciosa costiera</name>
    <sym>Flag, Blue</sym>
  </wpt>
  <wpt lat="44.601938" lon="14.905891">
    <name>Baia di Utvrda Svetojanj e Fortezza Bizantina</name>
    <sym>Flag, Blue</sym>
  </wpt>
  <trk>
    <name>7S26.3 - Pag</name>
    <trkseg>
      <trkpt lat="44.262442" lon="15.646927">
        <ele>823.200572</ele>
        <time>2026-03-26T15:56:14.594Z</time>
      </trkpt>
      <trkpt lat="44.262391" lon="15.646925">
        <ele>823.200572</ele>
        <time>2026-03-26T15:56:15.318Z</time>
      </trkpt>
      <trkpt lat="44.262313" lon="15.647035">
        <ele>823.200572</ele>
        <time>2026-03-26T15:56:16.944Z</time>
      </trkpt>
      <trkpt lat="44.262012" lon="15.647638">
        <ele>823.200572</ele>
        <time>2026-03-26T15:56:24.554Z</time>
      </trkpt>
      <trkpt lat="44.261681" lon="15.647981">
        <ele>821.814434</ele>
        <time>2026-03-26T15:56:30.809Z</time>
      </trkpt>
      <trkpt lat="44.261645" lon="15.648054">
        <ele>821.376996</ele>
        <time>2026-03-26T15:56:31.784Z</time>
      </trkpt>
      <trkpt lat="44.261593" lon="15.648083">
        <ele>820.991116</ele>
        <time>2026-03-26T15:56:32.668Z</time>
      </trkpt>
      <trkpt lat="44.261549" lon="15.648043">
        <ele>820.629291</ele>
        <time>2026-03-26T15:56:33.472Z</time>
      </trkpt>
      <trkpt lat="44.261553" lon="15.647934">
        <ele>820.090629</ele>
        <time>2026-03-26T15:56:34.647Z</time>
      </trkpt>
      <trkpt lat="44.261919" lon="15.647544">
        <ele>816.917831</ele>
        <time>2026-03-26T15:56:41.478Z</time>
      </trkpt>
      <trkpt lat="44.262101" lon="15.647132">
        <ele>814.528757</ele>
        <time>2026-03-26T15:56:46.406Z</time>
      </trkpt>
      <trkpt lat="44.262155" lon="15.646957">
        <ele>813.588313</ele>
        <time>2026-03-26T15:56:48.316Z</time>
      </trkpt>
      <trkpt lat="44.262155" lon="15.646616">
        <ele>811.905366</ele>
        <time>2026-03-26T15:56:51.719Z</time>
      </trkpt>
      <trkpt lat="44.262105" lon="15.646566">
        <ele>811.481546</ele>
        <time>2026-03-26T15:56:52.571Z</time>
      </trkpt>
      <trkpt lat="44.262013" lon="15.646534">
        <ele>810.828160</ele>
        <time>2026-03-26T15:56:53.869Z</time>
      </trkpt>
      <trkpt lat="44.261931" lon="15.646579">
        <ele>810.095844</ele>
        <time>2026-03-26T15:56:55.086Z</time>
      </trkpt>
      <trkpt lat="44.261841" lon="15.646707">
        <ele>809.020947</ele>
        <time>2026-03-26T15:56:56.840Z</time>
      </trkpt>
      <trkpt lat="44.261611" lon="15.647175">
        <ele>805.619732</ele>
        <time>2026-03-26T15:57:02.358Z</time>
      </trkpt>
      <trkpt lat="44.261388" lon="15.647935">
        <ele>800.698139</ele>
        <time>2026-03-26T15:57:10.340Z</time>
      </trkpt>
      <trkpt lat="44.261273" lon="15.648444">
        <ele>797.499851</ele>
        <time>2026-03-26T15:57:15.744Z</time>
      </trkpt>
      <trkpt lat="44.261195" lon="15.648668">
        <ele>796.007308</ele>
        <time>2026-03-26T15:57:18.370Z</time>
      </trkpt>
      <trkpt lat="44.261105" lon="15.648855">
        <ele>795.153674</ele>
        <time>2026-03-26T15:57:20.800Z</time>
      </trkpt>
      <trkpt lat="44.260824" lon="15.649178">
        <ele>793.484804</ele>
        <time>2026-03-26T15:57:26.485Z</time>
      </trkpt>
      <trkpt lat="44.260583" lon="15.649550">
        <ele>791.837570</ele>
        <time>2026-03-26T15:57:32.319Z</time>
      </trkpt>
      <trkpt lat="44.260542" lon="15.649759">
        <ele>791.125969</ele>
        <time>2026-03-26T15:57:34.791Z</time>
      </trkpt>
      <trkpt lat="44.260509" lon="15.649817">
        <ele>790.882717</ele>
        <time>2026-03-26T15:57:35.640Z</time>
      </trkpt>
      <trkpt lat="44.260452" lon="15.649808">
        <ele>790.619693</ele>
        <time>2026-03-26T15:57:36.552Z</time>
      </trkpt>
      <trkpt lat="44.260428" lon="15.649775">
        <ele>790.465247</ele>
        <time>2026-03-26T15:57:37.076Z</time>
      </trkpt>
      <trkpt lat="44.260439" lon="15.649681">
        <ele>790.152474</ele>
        <time>2026-03-26T15:57:38.149Z</time>
      </trkpt>
      <trkpt lat="44.260439" lon="15.649681">
        <ele>790.152474</ele>
        <time>2026-03-26T15:57:38.153Z</time>
      </trkpt>
      <trkpt lat="44.261057" lon="15.648640">
        <ele>785.001680</ele>
        <time>2026-03-26T15:57:52.961Z</time>
      </trkpt>
      <trkpt lat="44.261124" lon="15.648476">
        <ele>784.136389</ele>
        <time>2026-03-26T15:57:55.009Z</time>
      </trkpt>
      <trkpt lat="44.261170" lon="15.648287">
        <ele>783.221564</ele>
        <time>2026-03-26T15:57:57.137Z</time>
      </trkpt>
      <trkpt lat="44.261213" lon="15.647868">
        <ele>781.281706</ele>
        <time>2026-03-26T15:58:01.528Z</time>
      </trkpt>
      <trkpt lat="44.261162" lon="15.647088">
        <ele>777.692162</ele>
        <time>2026-03-26T15:58:09.306Z</time>
      </trkpt>
      <trkpt lat="44.261190" lon="15.646769">
        <ele>776.219272</ele>
        <time>2026-03-26T15:58:12.432Z</time>
      </trkpt>
      <trkpt lat="44.261366" lon="15.646172">
        <ele>773.821074</ele>
        <time>2026-03-26T15:58:19.379Z</time>
      </trkpt>
      <trkpt lat="44.261544" lon="15.645851">
        <ele>772.341450</ele>
        <time>2026-03-26T15:58:24.263Z</time>
      </trkpt>
      <trkpt lat="44.261694" lon="15.645394">
        <ele>770.509270</ele>
        <time>2026-03-26T15:58:30.071Z</time>
      </trkpt>
      <trkpt lat="44.262010" lon="15.645047">
        <ele>768.463411</ele>
        <time>2026-03-26T15:58:36.228Z</time>
      </trkpt>
      <trkpt lat="44.262078" lon="15.644918">
        <ele>767.879633</ele>
        <time>2026-03-26T15:58:37.916Z</time>
      </trkpt>
      <trkpt lat="44.262151" lon="15.644694">
        <ele>766.982696</ele>
        <time>2026-03-26T15:58:40.506Z</time>
      </trkpt>
      <trkpt lat="44.262172" lon="15.644545">
        <ele>766.366747</ele>
        <time>2026-03-26T15:58:42.096Z</time>
      </trkpt>
      <trkpt lat="44.262151" lon="15.644353">
        <ele>765.552469</ele>
        <time>2026-03-26T15:58:44.164Z</time>
      </trkpt>
      <trkpt lat="44.262014" lon="15.644155">
        <ele>764.398223</ele>
        <time>2026-03-26T15:58:47.146Z</time>
      </trkpt>
      <trkpt lat="44.261729" lon="15.643864">
        <ele>762.331342</ele>
        <time>2026-03-26T15:58:52.234Z</time>
      </trkpt>
      <trkpt lat="44.261723" lon="15.643568">
        <ele>761.089880</ele>
        <time>2026-03-26T15:58:55.140Z</time>
      </trkpt>
      <trkpt lat="44.261652" lon="15.643297">
        <ele>759.880085</ele>
        <time>2026-03-26T15:58:58.029Z</time>
      </trkpt>
      <trkpt lat="44.261600" lon="15.642664">
        <ele>757.208857</ele>
        <time>2026-03-26T15:59:04.775Z</time>
      </trkpt>
      <trkpt lat="44.261535" lon="15.642468">
        <ele>756.313615</ele>
        <time>2026-03-26T15:59:07.234Z</time>
      </trkpt>
      <trkpt lat="44.261319" lon="15.642108">
        <ele>755.998921</ele>
        <time>2026-03-26T15:59:13.022Z</time>
      </trkpt>
      <trkpt lat="44.260944" lon="15.641693">
        <ele>755.551225</ele>
        <time>2026-03-26T15:59:23.738Z</time>
      </trkpt>
      <trkpt lat="44.260917" lon="15.641581">
        <ele>755.472039</ele>
        <time>2026-03-26T15:59:25.838Z</time>
      </trkpt>
      <trkpt lat="44.260810" lon="15.641353">
        <ele>755.289383</ele>
        <time>2026-03-26T15:59:30.888Z</time>
      </trkpt>
      <trkpt lat="44.260683" lon="15.641246">
        <ele>755.150602</ele>
        <time>2026-03-26T15:59:34.623Z</time>
      </trkpt>
      <trkpt lat="44.260325" lon="15.640942">
        <ele>754.758568</ele>
        <time>2026-03-26T15:59:43.633Z</time>
      </trkpt>
      <trkpt lat="44.260188" lon="15.640774">
        <ele>754.483294</ele>
        <time>2026-03-26T15:59:47.220Z</time>
      </trkpt>
      <trkpt lat="44.260121" lon="15.640624">
        <ele>754.087643</ele>
        <time>2026-03-26T15:59:49.568Z</time>
      </trkpt>
      <trkpt lat="44.260071" lon="15.640169">
        <ele>753.057404</ele>
        <time>2026-03-26T15:59:55.487Z</time>
      </trkpt>
      <trkpt lat="44.259767" lon="15.639495">
        <ele>751.274719</ele>
        <time>2026-03-26T16:00:05.054Z</time>
      </trkpt>
      <trkpt lat="44.259616" lon="15.638866">
        <ele>749.789983</ele>
        <time>2026-03-26T16:00:12.203Z</time>
      </trkpt>
      <trkpt lat="44.259366" lon="15.638523">
        <ele>748.824265</ele>
        <time>2026-03-26T16:00:17.401Z</time>
      </trkpt>
      <trkpt lat="44.259082" lon="15.637971">
        <ele>747.924424</ele>
        <time>2026-03-26T16:00:24.965Z</time>
      </trkpt>
      <trkpt lat="44.258883" lon="15.637786">
        <ele>747.482476</ele>
        <time>2026-03-26T16:00:29.071Z</time>
      </trkpt>
      <trkpt lat="44.258840" lon="15.637685">
        <ele>747.326915</ele>
        <time>2026-03-26T16:00:30.616Z</time>
      </trkpt>
      <trkpt lat="44.258752" lon="15.637482">
        <ele>747.012755</ele>
        <time>2026-03-26T16:00:33.964Z</time>
      </trkpt>
      <trkpt lat="44.258576" lon="15.636955">
        <ele>746.242904</ele>
        <time>2026-03-26T16:00:43.866Z</time>
      </trkpt>
      <trkpt lat="44.258484" lon="15.636778">
        <ele>745.953354</ele>
        <time>2026-03-26T16:00:47.858Z</time>
      </trkpt>
      <trkpt lat="44.258263" lon="15.636531">
        <ele>745.451206</ele>
        <time>2026-03-26T16:00:55.054Z</time>
      </trkpt>
      <trkpt lat="44.258143" lon="15.636306">
        <ele>745.110370</ele>
        <time>2026-03-26T16:00:59.810Z</time>
      </trkpt>
      <trkpt lat="44.258099" lon="15.635797">
        <ele>744.487466</ele>
        <time>2026-03-26T16:01:07.366Z</time>
      </trkpt>
      <trkpt lat="44.258211" lon="15.634934">
        <ele>743.421879</ele>
        <time>2026-03-26T16:01:18.325Z</time>
      </trkpt>
      <trkpt lat="44.258218" lon="15.634642">
        <ele>743.066912</ele>
        <time>2026-03-26T16:01:21.712Z</time>
      </trkpt>
      <trkpt lat="44.258184" lon="15.634508">
        <ele>742.894192</ele>
        <time>2026-03-26T16:01:23.345Z</time>
      </trkpt>
      <trkpt lat="44.257664" lon="15.634366">
        <ele>740.421150</ele>
        <time>2026-03-26T16:01:31.622Z</time>
      </trkpt>
      <trkpt lat="44.257029" lon="15.634097">
        <ele>736.528349</ele>
        <time>2026-03-26T16:01:41.698Z</time>
      </trkpt>
      <trkpt lat="44.256768" lon="15.633897">
        <ele>734.781800</ele>
        <time>2026-03-26T16:01:46.080Z</time>
      </trkpt>
      <trkpt lat="44.256427" lon="15.633349">
        <ele>731.370041</ele>
        <time>2026-03-26T16:01:53.475Z</time>
      </trkpt>
      <trkpt lat="44.256181" lon="15.633039">
        <ele>727.432179</ele>
        <time>2026-03-26T16:01:57.967Z</time>
      </trkpt>
      <trkpt lat="44.255802" lon="15.632765">
        <ele>722.360495</ele>
        <time>2026-03-26T16:02:03.596Z</time>
      </trkpt>
      <trkpt lat="44.255449" lon="15.632606">
        <ele>717.952842</ele>
        <time>2026-03-26T16:02:08.416Z</time>
      </trkpt>
      <trkpt lat="44.255101" lon="15.632573">
        <ele>713.807964</ele>
        <time>2026-03-26T16:02:12.924Z</time>
      </trkpt>
      <trkpt lat="44.254952" lon="15.632587">
        <ele>712.033364</ele>
        <time>2026-03-26T16:02:14.862Z</time>
      </trkpt>
      <trkpt lat="44.254742" lon="15.632699">
        <ele>709.822216</ele>
        <time>2026-03-26T16:02:17.796Z</time>
      </trkpt>
      <trkpt lat="44.254663" lon="15.632776">
        <ele>709.067975</ele>
        <time>2026-03-26T16:02:19.051Z</time>
      </trkpt>
      <trkpt lat="44.254618" lon="15.632872">
        <ele>708.424667</ele>
        <time>2026-03-26T16:02:20.135Z</time>
      </trkpt>
      <trkpt lat="44.254573" lon="15.633242">
        <ele>706.320349</ele>
        <time>2026-03-26T16:02:23.717Z</time>
      </trkpt>
      <trkpt lat="44.254591" lon="15.633755">
        <ele>703.440466</ele>
        <time>2026-03-26T16:02:28.772Z</time>
      </trkpt>
      <trkpt lat="44.254673" lon="15.634353">
        <ele>700.026537</ele>
        <time>2026-03-26T16:02:35.184Z</time>
      </trkpt>
      <trkpt lat="44.254787" lon="15.634802">
        <ele>697.355463</ele>
        <time>2026-03-26T16:02:40.757Z</time>
      </trkpt>
      <trkpt lat="44.255176" lon="15.635877">
        <ele>693.631489</ele>
        <time>2026-03-26T16:02:56.029Z</time>
      </trkpt>
      <trkpt lat="44.255698" lon="15.636664">
        <ele>690.639604</ele>
        <time>2026-03-26T16:03:08.005Z</time>
      </trkpt>
      <trkpt lat="44.255763" lon="15.636883">
        <ele>689.978378</ele>
        <time>2026-03-26T16:03:10.469Z</time>
      </trkpt>
      <trkpt lat="44.255769" lon="15.637135">
        <ele>689.203590</ele>
        <time>2026-03-26T16:03:13.066Z</time>
      </trkpt>
      <trkpt lat="44.255657" lon="15.638461">
        <ele>684.719518</ele>
        <time>2026-03-26T16:03:27.097Z</time>
      </trkpt>
      <trkpt lat="44.256079" lon="15.639191">
        <ele>681.568993</ele>
        <time>2026-03-26T16:03:37.661Z</time>
      </trkpt>
      <trkpt lat="44.256616" lon="15.639733">
        <ele>680.020161</ele>
        <time>2026-03-26T16:03:50.283Z</time>
      </trkpt>
      <trkpt lat="44.256908" lon="15.639934">
        <ele>679.364975</ele>
        <time>2026-03-26T16:03:56.573Z</time>
      </trkpt>
      <trkpt lat="44.257495" lon="15.640118">
        <ele>678.154236</ele>
        <time>2026-03-26T16:04:07.383Z</time>
      </trkpt>
      <trkpt lat="44.257652" lon="15.640247">
        <ele>677.787624</ele>
        <time>2026-03-26T16:04:10.675Z</time>
      </trkpt>
      <trkpt lat="44.257731" lon="15.640349">
        <ele>677.569489</ele>
        <time>2026-03-26T16:04:12.622Z</time>
      </trkpt>
      <trkpt lat="44.257816" lon="15.640480">
        <ele>676.882127</ele>
        <time>2026-03-26T16:04:14.705Z</time>
      </trkpt>
      <trkpt lat="44.257888" lon="15.640679">
        <ele>676.015171</ele>
        <time>2026-03-26T16:04:17.158Z</time>
      </trkpt>
      <trkpt lat="44.258020" lon="15.641389">
        <ele>673.162805</ele>
        <time>2026-03-26T16:04:24.835Z</time>
      </trkpt>
      <trkpt lat="44.258116" lon="15.641559">
        <ele>672.320988</ele>
        <time>2026-03-26T16:04:27.098Z</time>
      </trkpt>
      <trkpt lat="44.258140" lon="15.641740">
        <ele>671.605203</ele>
        <time>2026-03-26T16:04:29.034Z</time>
      </trkpt>
      <trkpt lat="44.258074" lon="15.641861">
        <ele>671.013775</ele>
        <time>2026-03-26T16:04:30.633Z</time>
      </trkpt>
      <trkpt lat="44.257996" lon="15.641912">
        <ele>670.546150</ele>
        <time>2026-03-26T16:04:31.905Z</time>
      </trkpt>
      <trkpt lat="44.257910" lon="15.641917">
        <ele>670.078820</ele>
        <time>2026-03-26T16:04:33.182Z</time>
      </trkpt>
      <trkpt lat="44.257835" lon="15.641879">
        <ele>669.645636</ele>
        <time>2026-03-26T16:04:34.355Z</time>
      </trkpt>
      <trkpt lat="44.257789" lon="15.641772">
        <ele>669.160359</ele>
        <time>2026-03-26T16:04:35.704Z</time>
      </trkpt>
      <trkpt lat="44.257640" lon="15.641211">
        <ele>666.380050</ele>
        <time>2026-03-26T16:04:41.980Z</time>
      </trkpt>
      <trkpt lat="44.257470" lon="15.640814">
        <ele>663.742632</ele>
        <time>2026-03-26T16:04:46.670Z</time>
      </trkpt>
      <trkpt lat="44.257347" lon="15.640661">
        <ele>662.431147</ele>
        <time>2026-03-26T16:04:49.028Z</time>
      </trkpt>
      <trkpt lat="44.257109" lon="15.640556">
        <ele>660.444021</ele>
        <time>2026-03-26T16:04:52.685Z</time>
      </trkpt>
      <trkpt lat="44.256369" lon="15.640368">
        <ele>654.455932</ele>
        <time>2026-03-26T16:05:03.129Z</time>
      </trkpt>
      <trkpt lat="44.255900" lon="15.640159">
        <ele>650.003518</ele>
        <time>2026-03-26T16:05:09.681Z</time>
      </trkpt>
      <trkpt lat="44.255720" lon="15.640057">
        <ele>648.177573</ele>
        <time>2026-03-26T16:05:12.267Z</time>
      </trkpt>
      <trkpt lat="44.255535" lon="15.639904">
        <ele>646.156499</ele>
        <time>2026-03-26T16:05:15.129Z</time>
      </trkpt>
      <trkpt lat="44.255222" lon="15.639564">
        <ele>642.428911</ele>
        <time>2026-03-26T16:05:20.494Z</time>
      </trkpt>
      <trkpt lat="44.255113" lon="15.639363">
        <ele>640.731620</ele>
        <time>2026-03-26T16:05:22.988Z</time>
      </trkpt>
      <trkpt lat="44.255048" lon="15.639154">
        <ele>639.197652</ele>
        <time>2026-03-26T16:05:25.265Z</time>
      </trkpt>
      <trkpt lat="44.255019" lon="15.638864">
        <ele>637.226353</ele>
        <time>2026-03-26T16:05:28.253Z</time>
      </trkpt>
      <trkpt lat="44.254694" lon="15.637592">
        <ele>630.795442</ele>
        <time>2026-03-26T16:05:42.487Z</time>
      </trkpt>
      <trkpt lat="44.254635" lon="15.637468">
        <ele>630.108981</ele>
        <time>2026-03-26T16:05:44.069Z</time>
      </trkpt>
      <trkpt lat="44.254502" lon="15.637322">
        <ele>629.019744</ele>
        <time>2026-03-26T16:05:46.563Z</time>
      </trkpt>
      <trkpt lat="44.253965" lon="15.636883">
        <ele>625.013441</ele>
        <time>2026-03-26T16:05:55.567Z</time>
      </trkpt>
      <trkpt lat="44.253797" lon="15.636627">
        <ele>623.573743</ele>
        <time>2026-03-26T16:05:59.145Z</time>
      </trkpt>
      <trkpt lat="44.253666" lon="15.636351">
        <ele>622.202037</ele>
        <time>2026-03-26T16:06:02.545Z</time>
      </trkpt>
      <trkpt lat="44.253605" lon="15.636098">
        <ele>621.096093</ele>
        <time>2026-03-26T16:06:05.287Z</time>
      </trkpt>
      <trkpt lat="44.253389" lon="15.635841">
        <ele>619.454586</ele>
        <time>2026-03-26T16:06:09.403Z</time>
      </trkpt>
      <trkpt lat="44.253075" lon="15.634885">
        <ele>615.097385</ele>
        <time>2026-03-26T16:06:20.716Z</time>
      </trkpt>
      <trkpt lat="44.252873" lon="15.634081">
        <ele>611.950441</ele>
        <time>2026-03-26T16:06:30.465Z</time>
      </trkpt>
      <trkpt lat="44.252688" lon="15.633460">
        <ele>609.516187</ele>
        <time>2026-03-26T16:06:38.145Z</time>
      </trkpt>
      <trkpt lat="44.252633" lon="15.633191">
        <ele>608.503696</ele>
        <time>2026-03-26T16:06:41.263Z</time>
      </trkpt>
      <trkpt lat="44.252467" lon="15.632839">
        <ele>606.978347</ele>
        <time>2026-03-26T16:06:45.744Z</time>
      </trkpt>
      <trkpt lat="44.252075" lon="15.632263">
        <ele>603.502840</ele>
        <time>2026-03-26T16:06:53.788Z</time>
      </trkpt>
      <trkpt lat="44.251895" lon="15.632105">
        <ele>601.970191</ele>
        <time>2026-03-26T16:06:56.743Z</time>
      </trkpt>
      <trkpt lat="44.251539" lon="15.631898">
        <ele>599.190347</ele>
        <time>2026-03-26T16:07:02.075Z</time>
      </trkpt>
      <trkpt lat="44.251226" lon="15.631756">
        <ele>596.817996</ele>
        <time>2026-03-26T16:07:06.696Z</time>
      </trkpt>
      <trkpt lat="44.251107" lon="15.631608">
        <ele>595.669192</ele>
        <time>2026-03-26T16:07:08.972Z</time>
      </trkpt>
      <trkpt lat="44.251038" lon="15.631595">
        <ele>595.167307</ele>
        <time>2026-03-26T16:07:09.979Z</time>
      </trkpt>
      <trkpt lat="44.250994" lon="15.631649">
        <ele>594.745011</ele>
        <time>2026-03-26T16:07:10.820Z</time>
      </trkpt>
      <trkpt lat="44.251021" lon="15.631745">
        <ele>594.212497</ele>
        <time>2026-03-26T16:07:11.901Z</time>
      </trkpt>
      <trkpt lat="44.251537" lon="15.632107">
        <ele>590.746868</ele>
        <time>2026-03-26T16:07:20.554Z</time>
      </trkpt>
      <trkpt lat="44.251717" lon="15.632303">
        <ele>589.561341</ele>
        <time>2026-03-26T16:07:24.153Z</time>
      </trkpt>
      <trkpt lat="44.251879" lon="15.632654">
        <ele>588.008060</ele>
        <time>2026-03-26T16:07:28.918Z</time>
      </trkpt>
      <trkpt lat="44.252052" lon="15.633479">
        <ele>584.810312</ele>
        <time>2026-03-26T16:07:38.468Z</time>
      </trkpt>
      <trkpt lat="44.252235" lon="15.634020">
        <ele>582.380365</ele>
        <time>2026-03-26T16:07:44.675Z</time>
      </trkpt>
      <trkpt lat="44.252241" lon="15.634683">
        <ele>579.098018</ele>
        <time>2026-03-26T16:07:51.366Z</time>
      </trkpt>
      <trkpt lat="44.252264" lon="15.634921">
        <ele>577.909160</ele>
        <time>2026-03-26T16:07:53.769Z</time>
      </trkpt>
      <trkpt lat="44.252417" lon="15.635326">
        <ele>575.642505</ele>
        <time>2026-03-26T16:07:58.373Z</time>
      </trkpt>
      <trkpt lat="44.252455" lon="15.635510">
        <ele>574.694537</ele>
        <time>2026-03-26T16:08:00.317Z</time>
      </trkpt>
      <trkpt lat="44.252573" lon="15.636478">
        <ele>570.007212</ele>
        <time>2026-03-26T16:08:10.565Z</time>
      </trkpt>
      <trkpt lat="44.252665" lon="15.636926">
        <ele>568.126888</ele>
        <time>2026-03-26T16:08:15.637Z</time>
      </trkpt>
      <trkpt lat="44.252797" lon="15.637238">
        <ele>566.664903</ele>
        <time>2026-03-26T16:08:19.633Z</time>
      </trkpt>
      <trkpt lat="44.253332" lon="15.638153">
        <ele>561.899439</ele>
        <time>2026-03-26T16:08:32.436Z</time>
      </trkpt>
      <trkpt lat="44.253566" lon="15.638700">
        <ele>559.169169</ele>
        <time>2026-03-26T16:08:38.967Z</time>
      </trkpt>
      <trkpt lat="44.253592" lon="15.638858">
        <ele>558.435439</ele>
        <time>2026-03-26T16:08:40.602Z</time>
      </trkpt>
      <trkpt lat="44.253600" lon="15.639218">
        <ele>556.805314</ele>
        <time>2026-03-26T16:08:44.238Z</time>
      </trkpt>
      <trkpt lat="44.253576" lon="15.639993">
        <ele>553.294428</ele>
        <time>2026-03-26T16:08:52.105Z</time>
      </trkpt>
      <trkpt lat="44.253614" lon="15.640443">
        <ele>551.243646</ele>
        <time>2026-03-26T16:08:56.846Z</time>
      </trkpt>
      <trkpt lat="44.253960" lon="15.641673">
        <ele>545.910138</ele>
        <time>2026-03-26T16:09:11.846Z</time>
      </trkpt>
      <trkpt lat="44.253965" lon="15.641693">
        <ele>545.829733</ele>
        <time>2026-03-26T16:09:12.102Z</time>
      </trkpt>
      <trkpt lat="44.254214" lon="15.642474">
        <ele>542.584901</ele>
        <time>2026-03-26T16:09:21.600Z</time>
      </trkpt>
      <trkpt lat="44.254325" lon="15.642755">
        <ele>541.366868</ele>
        <time>2026-03-26T16:09:24.941Z</time>
      </trkpt>
      <trkpt lat="44.254348" lon="15.642876">
        <ele>540.891696</ele>
        <time>2026-03-26T16:09:26.235Z</time>
      </trkpt>
      <trkpt lat="44.254337" lon="15.642954">
        <ele>540.589951</ele>
        <time>2026-03-26T16:09:27.044Z</time>
      </trkpt>
      <trkpt lat="44.254208" lon="15.643212">
        <ele>539.271753</ele>
        <time>2026-03-26T16:09:30.228Z</time>
      </trkpt>
      <trkpt lat="44.254129" lon="15.643456">
        <ele>537.892995</ele>
        <time>2026-03-26T16:09:32.897Z</time>
      </trkpt>
      <trkpt lat="44.254043" lon="15.644034">
        <ele>534.853320</ele>
        <time>2026-03-26T16:09:38.732Z</time>
      </trkpt>
      <trkpt lat="44.254041" lon="15.644525">
        <ele>532.325105</ele>
        <time>2026-03-26T16:09:43.572Z</time>
      </trkpt>
      <trkpt lat="44.254115" lon="15.645148">
        <ele>529.073449</ele>
        <time>2026-03-26T16:09:49.984Z</time>
      </trkpt>
      <trkpt lat="44.254222" lon="15.645592">
        <ele>526.752686</ele>
        <time>2026-03-26T16:09:55.056Z</time>
      </trkpt>
      <trkpt lat="44.254367" lon="15.645927">
        <ele>525.950943</ele>
        <time>2026-03-26T16:09:59.589Z</time>
      </trkpt>
      <trkpt lat="44.254498" lon="15.646146">
        <ele>525.366504</ele>
        <time>2026-03-26T16:10:03.061Z</time>
      </trkpt>
      <trkpt lat="44.254629" lon="15.646308">
        <ele>524.866051</ele>
        <time>2026-03-26T16:10:05.895Z</time>
      </trkpt>
      <trkpt lat="44.254755" lon="15.646430">
        <ele>524.427550</ele>
        <time>2026-03-26T16:10:08.329Z</time>
      </trkpt>
      <trkpt lat="44.255152" lon="15.646596">
        <ele>523.242403</ele>
        <time>2026-03-26T16:10:15.230Z</time>
      </trkpt>
      <trkpt lat="44.255272" lon="15.646686">
        <ele>522.852852</ele>
        <time>2026-03-26T16:10:17.608Z</time>
      </trkpt>
      <trkpt lat="44.255352" lon="15.646774">
        <ele>522.561596</ele>
        <time>2026-03-26T16:10:19.527Z</time>
      </trkpt>
      <trkpt lat="44.255443" lon="15.646948">
        <ele>522.120299</ele>
        <time>2026-03-26T16:10:22.342Z</time>
      </trkpt>
      <trkpt lat="44.255538" lon="15.647195">
        <ele>521.709325</ele>
        <time>2026-03-26T16:10:25.960Z</time>
      </trkpt>
      <trkpt lat="44.255628" lon="15.647412">
        <ele>521.875936</ele>
        <time>2026-03-26T16:10:28.899Z</time>
      </trkpt>
      <trkpt lat="44.256182" lon="15.648792">
        <ele>522.927063</ele>
        <time>2026-03-26T16:10:54.003Z</time>
      </trkpt>
      <trkpt lat="44.256299" lon="15.649173">
        <ele>523.202498</ele>
        <time>2026-03-26T16:11:05.652Z</time>
      </trkpt>
      <trkpt lat="44.256317" lon="15.649333">
        <ele>523.310110</ele>
        <time>2026-03-26T16:11:10.186Z</time>
      </trkpt>
      <trkpt lat="44.256310" lon="15.649529">
        <ele>523.145776</ele>
        <time>2026-03-26T16:11:15.650Z</time>
      </trkpt>
      <trkpt lat="44.256274" lon="15.649683">
        <ele>522.944226</ele>
        <time>2026-03-26T16:11:19.865Z</time>
      </trkpt>
      <trkpt lat="44.256169" lon="15.649939">
        <ele>522.577188</ele>
        <time>2026-03-26T16:11:26.358Z</time>
      </trkpt>
      <trkpt lat="44.256022" lon="15.650133">
        <ele>522.225809</ele>
        <time>2026-03-26T16:11:31.394Z</time>
      </trkpt>
      <trkpt lat="44.255921" lon="15.650217">
        <ele>522.021591</ele>
        <time>2026-03-26T16:11:33.746Z</time>
      </trkpt>
      <trkpt lat="44.255705" lon="15.650324">
        <ele>521.623454</ele>
        <time>2026-03-26T16:11:37.613Z</time>
      </trkpt>
      <trkpt lat="44.255455" lon="15.650312">
        <ele>521.188916</ele>
        <time>2026-03-26T16:11:41.319Z</time>
      </trkpt>
      <trkpt lat="44.255109" lon="15.650067">
        <ele>520.514991</ele>
        <time>2026-03-26T16:11:46.500Z</time>
      </trkpt>
      <trkpt lat="44.254236" lon="15.649121">
        <ele>512.523185</ele>
        <time>2026-03-26T16:12:00.043Z</time>
      </trkpt>
      <trkpt lat="44.253773" lon="15.648338">
        <ele>506.519126</ele>
        <time>2026-03-26T16:12:08.953Z</time>
      </trkpt>
      <trkpt lat="44.253668" lon="15.648233">
        <ele>505.452843</ele>
        <time>2026-03-26T16:12:10.535Z</time>
      </trkpt>
      <trkpt lat="44.252944" lon="15.647547">
        <ele>497.287350</ele>
        <time>2026-03-26T16:12:21.075Z</time>
      </trkpt>
      <trkpt lat="44.252685" lon="15.647407">
        <ele>494.691784</ele>
        <time>2026-03-26T16:12:24.346Z</time>
      </trkpt>
      <trkpt lat="44.252400" lon="15.647364">
        <ele>492.012813</ele>
        <time>2026-03-26T16:12:27.706Z</time>
      </trkpt>
      <trkpt lat="44.252110" lon="15.647489">
        <ele>489.176394</ele>
        <time>2026-03-26T16:12:31.375Z</time>
      </trkpt>
      <trkpt lat="44.251698" lon="15.647760">
        <ele>486.874190</ele>
        <time>2026-03-26T16:12:37.142Z</time>
      </trkpt>
      <trkpt lat="44.251605" lon="15.647894">
        <ele>486.296649</ele>
        <time>2026-03-26T16:12:38.916Z</time>
      </trkpt>
      <trkpt lat="44.251561" lon="15.648247">
        <ele>485.187573</ele>
        <time>2026-03-26T16:12:42.487Z</time>
      </trkpt>
      <trkpt lat="44.251342" lon="15.648800">
        <ele>483.231645</ele>
        <time>2026-03-26T16:12:48.969Z</time>
      </trkpt>
      <trkpt lat="44.251312" lon="15.649717">
        <ele>480.524201</ele>
        <time>2026-03-26T16:12:59.215Z</time>
      </trkpt>
      <trkpt lat="44.251267" lon="15.650146">
        <ele>479.640664</ele>
        <time>2026-03-26T16:13:04.000Z</time>
      </trkpt>
      <trkpt lat="44.251098" lon="15.650745">
        <ele>478.328748</ele>
        <time>2026-03-26T16:13:10.868Z</time>
      </trkpt>
      <trkpt lat="44.251009" lon="15.650947">
        <ele>477.845474</ele>
        <time>2026-03-26T16:13:13.356Z</time>
      </trkpt>
      <trkpt lat="44.251013" lon="15.651146">
        <ele>477.439792</ele>
        <time>2026-03-26T16:13:15.399Z</time>
      </trkpt>
      <trkpt lat="44.251139" lon="15.651333">
        <ele>476.916620</ele>
        <time>2026-03-26T16:13:18.025Z</time>
      </trkpt>
      <trkpt lat="44.251226" lon="15.651539">
        <ele>476.429300</ele>
        <time>2026-03-26T16:13:20.524Z</time>
      </trkpt>
      <trkpt lat="44.251181" lon="15.651784">
        <ele>475.913888</ele>
        <time>2026-03-26T16:13:23.155Z</time>
      </trkpt>
      <trkpt lat="44.251068" lon="15.652001">
        <ele>475.019804</ele>
        <time>2026-03-26T16:13:25.923Z</time>
      </trkpt>
      <trkpt lat="44.250994" lon="15.652057">
        <ele>474.501295</ele>
        <time>2026-03-26T16:13:27.131Z</time>
      </trkpt>
      <trkpt lat="44.250461" lon="15.651795">
        <ele>471.020389</ele>
        <time>2026-03-26T16:13:34.785Z</time>
      </trkpt>
      <trkpt lat="44.250254" lon="15.651773">
        <ele>469.741561</ele>
        <time>2026-03-26T16:13:37.424Z</time>
      </trkpt>
      <trkpt lat="44.249864" lon="15.651803">
        <ele>467.335482</ele>
        <time>2026-03-26T16:13:42.226Z</time>
      </trkpt>
      <trkpt lat="44.249382" lon="15.651904">
        <ele>464.341822</ele>
        <time>2026-03-26T16:13:48.204Z</time>
      </trkpt>
      <trkpt lat="44.249047" lon="15.651989">
        <ele>462.317198</ele>
        <time>2026-03-26T16:13:52.440Z</time>
      </trkpt>
      <trkpt lat="44.248835" lon="15.652091">
        <ele>460.983829</ele>
        <time>2026-03-26T16:13:55.287Z</time>
      </trkpt>
      <trkpt lat="44.248722" lon="15.652274">
        <ele>459.954725</ele>
        <time>2026-03-26T16:13:57.518Z</time>
      </trkpt>
      <trkpt lat="44.248231" lon="15.653490">
        <ele>454.009075</ele>
        <time>2026-03-26T16:14:10.909Z</time>
      </trkpt>
      <trkpt lat="44.248088" lon="15.653779">
        <ele>452.542943</ele>
        <time>2026-03-26T16:14:14.332Z</time>
      </trkpt>
      <trkpt lat="44.247885" lon="15.654037">
        <ele>450.946072</ele>
        <time>2026-03-26T16:14:17.992Z</time>
      </trkpt>
      <trkpt lat="44.246949" lon="15.654485">
        <ele>445.190395</ele>
        <time>2026-03-26T16:14:30.744Z</time>
      </trkpt>
      <trkpt lat="44.246671" lon="15.654775">
        <ele>443.171986</ele>
        <time>2026-03-26T16:14:35.152Z</time>
      </trkpt>
      <trkpt lat="44.245795" lon="15.656118">
        <ele>435.612017</ele>
        <time>2026-03-26T16:14:51.896Z</time>
      </trkpt>
      <trkpt lat="44.244913" lon="15.657342">
        <ele>430.244351</ele>
        <time>2026-03-26T16:15:08.652Z</time>
      </trkpt>
      <trkpt lat="44.244352" lon="15.657881">
        <ele>427.889067</ele>
        <time>2026-03-26T16:15:18.636Z</time>
      </trkpt>
      <trkpt lat="44.243935" lon="15.658457">
        <ele>426.180095</ele>
        <time>2026-03-26T16:15:27.855Z</time>
      </trkpt>
      <trkpt lat="44.243737" lon="15.658959">
        <ele>425.266865</ele>
        <time>2026-03-26T16:15:34.469Z</time>
      </trkpt>
      <trkpt lat="44.243510" lon="15.659831">
        <ele>423.788329</ele>
        <time>2026-03-26T16:15:45.070Z</time>
      </trkpt>
      <trkpt lat="44.242937" lon="15.661271">
        <ele>418.525599</ele>
        <time>2026-03-26T16:16:01.857Z</time>
      </trkpt>
      <trkpt lat="44.242712" lon="15.662009">
        <ele>415.130219</ele>
        <time>2026-03-26T16:16:09.193Z</time>
      </trkpt>
      <trkpt lat="44.242559" lon="15.663087">
        <ele>410.292846</ele>
        <time>2026-03-26T16:16:18.779Z</time>
      </trkpt>
      <trkpt lat="44.242543" lon="15.663744">
        <ele>407.197534</ele>
        <time>2026-03-26T16:16:24.483Z</time>
      </trkpt>
      <trkpt lat="44.242397" lon="15.664385">
        <ele>404.030468</ele>
        <time>2026-03-26T16:16:30.735Z</time>
      </trkpt>
      <trkpt lat="44.242246" lon="15.664857">
        <ele>401.596487</ele>
        <time>2026-03-26T16:16:35.807Z</time>
      </trkpt>
      <trkpt lat="44.242253" lon="15.664943">
        <ele>401.188943</ele>
        <time>2026-03-26T16:16:36.659Z</time>
      </trkpt>
      <trkpt lat="44.242309" lon="15.665041">
        <ele>400.598689</ele>
        <time>2026-03-26T16:16:37.897Z</time>
      </trkpt>
      <trkpt lat="44.242392" lon="15.665072">
        <ele>400.070344</ele>
        <time>2026-03-26T16:16:39.069Z</time>
      </trkpt>
      <trkpt lat="44.242624" lon="15.665055">
        <ele>398.748197</ele>
        <time>2026-03-26T16:16:42.270Z</time>
      </trkpt>
      <trkpt lat="44.242692" lon="15.665106">
        <ele>398.308882</ele>
        <time>2026-03-26T16:16:43.325Z</time>
      </trkpt>
      <trkpt lat="44.242717" lon="15.665221">
        <ele>397.818912</ele>
        <time>2026-03-26T16:16:44.532Z</time>
      </trkpt>
      <trkpt lat="44.242655" lon="15.665348">
        <ele>397.192334</ele>
        <time>2026-03-26T16:16:46.062Z</time>
      </trkpt>
      <trkpt lat="44.242296" lon="15.665592">
        <ele>394.919921</ele>
        <time>2026-03-26T16:16:51.580Z</time>
      </trkpt>
      <trkpt lat="44.242059" lon="15.665715">
        <ele>393.480929</ele>
        <time>2026-03-26T16:16:54.980Z</time>
      </trkpt>
      <trkpt lat="44.241782" lon="15.665755">
        <ele>391.896089</ele>
        <time>2026-03-26T16:16:58.536Z</time>
      </trkpt>
      <trkpt lat="44.241571" lon="15.665876">
        <ele>390.597885</ele>
        <time>2026-03-26T16:17:01.328Z</time>
      </trkpt>
      <trkpt lat="44.241059" lon="15.666278">
        <ele>385.698368</ele>
        <time>2026-03-26T16:17:08.383Z</time>
      </trkpt>
      <trkpt lat="44.240627" lon="15.666503">
        <ele>381.623033</ele>
        <time>2026-03-26T16:17:13.911Z</time>
      </trkpt>
      <trkpt lat="44.240294" lon="15.666779">
        <ele>378.200081</ele>
        <time>2026-03-26T16:17:18.569Z</time>
      </trkpt>
      <trkpt lat="44.240217" lon="15.666843">
        <ele>377.408004</ele>
        <time>2026-03-26T16:17:19.656Z</time>
      </trkpt>
      <trkpt lat="44.239838" lon="15.667343">
        <ele>373.250469</ele>
        <time>2026-03-26T16:17:26.097Z</time>
      </trkpt>
      <trkpt lat="44.239601" lon="15.667849">
        <ele>370.681719</ele>
        <time>2026-03-26T16:17:31.649Z</time>
      </trkpt>
      <trkpt lat="44.239308" lon="15.668610">
        <ele>367.010776</ele>
        <time>2026-03-26T16:17:39.956Z</time>
      </trkpt>
      <trkpt lat="44.239139" lon="15.669218">
        <ele>364.239679</ele>
        <time>2026-03-26T16:17:46.202Z</time>
      </trkpt>
      <trkpt lat="44.238846" lon="15.669653">
        <ele>361.544580</ele>
        <time>2026-03-26T16:17:51.773Z</time>
      </trkpt>
      <trkpt lat="44.238446" lon="15.670133">
        <ele>358.141392</ele>
        <time>2026-03-26T16:17:58.432Z</time>
      </trkpt>
      <trkpt lat="44.237931" lon="15.671270">
        <ele>351.923835</ele>
        <time>2026-03-26T16:18:10.649Z</time>
      </trkpt>
      <trkpt lat="44.237900" lon="15.671584">
        <ele>350.717603</ele>
        <time>2026-03-26T16:18:13.591Z</time>
      </trkpt>
      <trkpt lat="44.237939" lon="15.672274">
        <ele>348.092879</ele>
        <time>2026-03-26T16:18:19.949Z</time>
      </trkpt>
      <trkpt lat="44.237854" lon="15.672644">
        <ele>346.619411</ele>
        <time>2026-03-26T16:18:23.561Z</time>
      </trkpt>
      <trkpt lat="44.237565" lon="15.673104">
        <ele>344.299313</ele>
        <time>2026-03-26T16:18:29.430Z</time>
      </trkpt>
      <trkpt lat="44.237366" lon="15.673554">
        <ele>342.333979</ele>
        <time>2026-03-26T16:18:34.565Z</time>
      </trkpt>
      <trkpt lat="44.236477" lon="15.675782">
        <ele>337.051830</ele>
        <time>2026-03-26T16:19:02.181Z</time>
      </trkpt>
      <trkpt lat="44.236425" lon="15.675868">
        <ele>336.623691</ele>
        <time>2026-03-26T16:19:03.356Z</time>
      </trkpt>
      <trkpt lat="44.236361" lon="15.675884">
        <ele>336.278431</ele>
        <time>2026-03-26T16:19:04.291Z</time>
      </trkpt>
      <trkpt lat="44.236290" lon="15.675828">
        <ele>335.845373</ele>
        <time>2026-03-26T16:19:05.457Z</time>
      </trkpt>
      <trkpt lat="44.236255" lon="15.675769">
        <ele>335.553946</ele>
        <time>2026-03-26T16:19:06.223Z</time>
      </trkpt>
      <trkpt lat="44.236241" lon="15.675669">
        <ele>335.166293</ele>
        <time>2026-03-26T16:19:07.241Z</time>
      </trkpt>
      <trkpt lat="44.236290" lon="15.675450">
        <ele>334.293407</ele>
        <time>2026-03-26T16:19:09.505Z</time>
      </trkpt>
      <trkpt lat="44.236824" lon="15.673983">
        <ele>328.033083</ele>
        <time>2026-03-26T16:19:24.696Z</time>
      </trkpt>
      <trkpt lat="44.236986" lon="15.673167">
        <ele>324.123099</ele>
        <time>2026-03-26T16:19:32.289Z</time>
      </trkpt>
      <trkpt lat="44.237169" lon="15.672490">
        <ele>320.722616</ele>
        <time>2026-03-26T16:19:38.794Z</time>
      </trkpt>
      <trkpt lat="44.237198" lon="15.672261">
        <ele>319.629746</ele>
        <time>2026-03-26T16:19:40.905Z</time>
      </trkpt>
      <trkpt lat="44.237198" lon="15.671817">
        <ele>317.543165</ele>
        <time>2026-03-26T16:19:44.959Z</time>
      </trkpt>
      <trkpt lat="44.237243" lon="15.671432">
        <ele>315.815136</ele>
        <time>2026-03-26T16:19:48.587Z</time>
      </trkpt>
      <trkpt lat="44.237418" lon="15.670482">
        <ele>313.309697</ele>
        <time>2026-03-26T16:19:58.200Z</time>
      </trkpt>
      <trkpt lat="44.237721" lon="15.669427">
        <ele>310.406546</ele>
        <time>2026-03-26T16:20:10.610Z</time>
      </trkpt>
      <trkpt lat="44.237861" lon="15.669033">
        <ele>309.239449</ele>
        <time>2026-03-26T16:20:15.286Z</time>
      </trkpt>
      <trkpt lat="44.238084" lon="15.668614">
        <ele>307.667958</ele>
        <time>2026-03-26T16:20:20.599Z</time>
      </trkpt>
      <trkpt lat="44.238165" lon="15.668350">
        <ele>306.803302</ele>
        <time>2026-03-26T16:20:23.419Z</time>
      </trkpt>
      <trkpt lat="44.238260" lon="15.667368">
        <ele>303.819925</ele>
        <time>2026-03-26T16:20:32.949Z</time>
      </trkpt>
      <trkpt lat="44.238384" lon="15.666904">
        <ele>302.328923</ele>
        <time>2026-03-26T16:20:37.691Z</time>
      </trkpt>
      <trkpt lat="44.238359" lon="15.666805">
        <ele>302.012888</ele>
        <time>2026-03-26T16:20:38.705Z</time>
      </trkpt>
      <trkpt lat="44.238311" lon="15.666777">
        <ele>301.783373</ele>
        <time>2026-03-26T16:20:39.409Z</time>
      </trkpt>
      <trkpt lat="44.238241" lon="15.666823">
        <ele>301.438032</ele>
        <time>2026-03-26T16:20:40.455Z</time>
      </trkpt>
      <trkpt lat="44.238132" lon="15.667477">
        <ele>299.290793</ele>
        <time>2026-03-26T16:20:47.017Z</time>
      </trkpt>
      <trkpt lat="44.237961" lon="15.668133">
        <ele>297.058460</ele>
        <time>2026-03-26T16:20:53.914Z</time>
      </trkpt>
      <trkpt lat="44.237140" lon="15.669509">
        <ele>291.406724</ele>
        <time>2026-03-26T16:21:11.209Z</time>
      </trkpt>
      <trkpt lat="44.236615" lon="15.670918">
        <ele>286.473210</ele>
        <time>2026-03-26T16:21:26.884Z</time>
      </trkpt>
      <trkpt lat="44.236345" lon="15.671425">
        <ele>284.336806</ele>
        <time>2026-03-26T16:21:33.147Z</time>
      </trkpt>
      <trkpt lat="44.235998" lon="15.671762">
        <ele>282.308466</ele>
        <time>2026-03-26T16:21:38.860Z</time>
      </trkpt>
      <trkpt lat="44.235857" lon="15.671980">
        <ele>281.298848</ele>
        <time>2026-03-26T16:21:41.672Z</time>
      </trkpt>
      <trkpt lat="44.235489" lon="15.672938">
        <ele>277.562030</ele>
        <time>2026-03-26T16:21:52.013Z</time>
      </trkpt>
      <trkpt lat="44.235303" lon="15.673178">
        <ele>276.181407</ele>
        <time>2026-03-26T16:21:55.344Z</time>
      </trkpt>
      <trkpt lat="44.234919" lon="15.673578">
        <ele>273.556586</ele>
        <time>2026-03-26T16:22:01.648Z</time>
      </trkpt>
      <trkpt lat="44.234405" lon="15.674063">
        <ele>270.157800</ele>
        <time>2026-03-26T16:22:09.798Z</time>
      </trkpt>
      <trkpt lat="44.234033" lon="15.674338">
        <ele>267.851785</ele>
        <time>2026-03-26T16:22:15.293Z</time>
      </trkpt>
      <trkpt lat="44.233565" lon="15.674964">
        <ele>264.435243</ele>
        <time>2026-03-26T16:22:23.715Z</time>
      </trkpt>
      <trkpt lat="44.233030" lon="15.675259">
        <ele>261.410217</ele>
        <time>2026-03-26T16:22:31.312Z</time>
      </trkpt>
      <trkpt lat="44.232789" lon="15.675543">
        <ele>259.751523</ele>
        <time>2026-03-26T16:22:35.527Z</time>
      </trkpt>
      <trkpt lat="44.232570" lon="15.675870">
        <ele>258.087252</ele>
        <time>2026-03-26T16:22:39.856Z</time>
      </trkpt>
      <trkpt lat="44.232023" lon="15.676490">
        <ele>254.987523</ele>
        <time>2026-03-26T16:22:49.434Z</time>
      </trkpt>
      <trkpt lat="44.231962" lon="15.676510">
        <ele>254.711888</ele>
        <time>2026-03-26T16:22:50.297Z</time>
      </trkpt>
      <trkpt lat="44.231860" lon="15.676377">
        <ele>254.097850</ele>
        <time>2026-03-26T16:22:52.202Z</time>
      </trkpt>
      <trkpt lat="44.231924" lon="15.674933">
        <ele>249.553860</ele>
        <time>2026-03-26T16:23:06.368Z</time>
      </trkpt>
      <trkpt lat="44.231888" lon="15.674032">
        <ele>246.770209</ele>
        <time>2026-03-26T16:23:15.342Z</time>
      </trkpt>
      <trkpt lat="44.231830" lon="15.673703">
        <ele>245.725069</ele>
        <time>2026-03-26T16:23:18.716Z</time>
      </trkpt>
      <trkpt lat="44.231719" lon="15.673376">
        <ele>244.608894</ele>
        <time>2026-03-26T16:23:22.315Z</time>
      </trkpt>
      <trkpt lat="44.231469" lon="15.672822">
        <ele>242.589272</ele>
        <time>2026-03-26T16:23:28.781Z</time>
      </trkpt>
      <trkpt lat="44.230776" lon="15.671648">
        <ele>235.318378</ele>
        <time>2026-03-26T16:23:42.937Z</time>
      </trkpt>
      <trkpt lat="44.230191" lon="15.671055">
        <ele>230.476408</ele>
        <time>2026-03-26T16:23:51.807Z</time>
      </trkpt>
      <trkpt lat="44.230036" lon="15.670959">
        <ele>229.238718</ele>
        <time>2026-03-26T16:23:53.869Z</time>
      </trkpt>
      <trkpt lat="44.229914" lon="15.670941">
        <ele>228.343323</ele>
        <time>2026-03-26T16:23:55.365Z</time>
      </trkpt>
      <trkpt lat="44.229783" lon="15.670972">
        <ele>227.373555</ele>
        <time>2026-03-26T16:23:56.980Z</time>
      </trkpt>
      <trkpt lat="44.229464" lon="15.671193">
        <ele>224.774196</ele>
        <time>2026-03-26T16:24:01.342Z</time>
      </trkpt>
      <trkpt lat="44.229167" lon="15.671466">
        <ele>222.178552</ele>
        <time>2026-03-26T16:24:05.779Z</time>
      </trkpt>
      <trkpt lat="44.229048" lon="15.671613">
        <ele>221.018640</ele>
        <time>2026-03-26T16:24:07.789Z</time>
      </trkpt>
      <trkpt lat="44.228943" lon="15.671791">
        <ele>219.812856</ele>
        <time>2026-03-26T16:24:09.918Z</time>
      </trkpt>
      <trkpt lat="44.228853" lon="15.672242">
        <ele>217.367467</ele>
        <time>2026-03-26T16:24:14.307Z</time>
      </trkpt>
      <trkpt lat="44.228690" lon="15.672738">
        <ele>215.094684</ele>
        <time>2026-03-26T16:24:19.507Z</time>
      </trkpt>
      <trkpt lat="44.228370" lon="15.673404">
        <ele>211.754838</ele>
        <time>2026-03-26T16:24:27.119Z</time>
      </trkpt>
      <trkpt lat="44.228198" lon="15.673523">
        <ele>210.638950</ele>
        <time>2026-03-26T16:24:29.620Z</time>
      </trkpt>
      <trkpt lat="44.227529" lon="15.673651">
        <ele>206.714958</ele>
        <time>2026-03-26T16:24:38.296Z</time>
      </trkpt>
      <trkpt lat="44.227349" lon="15.673785">
        <ele>205.534874</ele>
        <time>2026-03-26T16:24:40.843Z</time>
      </trkpt>
      <trkpt lat="44.227219" lon="15.674089">
        <ele>204.067469</ele>
        <time>2026-03-26T16:24:44.048Z</time>
      </trkpt>
      <trkpt lat="44.226997" lon="15.674866">
        <ele>200.600220</ele>
        <time>2026-03-26T16:24:51.803Z</time>
      </trkpt>
      <trkpt lat="44.226968" lon="15.674930">
        <ele>200.286350</ele>
        <time>2026-03-26T16:24:52.517Z</time>
      </trkpt>
      <trkpt lat="44.226930" lon="15.674947">
        <ele>200.055523</ele>
        <time>2026-03-26T16:24:53.034Z</time>
      </trkpt>
      <trkpt lat="44.226886" lon="15.674947">
        <ele>199.801007</ele>
        <time>2026-03-26T16:24:53.613Z</time>
      </trkpt>
      <trkpt lat="44.226863" lon="15.674862">
        <ele>199.424397</ele>
        <time>2026-03-26T16:24:54.483Z</time>
      </trkpt>
      <trkpt lat="44.226772" lon="15.673840">
        <ele>195.624476</ele>
        <time>2026-03-26T16:25:04.338Z</time>
      </trkpt>
      <trkpt lat="44.226732" lon="15.673270">
        <ele>194.066056</ele>
        <time>2026-03-26T16:25:09.962Z</time>
      </trkpt>
      <trkpt lat="44.226618" lon="15.672864">
        <ele>192.879523</ele>
        <time>2026-03-26T16:25:14.397Z</time>
      </trkpt>
      <trkpt lat="44.226490" lon="15.672231">
        <ele>191.089825</ele>
        <time>2026-03-26T16:25:21.098Z</time>
      </trkpt>
      <trkpt lat="44.226482" lon="15.672012">
        <ele>190.493138</ele>
        <time>2026-03-26T16:25:23.365Z</time>
      </trkpt>
      <trkpt lat="44.226573" lon="15.670414">
        <ele>185.344164</ele>
        <time>2026-03-26T16:25:40.041Z</time>
      </trkpt>
      <trkpt lat="44.226549" lon="15.670226">
        <ele>184.709659</ele>
        <time>2026-03-26T16:25:41.924Z</time>
      </trkpt>
      <trkpt lat="44.226325" lon="15.669796">
        <ele>182.943256</ele>
        <time>2026-03-26T16:25:46.970Z</time>
      </trkpt>
      <trkpt lat="44.226089" lon="15.669460">
        <ele>181.379953</ele>
        <time>2026-03-26T16:25:51.234Z</time>
      </trkpt>
      <trkpt lat="44.225918" lon="15.669268">
        <ele>179.652597</ele>
        <time>2026-03-26T16:25:53.937Z</time>
      </trkpt>
      <trkpt lat="44.225634" lon="15.669082">
        <ele>177.153308</ele>
        <time>2026-03-26T16:25:57.745Z</time>
      </trkpt>
      <trkpt lat="44.225496" lon="15.669056">
        <ele>176.043946</ele>
        <time>2026-03-26T16:25:59.415Z</time>
      </trkpt>
      <trkpt lat="44.225350" lon="15.669070">
        <ele>174.878083</ele>
        <time>2026-03-26T16:26:01.188Z</time>
      </trkpt>
      <trkpt lat="44.225162" lon="15.669140">
        <ele>173.327970</ele>
        <time>2026-03-26T16:26:03.529Z</time>
      </trkpt>
      <trkpt lat="44.224912" lon="15.669281">
        <ele>171.179809</ele>
        <time>2026-03-26T16:26:06.814Z</time>
      </trkpt>
      <trkpt lat="44.224513" lon="15.669604">
        <ele>167.505007</ele>
        <time>2026-03-26T16:26:12.551Z</time>
      </trkpt>
      <trkpt lat="44.224296" lon="15.669970">
        <ele>165.573201</ele>
        <time>2026-03-26T16:26:16.931Z</time>
      </trkpt>
      <trkpt lat="44.223916" lon="15.671222">
        <ele>160.528289</ele>
        <time>2026-03-26T16:26:30.107Z</time>
      </trkpt>
      <trkpt lat="44.223819" lon="15.671430">
        <ele>159.607494</ele>
        <time>2026-03-26T16:26:32.551Z</time>
      </trkpt>
      <trkpt lat="44.223739" lon="15.671483">
        <ele>159.148969</ele>
        <time>2026-03-26T16:26:33.773Z</time>
      </trkpt>
      <trkpt lat="44.222653" lon="15.671464">
        <ele>153.171927</ele>
        <time>2026-03-26T16:26:48.229Z</time>
      </trkpt>
      <trkpt lat="44.221961" lon="15.671488">
        <ele>149.284871</ele>
        <time>2026-03-26T16:26:57.202Z</time>
      </trkpt>
      <trkpt lat="44.221145" lon="15.671534">
        <ele>144.378986</ele>
        <time>2026-03-26T16:27:07.624Z</time>
      </trkpt>
      <trkpt lat="44.220819" lon="15.671492">
        <ele>142.338405</ele>
        <time>2026-03-26T16:27:11.806Z</time>
      </trkpt>
      <trkpt lat="44.220554" lon="15.671100">
        <ele>139.931273</ele>
        <time>2026-03-26T16:27:16.740Z</time>
      </trkpt>
      <trkpt lat="44.220429" lon="15.669631">
        <ele>133.679347</ele>
        <time>2026-03-26T16:27:30.546Z</time>
      </trkpt>
      <trkpt lat="44.220252" lon="15.668764">
        <ele>130.118807</ele>
        <time>2026-03-26T16:27:39.132Z</time>
      </trkpt>
      <trkpt lat="44.219957" lon="15.668123">
        <ele>127.110034</ele>
        <time>2026-03-26T16:27:46.276Z</time>
      </trkpt>
      <trkpt lat="44.219684" lon="15.667700">
        <ele>125.044575</ele>
        <time>2026-03-26T16:27:51.564Z</time>
      </trkpt>
      <trkpt lat="44.219436" lon="15.667488">
        <ele>123.622235</ele>
        <time>2026-03-26T16:27:55.363Z</time>
      </trkpt>
      <trkpt lat="44.219157" lon="15.667351">
        <ele>122.175776</ele>
        <time>2026-03-26T16:27:59.276Z</time>
      </trkpt>
      <trkpt lat="44.218585" lon="15.667208">
        <ele>119.333895</ele>
        <time>2026-03-26T16:28:07.024Z</time>
      </trkpt>
      <trkpt lat="44.218223" lon="15.667153">
        <ele>117.636309</ele>
        <time>2026-03-26T16:28:12.084Z</time>
      </trkpt>
      <trkpt lat="44.217875" lon="15.667132">
        <ele>116.975274</ele>
        <time>2026-03-26T16:28:17.159Z</time>
      </trkpt>
      <trkpt lat="44.217446" lon="15.667137">
        <ele>116.161109</ele>
        <time>2026-03-26T16:28:23.766Z</time>
      </trkpt>
      <trkpt lat="44.216819" lon="15.667204">
        <ele>114.967733</ele>
        <time>2026-03-26T16:28:33.935Z</time>
      </trkpt>
      <trkpt lat="44.216402" lon="15.667284">
        <ele>114.244842</ele>
        <time>2026-03-26T16:28:41.261Z</time>
      </trkpt>
      <trkpt lat="44.215742" lon="15.667411">
        <ele>113.879440</ele>
        <time>2026-03-26T16:28:53.479Z</time>
      </trkpt>
      <trkpt lat="44.215432" lon="15.667376">
        <ele>113.708866</ele>
        <time>2026-03-26T16:28:59.013Z</time>
      </trkpt>
      <trkpt lat="44.215140" lon="15.667295">
        <ele>113.545585</ele>
        <time>2026-03-26T16:29:04.327Z</time>
      </trkpt>
      <trkpt lat="44.214969" lon="15.667234">
        <ele>113.448783</ele>
        <time>2026-03-26T16:29:07.435Z</time>
      </trkpt>
      <trkpt lat="44.214638" lon="15.667038">
        <ele>113.257436</ele>
        <time>2026-03-26T16:29:13.708Z</time>
      </trkpt>
      <trkpt lat="44.214305" lon="15.666721">
        <ele>113.070753</ele>
        <time>2026-03-26T16:29:20.884Z</time>
      </trkpt>
      <trkpt lat="44.214114" lon="15.666474">
        <ele>112.950152</ele>
        <time>2026-03-26T16:29:25.610Z</time>
      </trkpt>
      <trkpt lat="44.213859" lon="15.665989">
        <ele>112.750505</ele>
        <time>2026-03-26T16:29:33.430Z</time>
      </trkpt>
      <trkpt lat="44.213782" lon="15.665785">
        <ele>112.673979</ele>
        <time>2026-03-26T16:29:36.441Z</time>
      </trkpt>
      <trkpt lat="44.213701" lon="15.665455">
        <ele>112.558202</ele>
        <time>2026-03-26T16:29:40.991Z</time>
      </trkpt>
      <trkpt lat="44.213678" lon="15.665045">
        <ele>112.411646</ele>
        <time>2026-03-26T16:29:46.346Z</time>
      </trkpt>
      <trkpt lat="44.213693" lon="15.664828">
        <ele>112.318262</ele>
        <time>2026-03-26T16:29:49.156Z</time>
      </trkpt>
      <trkpt lat="44.214005" lon="15.663729">
        <ele>111.811925</ele>
        <time>2026-03-26T16:30:03.956Z</time>
      </trkpt>
      <trkpt lat="44.215965" lon="15.656827">
        <ele>108.678399</ele>
        <time>2026-03-26T16:31:38.025Z</time>
      </trkpt>
      <trkpt lat="44.216333" lon="15.655533">
        <ele>108.046582</ele>
        <time>2026-03-26T16:31:55.651Z</time>
      </trkpt>
      <trkpt lat="44.216806" lon="15.653863">
        <ele>107.084353</ele>
        <time>2026-03-26T16:32:18.042Z</time>
      </trkpt>
      <trkpt lat="44.216887" lon="15.653586">
        <ele>106.924041</ele>
        <time>2026-03-26T16:32:21.709Z</time>
      </trkpt>
      <trkpt lat="44.216989" lon="15.653228">
        <ele>106.749372</ele>
        <time>2026-03-26T16:32:26.442Z</time>
      </trkpt>
      <trkpt lat="44.217115" lon="15.652951">
        <ele>106.614778</ele>
        <time>2026-03-26T16:32:30.486Z</time>
      </trkpt>
      <trkpt lat="44.217273" lon="15.652688">
        <ele>106.473991</ele>
        <time>2026-03-26T16:32:34.747Z</time>
      </trkpt>
      <trkpt lat="44.217776" lon="15.652019">
        <ele>106.076216</ele>
        <time>2026-03-26T16:32:46.806Z</time>
      </trkpt>
      <trkpt lat="44.218095" lon="15.651723">
        <ele>105.856926</ele>
        <time>2026-03-26T16:32:53.895Z</time>
      </trkpt>
      <trkpt lat="44.218683" lon="15.651502">
        <ele>105.887991</ele>
        <time>2026-03-26T16:33:05.996Z</time>
      </trkpt>
      <trkpt lat="44.219413" lon="15.651422">
        <ele>105.973645</ele>
        <time>2026-03-26T16:33:20.793Z</time>
      </trkpt>
      <trkpt lat="44.219591" lon="15.651328">
        <ele>105.995907</ele>
        <time>2026-03-26T16:33:24.585Z</time>
      </trkpt>
      <trkpt lat="44.219604" lon="15.651302">
        <ele>105.998565</ele>
        <time>2026-03-26T16:33:25.037Z</time>
      </trkpt>
      <trkpt lat="44.220086" lon="15.650403">
        <ele>106.181922</ele>
        <time>2026-03-26T16:33:41.098Z</time>
      </trkpt>
      <trkpt lat="44.220258" lon="15.650127">
        <ele>106.259182</ele>
        <time>2026-03-26T16:33:46.235Z</time>
      </trkpt>
      <trkpt lat="44.220816" lon="15.649494">
        <ele>106.471145</ele>
        <time>2026-03-26T16:34:00.337Z</time>
      </trkpt>
      <trkpt lat="44.221007" lon="15.649032">
        <ele>106.677549</ele>
        <time>2026-03-26T16:34:08.815Z</time>
      </trkpt>
      <trkpt lat="44.221150" lon="15.648409">
        <ele>107.473381</ele>
        <time>2026-03-26T16:34:20.621Z</time>
      </trkpt>
      <trkpt lat="44.221239" lon="15.648205">
        <ele>107.763925</ele>
        <time>2026-03-26T16:34:25.238Z</time>
      </trkpt>
      <trkpt lat="44.221421" lon="15.647885">
        <ele>108.260915</ele>
        <time>2026-03-26T16:34:33.563Z</time>
      </trkpt>
      <trkpt lat="44.222426" lon="15.646655">
        <ele>110.194402</ele>
        <time>2026-03-26T16:35:14.568Z</time>
      </trkpt>
      <trkpt lat="44.222707" lon="15.646490">
        <ele>110.521557</ele>
        <time>2026-03-26T16:35:22.343Z</time>
      </trkpt>
      <trkpt lat="44.222915" lon="15.646436">
        <ele>110.748595</ele>
        <time>2026-03-26T16:35:27.236Z</time>
      </trkpt>
      <trkpt lat="44.223195" lon="15.646133">
        <ele>111.128830</ele>
        <time>2026-03-26T16:35:39.045Z</time>
      </trkpt>
      <trkpt lat="44.223279" lon="15.645975">
        <ele>111.280122</ele>
        <time>2026-03-26T16:35:43.643Z</time>
      </trkpt>
      <trkpt lat="44.223387" lon="15.645648">
        <ele>111.553614</ele>
        <time>2026-03-26T16:35:51.885Z</time>
      </trkpt>
      <trkpt lat="44.223404" lon="15.645125">
        <ele>111.812157</ele>
        <time>2026-03-26T16:36:03.694Z</time>
      </trkpt>
      <trkpt lat="44.223454" lon="15.644830">
        <ele>111.961859</ele>
        <time>2026-03-26T16:36:10.711Z</time>
      </trkpt>
      <trkpt lat="44.223541" lon="15.643872">
        <ele>112.438738</ele>
        <time>2026-03-26T16:36:35.444Z</time>
      </trkpt>
      <trkpt lat="44.223650" lon="15.643416">
        <ele>112.676125</ele>
        <time>2026-03-26T16:36:48.795Z</time>
      </trkpt>
      <trkpt lat="44.223825" lon="15.642493">
        <ele>113.069511</ele>
        <time>2026-03-26T16:37:15.272Z</time>
      </trkpt>
      <trkpt lat="44.224117" lon="15.640857">
        <ele>113.721775</ele>
        <time>2026-03-26T16:37:55.987Z</time>
      </trkpt>
      <trkpt lat="44.224193" lon="15.640294">
        <ele>113.925439</ele>
        <time>2026-03-26T16:38:08.328Z</time>
      </trkpt>
      <trkpt lat="44.224206" lon="15.639972">
        <ele>114.038112</ele>
        <time>2026-03-26T16:38:15.268Z</time>
      </trkpt>
      <trkpt lat="44.224292" lon="15.639650">
        <ele>114.158165</ele>
        <time>2026-03-26T16:38:22.805Z</time>
      </trkpt>
      <trkpt lat="44.224413" lon="15.638997">
        <ele>114.393801</ele>
        <time>2026-03-26T16:38:38.491Z</time>
      </trkpt>
      <trkpt lat="44.224527" lon="15.638468">
        <ele>114.586788</ele>
        <time>2026-03-26T16:38:53.068Z</time>
      </trkpt>
      <trkpt lat="44.224956" lon="15.636162">
        <ele>118.645049</ele>
        <time>2026-03-26T16:40:11.371Z</time>
      </trkpt>
      <trkpt lat="44.225149" lon="15.634991">
        <ele>120.039709</ele>
        <time>2026-03-26T16:40:48.302Z</time>
      </trkpt>
      <trkpt lat="44.225190" lon="15.634854">
        <ele>120.185731</ele>
        <time>2026-03-26T16:40:52.475Z</time>
      </trkpt>
      <trkpt lat="44.225222" lon="15.634491">
        <ele>120.545442</ele>
        <time>2026-03-26T16:41:02.385Z</time>
      </trkpt>
      <trkpt lat="44.225374" lon="15.633710">
        <ele>121.341399</ele>
        <time>2026-03-26T16:41:23.113Z</time>
      </trkpt>
      <trkpt lat="44.225437" lon="15.632998">
        <ele>121.639165</ele>
        <time>2026-03-26T16:41:40.205Z</time>
      </trkpt>
      <trkpt lat="44.225674" lon="15.631713">
        <ele>121.786387</ele>
        <time>2026-03-26T16:42:10.573Z</time>
      </trkpt>
      <trkpt lat="44.225766" lon="15.630953">
        <ele>121.884934</ele>
        <time>2026-03-26T16:42:28.273Z</time>
      </trkpt>
      <trkpt lat="44.225867" lon="15.630343">
        <ele>122.102541</ele>
        <time>2026-03-26T16:42:42.939Z</time>
      </trkpt>
      <trkpt lat="44.226083" lon="15.628430">
        <ele>122.756320</ele>
        <time>2026-03-26T16:43:31.395Z</time>
      </trkpt>
      <trkpt lat="44.226254" lon="15.627264">
        <ele>122.956424</ele>
        <time>2026-03-26T16:44:01.161Z</time>
      </trkpt>
      <trkpt lat="44.226490" lon="15.625316">
        <ele>123.257256</ele>
        <time>2026-03-26T16:44:45.360Z</time>
      </trkpt>
      <trkpt lat="44.226499" lon="15.625232">
        <ele>123.268050</ele>
        <time>2026-03-26T16:44:47.215Z</time>
      </trkpt>
      <trkpt lat="44.226587" lon="15.624386">
        <ele>123.376698</ele>
        <time>2026-03-26T16:45:06.436Z</time>
      </trkpt>
      <trkpt lat="44.227065" lon="15.620613">
        <ele>125.155007</ele>
        <time>2026-03-26T16:46:46.387Z</time>
      </trkpt>
      <trkpt lat="44.227116" lon="15.619960">
        <ele>125.234432</ele>
        <time>2026-03-26T16:47:01.745Z</time>
      </trkpt>
      <trkpt lat="44.227195" lon="15.619310">
        <ele>125.314148</ele>
        <time>2026-03-26T16:47:16.678Z</time>
      </trkpt>
      <trkpt lat="44.227185" lon="15.618943">
        <ele>125.358555</ele>
        <time>2026-03-26T16:47:24.881Z</time>
      </trkpt>
      <trkpt lat="44.227141" lon="15.618758">
        <ele>125.382124</ele>
        <time>2026-03-26T16:47:29.243Z</time>
      </trkpt>
      <trkpt lat="44.227135" lon="15.618493">
        <ele>125.321707</ele>
        <time>2026-03-26T16:47:35.135Z</time>
      </trkpt>
      <trkpt lat="44.227234" lon="15.618177">
        <ele>125.148304</ele>
        <time>2026-03-26T16:47:42.725Z</time>
      </trkpt>
      <trkpt lat="44.227240" lon="15.618097">
        <ele>125.107861</ele>
        <time>2026-03-26T16:47:44.501Z</time>
      </trkpt>
      <trkpt lat="44.227117" lon="15.617743">
        <ele>124.910053</ele>
        <time>2026-03-26T16:47:53.144Z</time>
      </trkpt>
      <trkpt lat="44.227063" lon="15.617328">
        <ele>124.697982</ele>
        <time>2026-03-26T16:48:02.370Z</time>
      </trkpt>
      <trkpt lat="44.226974" lon="15.617018">
        <ele>124.530072</ele>
        <time>2026-03-26T16:48:09.586Z</time>
      </trkpt>
      <trkpt lat="44.226547" lon="15.615935">
        <ele>123.752168</ele>
        <time>2026-03-26T16:48:35.034Z</time>
      </trkpt>
      <trkpt lat="44.226366" lon="15.615228">
        <ele>123.113074</ele>
        <time>2026-03-26T16:48:50.015Z</time>
      </trkpt>
      <trkpt lat="44.226259" lon="15.614954">
        <ele>122.847443</ele>
        <time>2026-03-26T16:48:56.316Z</time>
      </trkpt>
      <trkpt lat="44.226300" lon="15.614287">
        <ele>122.277568</ele>
        <time>2026-03-26T16:49:10.159Z</time>
      </trkpt>
      <trkpt lat="44.226281" lon="15.614022">
        <ele>122.050858</ele>
        <time>2026-03-26T16:49:15.852Z</time>
      </trkpt>
      <trkpt lat="44.226126" lon="15.613558">
        <ele>122.071267</ele>
        <time>2026-03-26T16:49:27.252Z</time>
      </trkpt>
      <trkpt lat="44.225999" lon="15.613324">
        <ele>122.119412</ele>
        <time>2026-03-26T16:49:34.237Z</time>
      </trkpt>
      <trkpt lat="44.225755" lon="15.613125">
        <ele>122.184098</ele>
        <time>2026-03-26T16:49:43.765Z</time>
      </trkpt>
      <trkpt lat="44.225537" lon="15.612887">
        <ele>122.247450</ele>
        <time>2026-03-26T16:49:53.339Z</time>
      </trkpt>
      <trkpt lat="44.225223" lon="15.612683">
        <ele>122.326727</ele>
        <time>2026-03-26T16:50:05.399Z</time>
      </trkpt>
      <trkpt lat="44.225163" lon="15.612600">
        <ele>122.346064</ele>
        <time>2026-03-26T16:50:08.328Z</time>
      </trkpt>
      <trkpt lat="44.225138" lon="15.612511">
        <ele>122.361743</ele>
        <time>2026-03-26T16:50:10.735Z</time>
      </trkpt>
      <trkpt lat="44.225160" lon="15.612401">
        <ele>122.380474</ele>
        <time>2026-03-26T16:50:13.529Z</time>
      </trkpt>
      <trkpt lat="44.225439" lon="15.611782">
        <ele>122.773222</ele>
        <time>2026-03-26T16:50:31.455Z</time>
      </trkpt>
      <trkpt lat="44.225502" lon="15.611557">
        <ele>122.931404</ele>
        <time>2026-03-26T16:50:37.366Z</time>
      </trkpt>
      <trkpt lat="44.225828" lon="15.611071">
        <ele>123.367316</ele>
        <time>2026-03-26T16:50:53.699Z</time>
      </trkpt>
      <trkpt lat="44.225913" lon="15.610854">
        <ele>123.529254</ele>
        <time>2026-03-26T16:51:00.095Z</time>
      </trkpt>
      <trkpt lat="44.226018" lon="15.610682">
        <ele>123.677210</ele>
        <time>2026-03-26T16:51:06.112Z</time>
      </trkpt>
      <trkpt lat="44.226312" lon="15.610395">
        <ele>124.005072</ele>
        <time>2026-03-26T16:51:20.089Z</time>
      </trkpt>
      <trkpt lat="44.226540" lon="15.610086">
        <ele>124.593040</ele>
        <time>2026-03-26T16:51:33.004Z</time>
      </trkpt>
      <trkpt lat="44.226898" lon="15.609233">
        <ele>126.034000</ele>
        <time>2026-03-26T16:52:03.075Z</time>
      </trkpt>
      <trkpt lat="44.227177" lon="15.608738">
        <ele>126.952001</ele>
        <time>2026-03-26T16:52:22.551Z</time>
      </trkpt>
      <trkpt lat="44.227354" lon="15.608005">
        <ele>128.051677</ele>
        <time>2026-03-26T16:52:46.416Z</time>
      </trkpt>
      <trkpt lat="44.227417" lon="15.607647">
        <ele>128.548385</ele>
        <time>2026-03-26T16:52:57.672Z</time>
      </trkpt>
      <trkpt lat="44.227500" lon="15.607439">
        <ele>128.869172</ele>
        <time>2026-03-26T16:53:04.895Z</time>
      </trkpt>
      <trkpt lat="44.227576" lon="15.607320">
        <ele>129.083955</ele>
        <time>2026-03-26T16:53:09.703Z</time>
      </trkpt>
      <trkpt lat="44.227791" lon="15.607090">
        <ele>129.593346</ele>
        <time>2026-03-26T16:53:20.915Z</time>
      </trkpt>
      <trkpt lat="44.228090" lon="15.606343">
        <ele>130.746237</ele>
        <time>2026-03-26T16:53:45.501Z</time>
      </trkpt>
      <trkpt lat="44.228111" lon="15.605654">
        <ele>131.613664</ele>
        <time>2026-03-26T16:54:04.675Z</time>
      </trkpt>
      <trkpt lat="44.228182" lon="15.604669">
        <ele>132.805915</ele>
        <time>2026-03-26T16:54:31.880Z</time>
      </trkpt>
      <trkpt lat="44.228211" lon="15.602569">
        <ele>135.932498</ele>
        <time>2026-03-26T16:55:35.462Z</time>
      </trkpt>
      <trkpt lat="44.228238" lon="15.602188">
        <ele>136.619443</ele>
        <time>2026-03-26T16:55:47.932Z</time>
      </trkpt>
      <trkpt lat="44.228217" lon="15.601440">
        <ele>137.962573</ele>
        <time>2026-03-26T16:56:12.628Z</time>
      </trkpt>
      <trkpt lat="44.228230" lon="15.601204">
        <ele>138.387266</ele>
        <time>2026-03-26T16:56:20.514Z</time>
      </trkpt>
      <trkpt lat="44.228207" lon="15.600860">
        <ele>139.062274</ele>
        <time>2026-03-26T16:56:31.882Z</time>
      </trkpt>
      <trkpt lat="44.228274" lon="15.599729">
        <ele>141.388583</ele>
        <time>2026-03-26T16:57:08.319Z</time>
      </trkpt>
      <trkpt lat="44.228288" lon="15.599573">
        <ele>141.710860</ele>
        <time>2026-03-26T16:57:13.327Z</time>
      </trkpt>
      <trkpt lat="44.228257" lon="15.598828">
        <ele>143.240583</ele>
        <time>2026-03-26T16:57:37.567Z</time>
      </trkpt>
      <trkpt lat="44.228295" lon="15.598431">
        <ele>144.190937</ele>
        <time>2026-03-26T16:57:50.924Z</time>
      </trkpt>
      <trkpt lat="44.228346" lon="15.595599">
        <ele>153.018151</ele>
        <time>2026-03-26T16:59:38.657Z</time>
      </trkpt>
      <trkpt lat="44.228393" lon="15.595157">
        <ele>154.795513</ele>
        <time>2026-03-26T16:59:58.465Z</time>
      </trkpt>
      <trkpt lat="44.228431" lon="15.594154">
        <ele>158.790639</ele>
        <time>2026-03-26T17:00:44.122Z</time>
      </trkpt>
      <trkpt lat="44.228327" lon="15.593297">
        <ele>161.815427</ele>
        <time>2026-03-26T17:01:22.103Z</time>
      </trkpt>
      <trkpt lat="44.228321" lon="15.593152">
        <ele>162.166744</ele>
        <time>2026-03-26T17:01:28.009Z</time>
      </trkpt>
      <trkpt lat="44.228295" lon="15.592537">
        <ele>163.656922</ele>
        <time>2026-03-26T17:01:51.494Z</time>
      </trkpt>
      <trkpt lat="44.228229" lon="15.591821">
        <ele>165.403089</ele>
        <time>2026-03-26T17:02:15.306Z</time>
      </trkpt>
      <trkpt lat="44.228172" lon="15.591569">
        <ele>166.042287</ele>
        <time>2026-03-26T17:02:23.247Z</time>
      </trkpt>
      <trkpt lat="44.227982" lon="15.591022">
        <ele>167.264643</ele>
        <time>2026-03-26T17:02:40.900Z</time>
      </trkpt>
      <trkpt lat="44.227944" lon="15.590863">
        <ele>167.331470</ele>
        <time>2026-03-26T17:02:45.474Z</time>
      </trkpt>
      <trkpt lat="44.227956" lon="15.590779">
        <ele>167.365620</ele>
        <time>2026-03-26T17:02:47.892Z</time>
      </trkpt>
      <trkpt lat="44.228024" lon="15.590736">
        <ele>167.407159</ele>
        <time>2026-03-26T17:02:50.541Z</time>
      </trkpt>
      <trkpt lat="44.227958" lon="15.590512">
        <ele>167.503724</ele>
        <time>2026-03-26T17:02:54.742Z</time>
      </trkpt>
      <trkpt lat="44.227851" lon="15.590149">
        <ele>167.660221</ele>
        <time>2026-03-26T17:03:00.941Z</time>
      </trkpt>
      <trkpt lat="44.227761" lon="15.589839">
        <ele>167.793580</ele>
        <time>2026-03-26T17:03:05.941Z</time>
      </trkpt>
      <trkpt lat="44.227579" lon="15.588993">
        <ele>168.145759</ele>
        <time>2026-03-26T17:03:18.790Z</time>
      </trkpt>
      <trkpt lat="44.227543" lon="15.588615">
        <ele>167.956087</ele>
        <time>2026-03-26T17:03:24.046Z</time>
      </trkpt>
      <trkpt lat="44.227536" lon="15.588230">
        <ele>167.464428</ele>
        <time>2026-03-26T17:03:28.854Z</time>
      </trkpt>
      <trkpt lat="44.227594" lon="15.587528">
        <ele>166.562300</ele>
        <time>2026-03-26T17:03:37.067Z</time>
      </trkpt>
      <trkpt lat="44.227761" lon="15.586446">
        <ele>165.149316</ele>
        <time>2026-03-26T17:03:48.936Z</time>
      </trkpt>
      <trkpt lat="44.227827" lon="15.585884">
        <ele>163.840368</ele>
        <time>2026-03-26T17:03:54.688Z</time>
      </trkpt>
      <trkpt lat="44.227860" lon="15.584912">
        <ele>161.372423</ele>
        <time>2026-03-26T17:04:04.359Z</time>
      </trkpt>
      <trkpt lat="44.227916" lon="15.583292">
        <ele>157.005053</ele>
        <time>2026-03-26T17:04:20.898Z</time>
      </trkpt>
      <trkpt lat="44.227964" lon="15.582342">
        <ele>154.147446</ele>
        <time>2026-03-26T17:04:30.530Z</time>
      </trkpt>
      <trkpt lat="44.228042" lon="15.581700">
        <ele>152.193597</ele>
        <time>2026-03-26T17:04:36.837Z</time>
      </trkpt>
      <trkpt lat="44.228112" lon="15.581277">
        <ele>150.878342</ele>
        <time>2026-03-26T17:04:40.911Z</time>
      </trkpt>
      <trkpt lat="44.228146" lon="15.581153">
        <ele>150.457478</ele>
        <time>2026-03-26T17:04:42.136Z</time>
      </trkpt>
      <trkpt lat="44.228328" lon="15.580477">
        <ele>148.168354</ele>
        <time>2026-03-26T17:04:48.858Z</time>
      </trkpt>
      <trkpt lat="44.228576" lon="15.579807">
        <ele>145.777897</ele>
        <time>2026-03-26T17:04:55.975Z</time>
      </trkpt>
      <trkpt lat="44.230088" lon="15.576186">
        <ele>137.065353</ele>
        <time>2026-03-26T17:05:41.242Z</time>
      </trkpt>
      <trkpt lat="44.231308" lon="15.573246">
        <ele>131.182058</ele>
        <time>2026-03-26T17:06:16.745Z</time>
      </trkpt>
      <trkpt lat="44.232351" lon="15.570746">
        <ele>130.243346</ele>
        <time>2026-03-26T17:06:54.782Z</time>
      </trkpt>
      <trkpt lat="44.232541" lon="15.570187">
        <ele>130.712684</ele>
        <time>2026-03-26T17:07:06.493Z</time>
      </trkpt>
      <trkpt lat="44.232630" lon="15.569829">
        <ele>131.414135</ele>
        <time>2026-03-26T17:07:14.689Z</time>
      </trkpt>
      <trkpt lat="44.232850" lon="15.568775">
        <ele>133.446296</ele>
        <time>2026-03-26T17:07:42.130Z</time>
      </trkpt>
      <trkpt lat="44.233016" lon="15.568126">
        <ele>134.721909</ele>
        <time>2026-03-26T17:08:00.352Z</time>
      </trkpt>
      <trkpt lat="44.233670" lon="15.566261">
        <ele>137.283261</ele>
        <time>2026-03-26T17:08:45.651Z</time>
      </trkpt>
      <trkpt lat="44.233814" lon="15.565723">
        <ele>137.919287</ele>
        <time>2026-03-26T17:08:53.432Z</time>
      </trkpt>
      <trkpt lat="44.234014" lon="15.564975">
        <ele>137.419306</ele>
        <time>2026-03-26T17:09:03.248Z</time>
      </trkpt>
      <trkpt lat="44.234253" lon="15.563891">
        <ele>136.709051</ele>
        <time>2026-03-26T17:09:16.384Z</time>
      </trkpt>
      <trkpt lat="44.234315" lon="15.563374">
        <ele>136.380784</ele>
        <time>2026-03-26T17:09:22.706Z</time>
      </trkpt>
      <trkpt lat="44.234332" lon="15.562881">
        <ele>136.463359</ele>
        <time>2026-03-26T17:09:28.955Z</time>
      </trkpt>
      <trkpt lat="44.234324" lon="15.562638">
        <ele>136.514337</ele>
        <time>2026-03-26T17:09:32.125Z</time>
      </trkpt>
      <trkpt lat="44.234296" lon="15.562247">
        <ele>136.596686</ele>
        <time>2026-03-26T17:09:37.448Z</time>
      </trkpt>
      <trkpt lat="44.234236" lon="15.561808">
        <ele>136.690345</ele>
        <time>2026-03-26T17:09:44.428Z</time>
      </trkpt>
      <trkpt lat="44.234129" lon="15.561335">
        <ele>136.794294</ele>
        <time>2026-03-26T17:09:53.290Z</time>
      </trkpt>
      <trkpt lat="44.234084" lon="15.561139">
        <ele>136.837427</ele>
        <time>2026-03-26T17:09:57.115Z</time>
      </trkpt>
      <trkpt lat="44.233973" lon="15.560808">
        <ele>136.798644</ele>
        <time>2026-03-26T17:10:03.877Z</time>
      </trkpt>
      <trkpt lat="44.233754" lon="15.560284">
        <ele>136.281817</ele>
        <time>2026-03-26T17:10:14.637Z</time>
      </trkpt>
      <trkpt lat="44.233556" lon="15.559917">
        <ele>135.890418</ele>
        <time>2026-03-26T17:10:21.318Z</time>
      </trkpt>
      <trkpt lat="44.233216" lon="15.559401">
        <ele>135.293168</ele>
        <time>2026-03-26T17:10:29.468Z</time>
      </trkpt>
      <trkpt lat="44.232995" lon="15.559159">
        <ele>134.959156</ele>
        <time>2026-03-26T17:10:33.501Z</time>
      </trkpt>
      <trkpt lat="44.232850" lon="15.559000">
        <ele>134.704080</ele>
        <time>2026-03-26T17:10:36.019Z</time>
      </trkpt>
      <trkpt lat="44.231806" lon="15.558004">
        <ele>128.941439</ele>
        <time>2026-03-26T17:10:52.703Z</time>
      </trkpt>
      <trkpt lat="44.231671" lon="15.557871">
        <ele>128.188430</ele>
        <time>2026-03-26T17:10:54.927Z</time>
      </trkpt>
      <trkpt lat="44.230907" lon="15.557138">
        <ele>124.816557</ele>
        <time>2026-03-26T17:11:08.061Z</time>
      </trkpt>
      <trkpt lat="44.230027" lon="15.556293">
        <ele>121.550218</ele>
        <time>2026-03-26T17:11:23.967Z</time>
      </trkpt>
      <trkpt lat="44.229681" lon="15.555790">
        <ele>120.099627</ele>
        <time>2026-03-26T17:11:31.164Z</time>
      </trkpt>
      <trkpt lat="44.229525" lon="15.555462">
        <ele>119.301429</ele>
        <time>2026-03-26T17:11:35.192Z</time>
      </trkpt>
      <trkpt lat="44.229413" lon="15.555160">
        <ele>118.611958</ele>
        <time>2026-03-26T17:11:38.660Z</time>
      </trkpt>
      <trkpt lat="44.229357" lon="15.554912">
        <ele>118.084748</ele>
        <time>2026-03-26T17:11:41.302Z</time>
      </trkpt>
      <trkpt lat="44.229254" lon="15.554448">
        <ele>117.099852</ele>
        <time>2026-03-26T17:11:46.330Z</time>
      </trkpt>
      <trkpt lat="44.229175" lon="15.553362">
        <ele>115.648760</ele>
        <time>2026-03-26T17:11:58.466Z</time>
      </trkpt>
      <trkpt lat="44.229083" lon="15.552423">
        <ele>115.082819</ele>
        <time>2026-03-26T17:12:10.367Z</time>
      </trkpt>
      <trkpt lat="44.228927" lon="15.551817">
        <ele>114.698302</ele>
        <time>2026-03-26T17:12:19.057Z</time>
      </trkpt>
      <trkpt lat="44.228872" lon="15.551646">
        <ele>114.586374</ele>
        <time>2026-03-26T17:12:21.646Z</time>
      </trkpt>
      <trkpt lat="44.228752" lon="15.551271">
        <ele>114.305532</ele>
        <time>2026-03-26T17:12:27.188Z</time>
      </trkpt>
      <trkpt lat="44.228657" lon="15.550869">
        <ele>113.981850</ele>
        <time>2026-03-26T17:12:32.745Z</time>
      </trkpt>
      <trkpt lat="44.228572" lon="15.550268">
        <ele>113.513419</ele>
        <time>2026-03-26T17:12:40.539Z</time>
      </trkpt>
      <trkpt lat="44.228547" lon="15.549634">
        <ele>113.027886</ele>
        <time>2026-03-26T17:12:48.389Z</time>
      </trkpt>
      <trkpt lat="44.228544" lon="15.548081">
        <ele>109.900304</ele>
        <time>2026-03-26T17:13:05.014Z</time>
      </trkpt>
      <trkpt lat="44.228543" lon="15.547997">
        <ele>109.660098</ele>
        <time>2026-03-26T17:13:05.852Z</time>
      </trkpt>
      <trkpt lat="44.228444" lon="15.547941">
        <ele>109.233858</ele>
        <time>2026-03-26T17:13:07.313Z</time>
      </trkpt>
      <trkpt lat="44.228325" lon="15.547966">
        <ele>108.753680</ele>
        <time>2026-03-26T17:13:08.945Z</time>
      </trkpt>
      <trkpt lat="44.228123" lon="15.548056">
        <ele>107.907589</ele>
        <time>2026-03-26T17:13:11.800Z</time>
      </trkpt>
      <trkpt lat="44.227932" lon="15.548117">
        <ele>107.125769</ele>
        <time>2026-03-26T17:13:14.407Z</time>
      </trkpt>
      <trkpt lat="44.227750" lon="15.548243">
        <ele>106.315111</ele>
        <time>2026-03-26T17:13:17.072Z</time>
      </trkpt>
      <trkpt lat="44.226672" lon="15.549777">
        <ele>98.831589</ele>
        <time>2026-03-26T17:13:37.395Z</time>
      </trkpt>
      <trkpt lat="44.226204" lon="15.550395">
        <ele>95.577696</ele>
        <time>2026-03-26T17:13:46.215Z</time>
      </trkpt>
      <trkpt lat="44.226034" lon="15.550591">
        <ele>94.440888</ele>
        <time>2026-03-26T17:13:49.250Z</time>
      </trkpt>
      <trkpt lat="44.225213" lon="15.551537">
        <ele>88.952084</ele>
        <time>2026-03-26T17:14:03.398Z</time>
      </trkpt>
      <trkpt lat="44.225056" lon="15.551611">
        <ele>88.097790</ele>
        <time>2026-03-26T17:14:05.551Z</time>
      </trkpt>
      <trkpt lat="44.225011" lon="15.551587">
        <ele>87.849438</ele>
        <time>2026-03-26T17:14:06.171Z</time>
      </trkpt>
      <trkpt lat="44.224917" lon="15.551600">
        <ele>87.362471</ele>
        <time>2026-03-26T17:14:07.404Z</time>
      </trkpt>
      <trkpt lat="44.224845" lon="15.551611">
        <ele>86.979035</ele>
        <time>2026-03-26T17:14:08.337Z</time>
      </trkpt>
      <trkpt lat="44.224725" lon="15.551561">
        <ele>86.255883</ele>
        <time>2026-03-26T17:14:09.956Z</time>
      </trkpt>
      <trkpt lat="44.224672" lon="15.551513">
        <ele>85.891039</ele>
        <time>2026-03-26T17:14:10.783Z</time>
      </trkpt>
      <trkpt lat="44.224623" lon="15.551427">
        <ele>85.436399</ele>
        <time>2026-03-26T17:14:11.790Z</time>
      </trkpt>
      <trkpt lat="44.224594" lon="15.551161">
        <ele>84.323035</ele>
        <time>2026-03-26T17:14:14.273Z</time>
      </trkpt>
      <trkpt lat="44.224664" lon="15.550362">
        <ele>80.992184</ele>
        <time>2026-03-26T17:14:21.664Z</time>
      </trkpt>
      <trkpt lat="44.224668" lon="15.550312">
        <ele>80.784001</ele>
        <time>2026-03-26T17:14:22.124Z</time>
      </trkpt>
      <trkpt lat="44.224737" lon="15.549539">
        <ele>77.560638</ele>
        <time>2026-03-26T17:14:29.390Z</time>
      </trkpt>
      <trkpt lat="44.224747" lon="15.549424">
        <ele>77.081282</ele>
        <time>2026-03-26T17:14:30.499Z</time>
      </trkpt>
      <trkpt lat="44.224840" lon="15.548336">
        <ele>73.797621</ele>
        <time>2026-03-26T17:14:41.124Z</time>
      </trkpt>
      <trkpt lat="44.224931" lon="15.547256">
        <ele>70.657051</ele>
        <time>2026-03-26T17:14:52.121Z</time>
      </trkpt>
      <trkpt lat="44.224972" lon="15.546764">
        <ele>69.249911</ele>
        <time>2026-03-26T17:14:57.315Z</time>
      </trkpt>
      <trkpt lat="44.225145" lon="15.544483">
        <ele>63.357516</ele>
        <time>2026-03-26T17:15:20.629Z</time>
      </trkpt>
      <trkpt lat="44.225140" lon="15.544358">
        <ele>63.035903</ele>
        <time>2026-03-26T17:15:21.852Z</time>
      </trkpt>
      <trkpt lat="44.225134" lon="15.544188">
        <ele>62.531467</ele>
        <time>2026-03-26T17:15:23.510Z</time>
      </trkpt>
      <trkpt lat="44.225066" lon="15.543513">
        <ele>60.479790</ele>
        <time>2026-03-26T17:15:30.137Z</time>
      </trkpt>
      <trkpt lat="44.224836" lon="15.542309">
        <ele>56.729276</ele>
        <time>2026-03-26T17:15:42.455Z</time>
      </trkpt>
      <trkpt lat="44.224744" lon="15.541830">
        <ele>55.215338</ele>
        <time>2026-03-26T17:15:47.348Z</time>
      </trkpt>
      <trkpt lat="44.224719" lon="15.541697">
        <ele>54.757122</ele>
        <time>2026-03-26T17:15:48.695Z</time>
      </trkpt>
      <trkpt lat="44.224541" lon="15.540811">
        <ele>51.690685</ele>
        <time>2026-03-26T17:15:57.586Z</time>
      </trkpt>
      <trkpt lat="44.224201" lon="15.539468">
        <ele>47.018096</ele>
        <time>2026-03-26T17:16:11.197Z</time>
      </trkpt>
      <trkpt lat="44.224069" lon="15.538706">
        <ele>45.930255</ele>
        <time>2026-03-26T17:16:18.918Z</time>
      </trkpt>
      <trkpt lat="44.224007" lon="15.538202">
        <ele>45.220650</ele>
        <time>2026-03-26T17:16:24.397Z</time>
      </trkpt>
      <trkpt lat="44.223998" lon="15.537824">
        <ele>44.695830</ele>
        <time>2026-03-26T17:16:28.860Z</time>
      </trkpt>
      <trkpt lat="44.224025" lon="15.537494">
        <ele>44.234931</ele>
        <time>2026-03-26T17:16:33.077Z</time>
      </trkpt>
      <trkpt lat="44.224042" lon="15.537331">
        <ele>44.006361</ele>
        <time>2026-03-26T17:16:35.298Z</time>
      </trkpt>
      <trkpt lat="44.224253" lon="15.536106">
        <ele>44.778956</ele>
        <time>2026-03-26T17:16:59.187Z</time>
      </trkpt>
      <trkpt lat="44.224268" lon="15.536068">
        <ele>44.832861</ele>
        <time>2026-03-26T17:17:00.211Z</time>
      </trkpt>
      <trkpt lat="44.224446" lon="15.535626">
        <ele>45.462825</ele>
        <time>2026-03-26T17:17:12.552Z</time>
      </trkpt>
      <trkpt lat="44.224466" lon="15.535576">
        <ele>45.533973</ele>
        <time>2026-03-26T17:17:13.943Z</time>
      </trkpt>
      <trkpt lat="44.224710" lon="15.535231">
        <ele>46.136243</ele>
        <time>2026-03-26T17:17:25.571Z</time>
      </trkpt>
      <trkpt lat="44.225136" lon="15.534626">
        <ele>45.986245</ele>
        <time>2026-03-26T17:17:42.129Z</time>
      </trkpt>
      <trkpt lat="44.225430" lon="15.534110">
        <ele>44.765713</ele>
        <time>2026-03-26T17:17:50.205Z</time>
      </trkpt>
      <trkpt lat="44.225509" lon="15.533900">
        <ele>44.326588</ele>
        <time>2026-03-26T17:17:52.891Z</time>
      </trkpt>
      <trkpt lat="44.225559" lon="15.533678">
        <ele>43.895741</ele>
        <time>2026-03-26T17:17:55.531Z</time>
      </trkpt>
      <trkpt lat="44.225672" lon="15.532895">
        <ele>42.416945</ele>
        <time>2026-03-26T17:18:02.859Z</time>
      </trkpt>
      <trkpt lat="44.225747" lon="15.532694">
        <ele>41.991742</ele>
        <time>2026-03-26T17:18:04.911Z</time>
      </trkpt>
      <trkpt lat="44.226026" lon="15.532438">
        <ele>41.050868</ele>
        <time>2026-03-26T17:18:09.172Z</time>
      </trkpt>
      <trkpt lat="44.225867" lon="15.532255">
        <ele>40.470122</ele>
        <time>2026-03-26T17:18:11.825Z</time>
      </trkpt>
      <trkpt lat="44.225819" lon="15.532199">
        <ele>40.293829</ele>
        <time>2026-03-26T17:18:12.641Z</time>
      </trkpt>
      <trkpt lat="44.224142" lon="15.530195">
        <ele>38.954972</ele>
        <time>2026-03-26T17:18:50.513Z</time>
      </trkpt>
      <trkpt lat="44.223937" lon="15.529994">
        <ele>39.429906</ele>
        <time>2026-03-26T17:19:02.020Z</time>
      </trkpt>
      <trkpt lat="44.223600" lon="15.529760">
        <ele>40.143442</ele>
        <time>2026-03-26T17:19:19.998Z</time>
      </trkpt>
      <trkpt lat="44.223527" lon="15.529722">
        <ele>40.291135</ele>
        <time>2026-03-26T17:19:24.075Z</time>
      </trkpt>
      <trkpt lat="44.223230" lon="15.529583">
        <ele>41.256384</ele>
        <time>2026-03-26T17:19:39.384Z</time>
      </trkpt>
      <trkpt lat="44.222676" lon="15.529326">
        <ele>43.212281</ele>
        <time>2026-03-26T17:20:06.058Z</time>
      </trkpt>
      <trkpt lat="44.222406" lon="15.529092">
        <ele>44.277108</ele>
        <time>2026-03-26T17:20:18.846Z</time>
      </trkpt>
      <trkpt lat="44.222320" lon="15.528989">
        <ele>44.656800</ele>
        <time>2026-03-26T17:20:22.368Z</time>
      </trkpt>
      <trkpt lat="44.222165" lon="15.528695">
        <ele>45.533100</ele>
        <time>2026-03-26T17:20:28.596Z</time>
      </trkpt>
      <trkpt lat="44.222108" lon="15.528558">
        <ele>45.913438</ele>
        <time>2026-03-26T17:20:30.892Z</time>
      </trkpt>
      <trkpt lat="44.222032" lon="15.528230">
        <ele>46.350739</ele>
        <time>2026-03-26T17:20:35.403Z</time>
      </trkpt>
      <trkpt lat="44.222006" lon="15.527934">
        <ele>46.177559</ele>
        <time>2026-03-26T17:20:38.957Z</time>
      </trkpt>
      <trkpt lat="44.222014" lon="15.527770">
        <ele>46.082101</ele>
        <time>2026-03-26T17:20:40.890Z</time>
      </trkpt>
      <trkpt lat="44.222116" lon="15.526959">
        <ele>45.603939</ele>
        <time>2026-03-26T17:20:50.463Z</time>
      </trkpt>
      <trkpt lat="44.222167" lon="15.526597">
        <ele>45.389696</ele>
        <time>2026-03-26T17:20:54.894Z</time>
      </trkpt>
      <trkpt lat="44.222342" lon="15.525409">
        <ele>45.023252</ele>
        <time>2026-03-26T17:21:09.956Z</time>
      </trkpt>
      <trkpt lat="44.222638" lon="15.523357">
        <ele>45.468456</ele>
        <time>2026-03-26T17:21:38.788Z</time>
      </trkpt>
      <trkpt lat="44.222684" lon="15.523007">
        <ele>46.563076</ele>
        <time>2026-03-26T17:21:46.762Z</time>
      </trkpt>
      <trkpt lat="44.222751" lon="15.522908">
        <ele>46.981954</ele>
        <time>2026-03-26T17:21:50.067Z</time>
      </trkpt>
      <trkpt lat="44.222787" lon="15.522639">
        <ele>47.823750</ele>
        <time>2026-03-26T17:21:57.041Z</time>
      </trkpt>
      <trkpt lat="44.222945" lon="15.522327">
        <ele>48.998965</ele>
        <time>2026-03-26T17:22:07.688Z</time>
      </trkpt>
      <trkpt lat="44.222982" lon="15.522297">
        <ele>49.182654</ele>
        <time>2026-03-26T17:22:09.425Z</time>
      </trkpt>
      <trkpt lat="44.223117" lon="15.522161">
        <ele>49.897380</ele>
        <time>2026-03-26T17:22:16.595Z</time>
      </trkpt>
      <trkpt lat="44.223171" lon="15.522069">
        <ele>50.263198</ele>
        <time>2026-03-26T17:22:20.448Z</time>
      </trkpt>
      <trkpt lat="44.223209" lon="15.521942">
        <ele>50.686554</ele>
        <time>2026-03-26T17:22:25.096Z</time>
      </trkpt>
      <trkpt lat="44.223405" lon="15.520864">
        <ele>54.866409</ele>
        <time>2026-03-26T17:23:07.656Z</time>
      </trkpt>
      <trkpt lat="44.223592" lon="15.520002">
        <ele>59.479879</ele>
        <time>2026-03-26T17:23:43.271Z</time>
      </trkpt>
      <trkpt lat="44.224399" lon="15.518206">
        <ele>69.974393</ele>
        <time>2026-03-26T17:25:08.364Z</time>
      </trkpt>
      <trkpt lat="44.224523" lon="15.517878">
        <ele>71.720723</ele>
        <time>2026-03-26T17:25:22.064Z</time>
      </trkpt>
      <trkpt lat="44.224922" lon="15.516211">
        <ele>79.818133</ele>
        <time>2026-03-26T17:26:24.145Z</time>
      </trkpt>
      <trkpt lat="44.225056" lon="15.515814">
        <ele>81.727565</ele>
        <time>2026-03-26T17:26:39.799Z</time>
      </trkpt>
      <trkpt lat="44.225571" lon="15.514756">
        <ele>87.292672</ele>
        <time>2026-03-26T17:27:26.343Z</time>
      </trkpt>
      <trkpt lat="44.226782" lon="15.512450">
        <ele>98.394521</ele>
        <time>2026-03-26T17:29:02.878Z</time>
      </trkpt>
      <trkpt lat="44.227084" lon="15.512059">
        <ele>99.454008</ele>
        <time>2026-03-26T17:29:18.805Z</time>
      </trkpt>
      <trkpt lat="44.227306" lon="15.511843">
        <ele>100.150031</ele>
        <time>2026-03-26T17:29:28.360Z</time>
      </trkpt>
      <trkpt lat="44.227531" lon="15.511671">
        <ele>100.809830</ele>
        <time>2026-03-26T17:29:36.537Z</time>
      </trkpt>
      <trkpt lat="44.227836" lon="15.511527">
        <ele>101.637920</ele>
        <time>2026-03-26T17:29:45.607Z</time>
      </trkpt>
      <trkpt lat="44.228165" lon="15.511454">
        <ele>102.494687</ele>
        <time>2026-03-26T17:29:54.115Z</time>
      </trkpt>
      <trkpt lat="44.229646" lon="15.511487">
        <ele>103.865963</ele>
        <time>2026-03-26T17:30:25.644Z</time>
      </trkpt>
      <trkpt lat="44.229960" lon="15.511333">
        <ele>104.105964</ele>
        <time>2026-03-26T17:30:33.278Z</time>
      </trkpt>
      <trkpt lat="44.230295" lon="15.511128">
        <ele>104.240338</ele>
        <time>2026-03-26T17:30:42.859Z</time>
      </trkpt>
      <trkpt lat="44.230598" lon="15.510526">
        <ele>104.306619</ele>
        <time>2026-03-26T17:30:57.005Z</time>
      </trkpt>
      <trkpt lat="44.230877" lon="15.509874">
        <ele>104.375038</ele>
        <time>2026-03-26T17:31:09.027Z</time>
      </trkpt>
      <trkpt lat="44.230994" lon="15.509702">
        <ele>104.396405</ele>
        <time>2026-03-26T17:31:12.002Z</time>
      </trkpt>
      <trkpt lat="44.231164" lon="15.509590">
        <ele>104.420043</ele>
        <time>2026-03-26T17:31:15.081Z</time>
      </trkpt>
      <trkpt lat="44.231347" lon="15.509537">
        <ele>104.336428</ele>
        <time>2026-03-26T17:31:17.983Z</time>
      </trkpt>
      <trkpt lat="44.231517" lon="15.509572">
        <ele>103.829344</ele>
        <time>2026-03-26T17:31:20.547Z</time>
      </trkpt>
      <trkpt lat="44.231648" lon="15.509644">
        <ele>103.413877</ele>
        <time>2026-03-26T17:31:22.610Z</time>
      </trkpt>
      <trkpt lat="44.231804" lon="15.509729">
        <ele>102.919695</ele>
        <time>2026-03-26T17:31:24.999Z</time>
      </trkpt>
      <trkpt lat="44.232409" lon="15.510252">
        <ele>100.819657</ele>
        <time>2026-03-26T17:31:34.937Z</time>
      </trkpt>
      <trkpt lat="44.232523" lon="15.510268">
        <ele>100.481556</ele>
        <time>2026-03-26T17:31:36.550Z</time>
      </trkpt>
      <trkpt lat="44.232833" lon="15.510241">
        <ele>99.564993</ele>
        <time>2026-03-26T17:31:40.991Z</time>
      </trkpt>
      <trkpt lat="44.233328" lon="15.510044">
        <ele>98.665835</ele>
        <time>2026-03-26T17:31:48.729Z</time>
      </trkpt>
      <trkpt lat="44.233673" lon="15.509851">
        <ele>98.195282</ele>
        <time>2026-03-26T17:31:54.761Z</time>
      </trkpt>
      <trkpt lat="44.233932" lon="15.509492">
        <ele>97.733154</ele>
        <time>2026-03-26T17:32:00.810Z</time>
      </trkpt>
      <trkpt lat="44.234255" lon="15.508561">
        <ele>96.879376</ele>
        <time>2026-03-26T17:32:14.017Z</time>
      </trkpt>
      <trkpt lat="44.234388" lon="15.508176">
        <ele>97.041801</ele>
        <time>2026-03-26T17:32:20.302Z</time>
      </trkpt>
      <trkpt lat="44.235082" lon="15.506128">
        <ele>97.740163</ele>
        <time>2026-03-26T17:32:58.156Z</time>
      </trkpt>
      <trkpt lat="44.235156" lon="15.505975">
        <ele>97.689415</ele>
        <time>2026-03-26T17:33:00.902Z</time>
      </trkpt>
      <trkpt lat="44.235614" lon="15.505197">
        <ele>97.412602</ele>
        <time>2026-03-26T17:33:14.367Z</time>
      </trkpt>
      <trkpt lat="44.236000" lon="15.504659">
        <ele>97.203294</ele>
        <time>2026-03-26T17:33:23.597Z</time>
      </trkpt>
      <trkpt lat="44.236424" lon="15.503941">
        <ele>96.694407</ele>
        <time>2026-03-26T17:33:34.641Z</time>
      </trkpt>
      <trkpt lat="44.237094" lon="15.503022">
        <ele>95.799761</ele>
        <time>2026-03-26T17:33:50.089Z</time>
      </trkpt>
      <trkpt lat="44.237184" lon="15.502851">
        <ele>95.654981</ele>
        <time>2026-03-26T17:33:52.699Z</time>
      </trkpt>
      <trkpt lat="44.237270" lon="15.502619">
        <ele>95.476745</ele>
        <time>2026-03-26T17:33:55.966Z</time>
      </trkpt>
      <trkpt lat="44.237332" lon="15.502428">
        <ele>95.459513</ele>
        <time>2026-03-26T17:33:58.665Z</time>
      </trkpt>
      <trkpt lat="44.237392" lon="15.502026">
        <ele>95.671694</ele>
        <time>2026-03-26T17:34:04.140Z</time>
      </trkpt>
      <trkpt lat="44.237573" lon="15.499881">
        <ele>96.956156</ele>
        <time>2026-03-26T17:34:41.485Z</time>
      </trkpt>
      <trkpt lat="44.238247" lon="15.493182">
        <ele>106.719780</ele>
        <time>2026-03-26T17:37:08.698Z</time>
      </trkpt>
      <trkpt lat="44.238593" lon="15.492012">
        <ele>107.392170</ele>
        <time>2026-03-26T17:37:27.364Z</time>
      </trkpt>
      <trkpt lat="44.239489" lon="15.488981">
        <ele>107.677708</ele>
        <time>2026-03-26T17:38:10.095Z</time>
      </trkpt>
      <trkpt lat="44.240679" lon="15.484861">
        <ele>110.944530</ele>
        <time>2026-03-26T17:39:33.802Z</time>
      </trkpt>
      <trkpt lat="44.241642" lon="15.481715">
        <ele>112.068830</ele>
        <time>2026-03-26T17:40:24.703Z</time>
      </trkpt>
      <trkpt lat="44.242242" lon="15.479721">
        <ele>112.885829</ele>
        <time>2026-03-26T17:40:54.514Z</time>
      </trkpt>
      <trkpt lat="44.242897" lon="15.477284">
        <ele>115.526348</ele>
        <time>2026-03-26T17:41:44.826Z</time>
      </trkpt>
      <trkpt lat="44.242935" lon="15.477145">
        <ele>115.733604</ele>
        <time>2026-03-26T17:41:47.988Z</time>
      </trkpt>
      <trkpt lat="44.242984" lon="15.476683">
        <ele>116.384213</ele>
        <time>2026-03-26T17:41:57.940Z</time>
      </trkpt>
      <trkpt lat="44.243098" lon="15.475281">
        <ele>118.685441</ele>
        <time>2026-03-26T17:42:32.195Z</time>
      </trkpt>
      <trkpt lat="44.243142" lon="15.475090">
        <ele>119.030674</ele>
        <time>2026-03-26T17:42:36.917Z</time>
      </trkpt>
      <trkpt lat="44.243216" lon="15.474848">
        <ele>119.483437</ele>
        <time>2026-03-26T17:42:43.023Z</time>
      </trkpt>
      <trkpt lat="44.243393" lon="15.474458">
        <ele>120.277853</ele>
        <time>2026-03-26T17:42:53.504Z</time>
      </trkpt>
      <trkpt lat="44.243576" lon="15.474123">
        <ele>121.002761</ele>
        <time>2026-03-26T17:43:02.887Z</time>
      </trkpt>
      <trkpt lat="44.244596" lon="15.472533">
        <ele>122.258992</ele>
        <time>2026-03-26T17:43:38.014Z</time>
      </trkpt>
      <trkpt lat="44.244704" lon="15.472423">
        <ele>122.354033</ele>
        <time>2026-03-26T17:43:40.394Z</time>
      </trkpt>
      <trkpt lat="44.245521" lon="15.471685">
        <ele>123.198024</ele>
        <time>2026-03-26T17:43:59.381Z</time>
      </trkpt>
      <trkpt lat="44.245983" lon="15.471180">
        <ele>123.736329</ele>
        <time>2026-03-26T17:44:13.903Z</time>
      </trkpt>
      <trkpt lat="44.246402" lon="15.470559">
        <ele>124.282577</ele>
        <time>2026-03-26T17:44:31.141Z</time>
      </trkpt>
      <trkpt lat="44.246775" lon="15.469739">
        <ele>124.847540</ele>
        <time>2026-03-26T17:44:50.496Z</time>
      </trkpt>
      <trkpt lat="44.246924" lon="15.469372">
        <ele>125.092894</ele>
        <time>2026-03-26T17:44:57.969Z</time>
      </trkpt>
      <trkpt lat="44.247002" lon="15.469106">
        <ele>125.260066</ele>
        <time>2026-03-26T17:45:02.467Z</time>
      </trkpt>
      <trkpt lat="44.247028" lon="15.468870">
        <ele>125.398942</ele>
        <time>2026-03-26T17:45:05.909Z</time>
      </trkpt>
      <trkpt lat="44.247036" lon="15.468750">
        <ele>125.469038</ele>
        <time>2026-03-26T17:45:07.579Z</time>
      </trkpt>
      <trkpt lat="44.247028" lon="15.467870">
        <ele>124.538198</ele>
        <time>2026-03-26T17:45:18.304Z</time>
      </trkpt>
      <trkpt lat="44.247074" lon="15.467493">
        <ele>123.840149</ele>
        <time>2026-03-26T17:45:22.508Z</time>
      </trkpt>
      <trkpt lat="44.247256" lon="15.467092">
        <ele>122.973658</ele>
        <time>2026-03-26T17:45:27.457Z</time>
      </trkpt>
      <trkpt lat="44.247501" lon="15.466809">
        <ele>122.163374</ele>
        <time>2026-03-26T17:45:31.938Z</time>
      </trkpt>
      <trkpt lat="44.248077" lon="15.466202">
        <ele>120.492974</ele>
        <time>2026-03-26T17:45:41.967Z</time>
      </trkpt>
      <trkpt lat="44.248174" lon="15.465876">
        <ele>119.998486</ele>
        <time>2026-03-26T17:45:45.546Z</time>
      </trkpt>
      <trkpt lat="44.248162" lon="15.465208">
        <ele>119.062461</ele>
        <time>2026-03-26T17:45:52.508Z</time>
      </trkpt>
      <trkpt lat="44.248229" lon="15.464944">
        <ele>118.670128</ele>
        <time>2026-03-26T17:45:55.595Z</time>
      </trkpt>
      <trkpt lat="44.248311" lon="15.464836">
        <ele>118.449672</ele>
        <time>2026-03-26T17:45:57.362Z</time>
      </trkpt>
      <trkpt lat="44.248203" lon="15.464630">
        <ele>118.092079</ele>
        <time>2026-03-26T17:46:00.470Z</time>
      </trkpt>
      <trkpt lat="44.248182" lon="15.464526">
        <ele>117.940719</ele>
        <time>2026-03-26T17:46:01.874Z</time>
      </trkpt>
      <trkpt lat="44.248223" lon="15.464438">
        <ele>117.793669</ele>
        <time>2026-03-26T17:46:03.299Z</time>
      </trkpt>
      <trkpt lat="44.248273" lon="15.464402">
        <ele>117.683654</ele>
        <time>2026-03-26T17:46:04.459Z</time>
      </trkpt>
      <trkpt lat="44.248340" lon="15.464404">
        <ele>117.552603</ele>
        <time>2026-03-26T17:46:05.794Z</time>
      </trkpt>
      <trkpt lat="44.248807" lon="15.464738">
        <ele>120.439190</ele>
        <time>2026-03-26T17:46:21.738Z</time>
      </trkpt>
      <trkpt lat="44.249015" lon="15.464793">
        <ele>121.636351</ele>
        <time>2026-03-26T17:46:30.588Z</time>
      </trkpt>
      <trkpt lat="44.249353" lon="15.464657">
        <ele>123.625561</ele>
        <time>2026-03-26T17:46:47.943Z</time>
      </trkpt>
      <trkpt lat="44.249651" lon="15.464249">
        <ele>125.985929</ele>
        <time>2026-03-26T17:47:13.144Z</time>
      </trkpt>
      <trkpt lat="44.249950" lon="15.463460">
        <ele>130.716035</ele>
        <time>2026-03-26T17:47:57.756Z</time>
      </trkpt>
      <trkpt lat="44.250138" lon="15.462735">
        <ele>135.672680</ele>
        <time>2026-03-26T17:48:36.816Z</time>
      </trkpt>
      <trkpt lat="44.249944" lon="15.461121">
        <ele>145.621141</ele>
        <time>2026-03-26T17:49:47.968Z</time>
      </trkpt>
      <trkpt lat="44.249912" lon="15.460297">
        <ele>149.633313</ele>
        <time>2026-03-26T17:50:18.814Z</time>
      </trkpt>
      <trkpt lat="44.249866" lon="15.459091">
        <ele>155.505197</ele>
        <time>2026-03-26T17:51:01.950Z</time>
      </trkpt>
      <trkpt lat="44.249814" lon="15.457015">
        <ele>165.665286</ele>
        <time>2026-03-26T17:52:20.319Z</time>
      </trkpt>
      <trkpt lat="44.249755" lon="15.456770">
        <ele>166.929942</ele>
        <time>2026-03-26T17:52:30.723Z</time>
      </trkpt>
      <trkpt lat="44.249651" lon="15.456761">
        <ele>167.641682</ele>
        <time>2026-03-26T17:52:36.598Z</time>
      </trkpt>
      <trkpt lat="44.248833" lon="15.457468">
        <ele>174.600371</ele>
        <time>2026-03-26T17:53:31.174Z</time>
      </trkpt>
      <trkpt lat="44.248703" lon="15.457495">
        <ele>175.557289</ele>
        <time>2026-03-26T17:53:38.531Z</time>
      </trkpt>
      <trkpt lat="44.248612" lon="15.457422">
        <ele>176.321437</ele>
        <time>2026-03-26T17:53:44.355Z</time>
      </trkpt>
      <trkpt lat="44.248625" lon="15.457232">
        <ele>177.316864</ele>
        <time>2026-03-26T17:53:51.915Z</time>
      </trkpt>
      <trkpt lat="44.249112" lon="15.455782">
        <ele>185.538501</ele>
        <time>2026-03-26T17:54:54.801Z</time>
      </trkpt>
      <trkpt lat="44.249119" lon="15.455555">
        <ele>186.686926</ele>
        <time>2026-03-26T17:55:03.735Z</time>
      </trkpt>
      <trkpt lat="44.249072" lon="15.455479">
        <ele>187.194419</ele>
        <time>2026-03-26T17:55:07.699Z</time>
      </trkpt>
      <trkpt lat="44.248988" lon="15.455444">
        <ele>187.812979</ele>
        <time>2026-03-26T17:55:12.541Z</time>
      </trkpt>
      <trkpt lat="44.248522" lon="15.455464">
        <ele>191.102732</ele>
        <time>2026-03-26T17:55:38.335Z</time>
      </trkpt>
      <trkpt lat="44.248270" lon="15.455412">
        <ele>192.900220</ele>
        <time>2026-03-26T17:55:52.293Z</time>
      </trkpt>
      <trkpt lat="44.247762" lon="15.455248">
        <ele>196.250916</ele>
        <time>2026-03-26T17:56:20.131Z</time>
      </trkpt>
      <trkpt lat="44.247467" lon="15.455106">
        <ele>198.157902</ele>
        <time>2026-03-26T17:56:35.962Z</time>
      </trkpt>
      <trkpt lat="44.247229" lon="15.454993">
        <ele>199.694204</ele>
        <time>2026-03-26T17:56:48.299Z</time>
      </trkpt>
      <trkpt lat="44.246729" lon="15.454467">
        <ele>203.520332</ele>
        <time>2026-03-26T17:57:18.385Z</time>
      </trkpt>
      <trkpt lat="44.246171" lon="15.454249">
        <ele>206.740703</ele>
        <time>2026-03-26T17:57:45.756Z</time>
      </trkpt>
      <trkpt lat="44.245801" lon="15.453996">
        <ele>208.842885</ele>
        <time>2026-03-26T17:58:05.297Z</time>
      </trkpt>
      <trkpt lat="44.244703" lon="15.453814">
        <ele>214.438845</ele>
        <time>2026-03-26T17:58:53.259Z</time>
      </trkpt>
      <trkpt lat="44.244260" lon="15.453413">
        <ele>216.479328</ele>
        <time>2026-03-26T17:59:14.872Z</time>
      </trkpt>
      <trkpt lat="44.243872" lon="15.453062">
        <ele>218.266158</ele>
        <time>2026-03-26T17:59:32.657Z</time>
      </trkpt>
      <trkpt lat="44.243573" lon="15.452926">
        <ele>219.481485</ele>
        <time>2026-03-26T17:59:44.241Z</time>
      </trkpt>
      <trkpt lat="44.241871" lon="15.452627">
        <ele>224.165154</ele>
        <time>2026-03-26T18:00:44.659Z</time>
      </trkpt>
      <trkpt lat="44.241319" lon="15.452409">
        <ele>225.335117</ele>
        <time>2026-03-26T18:00:58.943Z</time>
      </trkpt>
      <trkpt lat="44.241136" lon="15.452188">
        <ele>224.742881</ele>
        <time>2026-03-26T18:01:03.468Z</time>
      </trkpt>
      <trkpt lat="44.241034" lon="15.452065">
        <ele>224.412988</ele>
        <time>2026-03-26T18:01:05.791Z</time>
      </trkpt>
      <trkpt lat="44.240952" lon="15.451900">
        <ele>224.060891</ele>
        <time>2026-03-26T18:01:08.137Z</time>
      </trkpt>
      <trkpt lat="44.240752" lon="15.451492">
        <ele>223.194085</ele>
        <time>2026-03-26T18:01:13.567Z</time>
      </trkpt>
      <trkpt lat="44.240689" lon="15.451031">
        <ele>222.371208</ele>
        <time>2026-03-26T18:01:18.407Z</time>
      </trkpt>
      <trkpt lat="44.240794" lon="15.450336">
        <ele>221.125816</ele>
        <time>2026-03-26T18:01:25.367Z</time>
      </trkpt>
      <trkpt lat="44.241055" lon="15.448605">
        <ele>214.021208</ele>
        <time>2026-03-26T18:01:41.993Z</time>
      </trkpt>
      <trkpt lat="44.241051" lon="15.448398">
        <ele>213.172211</ele>
        <time>2026-03-26T18:01:43.893Z</time>
      </trkpt>
      <trkpt lat="44.240937" lon="15.447660">
        <ele>210.043996</ele>
        <time>2026-03-26T18:01:50.748Z</time>
      </trkpt>
      <trkpt lat="44.240928" lon="15.447400">
        <ele>208.922298</ele>
        <time>2026-03-26T18:01:53.121Z</time>
      </trkpt>
      <trkpt lat="44.240916" lon="15.446417">
        <ele>204.685744</ele>
        <time>2026-03-26T18:02:02.127Z</time>
      </trkpt>
      <trkpt lat="44.240888" lon="15.445534">
        <ele>200.876997</ele>
        <time>2026-03-26T18:02:10.281Z</time>
      </trkpt>
      <trkpt lat="44.240789" lon="15.445132">
        <ele>199.493778</ele>
        <time>2026-03-26T18:02:14.373Z</time>
      </trkpt>
      <trkpt lat="44.240450" lon="15.444416">
        <ele>197.729252</ele>
        <time>2026-03-26T18:02:23.052Z</time>
      </trkpt>
      <trkpt lat="44.240377" lon="15.444261">
        <ele>197.347877</ele>
        <time>2026-03-26T18:02:24.897Z</time>
      </trkpt>
      <trkpt lat="44.240627" lon="15.443889">
        <ele>196.299203</ele>
        <time>2026-03-26T18:02:30.523Z</time>
      </trkpt>
      <trkpt lat="44.240734" lon="15.443673">
        <ele>195.759282</ele>
        <time>2026-03-26T18:02:33.613Z</time>
      </trkpt>
      <trkpt lat="44.240789" lon="15.443424">
        <ele>195.223559</ele>
        <time>2026-03-26T18:02:36.855Z</time>
      </trkpt>
      <trkpt lat="44.240755" lon="15.443293">
        <ele>194.937094</ele>
        <time>2026-03-26T18:02:38.750Z</time>
      </trkpt>
      <trkpt lat="44.240684" lon="15.443187">
        <ele>194.779294</ele>
        <time>2026-03-26T18:02:40.732Z</time>
      </trkpt>
      <trkpt lat="44.240650" lon="15.442977">
        <ele>194.943447</ele>
        <time>2026-03-26T18:02:44.165Z</time>
      </trkpt>
      <trkpt lat="44.240830" lon="15.442878">
        <ele>195.149349</ele>
        <time>2026-03-26T18:02:49.097Z</time>
      </trkpt>
      <trkpt lat="44.241266" lon="15.442775">
        <ele>195.619966</ele>
        <time>2026-03-26T18:02:59.918Z</time>
      </trkpt>
      <trkpt lat="44.241494" lon="15.442887">
        <ele>195.877205</ele>
        <time>2026-03-26T18:03:06.407Z</time>
      </trkpt>
      <trkpt lat="44.241696" lon="15.443133">
        <ele>196.162504</ele>
        <time>2026-03-26T18:03:14.588Z</time>
      </trkpt>
      <trkpt lat="44.241901" lon="15.443469">
        <ele>196.498997</ele>
        <time>2026-03-26T18:03:24.678Z</time>
      </trkpt>
      <trkpt lat="44.242129" lon="15.443703">
        <ele>196.669164</ele>
        <time>2026-03-26T18:03:33.513Z</time>
      </trkpt>
      <trkpt lat="44.242684" lon="15.444170">
        <ele>196.734307</ele>
        <time>2026-03-26T18:03:50.404Z</time>
      </trkpt>
      <trkpt lat="44.242870" lon="15.444177">
        <ele>196.753011</ele>
        <time>2026-03-26T18:03:54.240Z</time>
      </trkpt>
      <trkpt lat="44.243071" lon="15.444110">
        <ele>196.773785</ele>
        <time>2026-03-26T18:03:58.278Z</time>
      </trkpt>
      <trkpt lat="44.243212" lon="15.443631">
        <ele>196.811078</ele>
        <time>2026-03-26T18:04:05.014Z</time>
      </trkpt>
      <trkpt lat="44.243297" lon="15.443344">
        <ele>196.833442</ele>
        <time>2026-03-26T18:04:08.863Z</time>
      </trkpt>
      <trkpt lat="44.243600" lon="15.442711">
        <ele>195.572228</ele>
        <time>2026-03-26T18:04:17.653Z</time>
      </trkpt>
      <trkpt lat="44.243677" lon="15.442282">
        <ele>194.797445</ele>
        <time>2026-03-26T18:04:22.458Z</time>
      </trkpt>
      <trkpt lat="44.243712" lon="15.441761">
        <ele>193.880716</ele>
        <time>2026-03-26T18:04:28.385Z</time>
      </trkpt>
      <trkpt lat="44.243659" lon="15.440974">
        <ele>192.495914</ele>
        <time>2026-03-26T18:04:37.567Z</time>
      </trkpt>
      <trkpt lat="44.243666" lon="15.440760">
        <ele>192.002121</ele>
        <time>2026-03-26T18:04:39.990Z</time>
      </trkpt>
      <trkpt lat="44.243673" lon="15.440715">
        <ele>191.891310</ele>
        <time>2026-03-26T18:04:40.504Z</time>
      </trkpt>
      <trkpt lat="44.243919" lon="15.440393">
        <ele>190.758510</ele>
        <time>2026-03-26T18:04:45.708Z</time>
      </trkpt>
      <trkpt lat="44.243951" lon="15.440278">
        <ele>190.461634</ele>
        <time>2026-03-26T18:04:47.042Z</time>
      </trkpt>
      <trkpt lat="44.243964" lon="15.440229">
        <ele>190.335895</ele>
        <time>2026-03-26T18:04:47.620Z</time>
      </trkpt>
      <trkpt lat="44.243939" lon="15.439986">
        <ele>189.745146</ele>
        <time>2026-03-26T18:04:50.306Z</time>
      </trkpt>
      <trkpt lat="44.243982" lon="15.439678">
        <ele>188.990039</ele>
        <time>2026-03-26T18:04:53.732Z</time>
      </trkpt>
      <trkpt lat="44.243981" lon="15.439481">
        <ele>188.515971</ele>
        <time>2026-03-26T18:04:55.907Z</time>
      </trkpt>
      <trkpt lat="44.243942" lon="15.439321">
        <ele>188.109274</ele>
        <time>2026-03-26T18:04:57.777Z</time>
      </trkpt>
      <trkpt lat="44.243815" lon="15.439131">
        <ele>187.483946</ele>
        <time>2026-03-26T18:05:00.586Z</time>
      </trkpt>
      <trkpt lat="44.243699" lon="15.438899">
        <ele>186.803131</ele>
        <time>2026-03-26T18:05:03.531Z</time>
      </trkpt>
      <trkpt lat="44.243646" lon="15.438596">
        <ele>186.022190</ele>
        <time>2026-03-26T18:05:06.716Z</time>
      </trkpt>
      <trkpt lat="44.243281" lon="15.437523">
        <ele>182.910909</ele>
        <time>2026-03-26T18:05:19.057Z</time>
      </trkpt>
      <trkpt lat="44.243035" lon="15.437250">
        <ele>181.761845</ele>
        <time>2026-03-26T18:05:23.791Z</time>
      </trkpt>
      <trkpt lat="44.242866" lon="15.436864">
        <ele>180.576910</ele>
        <time>2026-03-26T18:05:28.783Z</time>
      </trkpt>
      <trkpt lat="44.242428" lon="15.436628">
        <ele>179.482754</ele>
        <time>2026-03-26T18:05:36.308Z</time>
      </trkpt>
      <trkpt lat="44.242231" lon="15.436426">
        <ele>179.168939</ele>
        <time>2026-03-26T18:05:40.362Z</time>
      </trkpt>
      <trkpt lat="44.241971" lon="15.436086">
        <ele>178.711554</ele>
        <time>2026-03-26T18:05:46.456Z</time>
      </trkpt>
      <trkpt lat="44.241771" lon="15.435685">
        <ele>178.262168</ele>
        <time>2026-03-26T18:05:52.725Z</time>
      </trkpt>
      <trkpt lat="44.241302" lon="15.435571">
        <ele>177.650998</ele>
        <time>2026-03-26T18:06:07.240Z</time>
      </trkpt>
      <trkpt lat="44.241075" lon="15.435352">
        <ele>177.504548</ele>
        <time>2026-03-26T18:06:15.886Z</time>
      </trkpt>
      <trkpt lat="44.240704" lon="15.434817">
        <ele>177.485586</ele>
        <time>2026-03-26T18:06:32.509Z</time>
      </trkpt>
      <trkpt lat="44.240387" lon="15.434477">
        <ele>177.471374</ele>
        <time>2026-03-26T18:06:45.111Z</time>
      </trkpt>
      <trkpt lat="44.239768" lon="15.433993">
        <ele>177.448920</ele>
        <time>2026-03-26T18:07:08.511Z</time>
      </trkpt>
      <trkpt lat="44.239613" lon="15.433610">
        <ele>177.520428</ele>
        <time>2026-03-26T18:07:19.036Z</time>
      </trkpt>
      <trkpt lat="44.239561" lon="15.433223">
        <ele>177.584435</ele>
        <time>2026-03-26T18:07:28.456Z</time>
      </trkpt>
      <trkpt lat="44.239502" lon="15.432449">
        <ele>177.710967</ele>
        <time>2026-03-26T18:07:47.316Z</time>
      </trkpt>
      <trkpt lat="44.239422" lon="15.431952">
        <ele>177.793774</ele>
        <time>2026-03-26T18:07:59.534Z</time>
      </trkpt>
      <trkpt lat="44.239589" lon="15.431067">
        <ele>177.387480</ele>
        <time>2026-03-26T18:08:20.170Z</time>
      </trkpt>
      <trkpt lat="44.239749" lon="15.430459">
        <ele>176.827872</ele>
        <time>2026-03-26T18:08:33.838Z</time>
      </trkpt>
      <trkpt lat="44.239930" lon="15.430132">
        <ele>176.470858</ele>
        <time>2026-03-26T18:08:42.260Z</time>
      </trkpt>
      <trkpt lat="44.240061" lon="15.429794">
        <ele>176.138846</ele>
        <time>2026-03-26T18:08:49.905Z</time>
      </trkpt>
      <trkpt lat="44.240053" lon="15.429472">
        <ele>175.860484</ele>
        <time>2026-03-26T18:08:56.206Z</time>
      </trkpt>
      <trkpt lat="44.240234" lon="15.428683">
        <ele>174.800133</ele>
        <time>2026-03-26T18:09:12.133Z</time>
      </trkpt>
      <trkpt lat="44.240227" lon="15.428240">
        <ele>174.173406</ele>
        <time>2026-03-26T18:09:20.609Z</time>
      </trkpt>
      <trkpt lat="44.240411" lon="15.428038">
        <ele>173.711251</ele>
        <time>2026-03-26T18:09:26.884Z</time>
      </trkpt>
      <trkpt lat="44.240568" lon="15.427966">
        <ele>173.384994</ele>
        <time>2026-03-26T18:09:31.385Z</time>
      </trkpt>
      <trkpt lat="44.240746" lon="15.427769">
        <ele>172.936520</ele>
        <time>2026-03-26T18:09:37.643Z</time>
      </trkpt>
      <trkpt lat="44.240976" lon="15.427319">
        <ele>172.154677</ele>
        <time>2026-03-26T18:09:48.809Z</time>
      </trkpt>
      <trkpt lat="44.241194" lon="15.427030">
        <ele>171.963377</ele>
        <time>2026-03-26T18:09:57.548Z</time>
      </trkpt>
      <trkpt lat="44.241295" lon="15.426917">
        <ele>171.887068</ele>
        <time>2026-03-26T18:10:01.380Z</time>
      </trkpt>
      <trkpt lat="44.241437" lon="15.426759">
        <ele>171.780012</ele>
        <time>2026-03-26T18:10:06.800Z</time>
      </trkpt>
      <trkpt lat="44.240199" lon="15.425497">
        <ele>170.915957</ele>
        <time>2026-03-26T18:10:35.133Z</time>
      </trkpt>
      <trkpt lat="44.239800" lon="15.425143">
        <ele>170.693109</ele>
        <time>2026-03-26T18:10:43.770Z</time>
      </trkpt>
      <trkpt lat="44.239671" lon="15.424995">
        <ele>170.614401</ele>
        <time>2026-03-26T18:10:46.773Z</time>
      </trkpt>
      <trkpt lat="44.239628" lon="15.424817">
        <ele>170.550966</ele>
        <time>2026-03-26T18:10:49.185Z</time>
      </trkpt>
      <trkpt lat="44.239576" lon="15.424387">
        <ele>170.403704</ele>
        <time>2026-03-26T18:10:54.773Z</time>
      </trkpt>
      <trkpt lat="44.239478" lon="15.424072">
        <ele>170.287734</ele>
        <time>2026-03-26T18:10:59.128Z</time>
      </trkpt>
      <trkpt lat="44.239074" lon="15.423621">
        <ele>169.203142</ele>
        <time>2026-03-26T18:11:07.964Z</time>
      </trkpt>
      <trkpt lat="44.238786" lon="15.423053">
        <ele>167.886079</ele>
        <time>2026-03-26T18:11:16.147Z</time>
      </trkpt>
      <trkpt lat="44.238477" lon="15.422064">
        <ele>165.843917</ele>
        <time>2026-03-26T18:11:27.359Z</time>
      </trkpt>
      <trkpt lat="44.238460" lon="15.422041">
        <ele>165.781370</ele>
        <time>2026-03-26T18:11:27.677Z</time>
      </trkpt>
      <trkpt lat="44.238370" lon="15.421919">
        <ele>165.391796</ele>
        <time>2026-03-26T18:11:29.345Z</time>
      </trkpt>
      <trkpt lat="44.238031" lon="15.421720">
        <ele>162.143707</ele>
        <time>2026-03-26T18:11:34.029Z</time>
      </trkpt>
      <trkpt lat="44.237778" lon="15.421441">
        <ele>159.295932</ele>
        <time>2026-03-26T18:11:38.008Z</time>
      </trkpt>
      <trkpt lat="44.237614" lon="15.421218">
        <ele>157.273752</ele>
        <time>2026-03-26T18:11:40.774Z</time>
      </trkpt>
      <trkpt lat="44.237268" lon="15.420027">
        <ele>149.119428</ele>
        <time>2026-03-26T18:11:51.665Z</time>
      </trkpt>
      <trkpt lat="44.237198" lon="15.419897">
        <ele>148.039947</ele>
        <time>2026-03-26T18:11:53.043Z</time>
      </trkpt>
      <trkpt lat="44.236986" lon="15.419837">
        <ele>146.035792</ele>
        <time>2026-03-26T18:11:55.584Z</time>
      </trkpt>
      <trkpt lat="44.236825" lon="15.419886">
        <ele>144.509076</ele>
        <time>2026-03-26T18:11:57.532Z</time>
      </trkpt>
      <trkpt lat="44.236775" lon="15.419843">
        <ele>143.964948</ele>
        <time>2026-03-26T18:11:58.226Z</time>
      </trkpt>
      <trkpt lat="44.236711" lon="15.419228">
        <ele>139.839716</ele>
        <time>2026-03-26T18:12:03.518Z</time>
      </trkpt>
      <trkpt lat="44.236630" lon="15.418986">
        <ele>138.066656</ele>
        <time>2026-03-26T18:12:05.827Z</time>
      </trkpt>
      <trkpt lat="44.236506" lon="15.418813">
        <ele>136.442258</ele>
        <time>2026-03-26T18:12:07.987Z</time>
      </trkpt>
      <trkpt lat="44.236156" lon="15.418587">
        <ele>132.905937</ele>
        <time>2026-03-26T18:12:13.141Z</time>
      </trkpt>
      <trkpt lat="44.235983" lon="15.418539">
        <ele>132.355503</ele>
        <time>2026-03-26T18:12:15.566Z</time>
      </trkpt>
      <trkpt lat="44.236030" lon="15.418241">
        <ele>131.673267</ele>
        <time>2026-03-26T18:12:20.781Z</time>
      </trkpt>
      <trkpt lat="44.236183" lon="15.417928">
        <ele>130.826086</ele>
        <time>2026-03-26T18:12:27.474Z</time>
      </trkpt>
      <trkpt lat="44.236425" lon="15.417590">
        <ele>129.757713</ele>
        <time>2026-03-26T18:12:36.446Z</time>
      </trkpt>
      <trkpt lat="44.236468" lon="15.417425">
        <ele>129.365153</ele>
        <time>2026-03-26T18:12:39.931Z</time>
      </trkpt>
      <trkpt lat="44.236483" lon="15.417091">
        <ele>128.616919</ele>
        <time>2026-03-26T18:12:46.864Z</time>
      </trkpt>
      <trkpt lat="44.236541" lon="15.416884">
        <ele>128.119969</ele>
        <time>2026-03-26T18:12:51.640Z</time>
      </trkpt>
      <trkpt lat="44.236667" lon="15.416667">
        <ele>127.495468</ele>
        <time>2026-03-26T18:12:57.668Z</time>
      </trkpt>
      <trkpt lat="44.236790" lon="15.416426">
        <ele>127.290630</ele>
        <time>2026-03-26T18:13:01.631Z</time>
      </trkpt>
      <trkpt lat="44.236822" lon="15.416251">
        <ele>127.272878</ele>
        <time>2026-03-26T18:13:04.160Z</time>
      </trkpt>
      <trkpt lat="44.236859" lon="15.415868">
        <ele>127.234893</ele>
        <time>2026-03-26T18:13:09.914Z</time>
      </trkpt>
      <trkpt lat="44.236883" lon="15.415237">
        <ele>127.172786</ele>
        <time>2026-03-26T18:13:19.686Z</time>
      </trkpt>
      <trkpt lat="44.236967" lon="15.414943">
        <ele>127.141676</ele>
        <time>2026-03-26T18:13:24.371Z</time>
      </trkpt>
      <trkpt lat="44.237194" lon="15.414763">
        <ele>127.105860</ele>
        <time>2026-03-26T18:13:29.724Z</time>
      </trkpt>
      <trkpt lat="44.237297" lon="15.414575">
        <ele>127.082599</ele>
        <time>2026-03-26T18:13:33.199Z</time>
      </trkpt>
      <trkpt lat="44.237347" lon="15.414376">
        <ele>127.034107</ele>
        <time>2026-03-26T18:13:36.296Z</time>
      </trkpt>
      <trkpt lat="44.237364" lon="15.413965">
        <ele>126.620623</ele>
        <time>2026-03-26T18:13:41.931Z</time>
      </trkpt>
      <trkpt lat="44.237317" lon="15.413652">
        <ele>126.299424</ele>
        <time>2026-03-26T18:13:46.010Z</time>
      </trkpt>
      <trkpt lat="44.237424" lon="15.413229">
        <ele>125.848872</ele>
        <time>2026-03-26T18:13:51.499Z</time>
      </trkpt>
      <trkpt lat="44.237360" lon="15.412894">
        <ele>125.500652</ele>
        <time>2026-03-26T18:13:55.553Z</time>
      </trkpt>
      <trkpt lat="44.237182" lon="15.412858">
        <ele>125.248514</ele>
        <time>2026-03-26T18:13:58.465Z</time>
      </trkpt>
      <trkpt lat="44.236925" lon="15.412853">
        <ele>124.888201</ele>
        <time>2026-03-26T18:14:02.669Z</time>
      </trkpt>
      <trkpt lat="44.236786" lon="15.412773">
        <ele>124.677426</ele>
        <time>2026-03-26T18:14:05.138Z</time>
      </trkpt>
      <trkpt lat="44.236634" lon="15.412549">
        <ele>124.481181</ele>
        <time>2026-03-26T18:14:08.804Z</time>
      </trkpt>
      <trkpt lat="44.236567" lon="15.412311">
        <ele>124.390273</ele>
        <time>2026-03-26T18:14:11.851Z</time>
      </trkpt>
      <trkpt lat="44.236533" lon="15.412021">
        <ele>124.285805</ele>
        <time>2026-03-26T18:14:15.410Z</time>
      </trkpt>
      <trkpt lat="44.236388" lon="15.411760">
        <ele>124.168391</ele>
        <time>2026-03-26T18:14:19.687Z</time>
      </trkpt>
      <trkpt lat="44.236142" lon="15.411567">
        <ele>124.028364</ele>
        <time>2026-03-26T18:14:25.467Z</time>
      </trkpt>
      <trkpt lat="44.235970" lon="15.411376">
        <ele>123.919302</ele>
        <time>2026-03-26T18:14:30.415Z</time>
      </trkpt>
      <trkpt lat="44.235856" lon="15.411249">
        <ele>123.846926</ele>
        <time>2026-03-26T18:14:33.781Z</time>
      </trkpt>
      <trkpt lat="44.235619" lon="15.410908">
        <ele>123.678030</ele>
        <time>2026-03-26T18:14:41.785Z</time>
      </trkpt>
      <trkpt lat="44.235438" lon="15.410446">
        <ele>123.288584</ele>
        <time>2026-03-26T18:14:50.135Z</time>
      </trkpt>
      <trkpt lat="44.235391" lon="15.410267">
        <ele>123.135204</ele>
        <time>2026-03-26T18:14:52.937Z</time>
      </trkpt>
      <trkpt lat="44.235256" lon="15.409587">
        <ele>122.567496</ele>
        <time>2026-03-26T18:15:02.610Z</time>
      </trkpt>
      <trkpt lat="44.235072" lon="15.409329">
        <ele>122.274617</ele>
        <time>2026-03-26T18:15:07.238Z</time>
      </trkpt>
      <trkpt lat="44.233988" lon="15.408224">
        <ele>118.820401</ele>
        <time>2026-03-26T18:15:28.040Z</time>
      </trkpt>
      <trkpt lat="44.233920" lon="15.407984">
        <ele>118.144832</ele>
        <time>2026-03-26T18:15:30.724Z</time>
      </trkpt>
      <trkpt lat="44.233829" lon="15.407397">
        <ele>116.572724</ele>
        <time>2026-03-26T18:15:36.889Z</time>
      </trkpt>
      <trkpt lat="44.233739" lon="15.407394">
        <ele>116.243827</ele>
        <time>2026-03-26T18:15:38.099Z</time>
      </trkpt>
      <trkpt lat="44.233805" lon="15.406928">
        <ele>115.069465</ele>
        <time>2026-03-26T18:15:42.676Z</time>
      </trkpt>
      <trkpt lat="44.233943" lon="15.406398">
        <ele>115.300881</ele>
        <time>2026-03-26T18:15:48.434Z</time>
      </trkpt>
      <trkpt lat="44.233990" lon="15.406303">
        <ele>115.348257</ele>
        <time>2026-03-26T18:15:49.696Z</time>
      </trkpt>
      <trkpt lat="44.234205" lon="15.405872">
        <ele>115.563774</ele>
        <time>2026-03-26T18:15:56.049Z</time>
      </trkpt>
      <trkpt lat="44.234275" lon="15.405757">
        <ele>115.625698</ele>
        <time>2026-03-26T18:15:58.205Z</time>
      </trkpt>
      <trkpt lat="44.235218" lon="15.404085">
        <ele>120.032831</ele>
        <time>2026-03-26T18:16:59.758Z</time>
      </trkpt>
      <trkpt lat="44.235256" lon="15.404020">
        <ele>120.364987</ele>
        <time>2026-03-26T18:17:02.880Z</time>
      </trkpt>
      <trkpt lat="44.235417" lon="15.403741">
        <ele>121.783369</ele>
        <time>2026-03-26T18:17:16.265Z</time>
      </trkpt>
      <trkpt lat="44.235645" lon="15.403345">
        <ele>123.794765</ele>
        <time>2026-03-26T18:17:35.348Z</time>
      </trkpt>
      <trkpt lat="44.236163" lon="15.402430">
        <ele>128.384704</ele>
        <time>2026-03-26T18:18:17.708Z</time>
      </trkpt>
      <trkpt lat="44.237198" lon="15.400773">
        <ele>136.778695</ele>
        <time>2026-03-26T18:19:28.844Z</time>
      </trkpt>
      <trkpt lat="44.237783" lon="15.399838">
        <ele>140.736420</ele>
        <time>2026-03-26T18:20:06.949Z</time>
      </trkpt>
      <trkpt lat="44.238036" lon="15.399411">
        <ele>142.503032</ele>
        <time>2026-03-26T18:20:23.578Z</time>
      </trkpt>
      <trkpt lat="44.238287" lon="15.399086">
        <ele>143.874833</ele>
        <time>2026-03-26T18:20:36.969Z</time>
      </trkpt>
      <trkpt lat="44.238646" lon="15.398800">
        <ele>144.042529</ele>
        <time>2026-03-26T18:20:50.862Z</time>
      </trkpt>
      <trkpt lat="44.239029" lon="15.398554">
        <ele>144.213569</ele>
        <time>2026-03-26T18:21:01.775Z</time>
      </trkpt>
      <trkpt lat="44.239353" lon="15.398244">
        <ele>144.372929</ele>
        <time>2026-03-26T18:21:08.786Z</time>
      </trkpt>
      <trkpt lat="44.239658" lon="15.397882">
        <ele>144.535349</ele>
        <time>2026-03-26T18:21:15.046Z</time>
      </trkpt>
      <trkpt lat="44.239802" lon="15.397706">
        <ele>144.498543</ele>
        <time>2026-03-26T18:21:17.888Z</time>
      </trkpt>
      <trkpt lat="44.239986" lon="15.397500">
        <ele>144.132112</ele>
        <time>2026-03-26T18:21:21.295Z</time>
      </trkpt>
      <trkpt lat="44.240097" lon="15.397381">
        <ele>143.914681</ele>
        <time>2026-03-26T18:21:23.307Z</time>
      </trkpt>
      <trkpt lat="44.240356" lon="15.397189">
        <ele>143.459101</ele>
        <time>2026-03-26T18:21:27.554Z</time>
      </trkpt>
      <trkpt lat="44.240641" lon="15.397077">
        <ele>142.999141</ele>
        <time>2026-03-26T18:21:31.939Z</time>
      </trkpt>
      <trkpt lat="44.241000" lon="15.396981">
        <ele>142.431293</ele>
        <time>2026-03-26T18:21:37.815Z</time>
      </trkpt>
      <trkpt lat="44.241117" lon="15.396949">
        <ele>142.246077</ele>
        <time>2026-03-26T18:21:39.982Z</time>
      </trkpt>
      <trkpt lat="44.241290" lon="15.396863">
        <ele>141.960787</ele>
        <time>2026-03-26T18:21:43.616Z</time>
      </trkpt>
      <trkpt lat="44.241576" lon="15.396622">
        <ele>142.240832</ele>
        <time>2026-03-26T18:21:51.664Z</time>
      </trkpt>
      <trkpt lat="44.242621" lon="15.395664">
        <ele>144.691105</ele>
        <time>2026-03-26T18:22:29.667Z</time>
      </trkpt>
      <trkpt lat="44.242913" lon="15.395400">
        <ele>145.422989</ele>
        <time>2026-03-26T18:22:40.401Z</time>
      </trkpt>
      <trkpt lat="44.243251" lon="15.395023">
        <ele>147.075937</ele>
        <time>2026-03-26T18:22:55.173Z</time>
      </trkpt>
      <trkpt lat="44.243577" lon="15.394579">
        <ele>148.816044</ele>
        <time>2026-03-26T18:23:12.136Z</time>
      </trkpt>
      <trkpt lat="44.243882" lon="15.394156">
        <ele>150.458650</ele>
        <time>2026-03-26T18:23:29.659Z</time>
      </trkpt>
      <trkpt lat="44.244115" lon="15.393769">
        <ele>151.842235</ele>
        <time>2026-03-26T18:23:45.877Z</time>
      </trkpt>
      <trkpt lat="44.244506" lon="15.392977">
        <ele>154.188988</ele>
        <time>2026-03-26T18:24:15.504Z</time>
      </trkpt>
      <trkpt lat="44.244687" lon="15.392713">
        <ele>155.063918</ele>
        <time>2026-03-26T18:24:24.660Z</time>
      </trkpt>
      <trkpt lat="44.244928" lon="15.392471">
        <ele>156.056151</ele>
        <time>2026-03-26T18:24:33.925Z</time>
      </trkpt>
      <trkpt lat="44.245502" lon="15.392068">
        <ele>158.203579</ele>
        <time>2026-03-26T18:24:53.449Z</time>
      </trkpt>
      <trkpt lat="44.245685" lon="15.391859">
        <ele>158.915198</ele>
        <time>2026-03-26T18:25:00.641Z</time>
      </trkpt>
      <trkpt lat="44.246240" lon="15.390894">
        <ele>161.583319</ele>
        <time>2026-03-26T18:25:31.708Z</time>
      </trkpt>
      <trkpt lat="44.246455" lon="15.390505">
        <ele>162.642615</ele>
        <time>2026-03-26T18:25:45.876Z</time>
      </trkpt>
      <trkpt lat="44.246915" lon="15.389777">
        <ele>163.671140</ele>
        <time>2026-03-26T18:26:09.656Z</time>
      </trkpt>
      <trkpt lat="44.247184" lon="15.389351">
        <ele>163.730510</ele>
        <time>2026-03-26T18:26:19.610Z</time>
      </trkpt>
      <trkpt lat="44.247312" lon="15.389149">
        <ele>163.758704</ele>
        <time>2026-03-26T18:26:23.223Z</time>
      </trkpt>
      <trkpt lat="44.247710" lon="15.388703">
        <ele>163.833189</ele>
        <time>2026-03-26T18:26:31.687Z</time>
      </trkpt>
      <trkpt lat="44.248308" lon="15.388162">
        <ele>163.015216</ele>
        <time>2026-03-26T18:26:42.358Z</time>
      </trkpt>
      <trkpt lat="44.248467" lon="15.387927">
        <ele>162.509861</ele>
        <time>2026-03-26T18:26:45.810Z</time>
      </trkpt>
      <trkpt lat="44.248996" lon="15.386793">
        <ele>160.394272</ele>
        <time>2026-03-26T18:27:00.790Z</time>
      </trkpt>
      <trkpt lat="44.249161" lon="15.386535">
        <ele>159.785335</ele>
        <time>2026-03-26T18:27:04.609Z</time>
      </trkpt>
      <trkpt lat="44.249294" lon="15.386389">
        <ele>159.165093</ele>
        <time>2026-03-26T18:27:07.188Z</time>
      </trkpt>
      <trkpt lat="44.249832" lon="15.386005">
        <ele>156.950027</ele>
        <time>2026-03-26T18:27:16.047Z</time>
      </trkpt>
      <trkpt lat="44.249913" lon="15.385936">
        <ele>156.602176</ele>
        <time>2026-03-26T18:27:17.367Z</time>
      </trkpt>
      <trkpt lat="44.250463" lon="15.385487">
        <ele>154.266520</ele>
        <time>2026-03-26T18:27:25.990Z</time>
      </trkpt>
      <trkpt lat="44.250652" lon="15.385337">
        <ele>153.469535</ele>
        <time>2026-03-26T18:27:28.889Z</time>
      </trkpt>
      <trkpt lat="44.250829" lon="15.385163">
        <ele>152.652605</ele>
        <time>2026-03-26T18:27:31.775Z</time>
      </trkpt>
      <trkpt lat="44.251062" lon="15.384954">
        <ele>151.602712</ele>
        <time>2026-03-26T18:27:35.504Z</time>
      </trkpt>
      <trkpt lat="44.251581" lon="15.384347">
        <ele>149.036054</ele>
        <time>2026-03-26T18:27:44.773Z</time>
      </trkpt>
      <trkpt lat="44.251667" lon="15.384248">
        <ele>148.613497</ele>
        <time>2026-03-26T18:27:46.352Z</time>
      </trkpt>
      <trkpt lat="44.252112" lon="15.383739">
        <ele>146.496571</ele>
        <time>2026-03-26T18:27:54.841Z</time>
      </trkpt>
      <trkpt lat="44.252554" lon="15.383130">
        <ele>145.520867</ele>
        <time>2026-03-26T18:28:04.588Z</time>
      </trkpt>
      <trkpt lat="44.253528" lon="15.380572">
        <ele>141.287109</ele>
        <time>2026-03-26T18:28:38.890Z</time>
      </trkpt>
      <trkpt lat="44.253592" lon="15.380400">
        <ele>140.923052</ele>
        <time>2026-03-26T18:28:40.962Z</time>
      </trkpt>
      <trkpt lat="44.255009" lon="15.381717">
        <ele>134.091478</ele>
        <time>2026-03-26T18:29:22.838Z</time>
      </trkpt>
      <trkpt lat="44.255113" lon="15.381911">
        <ele>133.212097</ele>
        <time>2026-03-26T18:29:26.920Z</time>
      </trkpt>
      <trkpt lat="44.255778" lon="15.382096">
        <ele>129.787125</ele>
        <time>2026-03-26T18:29:42.762Z</time>
      </trkpt>
      <trkpt lat="44.256285" lon="15.382587">
        <ele>126.964301</ele>
        <time>2026-03-26T18:29:57.213Z</time>
      </trkpt>
      <trkpt lat="44.256765" lon="15.382801">
        <ele>124.659115</ele>
        <time>2026-03-26T18:30:09.412Z</time>
      </trkpt>
      <trkpt lat="44.257480" lon="15.381680">
        <ele>120.866714</ele>
        <time>2026-03-26T18:30:37.208Z</time>
      </trkpt>
      <trkpt lat="44.257664" lon="15.381208">
        <ele>120.140385</ele>
        <time>2026-03-26T18:30:47.984Z</time>
      </trkpt>
      <trkpt lat="44.258153" lon="15.380165">
        <ele>118.455498</ele>
        <time>2026-03-26T18:31:13.113Z</time>
      </trkpt>
      <trkpt lat="44.259179" lon="15.376823">
        <ele>117.568557</ele>
        <time>2026-03-26T18:32:30.518Z</time>
      </trkpt>
      <trkpt lat="44.260015" lon="15.373751">
        <ele>120.987403</ele>
        <time>2026-03-26T18:34:13.472Z</time>
      </trkpt>
      <trkpt lat="44.260818" lon="15.372775">
        <ele>121.363200</ele>
        <time>2026-03-26T18:34:49.825Z</time>
      </trkpt>
      <trkpt lat="44.261398" lon="15.371970">
        <ele>120.489010</ele>
        <time>2026-03-26T18:35:13.522Z</time>
      </trkpt>
      <trkpt lat="44.261421" lon="15.371926">
        <ele>120.447307</ele>
        <time>2026-03-26T18:35:14.624Z</time>
      </trkpt>
      <trkpt lat="44.262985" lon="15.368827">
        <ele>112.586585</ele>
        <time>2026-03-26T18:36:25.719Z</time>
      </trkpt>
      <trkpt lat="44.263127" lon="15.368671">
        <ele>111.779609</ele>
        <time>2026-03-26T18:36:30.018Z</time>
      </trkpt>
      <trkpt lat="44.263508" lon="15.368644">
        <ele>110.075739</ele>
        <time>2026-03-26T18:36:39.038Z</time>
      </trkpt>
      <trkpt lat="44.263662" lon="15.368443">
        <ele>109.134242</ele>
        <time>2026-03-26T18:36:44.025Z</time>
      </trkpt>
      <trkpt lat="44.263773" lon="15.368172">
        <ele>108.135684</ele>
        <time>2026-03-26T18:36:49.286Z</time>
      </trkpt>
      <trkpt lat="44.263972" lon="15.367850">
        <ele>106.778425</ele>
        <time>2026-03-26T18:36:56.471Z</time>
      </trkpt>
      <trkpt lat="44.264741" lon="15.366756">
        <ele>104.123581</ele>
        <time>2026-03-26T18:37:24.930Z</time>
      </trkpt>
      <trkpt lat="44.265552" lon="15.365209">
        <ele>100.906570</ele>
        <time>2026-03-26T18:38:06.612Z</time>
      </trkpt>
      <trkpt lat="44.266857" lon="15.363173">
        <ele>94.509888</ele>
        <time>2026-03-26T18:38:56.777Z</time>
      </trkpt>
      <trkpt lat="44.266997" lon="15.363024">
        <ele>93.695391</ele>
        <time>2026-03-26T18:39:00.813Z</time>
      </trkpt>
      <trkpt lat="44.267345" lon="15.362733">
        <ele>91.818511</ele>
        <time>2026-03-26T18:39:10.339Z</time>
      </trkpt>
      <trkpt lat="44.267788" lon="15.362634">
        <ele>89.790027</ele>
        <time>2026-03-26T18:39:20.984Z</time>
      </trkpt>
      <trkpt lat="44.267944" lon="15.362523">
        <ele>89.110983</ele>
        <time>2026-03-26T18:39:25.137Z</time>
      </trkpt>
      <trkpt lat="44.267925" lon="15.361896">
        <ele>87.368077</ele>
        <time>2026-03-26T18:39:36.017Z</time>
      </trkpt>
      <trkpt lat="44.269492" lon="15.358951">
        <ele>78.813343</ele>
        <time>2026-03-26T18:40:44.375Z</time>
      </trkpt>
      <trkpt lat="44.269569" lon="15.358581">
        <ele>78.040736</ele>
        <time>2026-03-26T18:40:51.780Z</time>
      </trkpt>
      <trkpt lat="44.269696" lon="15.358274">
        <ele>77.612417</ele>
        <time>2026-03-26T18:40:58.679Z</time>
      </trkpt>
      <trkpt lat="44.270861" lon="15.355462">
        <ele>74.883983</ele>
        <time>2026-03-26T18:42:04.598Z</time>
      </trkpt>
      <trkpt lat="44.270980" lon="15.355043">
        <ele>74.819312</ele>
        <time>2026-03-26T18:42:14.757Z</time>
      </trkpt>
      <trkpt lat="44.271147" lon="15.354802">
        <ele>74.771195</ele>
        <time>2026-03-26T18:42:22.851Z</time>
      </trkpt>
      <trkpt lat="44.271024" lon="15.354432">
        <ele>74.712669</ele>
        <time>2026-03-26T18:42:33.536Z</time>
      </trkpt>
      <trkpt lat="44.270974" lon="15.354163">
        <ele>74.667645</ele>
        <time>2026-03-26T18:42:41.240Z</time>
      </trkpt>
      <trkpt lat="44.270659" lon="15.353541">
        <ele>74.466588</ele>
        <time>2026-03-26T18:43:04.191Z</time>
      </trkpt>
      <trkpt lat="44.270525" lon="15.352887">
        <ele>74.287064</ele>
        <time>2026-03-26T18:43:22.696Z</time>
      </trkpt>
      <trkpt lat="44.270223" lon="15.352531">
        <ele>74.141407</ele>
        <time>2026-03-26T18:43:34.181Z</time>
      </trkpt>
      <trkpt lat="44.271179" lon="15.352897">
        <ele>70.376581</ele>
        <time>2026-03-26T18:43:58.709Z</time>
      </trkpt>
      <trkpt lat="44.271487" lon="15.353014">
        <ele>68.592305</ele>
        <time>2026-03-26T18:44:06.013Z</time>
      </trkpt>
      <trkpt lat="44.272592" lon="15.353860">
        <ele>61.340682</ele>
        <time>2026-03-26T18:44:34.947Z</time>
      </trkpt>
      <trkpt lat="44.273132" lon="15.354443">
        <ele>57.197448</ele>
        <time>2026-03-26T18:44:50.786Z</time>
      </trkpt>
      <trkpt lat="44.273345" lon="15.354874">
        <ele>54.921229</ele>
        <time>2026-03-26T18:44:59.565Z</time>
      </trkpt>
      <trkpt lat="44.273636" lon="15.355185">
        <ele>52.807944</ele>
        <time>2026-03-26T18:45:08.178Z</time>
      </trkpt>
      <trkpt lat="44.273840" lon="15.355159">
        <ele>51.963148</ele>
        <time>2026-03-26T18:45:13.106Z</time>
      </trkpt>
      <trkpt lat="44.274221" lon="15.355590">
        <ele>49.941138</ele>
        <time>2026-03-26T18:45:25.202Z</time>
      </trkpt>
      <trkpt lat="44.274493" lon="15.355419">
        <ele>48.710999</ele>
        <time>2026-03-26T18:45:32.716Z</time>
      </trkpt>
      <trkpt lat="44.274584" lon="15.355121">
        <ele>47.754375</ele>
        <time>2026-03-26T18:45:38.619Z</time>
      </trkpt>
      <trkpt lat="44.274779" lon="15.354722">
        <ele>46.327914</ele>
        <time>2026-03-26T18:45:47.463Z</time>
      </trkpt>
      <trkpt lat="44.275051" lon="15.354646">
        <ele>45.280273</ele>
        <time>2026-03-26T18:45:54.567Z</time>
      </trkpt>
      <trkpt lat="44.275283" lon="15.353680">
        <ele>42.927863</ele>
        <time>2026-03-26T18:46:13.092Z</time>
      </trkpt>
      <trkpt lat="44.275750" lon="15.352796">
        <ele>40.391495</ele>
        <time>2026-03-26T18:46:33.120Z</time>
      </trkpt>
      <trkpt lat="44.275815" lon="15.352245">
        <ele>39.678662</ele>
        <time>2026-03-26T18:46:43.904Z</time>
      </trkpt>
      <trkpt lat="44.275886" lon="15.351636">
        <ele>39.389106</ele>
        <time>2026-03-26T18:46:56.553Z</time>
      </trkpt>
      <trkpt lat="44.275909" lon="15.351040">
        <ele>39.109010</ele>
        <time>2026-03-26T18:47:09.834Z</time>
      </trkpt>
      <trkpt lat="44.276363" lon="15.349894">
        <ele>38.464648</ele>
        <time>2026-03-26T18:47:42.110Z</time>
      </trkpt>
      <trkpt lat="44.276370" lon="15.349475">
        <ele>38.229607</ele>
        <time>2026-03-26T18:47:52.001Z</time>
      </trkpt>
      <trkpt lat="44.276381" lon="15.348759">
        <ele>37.827979</ele>
        <time>2026-03-26T18:48:08.385Z</time>
      </trkpt>
      <trkpt lat="44.276416" lon="15.348473">
        <ele>37.665263</ele>
        <time>2026-03-26T18:48:14.533Z</time>
      </trkpt>
      <trkpt lat="44.276461" lon="15.348099">
        <ele>37.452581</ele>
        <time>2026-03-26T18:48:22.170Z</time>
      </trkpt>
      <trkpt lat="44.276465" lon="15.347681">
        <ele>37.130040</ele>
        <time>2026-03-26T18:48:30.150Z</time>
      </trkpt>
      <trkpt lat="44.276516" lon="15.347575">
        <ele>36.740888</ele>
        <time>2026-03-26T18:48:32.532Z</time>
      </trkpt>
      <trkpt lat="44.276615" lon="15.347535">
        <ele>36.302277</ele>
        <time>2026-03-26T18:48:35.202Z</time>
      </trkpt>
      <trkpt lat="44.276658" lon="15.347544">
        <ele>36.117229</ele>
        <time>2026-03-26T18:48:35.836Z</time>
      </trkpt>
      <trkpt lat="44.277393" lon="15.347656">
        <ele>32.970567</ele>
        <time>2026-03-26T18:48:46.062Z</time>
      </trkpt>
      <trkpt lat="44.277685" lon="15.347690">
        <ele>31.723528</ele>
        <time>2026-03-26T18:48:50.172Z</time>
      </trkpt>
      <trkpt lat="44.278192" lon="15.347914">
        <ele>29.430788</ele>
        <time>2026-03-26T18:48:57.606Z</time>
      </trkpt>
      <trkpt lat="44.278845" lon="15.348123">
        <ele>25.891791</ele>
        <time>2026-03-26T18:49:07.042Z</time>
      </trkpt>
      <trkpt lat="44.279022" lon="15.348112">
        <ele>24.955832</ele>
        <time>2026-03-26T18:49:09.537Z</time>
      </trkpt>
      <trkpt lat="44.279317" lon="15.347978">
        <ele>23.317105</ele>
        <time>2026-03-26T18:49:13.925Z</time>
      </trkpt>
      <trkpt lat="44.279686" lon="15.347994">
        <ele>21.366858</ele>
        <time>2026-03-26T18:49:19.135Z</time>
      </trkpt>
      <trkpt lat="44.280292" lon="15.348077">
        <ele>18.313498</ele>
        <time>2026-03-26T18:49:27.676Z</time>
      </trkpt>
      <trkpt lat="44.280929" lon="15.348202">
        <ele>15.202706</ele>
        <time>2026-03-26T18:49:36.631Z</time>
      </trkpt>
      <trkpt lat="44.281142" lon="15.348187">
        <ele>14.171327</ele>
        <time>2026-03-26T18:49:39.680Z</time>
      </trkpt>
      <trkpt lat="44.281499" lon="15.348155">
        <ele>12.441320</ele>
        <time>2026-03-26T18:49:44.822Z</time>
      </trkpt>
      <trkpt lat="44.281529" lon="15.347921">
        <ele>11.618280</ele>
        <time>2026-03-26T18:49:47.307Z</time>
      </trkpt>
      <trkpt lat="44.281546" lon="15.347789">
        <ele>11.316180</ele>
        <time>2026-03-26T18:49:48.716Z</time>
      </trkpt>
      <trkpt lat="44.281557" lon="15.347618">
        <ele>11.142364</ele>
        <time>2026-03-26T18:49:50.590Z</time>
      </trkpt>
      <trkpt lat="44.281580" lon="15.347275">
        <ele>10.793596</ele>
        <time>2026-03-26T18:49:54.460Z</time>
      </trkpt>
      <trkpt lat="44.281708" lon="15.347344">
        <ele>10.599578</ele>
        <time>2026-03-26T18:49:56.545Z</time>
      </trkpt>
      <trkpt lat="44.281778" lon="15.347216">
        <ele>10.436511</ele>
        <time>2026-03-26T18:49:58.363Z</time>
      </trkpt>
      <trkpt lat="44.282033" lon="15.347017">
        <ele>10.023451</ele>
        <time>2026-03-26T18:50:03.282Z</time>
      </trkpt>
      <trkpt lat="44.282156" lon="15.346907">
        <ele>9.816920</ele>
        <time>2026-03-26T18:50:06.027Z</time>
      </trkpt>
      <trkpt lat="44.282378" lon="15.346609">
        <ele>9.381524</ele>
        <time>2026-03-26T18:50:12.177Z</time>
      </trkpt>
      <trkpt lat="44.282505" lon="15.346491">
        <ele>9.165830</ele>
        <time>2026-03-26T18:50:15.128Z</time>
      </trkpt>
      <trkpt lat="44.282577" lon="15.346466">
        <ele>9.060916</ele>
        <time>2026-03-26T18:50:16.538Z</time>
      </trkpt>
      <trkpt lat="44.282631" lon="15.346410">
        <ele>8.965809</ele>
        <time>2026-03-26T18:50:17.868Z</time>
      </trkpt>
      <trkpt lat="44.282782" lon="15.346096">
        <ele>8.628024</ele>
        <time>2026-03-26T18:50:23.090Z</time>
      </trkpt>
      <trkpt lat="44.282834" lon="15.345906">
        <ele>8.458298</ele>
        <time>2026-03-26T18:50:25.874Z</time>
      </trkpt>
      <trkpt lat="44.282889" lon="15.345564">
        <ele>8.165822</ele>
        <time>2026-03-26T18:50:30.412Z</time>
      </trkpt>
      <trkpt lat="44.283052" lon="15.345189">
        <ele>7.799764</ele>
        <time>2026-03-26T18:50:35.584Z</time>
      </trkpt>
      <trkpt lat="44.283301" lon="15.344603">
        <ele>7.231167</ele>
        <time>2026-03-26T18:50:43.433Z</time>
      </trkpt>
      <trkpt lat="44.283456" lon="15.344241">
        <ele>6.879215</ele>
        <time>2026-03-26T18:50:48.089Z</time>
      </trkpt>
      <trkpt lat="44.283876" lon="15.343272">
        <ele>5.741191</ele>
        <time>2026-03-26T18:51:00.396Z</time>
      </trkpt>
      <trkpt lat="44.284241" lon="15.342551">
        <ele>4.828805</ele>
        <time>2026-03-26T18:51:10.806Z</time>
      </trkpt>
      <trkpt lat="44.284321" lon="15.342394">
        <ele>4.629697</ele>
        <time>2026-03-26T18:51:13.137Z</time>
      </trkpt>
      <trkpt lat="44.284646" lon="15.341699">
        <ele>4.158228</ele>
        <time>2026-03-26T18:51:23.482Z</time>
      </trkpt>
      <trkpt lat="44.284827" lon="15.341309">
        <ele>4.171971</ele>
        <time>2026-03-26T18:51:29.608Z</time>
      </trkpt>
      <trkpt lat="44.284967" lon="15.341010">
        <ele>4.182534</ele>
        <time>2026-03-26T18:51:34.421Z</time>
      </trkpt>
      <trkpt lat="44.285231" lon="15.340389">
        <ele>4.203888</ele>
        <time>2026-03-26T18:51:44.865Z</time>
      </trkpt>
      <trkpt lat="44.285268" lon="15.340301">
        <ele>4.206906</ele>
        <time>2026-03-26T18:51:46.384Z</time>
      </trkpt>
      <trkpt lat="44.285293" lon="15.340243">
        <ele>4.208908</ele>
        <time>2026-03-26T18:51:47.439Z</time>
      </trkpt>
      <trkpt lat="44.285376" lon="15.340031">
        <ele>4.216052</ele>
        <time>2026-03-26T18:51:53.432Z</time>
      </trkpt>
      <trkpt lat="44.285500" lon="15.339536">
        <ele>4.504296</ele>
        <time>2026-03-26T18:52:06.948Z</time>
      </trkpt>
      <trkpt lat="44.285730" lon="15.338164">
        <ele>5.706891</ele>
        <time>2026-03-26T18:52:45.271Z</time>
      </trkpt>
      <trkpt lat="44.285975" lon="15.337357">
        <ele>6.465261</ele>
        <time>2026-03-26T18:53:09.636Z</time>
      </trkpt>
      <trkpt lat="44.286273" lon="15.336573">
        <ele>7.310331</ele>
        <time>2026-03-26T18:53:33.997Z</time>
      </trkpt>
      <trkpt lat="44.286600" lon="15.335248">
        <ele>8.644603</ele>
        <time>2026-03-26T18:54:12.781Z</time>
      </trkpt>
      <trkpt lat="44.286845" lon="15.334261">
        <ele>9.314694</ele>
        <time>2026-03-26T18:54:40.952Z</time>
      </trkpt>
      <trkpt lat="44.287140" lon="15.333194">
        <ele>10.002646</ele>
        <time>2026-03-26T18:55:09.902Z</time>
      </trkpt>
      <trkpt lat="44.287318" lon="15.331684">
        <ele>11.016791</ele>
        <time>2026-03-26T18:55:47.398Z</time>
      </trkpt>
      <trkpt lat="44.287409" lon="15.331233">
        <ele>11.339014</ele>
        <time>2026-03-26T18:55:59.762Z</time>
      </trkpt>
      <trkpt lat="44.287415" lon="15.331003">
        <ele>11.497283</ele>
        <time>2026-03-26T18:56:06.020Z</time>
      </trkpt>
      <trkpt lat="44.287524" lon="15.330227">
        <ele>12.058151</ele>
        <time>2026-03-26T18:56:28.099Z</time>
      </trkpt>
      <trkpt lat="44.287621" lon="15.329768">
        <ele>12.514938</ele>
        <time>2026-03-26T18:56:41.847Z</time>
      </trkpt>
      <trkpt lat="44.287949" lon="15.328642">
        <ele>13.675226</ele>
        <time>2026-03-26T18:57:16.096Z</time>
      </trkpt>
      <trkpt lat="44.288351" lon="15.327524">
        <ele>14.669110</ele>
        <time>2026-03-26T18:57:49.074Z</time>
      </trkpt>
      <trkpt lat="44.288701" lon="15.326081">
        <ele>15.509044</ele>
        <time>2026-03-26T18:58:26.853Z</time>
      </trkpt>
      <trkpt lat="44.288746" lon="15.325717">
        <ele>15.712683</ele>
        <time>2026-03-26T18:58:36.049Z</time>
      </trkpt>
      <trkpt lat="44.288750" lon="15.325530">
        <ele>15.859021</ele>
        <time>2026-03-26T18:58:40.778Z</time>
      </trkpt>
      <trkpt lat="44.288528" lon="15.324948">
        <ele>16.667146</ele>
        <time>2026-03-26T18:58:58.104Z</time>
      </trkpt>
      <trkpt lat="44.288471" lon="15.324687">
        <ele>17.001533</ele>
        <time>2026-03-26T18:59:05.585Z</time>
      </trkpt>
      <trkpt lat="44.288451" lon="15.324377">
        <ele>17.382952</ele>
        <time>2026-03-26T18:59:14.329Z</time>
      </trkpt>
      <trkpt lat="44.288321" lon="15.323750">
        <ele>18.182868</ele>
        <time>2026-03-26T18:59:33.839Z</time>
      </trkpt>
      <trkpt lat="44.288243" lon="15.322631">
        <ele>20.124201</ele>
        <time>2026-03-26T19:00:10.189Z</time>
      </trkpt>
      <trkpt lat="44.288229" lon="15.321719">
        <ele>22.140704</ele>
        <time>2026-03-26T19:00:41.127Z</time>
      </trkpt>
      <trkpt lat="44.288373" lon="15.320204">
        <ele>25.672976</ele>
        <time>2026-03-26T19:01:34.629Z</time>
      </trkpt>
      <trkpt lat="44.288513" lon="15.319504">
        <ele>27.503315</ele>
        <time>2026-03-26T19:02:00.491Z</time>
      </trkpt>
      <trkpt lat="44.288728" lon="15.318721">
        <ele>29.615249</ele>
        <time>2026-03-26T19:02:30.288Z</time>
      </trkpt>
      <trkpt lat="44.288832" lon="15.318434">
        <ele>30.425335</ele>
        <time>2026-03-26T19:02:41.642Z</time>
      </trkpt>
      <trkpt lat="44.288993" lon="15.317731">
        <ele>32.029287</ele>
        <time>2026-03-26T19:03:07.439Z</time>
      </trkpt>
      <trkpt lat="44.289283" lon="15.316864">
        <ele>34.041136</ele>
        <time>2026-03-26T19:03:40.449Z</time>
      </trkpt>
      <trkpt lat="44.289588" lon="15.316092">
        <ele>35.894872</ele>
        <time>2026-03-26T19:04:09.013Z</time>
      </trkpt>
      <trkpt lat="44.289633" lon="15.315815">
        <ele>36.222297</ele>
        <time>2026-03-26T19:04:17.789Z</time>
      </trkpt>
      <trkpt lat="44.292168" lon="15.312520">
        <ele>39.684383</ele>
        <time>2026-03-26T19:06:24.368Z</time>
      </trkpt>
      <trkpt lat="44.294110" lon="15.310253">
        <ele>38.777892</ele>
        <time>2026-03-26T19:07:41.982Z</time>
      </trkpt>
      <trkpt lat="44.294919" lon="15.309642">
        <ele>38.147842</ele>
        <time>2026-03-26T19:08:09.114Z</time>
      </trkpt>
      <trkpt lat="44.296187" lon="15.308686">
        <ele>36.941433</ele>
        <time>2026-03-26T19:08:51.499Z</time>
      </trkpt>
      <trkpt lat="44.296844" lon="15.307967">
        <ele>36.340045</ele>
        <time>2026-03-26T19:09:16.513Z</time>
      </trkpt>
      <trkpt lat="44.297427" lon="15.307061">
        <ele>35.866206</ele>
        <time>2026-03-26T19:09:42.935Z</time>
      </trkpt>
      <trkpt lat="44.297512" lon="15.306868">
        <ele>35.778072</ele>
        <time>2026-03-26T19:09:47.835Z</time>
      </trkpt>
      <trkpt lat="44.298280" lon="15.305950">
        <ele>35.419892</ele>
        <time>2026-03-26T19:10:18.714Z</time>
      </trkpt>
      <trkpt lat="44.298682" lon="15.304863">
        <ele>35.222549</ele>
        <time>2026-03-26T19:10:46.032Z</time>
      </trkpt>
      <trkpt lat="44.299343" lon="15.303075">
        <ele>35.417050</ele>
        <time>2026-03-26T19:11:32.460Z</time>
      </trkpt>
      <trkpt lat="44.300123" lon="15.301058">
        <ele>36.135681</ele>
        <time>2026-03-26T19:12:29.067Z</time>
      </trkpt>
      <trkpt lat="44.301256" lon="15.297091">
        <ele>37.888146</ele>
        <time>2026-03-26T19:14:15.469Z</time>
      </trkpt>
      <trkpt lat="44.302583" lon="15.294674">
        <ele>38.405761</ele>
        <time>2026-03-26T19:15:28.316Z</time>
      </trkpt>
      <trkpt lat="44.304353" lon="15.291375">
        <ele>37.878425</ele>
        <time>2026-03-26T19:16:59.128Z</time>
      </trkpt>
      <trkpt lat="44.305650" lon="15.289060">
        <ele>38.620191</ele>
        <time>2026-03-26T19:18:09.025Z</time>
      </trkpt>
      <trkpt lat="44.305889" lon="15.288634">
        <ele>38.977843</ele>
        <time>2026-03-26T19:18:22.877Z</time>
      </trkpt>
      <trkpt lat="44.306738" lon="15.286867">
        <ele>40.534559</ele>
        <time>2026-03-26T19:19:21.299Z</time>
      </trkpt>
      <trkpt lat="44.306837" lon="15.286799">
        <ele>40.665440</ele>
        <time>2026-03-26T19:19:25.713Z</time>
      </trkpt>
      <trkpt lat="44.307632" lon="15.285185">
        <ele>41.987004</ele>
        <time>2026-03-26T19:20:19.090Z</time>
      </trkpt>
      <trkpt lat="44.309267" lon="15.282409">
        <ele>41.563518</ele>
        <time>2026-03-26T19:21:38.169Z</time>
      </trkpt>
      <trkpt lat="44.309893" lon="15.281290">
        <ele>41.097838</ele>
        <time>2026-03-26T19:22:09.279Z</time>
      </trkpt>
      <trkpt lat="44.310300" lon="15.281014">
        <ele>40.801515</ele>
        <time>2026-03-26T19:22:22.972Z</time>
      </trkpt>
      <trkpt lat="44.310599" lon="15.280582">
        <ele>40.519812</ele>
        <time>2026-03-26T19:22:35.744Z</time>
      </trkpt>
      <trkpt lat="44.311194" lon="15.279606">
        <ele>39.860999</ele>
        <time>2026-03-26T19:23:02.976Z</time>
      </trkpt>
      <trkpt lat="44.311740" lon="15.278411">
        <ele>38.986019</ele>
        <time>2026-03-26T19:23:34.380Z</time>
      </trkpt>
      <trkpt lat="44.312607" lon="15.277124">
        <ele>35.957493</ele>
        <time>2026-03-26T19:24:09.601Z</time>
      </trkpt>
      <trkpt lat="44.312577" lon="15.277043">
        <ele>35.734724</ele>
        <time>2026-03-26T19:24:11.239Z</time>
      </trkpt>
      <trkpt lat="44.312376" lon="15.276829">
        <ele>34.872208</ele>
        <time>2026-03-26T19:24:17.545Z</time>
      </trkpt>
      <trkpt lat="44.312074" lon="15.276507">
        <ele>33.575595</ele>
        <time>2026-03-26T19:24:26.800Z</time>
      </trkpt>
      <trkpt lat="44.311947" lon="15.276448">
        <ele>33.118765</ele>
        <time>2026-03-26T19:24:29.990Z</time>
      </trkpt>
      <trkpt lat="44.311825" lon="15.276344">
        <ele>32.630968</ele>
        <time>2026-03-26T19:24:33.390Z</time>
      </trkpt>
      <trkpt lat="44.311866" lon="15.276210">
        <ele>32.201029</ele>
        <time>2026-03-26T19:24:35.851Z</time>
      </trkpt>
      <trkpt lat="44.311939" lon="15.276097">
        <ele>31.626511</ele>
        <time>2026-03-26T19:24:38.411Z</time>
      </trkpt>
      <trkpt lat="44.313090" lon="15.274316">
        <ele>22.502498</ele>
        <time>2026-03-26T19:25:19.610Z</time>
      </trkpt>
      <trkpt lat="44.313397" lon="15.273603">
        <ele>18.764939</ele>
        <time>2026-03-26T19:25:33.469Z</time>
      </trkpt>
      <trkpt lat="44.313570" lon="15.273276">
        <ele>16.938352</ele>
        <time>2026-03-26T19:25:40.114Z</time>
      </trkpt>
      <trkpt lat="44.313597" lon="15.273184">
        <ele>16.491728</ele>
        <time>2026-03-26T19:25:41.704Z</time>
      </trkpt>
      <trkpt lat="44.313581" lon="15.273141">
        <ele>16.274041</ele>
        <time>2026-03-26T19:25:42.495Z</time>
      </trkpt>
      <trkpt lat="44.313558" lon="15.273077">
        <ele>15.952366</ele>
        <time>2026-03-26T19:25:43.635Z</time>
      </trkpt>
      <trkpt lat="44.313472" lon="15.273034">
        <ele>15.379021</ele>
        <time>2026-03-26T19:25:45.693Z</time>
      </trkpt>
      <trkpt lat="44.313276" lon="15.273069">
        <ele>14.138694</ele>
        <time>2026-03-26T19:25:50.131Z</time>
      </trkpt>
      <trkpt lat="44.313591" lon="15.272609">
        <ele>11.513545</ele>
        <time>2026-03-26T19:25:55.967Z</time>
      </trkpt>
      <trkpt lat="44.313751" lon="15.272436">
        <ele>11.081876</ele>
        <time>2026-03-26T19:25:58.627Z</time>
      </trkpt>
      <trkpt lat="44.314078" lon="15.272182">
        <ele>10.283571</ele>
        <time>2026-03-26T19:26:03.764Z</time>
      </trkpt>
      <trkpt lat="44.314308" lon="15.271980">
        <ele>9.703919</ele>
        <time>2026-03-26T19:26:07.833Z</time>
      </trkpt>
      <trkpt lat="44.314487" lon="15.271870">
        <ele>9.286663</ele>
        <time>2026-03-26T19:26:11.019Z</time>
      </trkpt>
      <trkpt lat="44.314788" lon="15.271627">
        <ele>8.544912</ele>
        <time>2026-03-26T19:26:17.751Z</time>
      </trkpt>
      <trkpt lat="44.314841" lon="15.271585">
        <ele>8.414902</ele>
        <time>2026-03-26T19:26:19.207Z</time>
      </trkpt>
      <trkpt lat="44.315129" lon="15.271223">
        <ele>7.760669</ele>
        <time>2026-03-26T19:26:29.899Z</time>
      </trkpt>
      <trkpt lat="44.315320" lon="15.270886">
        <ele>7.648116</ele>
        <time>2026-03-26T19:26:37.527Z</time>
      </trkpt>
      <trkpt lat="44.315421" lon="15.270708">
        <ele>7.588641</ele>
        <time>2026-03-26T19:26:41.211Z</time>
      </trkpt>
      <trkpt lat="44.315649" lon="15.270080">
        <ele>7.404276</ele>
        <time>2026-03-26T19:26:51.672Z</time>
      </trkpt>
      <trkpt lat="44.316412" lon="15.267319">
        <ele>5.772371</ele>
        <time>2026-03-26T19:27:24.612Z</time>
      </trkpt>
      <trkpt lat="44.316728" lon="15.266339">
        <ele>6.971571</ele>
        <time>2026-03-26T19:27:43.893Z</time>
      </trkpt>
      <trkpt lat="44.316956" lon="15.266031">
        <ele>8.376948</ele>
        <time>2026-03-26T19:27:56.233Z</time>
      </trkpt>
      <trkpt lat="44.317196" lon="15.265821">
        <ele>9.631907</ele>
        <time>2026-03-26T19:28:09.200Z</time>
      </trkpt>
      <trkpt lat="44.317449" lon="15.265706">
        <ele>10.811035</ele>
        <time>2026-03-26T19:28:22.463Z</time>
      </trkpt>
      <trkpt lat="44.317668" lon="15.265681">
        <ele>11.784895</ele>
        <time>2026-03-26T19:28:33.645Z</time>
      </trkpt>
      <trkpt lat="44.318334" lon="15.265745">
        <ele>14.902270</ele>
        <time>2026-03-26T19:29:08.381Z</time>
      </trkpt>
      <trkpt lat="44.318495" lon="15.265731">
        <ele>15.698207</ele>
        <time>2026-03-26T19:29:16.139Z</time>
      </trkpt>
      <trkpt lat="44.318753" lon="15.265621">
        <ele>17.029133</ele>
        <time>2026-03-26T19:29:28.468Z</time>
      </trkpt>
      <trkpt lat="44.318948" lon="15.265461">
        <ele>18.144837</ele>
        <time>2026-03-26T19:29:38.173Z</time>
      </trkpt>
      <trkpt lat="44.320208" lon="15.263884">
        <ele>24.851533</ele>
        <time>2026-03-26T19:30:44.636Z</time>
      </trkpt>
      <trkpt lat="44.320728" lon="15.263358">
        <ele>26.803892</ele>
        <time>2026-03-26T19:31:06.766Z</time>
      </trkpt>
      <trkpt lat="44.321413" lon="15.262807">
        <ele>27.547086</ele>
        <time>2026-03-26T19:31:25.524Z</time>
      </trkpt>
      <trkpt lat="44.322180" lon="15.262379">
        <ele>27.312668</ele>
        <time>2026-03-26T19:31:41.173Z</time>
      </trkpt>
      <trkpt lat="44.322691" lon="15.262102">
        <ele>26.668589</ele>
        <time>2026-03-26T19:31:49.807Z</time>
      </trkpt>
      <trkpt lat="44.323117" lon="15.261811">
        <ele>23.432605</ele>
        <time>2026-03-26T19:31:56.784Z</time>
      </trkpt>
      <trkpt lat="44.323316" lon="15.261608">
        <ele>21.751255</ele>
        <time>2026-03-26T19:32:00.060Z</time>
      </trkpt>
      <trkpt lat="44.323423" lon="15.261458">
        <ele>20.717014</ele>
        <time>2026-03-26T19:32:01.961Z</time>
      </trkpt>
      <trkpt lat="44.323570" lon="15.261172">
        <ele>18.997581</ele>
        <time>2026-03-26T19:32:04.988Z</time>
      </trkpt>
      <trkpt lat="44.323644" lon="15.260973">
        <ele>17.902543</ele>
        <time>2026-03-26T19:32:06.873Z</time>
      </trkpt>
      <trkpt lat="44.323684" lon="15.260834">
        <ele>17.171026</ele>
        <time>2026-03-26T19:32:08.139Z</time>
      </trkpt>
      <trkpt lat="44.323946" lon="15.259586">
        <ele>12.025227</ele>
        <time>2026-03-26T19:32:19.196Z</time>
      </trkpt>
      <trkpt lat="44.324042" lon="15.259354">
        <ele>11.102771</ele>
        <time>2026-03-26T19:32:21.533Z</time>
      </trkpt>
      <trkpt lat="44.324174" lon="15.259140">
        <ele>10.130246</ele>
        <time>2026-03-26T19:32:24.012Z</time>
      </trkpt>
      <trkpt lat="44.325638" lon="15.256993">
        <ele>11.884678</ele>
        <time>2026-03-26T19:33:18.052Z</time>
      </trkpt>
      <trkpt lat="44.325975" lon="15.256528">
        <ele>13.913480</ele>
        <time>2026-03-26T19:33:53.259Z</time>
      </trkpt>
      <trkpt lat="44.326829" lon="15.255292">
        <ele>25.050167</ele>
        <time>2026-03-26T19:35:32.484Z</time>
      </trkpt>
      <trkpt lat="44.327805" lon="15.253903">
        <ele>32.230926</ele>
        <time>2026-03-26T19:36:28.823Z</time>
      </trkpt>
      <trkpt lat="44.328074" lon="15.253473">
        <ele>33.190689</ele>
        <time>2026-03-26T19:36:38.498Z</time>
      </trkpt>
      <trkpt lat="44.328392" lon="15.252848">
        <ele>34.479315</ele>
        <time>2026-03-26T19:36:50.303Z</time>
      </trkpt>
      <trkpt lat="44.328602" lon="15.252312">
        <ele>35.091807</ele>
        <time>2026-03-26T19:36:58.557Z</time>
      </trkpt>
      <trkpt lat="44.328777" lon="15.251645">
        <ele>35.771142</ele>
        <time>2026-03-26T19:37:09.989Z</time>
      </trkpt>
      <trkpt lat="44.328877" lon="15.251038">
        <ele>36.366751</ele>
        <time>2026-03-26T19:37:22.446Z</time>
      </trkpt>
      <trkpt lat="44.329016" lon="15.249159">
        <ele>38.870795</ele>
        <time>2026-03-26T19:38:06.868Z</time>
      </trkpt>
      <trkpt lat="44.329118" lon="15.248668">
        <ele>39.638345</ele>
        <time>2026-03-26T19:38:17.841Z</time>
      </trkpt>
      <trkpt lat="44.329197" lon="15.248450">
        <ele>40.005208</ele>
        <time>2026-03-26T19:38:22.665Z</time>
      </trkpt>
      <trkpt lat="44.329451" lon="15.248002">
        <ele>40.748626</ele>
        <time>2026-03-26T19:38:32.917Z</time>
      </trkpt>
      <trkpt lat="44.329605" lon="15.247816">
        <ele>40.825331</ele>
        <time>2026-03-26T19:38:37.464Z</time>
      </trkpt>
      <trkpt lat="44.330372" lon="15.247184">
        <ele>41.160889</ele>
        <time>2026-03-26T19:38:57.056Z</time>
      </trkpt>
      <trkpt lat="44.330514" lon="15.247015">
        <ele>41.231176</ele>
        <time>2026-03-26T19:39:00.985Z</time>
      </trkpt>
      <trkpt lat="44.330733" lon="15.246592">
        <ele>41.371953</ele>
        <time>2026-03-26T19:39:08.330Z</time>
      </trkpt>
      <trkpt lat="44.330812" lon="15.246285">
        <ele>41.114420</ele>
        <time>2026-03-26T19:39:12.580Z</time>
      </trkpt>
      <trkpt lat="44.330966" lon="15.245034">
        <ele>39.435684</ele>
        <time>2026-03-26T19:39:27.207Z</time>
      </trkpt>
      <trkpt lat="44.331100" lon="15.244589">
        <ele>38.797165</ele>
        <time>2026-03-26T19:39:32.253Z</time>
      </trkpt>
      <trkpt lat="44.331229" lon="15.244351">
        <ele>38.402266</ele>
        <time>2026-03-26T19:39:35.290Z</time>
      </trkpt>
      <trkpt lat="44.331454" lon="15.244059">
        <ele>37.732998</ele>
        <time>2026-03-26T19:39:39.692Z</time>
      </trkpt>
      <trkpt lat="44.331957" lon="15.243489">
        <ele>36.031708</ele>
        <time>2026-03-26T19:39:49.451Z</time>
      </trkpt>
      <trkpt lat="44.332131" lon="15.243257">
        <ele>35.399930</ele>
        <time>2026-03-26T19:39:52.975Z</time>
      </trkpt>
      <trkpt lat="44.332366" lon="15.242838">
        <ele>34.399231</ele>
        <time>2026-03-26T19:39:58.623Z</time>
      </trkpt>
      <trkpt lat="44.332435" lon="15.242653">
        <ele>34.007106</ele>
        <time>2026-03-26T19:40:00.823Z</time>
      </trkpt>
      <trkpt lat="44.332580" lon="15.242094">
        <ele>33.037771</ele>
        <time>2026-03-26T19:40:07.190Z</time>
      </trkpt>
      <trkpt lat="44.332741" lon="15.241202">
        <ele>31.865160</ele>
        <time>2026-03-26T19:40:17.329Z</time>
      </trkpt>
      <trkpt lat="44.332826" lon="15.240938">
        <ele>31.496140</ele>
        <time>2026-03-26T19:40:20.453Z</time>
      </trkpt>
      <trkpt lat="44.332914" lon="15.240710">
        <ele>31.165916</ele>
        <time>2026-03-26T19:40:23.360Z</time>
      </trkpt>
      <trkpt lat="44.333230" lon="15.240151">
        <ele>30.257752</ele>
        <time>2026-03-26T19:40:31.915Z</time>
      </trkpt>
      <trkpt lat="44.333344" lon="15.239898">
        <ele>29.897351</ele>
        <time>2026-03-26T19:40:35.687Z</time>
      </trkpt>
      <trkpt lat="44.333452" lon="15.239602">
        <ele>29.506525</ele>
        <time>2026-03-26T19:40:39.891Z</time>
      </trkpt>
      <trkpt lat="44.333641" lon="15.238858">
        <ele>28.577904</ele>
        <time>2026-03-26T19:40:49.476Z</time>
      </trkpt>
      <trkpt lat="44.333723" lon="15.238642">
        <ele>28.290287</ele>
        <time>2026-03-26T19:40:52.286Z</time>
      </trkpt>
      <trkpt lat="44.334328" lon="15.237455">
        <ele>25.885321</ele>
        <time>2026-03-26T19:41:07.820Z</time>
      </trkpt>
      <trkpt lat="44.334432" lon="15.237026">
        <ele>24.750750</ele>
        <time>2026-03-26T19:41:12.429Z</time>
      </trkpt>
      <trkpt lat="44.334512" lon="15.236501">
        <ele>23.406255</ele>
        <time>2026-03-26T19:41:17.865Z</time>
      </trkpt>
      <trkpt lat="44.334625" lon="15.235983">
        <ele>22.049805</ele>
        <time>2026-03-26T19:41:23.275Z</time>
      </trkpt>
      <trkpt lat="44.334753" lon="15.235576">
        <ele>20.936193</ele>
        <time>2026-03-26T19:41:27.614Z</time>
      </trkpt>
      <trkpt lat="44.335062" lon="15.234806">
        <ele>19.820325</ele>
        <time>2026-03-26T19:41:36.149Z</time>
      </trkpt>
      <trkpt lat="44.335154" lon="15.234516">
        <ele>19.427968</ele>
        <time>2026-03-26T19:41:39.486Z</time>
      </trkpt>
      <trkpt lat="44.335226" lon="15.234094">
        <ele>18.891410</ele>
        <time>2026-03-26T19:41:44.804Z</time>
      </trkpt>
      <trkpt lat="44.335227" lon="15.233628">
        <ele>18.315075</ele>
        <time>2026-03-26T19:41:51.989Z</time>
      </trkpt>
      <trkpt lat="44.335235" lon="15.233255">
        <ele>17.853555</ele>
        <time>2026-03-26T19:41:58.167Z</time>
      </trkpt>
      <trkpt lat="44.335267" lon="15.233030">
        <ele>17.888987</ele>
        <time>2026-03-26T19:42:01.865Z</time>
      </trkpt>
      <trkpt lat="44.335395" lon="15.232683">
        <ele>18.143181</ele>
        <time>2026-03-26T19:42:09.045Z</time>
      </trkpt>
      <trkpt lat="44.335577" lon="15.232371">
        <ele>18.405302</ele>
        <time>2026-03-26T19:42:17.483Z</time>
      </trkpt>
      <trkpt lat="44.335724" lon="15.232126">
        <ele>18.613503</ele>
        <time>2026-03-26T19:42:24.766Z</time>
      </trkpt>
      <trkpt lat="44.335852" lon="15.231830">
        <ele>18.838699</ele>
        <time>2026-03-26T19:42:32.081Z</time>
      </trkpt>
      <trkpt lat="44.336092" lon="15.230940">
        <ele>19.367510</ele>
        <time>2026-03-26T19:42:44.671Z</time>
      </trkpt>
      <trkpt lat="44.336421" lon="15.230047">
        <ele>18.607305</ele>
        <time>2026-03-26T19:42:57.268Z</time>
      </trkpt>
      <trkpt lat="44.336590" lon="15.229719">
        <ele>18.301376</ele>
        <time>2026-03-26T19:43:02.633Z</time>
      </trkpt>
      <trkpt lat="44.337077" lon="15.229191">
        <ele>17.649310</ele>
        <time>2026-03-26T19:43:12.491Z</time>
      </trkpt>
      <trkpt lat="44.337240" lon="15.228955">
        <ele>17.347606</ele>
        <time>2026-03-26T19:43:16.070Z</time>
      </trkpt>
      <trkpt lat="44.337337" lon="15.228782">
        <ele>17.101885</ele>
        <time>2026-03-26T19:43:18.403Z</time>
      </trkpt>
      <trkpt lat="44.337467" lon="15.228423">
        <ele>16.652087</ele>
        <time>2026-03-26T19:43:22.552Z</time>
      </trkpt>
      <trkpt lat="44.337780" lon="15.227878">
        <ele>15.870788</ele>
        <time>2026-03-26T19:43:30.012Z</time>
      </trkpt>
      <trkpt lat="44.338099" lon="15.227308">
        <ele>15.061766</ele>
        <time>2026-03-26T19:43:38.369Z</time>
      </trkpt>
      <trkpt lat="44.338243" lon="15.227061">
        <ele>14.705566</ele>
        <time>2026-03-26T19:43:43.213Z</time>
      </trkpt>
      <trkpt lat="44.338577" lon="15.226330">
        <ele>15.079434</ele>
        <time>2026-03-26T19:43:58.821Z</time>
      </trkpt>
      <trkpt lat="44.338995" lon="15.225492">
        <ele>15.525661</ele>
        <time>2026-03-26T19:44:19.269Z</time>
      </trkpt>
      <trkpt lat="44.339340" lon="15.224873">
        <ele>15.550876</ele>
        <time>2026-03-26T19:44:29.995Z</time>
      </trkpt>
      <trkpt lat="44.339623" lon="15.224348">
        <ele>14.498446</ele>
        <time>2026-03-26T19:44:37.205Z</time>
      </trkpt>
      <trkpt lat="44.340007" lon="15.223636">
        <ele>13.070888</ele>
        <time>2026-03-26T19:44:46.378Z</time>
      </trkpt>
      <trkpt lat="44.340063" lon="15.223534">
        <ele>12.865039</ele>
        <time>2026-03-26T19:44:47.683Z</time>
      </trkpt>
      <trkpt lat="44.340345" lon="15.223047">
        <ele>11.861939</ele>
        <time>2026-03-26T19:44:54.167Z</time>
      </trkpt>
      <trkpt lat="44.341143" lon="15.221381">
        <ele>9.699276</ele>
        <time>2026-03-26T19:45:17.199Z</time>
      </trkpt>
      <trkpt lat="44.341889" lon="15.220009">
        <ele>8.684733</ele>
        <time>2026-03-26T19:45:38.839Z</time>
      </trkpt>
      <trkpt lat="44.342262" lon="15.219112">
        <ele>8.314095</ele>
        <time>2026-03-26T19:45:52.277Z</time>
      </trkpt>
      <trkpt lat="44.342568" lon="15.218205">
        <ele>7.872791</ele>
        <time>2026-03-26T19:46:05.700Z</time>
      </trkpt>
      <trkpt lat="44.342859" lon="15.217444">
        <ele>7.459813</ele>
        <time>2026-03-26T19:46:17.104Z</time>
      </trkpt>
      <trkpt lat="44.343963" lon="15.215672">
        <ele>5.732698</ele>
        <time>2026-03-26T19:46:44.469Z</time>
      </trkpt>
      <trkpt lat="44.344303" lon="15.214905">
        <ele>4.907661</ele>
        <time>2026-03-26T19:46:54.979Z</time>
      </trkpt>
      <trkpt lat="44.344574" lon="15.214153">
        <ele>4.435809</ele>
        <time>2026-03-26T19:47:05.244Z</time>
      </trkpt>
      <trkpt lat="44.344759" lon="15.213775">
        <ele>4.240069</ele>
        <time>2026-03-26T19:47:11.042Z</time>
      </trkpt>
      <trkpt lat="44.344979" lon="15.213449">
        <ele>4.048522</ele>
        <time>2026-03-26T19:47:16.830Z</time>
      </trkpt>
      <trkpt lat="44.345486" lon="15.212919">
        <ele>3.670260</ele>
        <time>2026-03-26T19:47:28.235Z</time>
      </trkpt>
      <trkpt lat="44.345648" lon="15.212712">
        <ele>3.690544</ele>
        <time>2026-03-26T19:47:32.184Z</time>
      </trkpt>
      <trkpt lat="44.346301" lon="15.211645">
        <ele>4.179207</ele>
        <time>2026-03-26T19:47:51.212Z</time>
      </trkpt>
      <trkpt lat="44.346792" lon="15.210728">
        <ele>4.773369</ele>
        <time>2026-03-26T19:48:12.799Z</time>
      </trkpt>
      <trkpt lat="44.347569" lon="15.209766">
        <ele>6.511644</ele>
        <time>2026-03-26T19:48:44.411Z</time>
      </trkpt>
      <trkpt lat="44.347940" lon="15.209159">
        <ele>7.468089</ele>
        <time>2026-03-26T19:48:59.492Z</time>
      </trkpt>
      <trkpt lat="44.348302" lon="15.208481">
        <ele>7.658055</ele>
        <time>2026-03-26T19:49:12.293Z</time>
      </trkpt>
      <trkpt lat="44.348524" lon="15.208065">
        <ele>7.752556</ele>
        <time>2026-03-26T19:49:19.094Z</time>
      </trkpt>
      <trkpt lat="44.349159" lon="15.207078">
        <ele>7.986165</ele>
        <time>2026-03-26T19:49:37.558Z</time>
      </trkpt>
      <trkpt lat="44.349444" lon="15.206510">
        <ele>8.072974</ele>
        <time>2026-03-26T19:49:47.957Z</time>
      </trkpt>
      <trkpt lat="44.350116" lon="15.204753">
        <ele>8.023698</ele>
        <time>2026-03-26T19:50:16.949Z</time>
      </trkpt>
      <trkpt lat="44.350377" lon="15.204224">
        <ele>7.491869</ele>
        <time>2026-03-26T19:50:24.836Z</time>
      </trkpt>
      <trkpt lat="44.350644" lon="15.203578">
        <ele>6.874440</ele>
        <time>2026-03-26T19:50:33.465Z</time>
      </trkpt>
      <trkpt lat="44.351014" lon="15.202427">
        <ele>5.632894</ele>
        <time>2026-03-26T19:50:47.602Z</time>
      </trkpt>
      <trkpt lat="44.351281" lon="15.201927">
        <ele>4.842247</ele>
        <time>2026-03-26T19:50:54.538Z</time>
      </trkpt>
      <trkpt lat="44.351601" lon="15.201457">
        <ele>4.020008</ele>
        <time>2026-03-26T19:51:01.803Z</time>
      </trkpt>
      <trkpt lat="44.351942" lon="15.200861">
        <ele>3.052921</ele>
        <time>2026-03-26T19:51:10.437Z</time>
      </trkpt>
      <trkpt lat="44.352581" lon="15.199633">
        <ele>1.824472</ele>
        <time>2026-03-26T19:51:28.011Z</time>
      </trkpt>
      <trkpt lat="44.353217" lon="15.198586">
        <ele>0.947836</ele>
        <time>2026-03-26T19:51:45.370Z</time>
      </trkpt>
      <trkpt lat="44.353424" lon="15.198199">
        <ele>0.870355</ele>
        <time>2026-03-26T19:51:51.807Z</time>
      </trkpt>
      <trkpt lat="44.353704" lon="15.197536">
        <ele>0.746911</ele>
        <time>2026-03-26T19:52:02.202Z</time>
      </trkpt>
      <trkpt lat="44.354115" lon="15.196441">
        <ele>0.565660</ele>
        <time>2026-03-26T19:52:18.872Z</time>
      </trkpt>
      <trkpt lat="44.354468" lon="15.195668">
        <ele>0.467137</ele>
        <time>2026-03-26T19:52:30.998Z</time>
      </trkpt>
      <trkpt lat="44.355112" lon="15.194409">
        <ele>0.322677</ele>
        <time>2026-03-26T19:52:51.937Z</time>
      </trkpt>
      <trkpt lat="44.355641" lon="15.193562">
        <ele>0.292341</ele>
        <time>2026-03-26T19:53:07.404Z</time>
      </trkpt>
      <trkpt lat="44.355757" lon="15.193339">
        <ele>0.284902</ele>
        <time>2026-03-26T19:53:11.181Z</time>
      </trkpt>
      <trkpt lat="44.356592" lon="15.191334">
        <ele>0.278037</ele>
        <time>2026-03-26T19:53:42.712Z</time>
      </trkpt>
      <trkpt lat="44.356795" lon="15.190848">
        <ele>0.284098</ele>
        <time>2026-03-26T19:53:50.509Z</time>
      </trkpt>
      <trkpt lat="44.356977" lon="15.190506">
        <ele>0.288688</ele>
        <time>2026-03-26T19:53:56.431Z</time>
      </trkpt>
      <trkpt lat="44.357037" lon="15.190418">
        <ele>0.302630</ele>
        <time>2026-03-26T19:53:58.136Z</time>
      </trkpt>
      <trkpt lat="44.357336" lon="15.189984">
        <ele>0.415393</ele>
        <time>2026-03-26T19:54:06.697Z</time>
      </trkpt>
      <trkpt lat="44.357751" lon="15.189469">
        <ele>0.560575</ele>
        <time>2026-03-26T19:54:17.803Z</time>
      </trkpt>
      <trkpt lat="44.358523" lon="15.188448">
        <ele>1.127439</ele>
        <time>2026-03-26T19:54:40.100Z</time>
      </trkpt>
      <trkpt lat="44.359635" lon="15.186949">
        <ele>3.163246</ele>
        <time>2026-03-26T19:55:18.137Z</time>
      </trkpt>
      <trkpt lat="44.359920" lon="15.186467">
        <ele>5.137942</ele>
        <time>2026-03-26T19:55:34.303Z</time>
      </trkpt>
      <trkpt lat="44.360066" lon="15.186624">
        <ele>5.951156</ele>
        <time>2026-03-26T19:55:42.068Z</time>
      </trkpt>
      <trkpt lat="44.360189" lon="15.186849">
        <ele>6.845351</ele>
        <time>2026-03-26T19:55:51.089Z</time>
      </trkpt>
      <trkpt lat="44.360208" lon="15.187138">
        <ele>7.761595</ele>
        <time>2026-03-26T19:56:00.719Z</time>
      </trkpt>
      <trkpt lat="44.360208" lon="15.187656">
        <ele>9.396959</ele>
        <time>2026-03-26T19:56:19.066Z</time>
      </trkpt>
      <trkpt lat="44.360166" lon="15.187855">
        <ele>10.052019</ele>
        <time>2026-03-26T19:56:26.575Z</time>
      </trkpt>
      <trkpt lat="44.359924" lon="15.188218">
        <ele>11.716175</ele>
        <time>2026-03-26T19:56:43.810Z</time>
      </trkpt>
      <trkpt lat="44.359593" lon="15.188941">
        <ele>14.793148</ele>
        <time>2026-03-26T19:57:11.031Z</time>
      </trkpt>
      <trkpt lat="44.359494" lon="15.189170">
        <ele>15.752270</ele>
        <time>2026-03-26T19:57:18.907Z</time>
      </trkpt>
      <trkpt lat="44.359332" lon="15.189547">
        <ele>17.328720</ele>
        <time>2026-03-26T19:57:31.871Z</time>
      </trkpt>
      <trkpt lat="44.359218" lon="15.190514">
        <ele>21.351912</ele>
        <time>2026-03-26T19:58:03.214Z</time>
      </trkpt>
      <trkpt lat="44.359207" lon="15.190788">
        <ele>22.878507</ele>
        <time>2026-03-26T19:58:13.417Z</time>
      </trkpt>
      <trkpt lat="44.359194" lon="15.191092">
        <ele>24.572605</ele>
        <time>2026-03-26T19:58:25.762Z</time>
      </trkpt>
      <trkpt lat="44.359207" lon="15.191531">
        <ele>27.016747</ele>
        <time>2026-03-26T19:58:44.956Z</time>
      </trkpt>
      <trkpt lat="44.359183" lon="15.191696">
        <ele>27.953403</ele>
        <time>2026-03-26T19:58:52.530Z</time>
      </trkpt>
      <trkpt lat="44.359030" lon="15.192228">
        <ele>31.143237</ele>
        <time>2026-03-26T19:59:19.132Z</time>
      </trkpt>
      <trkpt lat="44.358854" lon="15.192613">
        <ele>33.685256</ele>
        <time>2026-03-26T19:59:40.677Z</time>
      </trkpt>
      <trkpt lat="44.358376" lon="15.193244">
        <ele>41.426750</ele>
        <time>2026-03-26T20:00:25.174Z</time>
      </trkpt>
      <trkpt lat="44.358249" lon="15.193643">
        <ele>45.162205</ele>
        <time>2026-03-26T20:00:50.079Z</time>
      </trkpt>
      <trkpt lat="44.357944" lon="15.194320">
        <ele>52.006087</ele>
        <time>2026-03-26T20:01:40.810Z</time>
      </trkpt>
      <trkpt lat="44.357971" lon="15.194753">
        <ele>55.718729</ele>
        <time>2026-03-26T20:02:13.662Z</time>
      </trkpt>
      <trkpt lat="44.357975" lon="15.194824">
        <ele>56.318018</ele>
        <time>2026-03-26T20:02:19.241Z</time>
      </trkpt>
      <trkpt lat="44.358049" lon="15.195064">
        <ele>58.517305</ele>
        <time>2026-03-26T20:02:38.887Z</time>
      </trkpt>
      <trkpt lat="44.358280" lon="15.195100">
        <ele>61.252751</ele>
        <time>2026-03-26T20:03:03.038Z</time>
      </trkpt>
      <trkpt lat="44.358486" lon="15.195508">
        <ele>65.455622</ele>
        <time>2026-03-26T20:03:40.209Z</time>
      </trkpt>
      <trkpt lat="44.357835" lon="15.196500">
        <ele>76.708425</ele>
        <time>2026-03-26T20:05:01.208Z</time>
      </trkpt>
      <trkpt lat="44.357518" lon="15.197064">
        <ele>80.300247</ele>
        <time>2026-03-26T20:05:34.246Z</time>
      </trkpt>
      <trkpt lat="44.357351" lon="15.197642">
        <ele>83.421482</ele>
        <time>2026-03-26T20:06:02.248Z</time>
      </trkpt>
      <trkpt lat="44.357305" lon="15.197876">
        <ele>84.636532</ele>
        <time>2026-03-26T20:06:13.259Z</time>
      </trkpt>
      <trkpt lat="44.357291" lon="15.198042">
        <ele>85.473412</ele>
        <time>2026-03-26T20:06:20.868Z</time>
      </trkpt>
      <trkpt lat="44.357335" lon="15.198380">
        <ele>87.193508</ele>
        <time>2026-03-26T20:06:36.784Z</time>
      </trkpt>
      <trkpt lat="44.357320" lon="15.198578">
        <ele>88.190390</ele>
        <time>2026-03-26T20:06:46.102Z</time>
      </trkpt>
      <trkpt lat="44.357229" lon="15.198892">
        <ele>89.880577</ele>
        <time>2026-03-26T20:07:02.084Z</time>
      </trkpt>
      <trkpt lat="44.357239" lon="15.199011">
        <ele>90.475177</ele>
        <time>2026-03-26T20:07:07.740Z</time>
      </trkpt>
      <trkpt lat="44.357499" lon="15.199333">
        <ele>92.885519</ele>
        <time>2026-03-26T20:07:30.787Z</time>
      </trkpt>
      <trkpt lat="44.357725" lon="15.199721">
        <ele>95.369007</ele>
        <time>2026-03-26T20:07:54.860Z</time>
      </trkpt>
      <trkpt lat="44.357793" lon="15.200046">
        <ele>97.049438</ele>
        <time>2026-03-26T20:08:11.268Z</time>
      </trkpt>
      <trkpt lat="44.357938" lon="15.200299">
        <ele>98.658499</ele>
        <time>2026-03-26T20:08:26.993Z</time>
      </trkpt>
      <trkpt lat="44.358077" lon="15.200411">
        <ele>99.771886</ele>
        <time>2026-03-26T20:08:37.826Z</time>
      </trkpt>
      <trkpt lat="44.358602" lon="15.201219">
        <ele>104.512265</ele>
        <time>2026-03-26T20:09:29.210Z</time>
      </trkpt>
      <trkpt lat="44.358683" lon="15.201476">
        <ele>105.637466</ele>
        <time>2026-03-26T20:09:41.959Z</time>
      </trkpt>
      <trkpt lat="44.359305" lon="15.202175">
        <ele>110.108363</ele>
        <time>2026-03-26T20:10:29.545Z</time>
      </trkpt>
      <trkpt lat="44.359383" lon="15.202193">
        <ele>110.551330</ele>
        <time>2026-03-26T20:10:33.867Z</time>
      </trkpt>
      <trkpt lat="44.359667" lon="15.202527">
        <ele>112.066749</ele>
        <time>2026-03-26T20:10:53.305Z</time>
      </trkpt>
      <trkpt lat="44.360250" lon="15.203095">
        <ele>113.494671</ele>
        <time>2026-03-26T20:11:25.696Z</time>
      </trkpt>
      <trkpt lat="44.360357" lon="15.203330">
        <ele>113.895001</ele>
        <time>2026-03-26T20:11:33.714Z</time>
      </trkpt>
      <trkpt lat="44.360786" lon="15.203709">
        <ele>114.914770</ele>
        <time>2026-03-26T20:11:52.660Z</time>
      </trkpt>
      <trkpt lat="44.361266" lon="15.204043">
        <ele>114.508847</ele>
        <time>2026-03-26T20:12:09.938Z</time>
      </trkpt>
      <trkpt lat="44.361685" lon="15.204485">
        <ele>113.063934</ele>
        <time>2026-03-26T20:12:24.827Z</time>
      </trkpt>
      <trkpt lat="44.362082" lon="15.205008">
        <ele>111.562423</ele>
        <time>2026-03-26T20:12:38.764Z</time>
      </trkpt>
      <trkpt lat="44.362198" lon="15.205089">
        <ele>111.205461</ele>
        <time>2026-03-26T20:12:41.916Z</time>
      </trkpt>
      <trkpt lat="44.362666" lon="15.204963">
        <ele>109.154756</ele>
        <time>2026-03-26T20:12:53.138Z</time>
      </trkpt>
      <trkpt lat="44.362892" lon="15.204963">
        <ele>107.650365</ele>
        <time>2026-03-26T20:12:58.316Z</time>
      </trkpt>
      <trkpt lat="44.364120" lon="15.204697">
        <ele>99.378633</ele>
        <time>2026-03-26T20:13:26.487Z</time>
      </trkpt>
      <trkpt lat="44.364714" lon="15.204539">
        <ele>95.258083</ele>
        <time>2026-03-26T20:13:40.408Z</time>
      </trkpt>
      <trkpt lat="44.365626" lon="15.204624">
        <ele>88.985272</ele>
        <time>2026-03-26T20:14:01.789Z</time>
      </trkpt>
      <trkpt lat="44.366242" lon="15.204282">
        <ele>83.543702</ele>
        <time>2026-03-26T20:14:16.604Z</time>
      </trkpt>
      <trkpt lat="44.366684" lon="15.204485">
        <ele>78.633658</ele>
        <time>2026-03-26T20:14:26.574Z</time>
      </trkpt>
      <trkpt lat="44.367042" lon="15.204972">
        <ele>73.363133</ele>
        <time>2026-03-26T20:14:37.058Z</time>
      </trkpt>
      <trkpt lat="44.367226" lon="15.205459">
        <ele>69.207067</ele>
        <time>2026-03-26T20:14:45.243Z</time>
      </trkpt>
      <trkpt lat="44.367732" lon="15.205666">
        <ele>64.828752</ele>
        <time>2026-03-26T20:14:56.229Z</time>
      </trkpt>
      <trkpt lat="44.367838" lon="15.205883">
        <ele>63.523240</ele>
        <time>2026-03-26T20:15:00.214Z</time>
      </trkpt>
      <trkpt lat="44.368196" lon="15.206149">
        <ele>60.706535</ele>
        <time>2026-03-26T20:15:09.094Z</time>
      </trkpt>
      <trkpt lat="44.368493" lon="15.206293">
        <ele>58.522378</ele>
        <time>2026-03-26T20:15:16.415Z</time>
      </trkpt>
      <trkpt lat="44.368590" lon="15.206262">
        <ele>57.831004</ele>
        <time>2026-03-26T20:15:18.857Z</time>
      </trkpt>
      <trkpt lat="44.368867" lon="15.206298">
        <ele>55.897972</ele>
        <time>2026-03-26T20:15:26.149Z</time>
      </trkpt>
      <trkpt lat="44.368951" lon="15.206226">
        <ele>55.213441</ele>
        <time>2026-03-26T20:15:28.937Z</time>
      </trkpt>
      <trkpt lat="44.368951" lon="15.206225">
        <ele>55.208474</ele>
        <time>2026-03-26T20:15:28.965Z</time>
      </trkpt>
      <trkpt lat="44.368977" lon="15.206136">
        <ele>54.730905</ele>
        <time>2026-03-26T20:15:30.970Z</time>
      </trkpt>
      <trkpt lat="44.368806" lon="15.205685">
        <ele>54.632586</ele>
        <time>2026-03-26T20:15:42.304Z</time>
      </trkpt>
      <trkpt lat="44.368628" lon="15.204814">
        <ele>54.663317</ele>
        <time>2026-03-26T20:16:06.287Z</time>
      </trkpt>
      <trkpt lat="44.368719" lon="15.204674">
        <ele>54.669737</ele>
        <time>2026-03-26T20:16:11.772Z</time>
      </trkpt>
      <trkpt lat="44.369099" lon="15.204468">
        <ele>54.689076</ele>
        <time>2026-03-26T20:16:27.190Z</time>
      </trkpt>
      <trkpt lat="44.369394" lon="15.204283">
        <ele>54.718071</ele>
        <time>2026-03-26T20:16:37.180Z</time>
      </trkpt>
      <trkpt lat="44.369601" lon="15.204027">
        <ele>54.790646</ele>
        <time>2026-03-26T20:16:44.859Z</time>
      </trkpt>
      <trkpt lat="44.369976" lon="15.203751">
        <ele>54.901949</ele>
        <time>2026-03-26T20:16:56.275Z</time>
      </trkpt>
      <trkpt lat="44.370089" lon="15.203298">
        <ele>54.992038</ele>
        <time>2026-03-26T20:17:06.307Z</time>
      </trkpt>
      <trkpt lat="44.370360" lon="15.203082">
        <ele>55.073965</ele>
        <time>2026-03-26T20:17:17.035Z</time>
      </trkpt>
      <trkpt lat="44.370579" lon="15.203037">
        <ele>55.132108</ele>
        <time>2026-03-26T20:17:26.122Z</time>
      </trkpt>
      <trkpt lat="44.370731" lon="15.202757">
        <ele>55.782211</ele>
        <time>2026-03-26T20:17:37.955Z</time>
      </trkpt>
      <trkpt lat="44.370737" lon="15.202531">
        <ele>56.846901</ele>
        <time>2026-03-26T20:17:46.502Z</time>
      </trkpt>
      <trkpt lat="44.370528" lon="15.202062">
        <ele>59.448755</ele>
        <time>2026-03-26T20:18:11.029Z</time>
      </trkpt>
      <trkpt lat="44.370560" lon="15.201837">
        <ele>60.528768</ele>
        <time>2026-03-26T20:18:22.479Z</time>
      </trkpt>
      <trkpt lat="44.370647" lon="15.201738">
        <ele>61.267359</ele>
        <time>2026-03-26T20:18:30.634Z</time>
      </trkpt>
      <trkpt lat="44.370654" lon="15.201566">
        <ele>62.078409</ele>
        <time>2026-03-26T20:18:39.774Z</time>
      </trkpt>
      <trkpt lat="44.370583" lon="15.201313">
        <ele>63.357975</ele>
        <time>2026-03-26T20:18:54.482Z</time>
      </trkpt>
      <trkpt lat="44.370589" lon="15.201079">
        <ele>64.460305</ele>
        <time>2026-03-26T20:19:07.245Z</time>
      </trkpt>
      <trkpt lat="44.370505" lon="15.200723">
        <ele>66.225221</ele>
        <time>2026-03-26T20:19:27.241Z</time>
      </trkpt>
      <trkpt lat="44.370412" lon="15.199996">
        <ele>69.116051</ele>
        <time>2026-03-26T20:20:03.960Z</time>
      </trkpt>
      <trkpt lat="44.370360" lon="15.198769">
        <ele>73.638414</ele>
        <time>2026-03-26T20:20:56.989Z</time>
      </trkpt>
      <trkpt lat="44.370412" lon="15.198535">
        <ele>74.540000</ele>
        <time>2026-03-26T20:21:06.007Z</time>
      </trkpt>
      <trkpt lat="44.370360" lon="15.197777">
        <ele>75.977506</ele>
        <time>2026-03-26T20:21:29.484Z</time>
      </trkpt>
      <trkpt lat="44.370247" lon="15.197587">
        <ele>75.721610</ele>
        <time>2026-03-26T20:21:35.419Z</time>
      </trkpt>
      <trkpt lat="44.370247" lon="15.197470">
        <ele>75.600475</ele>
        <time>2026-03-26T20:21:37.992Z</time>
      </trkpt>
      <trkpt lat="44.370299" lon="15.197366">
        <ele>75.469074</ele>
        <time>2026-03-26T20:21:40.702Z</time>
      </trkpt>
      <trkpt lat="44.370557" lon="15.197060">
        <ele>74.979171</ele>
        <time>2026-03-26T20:21:50.163Z</time>
      </trkpt>
      <trkpt lat="44.370602" lon="15.196929">
        <ele>74.828695</ele>
        <time>2026-03-26T20:21:52.928Z</time>
      </trkpt>
      <trkpt lat="44.370741" lon="15.196812">
        <ele>74.593739</ele>
        <time>2026-03-26T20:21:57.150Z</time>
      </trkpt>
      <trkpt lat="44.370931" lon="15.196424">
        <ele>74.106812</ele>
        <time>2026-03-26T20:22:05.658Z</time>
      </trkpt>
      <trkpt lat="44.371005" lon="15.196397">
        <ele>73.996048</ele>
        <time>2026-03-26T20:22:07.571Z</time>
      </trkpt>
      <trkpt lat="44.371324" lon="15.196681">
        <ele>73.315458</ele>
        <time>2026-03-26T20:22:17.103Z</time>
      </trkpt>
      <trkpt lat="44.371424" lon="15.196604">
        <ele>73.051842</ele>
        <time>2026-03-26T20:22:19.999Z</time>
      </trkpt>
      <trkpt lat="44.371515" lon="15.196478">
        <ele>72.756151</ele>
        <time>2026-03-26T20:22:23.248Z</time>
      </trkpt>
      <trkpt lat="44.371792" lon="15.196297">
        <ele>72.050094</ele>
        <time>2026-03-26T20:22:31.188Z</time>
      </trkpt>
      <trkpt lat="44.371976" lon="15.196049">
        <ele>71.460024</ele>
        <time>2026-03-26T20:22:38.020Z</time>
      </trkpt>
      <trkpt lat="44.372195" lon="15.195878">
        <ele>70.880810</ele>
        <time>2026-03-26T20:22:44.865Z</time>
      </trkpt>
      <trkpt lat="44.372279" lon="15.195770">
        <ele>70.617334</ele>
        <time>2026-03-26T20:22:48.023Z</time>
      </trkpt>
      <trkpt lat="44.372453" lon="15.195463">
        <ele>69.970555</ele>
        <time>2026-03-26T20:22:55.940Z</time>
      </trkpt>
      <trkpt lat="44.372856" lon="15.194849">
        <ele>70.358956</ele>
        <time>2026-03-26T20:23:13.618Z</time>
      </trkpt>
      <trkpt lat="44.372927" lon="15.194619">
        <ele>70.735437</ele>
        <time>2026-03-26T20:23:19.299Z</time>
      </trkpt>
      <trkpt lat="44.372937" lon="15.194218">
        <ele>71.338398</ele>
        <time>2026-03-26T20:23:29.683Z</time>
      </trkpt>
      <trkpt lat="44.372898" lon="15.194055">
        <ele>71.596701</ele>
        <time>2026-03-26T20:23:34.728Z</time>
      </trkpt>
      <trkpt lat="44.372795" lon="15.193848">
        <ele>71.975712</ele>
        <time>2026-03-26T20:23:42.780Z</time>
      </trkpt>
      <trkpt lat="44.372698" lon="15.193496">
        <ele>72.542621</ele>
        <time>2026-03-26T20:23:56.346Z</time>
      </trkpt>
      <trkpt lat="44.372672" lon="15.193243">
        <ele>72.926723</ele>
        <time>2026-03-26T20:24:06.426Z</time>
      </trkpt>
      <trkpt lat="44.372217" lon="15.192621">
        <ele>76.418160</ele>
        <time>2026-03-26T20:24:46.685Z</time>
      </trkpt>
      <trkpt lat="44.372146" lon="15.192332">
        <ele>77.902776</ele>
        <time>2026-03-26T20:25:01.866Z</time>
      </trkpt>
      <trkpt lat="44.372159" lon="15.192165">
        <ele>78.718885</ele>
        <time>2026-03-26T20:25:10.306Z</time>
      </trkpt>
      <trkpt lat="44.371950" lon="15.191439">
        <ele>82.521200</ele>
        <time>2026-03-26T20:25:50.040Z</time>
      </trkpt>
      <trkpt lat="44.371544" lon="15.190781">
        <ele>86.194681</ele>
        <time>2026-03-26T20:26:31.580Z</time>
      </trkpt>
      <trkpt lat="44.371240" lon="15.190158">
        <ele>88.209487</ele>
        <time>2026-03-26T20:27:03.225Z</time>
      </trkpt>
      <trkpt lat="44.370995" lon="15.189833">
        <ele>89.471106</ele>
        <time>2026-03-26T20:27:20.521Z</time>
      </trkpt>
      <trkpt lat="44.370992" lon="15.189590">
        <ele>90.120270</ele>
        <time>2026-03-26T20:27:28.596Z</time>
      </trkpt>
      <trkpt lat="44.370799" lon="15.189179">
        <ele>91.433764</ele>
        <time>2026-03-26T20:27:43.218Z</time>
      </trkpt>
      <trkpt lat="44.370737" lon="15.188944">
        <ele>92.102852</ele>
        <time>2026-03-26T20:27:49.839Z</time>
      </trkpt>
      <trkpt lat="44.370679" lon="15.188832">
        <ele>92.151760</ele>
        <time>2026-03-26T20:27:53.263Z</time>
      </trkpt>
      <trkpt lat="44.370689" lon="15.188669">
        <ele>91.973489</ele>
        <time>2026-03-26T20:27:57.096Z</time>
      </trkpt>
      <trkpt lat="44.370528" lon="15.188453">
        <ele>91.633437</ele>
        <time>2026-03-26T20:28:03.992Z</time>
      </trkpt>
      <trkpt lat="44.370405" lon="15.187966">
        <ele>91.070608</ele>
        <time>2026-03-26T20:28:14.749Z</time>
      </trkpt>
      <trkpt lat="44.370247" lon="15.187749">
        <ele>90.733079</ele>
        <time>2026-03-26T20:28:20.959Z</time>
      </trkpt>
      <trkpt lat="44.370196" lon="15.187312">
        <ele>90.250578</ele>
        <time>2026-03-26T20:28:29.624Z</time>
      </trkpt>
      <trkpt lat="44.370138" lon="15.185994">
        <ele>87.584968</ele>
        <time>2026-03-26T20:28:53.827Z</time>
      </trkpt>
      <trkpt lat="44.370231" lon="15.185679">
        <ele>86.554448</ele>
        <time>2026-03-26T20:28:59.808Z</time>
      </trkpt>
      <trkpt lat="44.370360" lon="15.185209">
        <ele>85.032133</ele>
        <time>2026-03-26T20:29:08.522Z</time>
      </trkpt>
      <trkpt lat="44.370499" lon="15.184199">
        <ele>81.922079</ele>
        <time>2026-03-26T20:29:26.261Z</time>
      </trkpt>
      <trkpt lat="44.370747" lon="15.183234">
        <ele>80.164448</ele>
        <time>2026-03-26T20:29:44.645Z</time>
      </trkpt>
      <trkpt lat="44.370773" lon="15.182941">
        <ele>79.661862</ele>
        <time>2026-03-26T20:29:50.258Z</time>
      </trkpt>
      <trkpt lat="44.370953" lon="15.182187">
        <ele>78.308690</ele>
        <time>2026-03-26T20:30:06.310Z</time>
      </trkpt>
      <trkpt lat="44.371195" lon="15.181443">
        <ele>77.718369</ele>
        <time>2026-03-26T20:30:24.659Z</time>
      </trkpt>
      <trkpt lat="44.371228" lon="15.181280">
        <ele>77.762810</ele>
        <time>2026-03-26T20:30:28.770Z</time>
      </trkpt>
      <trkpt lat="44.371460" lon="15.180604">
        <ele>77.959522</ele>
        <time>2026-03-26T20:30:47.666Z</time>
      </trkpt>
      <trkpt lat="44.371908" lon="15.179697">
        <ele>78.248728</ele>
        <time>2026-03-26T20:31:15.815Z</time>
      </trkpt>
      <trkpt lat="44.372304" lon="15.179196">
        <ele>78.046794</ele>
        <time>2026-03-26T20:31:33.440Z</time>
      </trkpt>
      <trkpt lat="44.372562" lon="15.178989">
        <ele>77.905207</ele>
        <time>2026-03-26T20:31:42.619Z</time>
      </trkpt>
      <trkpt lat="44.372779" lon="15.178718">
        <ele>77.766731</ele>
        <time>2026-03-26T20:31:51.279Z</time>
      </trkpt>
      <trkpt lat="44.373082" lon="15.178227">
        <ele>77.546001</ele>
        <time>2026-03-26T20:32:04.753Z</time>
      </trkpt>
      <trkpt lat="44.373646" lon="15.177460">
        <ele>77.546132</ele>
        <time>2026-03-26T20:32:27.602Z</time>
      </trkpt>
      <trkpt lat="44.374049" lon="15.177027">
        <ele>77.676097</ele>
        <time>2026-03-26T20:32:43.211Z</time>
      </trkpt>
      <trkpt lat="44.374936" lon="15.176310">
        <ele>78.482992</ele>
        <time>2026-03-26T20:33:22.476Z</time>
      </trkpt>
      <trkpt lat="44.375303" lon="15.176088">
        <ele>79.471799</ele>
        <time>2026-03-26T20:33:40.685Z</time>
      </trkpt>
      <trkpt lat="44.375645" lon="15.175529">
        <ele>80.772461</ele>
        <time>2026-03-26T20:34:05.513Z</time>
      </trkpt>
      <trkpt lat="44.375932" lon="15.175222">
        <ele>81.665908</ele>
        <time>2026-03-26T20:34:22.612Z</time>
      </trkpt>
      <trkpt lat="44.376345" lon="15.174505">
        <ele>82.777340</ele>
        <time>2026-03-26T20:34:51.666Z</time>
      </trkpt>
      <trkpt lat="44.376703" lon="15.173684">
        <ele>83.572735</ele>
        <time>2026-03-26T20:35:17.141Z</time>
      </trkpt>
      <trkpt lat="44.376686" lon="15.173201">
        <ele>83.972685</ele>
        <time>2026-03-26T20:35:28.664Z</time>
      </trkpt>
      <trkpt lat="44.376735" lon="15.172868">
        <ele>84.253868</ele>
        <time>2026-03-26T20:35:36.403Z</time>
      </trkpt>
      <trkpt lat="44.377341" lon="15.171577">
        <ele>84.763019</ele>
        <time>2026-03-26T20:36:14.065Z</time>
      </trkpt>
      <trkpt lat="44.377628" lon="15.170874">
        <ele>84.976033</ele>
        <time>2026-03-26T20:36:34.716Z</time>
      </trkpt>
      <trkpt lat="44.377766" lon="15.170739">
        <ele>85.038019</ele>
        <time>2026-03-26T20:36:40.359Z</time>
      </trkpt>
      <trkpt lat="44.377986" lon="15.170644">
        <ele>84.834029</ele>
        <time>2026-03-26T20:36:47.639Z</time>
      </trkpt>
      <trkpt lat="44.378315" lon="15.170445">
        <ele>84.286573</ele>
        <time>2026-03-26T20:36:58.423Z</time>
      </trkpt>
      <trkpt lat="44.378537" lon="15.170139">
        <ele>83.810585</ele>
        <time>2026-03-26T20:37:07.218Z</time>
      </trkpt>
      <trkpt lat="44.378672" lon="15.169886">
        <ele>83.465913</ele>
        <time>2026-03-26T20:37:13.305Z</time>
      </trkpt>
      <trkpt lat="44.379533" lon="15.169155">
        <ele>82.237278</ele>
        <time>2026-03-26T20:37:40.081Z</time>
      </trkpt>
      <trkpt lat="44.379820" lon="15.168803">
        <ele>82.114967</ele>
        <time>2026-03-26T20:37:50.942Z</time>
      </trkpt>
      <trkpt lat="44.380091" lon="15.168533">
        <ele>82.008350</ele>
        <time>2026-03-26T20:38:01.068Z</time>
      </trkpt>
      <trkpt lat="44.380321" lon="15.168102">
        <ele>81.885149</ele>
        <time>2026-03-26T20:38:14.144Z</time>
      </trkpt>
      <trkpt lat="44.380787" lon="15.167130">
        <ele>82.350526</ele>
        <time>2026-03-26T20:38:46.996Z</time>
      </trkpt>
      <trkpt lat="44.381194" lon="15.166769">
        <ele>83.095009</ele>
        <time>2026-03-26T20:39:06.190Z</time>
      </trkpt>
      <trkpt lat="44.381355" lon="15.166372">
        <ele>83.599014</ele>
        <time>2026-03-26T20:39:19.106Z</time>
      </trkpt>
      <trkpt lat="44.381919" lon="15.165849">
        <ele>84.672927</ele>
        <time>2026-03-26T20:39:45.843Z</time>
      </trkpt>
      <trkpt lat="44.382716" lon="15.163177">
        <ele>88.824437</ele>
        <time>2026-03-26T20:41:10.998Z</time>
      </trkpt>
      <trkpt lat="44.381746" lon="15.162661">
        <ele>91.420169</ele>
        <time>2026-03-26T20:42:00.451Z</time>
      </trkpt>
      <trkpt lat="44.381632" lon="15.162492">
        <ele>91.835607</ele>
        <time>2026-03-26T20:42:08.299Z</time>
      </trkpt>
      <trkpt lat="44.381503" lon="15.162141">
        <ele>92.368354</ele>
        <time>2026-03-26T20:42:20.808Z</time>
      </trkpt>
      <trkpt lat="44.381307" lon="15.162124">
        <ele>91.947125</ele>
        <time>2026-03-26T20:42:28.737Z</time>
      </trkpt>
      <trkpt lat="44.380731" lon="15.161642">
        <ele>90.507493</ele>
        <time>2026-03-26T20:42:49.877Z</time>
      </trkpt>
      <trkpt lat="44.380171" lon="15.161423">
        <ele>89.260249</ele>
        <time>2026-03-26T20:43:04.686Z</time>
      </trkpt>
      <trkpt lat="44.379741" lon="15.161084">
        <ele>86.962824</ele>
        <time>2026-03-26T20:43:16.116Z</time>
      </trkpt>
      <trkpt lat="44.379130" lon="15.161045">
        <ele>81.467521</ele>
        <time>2026-03-26T20:43:29.495Z</time>
      </trkpt>
      <trkpt lat="44.378805" lon="15.160859">
        <ele>78.312685</ele>
        <time>2026-03-26T20:43:37.034Z</time>
      </trkpt>
      <trkpt lat="44.378558" lon="15.160426">
        <ele>74.755117</ele>
        <time>2026-03-26T20:43:45.496Z</time>
      </trkpt>
      <trkpt lat="44.378362" lon="15.160475">
        <ele>72.966243</ele>
        <time>2026-03-26T20:43:49.758Z</time>
      </trkpt>
      <trkpt lat="44.377634" lon="15.160946">
        <ele>64.209658</ele>
        <time>2026-03-26T20:44:06.947Z</time>
      </trkpt>
      <trkpt lat="44.377524" lon="15.161275">
        <ele>61.335038</ele>
        <time>2026-03-26T20:44:12.467Z</time>
      </trkpt>
      <trkpt lat="44.377391" lon="15.161407">
        <ele>59.529427</ele>
        <time>2026-03-26T20:44:15.918Z</time>
      </trkpt>
      <trkpt lat="44.376941" lon="15.161116">
        <ele>54.040102</ele>
        <time>2026-03-26T20:44:26.272Z</time>
      </trkpt>
      <trkpt lat="44.376545" lon="15.161012">
        <ele>49.699123</ele>
        <time>2026-03-26T20:44:34.570Z</time>
      </trkpt>
      <trkpt lat="44.376240" lon="15.160716">
        <ele>45.757622</ele>
        <time>2026-03-26T20:44:42.233Z</time>
      </trkpt>
      <trkpt lat="44.375911" lon="15.160338">
        <ele>41.237150</ele>
        <time>2026-03-26T20:44:51.152Z</time>
      </trkpt>
      <trkpt lat="44.375684" lon="15.159785">
        <ele>36.397162</ele>
        <time>2026-03-26T20:44:56.634Z</time>
      </trkpt>
      <trkpt lat="44.375741" lon="15.159594">
        <ele>34.826254</ele>
        <time>2026-03-26T20:44:58.454Z</time>
      </trkpt>
      <trkpt lat="44.376017" lon="15.158676">
        <ele>30.977771</ele>
        <time>2026-03-26T20:45:07.524Z</time>
      </trkpt>
      <trkpt lat="44.376087" lon="15.158443">
        <ele>30.217243</ele>
        <time>2026-03-26T20:45:09.974Z</time>
      </trkpt>
      <trkpt lat="44.376118" lon="15.158010">
        <ele>28.907797</ele>
        <time>2026-03-26T20:45:14.408Z</time>
      </trkpt>
      <trkpt lat="44.376028" lon="15.157604">
        <ele>27.628709</ele>
        <time>2026-03-26T20:45:19.033Z</time>
      </trkpt>
      <trkpt lat="44.375872" lon="15.157331">
        <ele>26.576980</ele>
        <time>2026-03-26T20:45:22.912Z</time>
      </trkpt>
      <trkpt lat="44.376286" lon="15.157050">
        <ele>25.249201</ele>
        <time>2026-03-26T20:45:30.548Z</time>
      </trkpt>
      <trkpt lat="44.376613" lon="15.156871">
        <ele>24.519680</ele>
        <time>2026-03-26T20:45:36.626Z</time>
      </trkpt>
      <trkpt lat="44.376800" lon="15.156465">
        <ele>23.802446</ele>
        <time>2026-03-26T20:45:42.807Z</time>
      </trkpt>
      <trkpt lat="44.376946" lon="15.155740">
        <ele>22.683930</ele>
        <time>2026-03-26T20:45:51.830Z</time>
      </trkpt>
      <trkpt lat="44.377019" lon="15.155238">
        <ele>21.757765</ele>
        <time>2026-03-26T20:45:58.977Z</time>
      </trkpt>
      <trkpt lat="44.376495" lon="15.154297">
        <ele>18.384174</ele>
        <time>2026-03-26T20:46:15.146Z</time>
      </trkpt>
      <trkpt lat="44.376241" lon="15.153763">
        <ele>16.570101</ele>
        <time>2026-03-26T20:46:23.773Z</time>
      </trkpt>
      <trkpt lat="44.376221" lon="15.153792">
        <ele>16.456132</ele>
        <time>2026-03-26T20:46:24.167Z</time>
      </trkpt>
      <trkpt lat="44.375543" lon="15.152817">
        <ele>13.012185</ele>
        <time>2026-03-26T20:46:48.466Z</time>
      </trkpt>
      <trkpt lat="44.375243" lon="15.152508">
        <ele>11.787833</ele>
        <time>2026-03-26T20:46:57.940Z</time>
      </trkpt>
      <trkpt lat="44.374331" lon="15.151291">
        <ele>8.598708</ele>
        <time>2026-03-26T20:47:31.098Z</time>
      </trkpt>
      <trkpt lat="44.374053" lon="15.150851">
        <ele>8.137097</ele>
        <time>2026-03-26T20:47:42.860Z</time>
      </trkpt>
      <trkpt lat="44.373927" lon="15.150296">
        <ele>7.679359</ele>
        <time>2026-03-26T20:47:55.185Z</time>
      </trkpt>
      <trkpt lat="44.373860" lon="15.150141">
        <ele>7.536974</ele>
        <time>2026-03-26T20:47:59.199Z</time>
      </trkpt>
      <trkpt lat="44.373689" lon="15.149914">
        <ele>7.277741</ele>
        <time>2026-03-26T20:48:06.821Z</time>
      </trkpt>
      <trkpt lat="44.373661" lon="15.149805">
        <ele>7.186696</ele>
        <time>2026-03-26T20:48:09.595Z</time>
      </trkpt>
      <trkpt lat="44.373675" lon="15.149716">
        <ele>7.115062</ele>
        <time>2026-03-26T20:48:11.874Z</time>
      </trkpt>
      <trkpt lat="44.373784" lon="15.149375">
        <ele>7.822385</ele>
        <time>2026-03-26T20:48:21.572Z</time>
      </trkpt>
      <trkpt lat="44.373803" lon="15.149030">
        <ele>8.527765</ele>
        <time>2026-03-26T20:48:31.233Z</time>
      </trkpt>
      <trkpt lat="44.373751" lon="15.148344">
        <ele>9.934045</ele>
        <time>2026-03-26T20:48:52.870Z</time>
      </trkpt>
      <trkpt lat="44.373686" lon="15.147839">
        <ele>10.980067</ele>
        <time>2026-03-26T20:49:10.836Z</time>
      </trkpt>
      <trkpt lat="44.373639" lon="15.147668">
        <ele>11.353540</ele>
        <time>2026-03-26T20:49:17.550Z</time>
      </trkpt>
      <trkpt lat="44.373347" lon="15.147390">
        <ele>12.600649</ele>
        <time>2026-03-26T20:49:37.001Z</time>
      </trkpt>
      <trkpt lat="44.373252" lon="15.147250">
        <ele>13.713162</ele>
        <time>2026-03-26T20:49:45.175Z</time>
      </trkpt>
      <trkpt lat="44.373188" lon="15.147050">
        <ele>14.976033</ele>
        <time>2026-03-26T20:49:54.873Z</time>
      </trkpt>
      <trkpt lat="44.373223" lon="15.146740">
        <ele>16.784773</ele>
        <time>2026-03-26T20:50:09.560Z</time>
      </trkpt>
      <trkpt lat="44.373197" lon="15.146591">
        <ele>17.668706</ele>
        <time>2026-03-26T20:50:17.209Z</time>
      </trkpt>
      <trkpt lat="44.373125" lon="15.146429">
        <ele>18.768104</ele>
        <time>2026-03-26T20:50:27.100Z</time>
      </trkpt>
      <trkpt lat="44.372759" lon="15.145873">
        <ele>23.124237</ele>
        <time>2026-03-26T20:51:09.572Z</time>
      </trkpt>
      <trkpt lat="44.372631" lon="15.145582">
        <ele>25.093437</ele>
        <time>2026-03-26T20:51:29.777Z</time>
      </trkpt>
      <trkpt lat="44.372528" lon="15.144999">
        <ele>28.131411</ele>
        <time>2026-03-26T20:52:06.248Z</time>
      </trkpt>
      <trkpt lat="44.372544" lon="15.144721">
        <ele>29.365729</ele>
        <time>2026-03-26T20:52:22.453Z</time>
      </trkpt>
      <trkpt lat="44.372522" lon="15.144586">
        <ele>29.978525</ele>
        <time>2026-03-26T20:52:30.209Z</time>
      </trkpt>
      <trkpt lat="44.372358" lon="15.144318">
        <ele>31.539873</ele>
        <time>2026-03-26T20:52:49.033Z</time>
      </trkpt>
      <trkpt lat="44.372122" lon="15.144086">
        <ele>33.325724</ele>
        <time>2026-03-26T20:53:08.536Z</time>
      </trkpt>
      <trkpt lat="44.371939" lon="15.143835">
        <ele>34.912465</ele>
        <time>2026-03-26T20:53:23.435Z</time>
      </trkpt>
      <trkpt lat="44.371507" lon="15.142949">
        <ele>37.258457</ele>
        <time>2026-03-26T20:53:54.257Z</time>
      </trkpt>
      <trkpt lat="44.371412" lon="15.142627">
        <ele>36.734220</ele>
        <time>2026-03-26T20:54:01.393Z</time>
      </trkpt>
      <trkpt lat="44.371063" lon="15.141697">
        <ele>35.153492</ele>
        <time>2026-03-26T20:54:21.135Z</time>
      </trkpt>
      <trkpt lat="44.370994" lon="15.141398">
        <ele>34.680649</ele>
        <time>2026-03-26T20:54:26.748Z</time>
      </trkpt>
      <trkpt lat="44.370896" lon="15.141176">
        <ele>34.287980</ele>
        <time>2026-03-26T20:54:31.341Z</time>
      </trkpt>
      <trkpt lat="44.370784" lon="15.140765">
        <ele>32.941232</ele>
        <time>2026-03-26T20:54:38.960Z</time>
      </trkpt>
      <trkpt lat="44.370627" lon="15.140562">
        <ele>31.813521</ele>
        <time>2026-03-26T20:54:44.080Z</time>
      </trkpt>
      <trkpt lat="44.370471" lon="15.140410">
        <ele>30.810717</ele>
        <time>2026-03-26T20:54:48.589Z</time>
      </trkpt>
      <trkpt lat="44.369981" lon="15.139642">
        <ele>26.929143</ele>
        <time>2026-03-26T20:55:05.954Z</time>
      </trkpt>
      <trkpt lat="44.369872" lon="15.139362">
        <ele>25.726948</ele>
        <time>2026-03-26T20:55:11.313Z</time>
      </trkpt>
      <trkpt lat="44.369515" lon="15.138710">
        <ele>22.788315</ele>
        <time>2026-03-26T20:55:25.257Z</time>
      </trkpt>
      <trkpt lat="44.369359" lon="15.138220">
        <ele>20.928692</ele>
        <time>2026-03-26T20:55:34.504Z</time>
      </trkpt>
      <trkpt lat="44.369100" lon="15.137720">
        <ele>18.787992</ele>
        <time>2026-03-26T20:55:45.282Z</time>
      </trkpt>
      <trkpt lat="44.369004" lon="15.137415">
        <ele>17.632630</ele>
        <time>2026-03-26T20:55:51.125Z</time>
      </trkpt>
      <trkpt lat="44.368966" lon="15.137118">
        <ele>16.586600</ele>
        <time>2026-03-26T20:55:56.429Z</time>
      </trkpt>
      <trkpt lat="44.368707" lon="15.136394">
        <ele>14.001876</ele>
        <time>2026-03-26T20:56:10.663Z</time>
      </trkpt>
      <trkpt lat="44.368601" lon="15.136198">
        <ele>13.240324</ele>
        <time>2026-03-26T20:56:14.950Z</time>
      </trkpt>
      <trkpt lat="44.368570" lon="15.135973">
        <ele>12.530302</ele>
        <time>2026-03-26T20:56:18.949Z</time>
      </trkpt>
      <trkpt lat="44.368563" lon="15.135597">
        <ele>11.364823</ele>
        <time>2026-03-26T20:56:25.533Z</time>
      </trkpt>
      <trkpt lat="44.368530" lon="15.135442">
        <ele>10.863688</ele>
        <time>2026-03-26T20:56:28.357Z</time>
      </trkpt>
      <trkpt lat="44.368408" lon="15.135210">
        <ele>9.971250</ele>
        <time>2026-03-26T20:56:33.419Z</time>
      </trkpt>
      <trkpt lat="44.368206" lon="15.134655">
        <ele>8.050836</ele>
        <time>2026-03-26T20:56:44.446Z</time>
      </trkpt>
      <trkpt lat="44.368184" lon="15.134208">
        <ele>7.065638</ele>
        <time>2026-03-26T20:56:52.470Z</time>
      </trkpt>
      <trkpt lat="44.368113" lon="15.133834">
        <ele>6.214777</ele>
        <time>2026-03-26T20:56:59.490Z</time>
      </trkpt>
      <trkpt lat="44.368052" lon="15.133648">
        <ele>5.764812</ele>
        <time>2026-03-26T20:57:03.225Z</time>
      </trkpt>
      <trkpt lat="44.367517" lon="15.132570">
        <ele>2.879250</ele>
        <time>2026-03-26T20:57:27.949Z</time>
      </trkpt>
      <trkpt lat="44.367376" lon="15.132416">
        <ele>2.446858</ele>
        <time>2026-03-26T20:57:32.844Z</time>
      </trkpt>
      <trkpt lat="44.367134" lon="15.132244">
        <ele>2.075138</ele>
        <time>2026-03-26T20:57:40.318Z</time>
      </trkpt>
      <trkpt lat="44.366852" lon="15.131967">
        <ele>1.603266</ele>
        <time>2026-03-26T20:57:49.933Z</time>
      </trkpt>
      <trkpt lat="44.365730" lon="15.130654">
        <ele>-0.052146</ele>
        <time>2026-03-26T20:58:32.803Z</time>
      </trkpt>
      <trkpt lat="44.365802" lon="15.130588">
        <ele>-0.084307</ele>
        <time>2026-03-26T20:58:35.408Z</time>
      </trkpt>
      <trkpt lat="44.365827" lon="15.130494">
        <ele>-0.111093</ele>
        <time>2026-03-26T20:58:37.600Z</time>
      </trkpt>
      <trkpt lat="44.365793" lon="15.130360">
        <ele>-0.149069</ele>
        <time>2026-03-26T20:58:40.705Z</time>
      </trkpt>
      <trkpt lat="44.365782" lon="15.130178">
        <ele>-0.197851</ele>
        <time>2026-03-26T20:58:44.723Z</time>
      </trkpt>
      <trkpt lat="44.365838" lon="15.130009">
        <ele>-0.247601</ele>
        <time>2026-03-26T20:58:48.842Z</time>
      </trkpt>
      <trkpt lat="44.366045" lon="15.129742">
        <ele>-0.352795</ele>
        <time>2026-03-26T20:58:57.594Z</time>
      </trkpt>
      <trkpt lat="44.366519" lon="15.129256">
        <ele>-0.572356</ele>
        <time>2026-03-26T20:59:16.191Z</time>
      </trkpt>
      <trkpt lat="44.367152" lon="15.129018">
        <ele>-0.564663</ele>
        <time>2026-03-26T20:59:37.145Z</time>
      </trkpt>
      <trkpt lat="44.367261" lon="15.128947">
        <ele>-0.558846</ele>
        <time>2026-03-26T20:59:40.994Z</time>
      </trkpt>
      <trkpt lat="44.367425" lon="15.128783">
        <ele>-0.549094</ele>
        <time>2026-03-26T20:59:47.454Z</time>
      </trkpt>
      <trkpt lat="44.367636" lon="15.128715">
        <ele>-0.538619</ele>
        <time>2026-03-26T20:59:54.365Z</time>
      </trkpt>
      <trkpt lat="44.367748" lon="15.128628">
        <ele>-0.532421</ele>
        <time>2026-03-26T20:59:58.462Z</time>
      </trkpt>
      <trkpt lat="44.368024" lon="15.128316">
        <ele>-0.515255</ele>
        <time>2026-03-26T21:00:09.785Z</time>
      </trkpt>
      <trkpt lat="44.368727" lon="15.127412">
        <ele>-0.454356</ele>
        <time>2026-03-26T21:00:40.293Z</time>
      </trkpt>
      <trkpt lat="44.369206" lon="15.126710">
        <ele>-0.407652</ele>
        <time>2026-03-26T21:01:02.649Z</time>
      </trkpt>
      <trkpt lat="44.369448" lon="15.126246">
        <ele>-0.370158</ele>
        <time>2026-03-26T21:01:16.013Z</time>
      </trkpt>
      <trkpt lat="44.369813" lon="15.125416">
        <ele>-0.239376</ele>
        <time>2026-03-26T21:01:38.701Z</time>
      </trkpt>
      <trkpt lat="44.369983" lon="15.125109">
        <ele>-0.187259</ele>
        <time>2026-03-26T21:01:47.764Z</time>
      </trkpt>
      <trkpt lat="44.370036" lon="15.125112">
        <ele>-0.177301</ele>
        <time>2026-03-26T21:01:49.500Z</time>
      </trkpt>
      <trkpt lat="44.370429" lon="15.125532">
        <ele>-0.084451</ele>
        <time>2026-03-26T21:02:05.892Z</time>
      </trkpt>
      <trkpt lat="44.370817" lon="15.124538">
        <ele>0.057273</ele>
        <time>2026-03-26T21:02:32.478Z</time>
      </trkpt>
      <trkpt lat="44.371185" lon="15.123760">
        <ele>0.171329</ele>
        <time>2026-03-26T21:02:54.164Z</time>
      </trkpt>
      <trkpt lat="44.371373" lon="15.123169">
        <ele>0.250415</ele>
        <time>2026-03-26T21:03:09.075Z</time>
      </trkpt>
      <trkpt lat="44.371417" lon="15.123108">
        <ele>0.259802</ele>
        <time>2026-03-26T21:03:11.076Z</time>
      </trkpt>
      <trkpt lat="44.371732" lon="15.122868">
        <ele>0.260297</ele>
        <time>2026-03-26T21:03:22.581Z</time>
      </trkpt>
      <trkpt lat="44.372110" lon="15.122479">
        <ele>0.260945</ele>
        <time>2026-03-26T21:03:37.632Z</time>
      </trkpt>
      <trkpt lat="44.372150" lon="15.122417">
        <ele>0.261028</ele>
        <time>2026-03-26T21:03:39.561Z</time>
      </trkpt>
      <trkpt lat="44.372213" lon="15.122320">
        <ele>0.261157</ele>
        <time>2026-03-26T21:03:42.578Z</time>
      </trkpt>
      <trkpt lat="44.372596" lon="15.121575">
        <ele>0.262062</ele>
        <time>2026-03-26T21:04:03.422Z</time>
      </trkpt>
      <trkpt lat="44.372830" lon="15.120975">
        <ele>0.159406</ele>
        <time>2026-03-26T21:04:18.742Z</time>
      </trkpt>
      <trkpt lat="44.372941" lon="15.120780">
        <ele>0.104581</ele>
        <time>2026-03-26T21:04:24.261Z</time>
      </trkpt>
      <trkpt lat="44.373018" lon="15.120694">
        <ele>0.074265</ele>
        <time>2026-03-26T21:04:27.308Z</time>
      </trkpt>
      <trkpt lat="44.373221" lon="15.120194">
        <ele>-0.052204</ele>
        <time>2026-03-26T21:04:39.944Z</time>
      </trkpt>
      <trkpt lat="44.373249" lon="15.120031">
        <ele>-0.089075</ele>
        <time>2026-03-26T21:04:43.604Z</time>
      </trkpt>
      <trkpt lat="44.373016" lon="15.119253">
        <ele>-0.274597</ele>
        <time>2026-03-26T21:05:01.949Z</time>
      </trkpt>
      <trkpt lat="44.372825" lon="15.118766">
        <ele>-0.286628</ele>
        <time>2026-03-26T21:05:14.184Z</time>
      </trkpt>
      <trkpt lat="44.372825" lon="15.118690">
        <ele>-0.285912</ele>
        <time>2026-03-26T21:05:15.861Z</time>
      </trkpt>
      <trkpt lat="44.372886" lon="15.118466">
        <ele>-0.283656</ele>
        <time>2026-03-26T21:05:21.201Z</time>
      </trkpt>
      <trkpt lat="44.372920" lon="15.118434">
        <ele>-0.283116</ele>
        <time>2026-03-26T21:05:22.485Z</time>
      </trkpt>
      <trkpt lat="44.373061" lon="15.118453">
        <ele>-0.281251</ele>
        <time>2026-03-26T21:05:26.916Z</time>
      </trkpt>
      <trkpt lat="44.373155" lon="15.118410">
        <ele>-0.279949</ele>
        <time>2026-03-26T21:05:30.049Z</time>
      </trkpt>
      <trkpt lat="44.373192" lon="15.118363">
        <ele>-0.279291</ele>
        <time>2026-03-26T21:05:31.629Z</time>
      </trkpt>
      <trkpt lat="44.373525" lon="15.118320">
        <ele>-0.274887</ele>
        <time>2026-03-26T21:05:38.078Z</time>
      </trkpt>
      <trkpt lat="44.379302" lon="15.116748">
        <ele>2.028356</ele>
        <time>2026-03-26T21:07:42.424Z</time>
      </trkpt>
      <trkpt lat="44.379914" lon="15.116533">
        <ele>2.727978</ele>
        <time>2026-03-26T21:07:58.716Z</time>
      </trkpt>
      <trkpt lat="44.380288" lon="15.116318">
        <ele>3.207963</ele>
        <time>2026-03-26T21:08:09.414Z</time>
      </trkpt>
      <trkpt lat="44.382862" lon="15.114377">
        <ele>7.127263</ele>
        <time>2026-03-26T21:09:23.189Z</time>
      </trkpt>
      <trkpt lat="44.384449" lon="15.113245">
        <ele>11.230210</ele>
        <time>2026-03-26T21:10:19.291Z</time>
      </trkpt>
      <trkpt lat="44.384980" lon="15.112930">
        <ele>12.820293</ele>
        <time>2026-03-26T21:10:38.878Z</time>
      </trkpt>
      <trkpt lat="44.385413" lon="15.112817">
        <ele>14.034648</ele>
        <time>2026-03-26T21:10:53.926Z</time>
      </trkpt>
      <trkpt lat="44.385719" lon="15.112781">
        <ele>14.881259</ele>
        <time>2026-03-26T21:11:04.227Z</time>
      </trkpt>
      <trkpt lat="44.386148" lon="15.112781">
        <ele>15.888086</ele>
        <time>2026-03-26T21:11:18.322Z</time>
      </trkpt>
      <trkpt lat="44.388499" lon="15.113080">
        <ele>19.500726</ele>
        <time>2026-03-26T21:12:24.668Z</time>
      </trkpt>
      <trkpt lat="44.388793" lon="15.113132">
        <ele>19.690796</ele>
        <time>2026-03-26T21:12:31.118Z</time>
      </trkpt>
      <trkpt lat="44.388853" lon="15.113142">
        <ele>19.729552</ele>
        <time>2026-03-26T21:12:32.366Z</time>
      </trkpt>
      <trkpt lat="44.389231" lon="15.113265">
        <ele>19.978467</ele>
        <time>2026-03-26T21:12:39.783Z</time>
      </trkpt>
      <trkpt lat="44.389634" lon="15.113475">
        <ele>19.770197</ele>
        <time>2026-03-26T21:12:47.223Z</time>
      </trkpt>
      <trkpt lat="44.389899" lon="15.113732">
        <ele>19.020691</ele>
        <time>2026-03-26T21:12:52.502Z</time>
      </trkpt>
      <trkpt lat="44.390618" lon="15.114595">
        <ele>16.818682</ele>
        <time>2026-03-26T21:13:06.490Z</time>
      </trkpt>
      <trkpt lat="44.390990" lon="15.114964">
        <ele>15.797822</ele>
        <time>2026-03-26T21:13:12.920Z</time>
      </trkpt>
      <trkpt lat="44.391270" lon="15.114631">
        <ele>15.102975</ele>
        <time>2026-03-26T21:13:22.308Z</time>
      </trkpt>
      <trkpt lat="44.391914" lon="15.113747">
        <ele>13.397151</ele>
        <time>2026-03-26T21:13:46.956Z</time>
      </trkpt>
      <trkpt lat="44.392080" lon="15.113369">
        <ele>12.797638</ele>
        <time>2026-03-26T21:13:56.578Z</time>
      </trkpt>
      <trkpt lat="44.392282" lon="15.113026">
        <ele>12.633804</ele>
        <time>2026-03-26T21:14:06.660Z</time>
      </trkpt>
      <trkpt lat="44.392668" lon="15.112545">
        <ele>12.809646</ele>
        <time>2026-03-26T21:14:24.686Z</time>
      </trkpt>
      <trkpt lat="44.392975" lon="15.112099">
        <ele>12.960198</ele>
        <time>2026-03-26T21:14:40.258Z</time>
      </trkpt>
      <trkpt lat="44.393343" lon="15.111498">
        <ele>13.152611</ele>
        <time>2026-03-26T21:14:59.741Z</time>
      </trkpt>
      <trkpt lat="44.393631" lon="15.110940">
        <ele>13.077923</ele>
        <time>2026-03-26T21:15:16.250Z</time>
      </trkpt>
      <trkpt lat="44.394079" lon="15.110279">
        <ele>12.918712</ele>
        <time>2026-03-26T21:15:36.739Z</time>
      </trkpt>
      <trkpt lat="44.394398" lon="15.109713">
        <ele>12.792735</ele>
        <time>2026-03-26T21:15:52.169Z</time>
      </trkpt>
      <trkpt lat="44.394582" lon="15.109335">
        <ele>12.622394</ele>
        <time>2026-03-26T21:16:01.763Z</time>
      </trkpt>
      <trkpt lat="44.395060" lon="15.108597">
        <ele>11.853214</ele>
        <time>2026-03-26T21:16:22.470Z</time>
      </trkpt>
      <trkpt lat="44.395594" lon="15.107936">
        <ele>11.082768</ele>
        <time>2026-03-26T21:16:43.128Z</time>
      </trkpt>
      <trkpt lat="44.395778" lon="15.107532">
        <ele>10.679204</ele>
        <time>2026-03-26T21:16:53.028Z</time>
      </trkpt>
      <trkpt lat="44.396115" lon="15.106949">
        <ele>9.864560</ele>
        <time>2026-03-26T21:17:08.557Z</time>
      </trkpt>
      <trkpt lat="44.396575" lon="15.106245">
        <ele>8.828208</ele>
        <time>2026-03-26T21:17:28.333Z</time>
      </trkpt>
      <trkpt lat="44.397022" lon="15.105673">
        <ele>7.728261</ele>
        <time>2026-03-26T21:17:44.906Z</time>
      </trkpt>
      <trkpt lat="44.397366" lon="15.105291">
        <ele>6.281424</ele>
        <time>2026-03-26T21:17:56.208Z</time>
      </trkpt>
      <trkpt lat="44.397466" lon="15.105201">
        <ele>5.889701</ele>
        <time>2026-03-26T21:17:59.179Z</time>
      </trkpt>
      <trkpt lat="44.397522" lon="15.105190">
        <ele>5.703384</ele>
        <time>2026-03-26T21:18:00.598Z</time>
      </trkpt>
      <trkpt lat="44.397583" lon="15.105214">
        <ele>5.494611</ele>
        <time>2026-03-26T21:18:02.168Z</time>
      </trkpt>
      <trkpt lat="44.397645" lon="15.105301">
        <ele>5.205342</ele>
        <time>2026-03-26T21:18:04.351Z</time>
      </trkpt>
      <trkpt lat="44.398330" lon="15.106379">
        <ele>2.026436</ele>
        <time>2026-03-26T21:18:30.192Z</time>
      </trkpt>
      <trkpt lat="44.398415" lon="15.106333">
        <ele>1.926619</ele>
        <time>2026-03-26T21:18:32.583Z</time>
      </trkpt>
      <trkpt lat="44.398478" lon="15.106254">
        <ele>1.833970</ele>
        <time>2026-03-26T21:18:34.831Z</time>
      </trkpt>
      <trkpt lat="44.398851" lon="15.105428">
        <ele>1.069277</ele>
        <time>2026-03-26T21:18:54.735Z</time>
      </trkpt>
      <trkpt lat="44.398936" lon="15.105233">
        <ele>0.890517</ele>
        <time>2026-03-26T21:18:59.836Z</time>
      </trkpt>
      <trkpt lat="44.399779" lon="15.103791">
        <ele>0.369247</ele>
        <time>2026-03-26T21:19:44.546Z</time>
      </trkpt>
      <trkpt lat="44.400016" lon="15.103520">
        <ele>0.462955</ele>
        <time>2026-03-26T21:19:54.623Z</time>
      </trkpt>
      <trkpt lat="44.400334" lon="15.102984">
        <ele>0.615373</ele>
        <time>2026-03-26T21:20:11.024Z</time>
      </trkpt>
      <trkpt lat="44.401019" lon="15.101524">
        <ele>1.030373</ele>
        <time>2026-03-26T21:20:52.467Z</time>
      </trkpt>
      <trkpt lat="44.401260" lon="15.100874">
        <ele>1.209250</ele>
        <time>2026-03-26T21:21:10.128Z</time>
      </trkpt>
      <trkpt lat="44.401730" lon="15.100084">
        <ele>1.371785</ele>
        <time>2026-03-26T21:21:34.869Z</time>
      </trkpt>
      <trkpt lat="44.402370" lon="15.098899">
        <ele>1.487623</ele>
        <time>2026-03-26T21:22:09.650Z</time>
      </trkpt>
      <trkpt lat="44.402996" lon="15.097165">
        <ele>1.048001</ele>
        <time>2026-03-26T21:22:52.344Z</time>
      </trkpt>
      <trkpt lat="44.403486" lon="15.096221">
        <ele>0.680230</ele>
        <time>2026-03-26T21:23:17.247Z</time>
      </trkpt>
      <trkpt lat="44.403903" lon="15.095749">
        <ele>0.585832</ele>
        <time>2026-03-26T21:23:33.447Z</time>
      </trkpt>
      <trkpt lat="44.405080" lon="15.093800">
        <ele>0.601771</ele>
        <time>2026-03-26T21:24:32.024Z</time>
      </trkpt>
      <trkpt lat="44.406233" lon="15.092032">
        <ele>1.385967</ele>
        <time>2026-03-26T21:25:31.016Z</time>
      </trkpt>
      <trkpt lat="44.407000" lon="15.091311">
        <ele>2.005318</ele>
        <time>2026-03-26T21:26:03.912Z</time>
      </trkpt>
      <trkpt lat="44.408330" lon="15.089226">
        <ele>3.024410</ele>
        <time>2026-03-26T21:27:14.173Z</time>
      </trkpt>
      <trkpt lat="44.408797" lon="15.088834">
        <ele>2.810739</ele>
        <time>2026-03-26T21:27:30.655Z</time>
      </trkpt>
      <trkpt lat="44.409319" lon="15.088461">
        <ele>2.407810</ele>
        <time>2026-03-26T21:27:41.800Z</time>
      </trkpt>
      <trkpt lat="44.409779" lon="15.088283">
        <ele>2.079698</ele>
        <time>2026-03-26T21:27:50.833Z</time>
      </trkpt>
      <trkpt lat="44.410106" lon="15.088092">
        <ele>1.847523</ele>
        <time>2026-03-26T21:27:57.680Z</time>
      </trkpt>
      <trkpt lat="44.410600" lon="15.087709">
        <ele>1.710763</ele>
        <time>2026-03-26T21:28:09.192Z</time>
      </trkpt>
      <trkpt lat="44.411130" lon="15.087243">
        <ele>1.559190</ele>
        <time>2026-03-26T21:28:22.540Z</time>
      </trkpt>
      <trkpt lat="44.411690" lon="15.086694">
        <ele>1.369705</ele>
        <time>2026-03-26T21:28:37.085Z</time>
      </trkpt>
      <trkpt lat="44.412211" lon="15.086136">
        <ele>1.055889</ele>
        <time>2026-03-26T21:28:50.471Z</time>
      </trkpt>
      <trkpt lat="44.412579" lon="15.085681">
        <ele>0.821011</ele>
        <time>2026-03-26T21:29:00.182Z</time>
      </trkpt>
      <trkpt lat="44.412743" lon="15.085425">
        <ele>0.703503</ele>
        <time>2026-03-26T21:29:05.001Z</time>
      </trkpt>
      <trkpt lat="44.412930" lon="15.084886">
        <ele>0.532045</ele>
        <time>2026-03-26T21:29:13.455Z</time>
      </trkpt>
      <trkpt lat="44.413010" lon="15.084768">
        <ele>0.507859</ele>
        <time>2026-03-26T21:29:15.771Z</time>
      </trkpt>
      <trkpt lat="44.413440" lon="15.084321">
        <ele>0.396394</ele>
        <time>2026-03-26T21:29:26.579Z</time>
      </trkpt>
      <trkpt lat="44.413693" lon="15.083920">
        <ele>0.316856</ele>
        <time>2026-03-26T21:29:34.511Z</time>
      </trkpt>
      <trkpt lat="44.414272" lon="15.082816">
        <ele>0.224050</ele>
        <time>2026-03-26T21:29:56.123Z</time>
      </trkpt>
      <trkpt lat="44.415136" lon="15.081959">
        <ele>0.351956</ele>
        <time>2026-03-26T21:30:20.399Z</time>
      </trkpt>
      <trkpt lat="44.415737" lon="15.081046">
        <ele>0.172520</ele>
        <time>2026-03-26T21:30:39.028Z</time>
      </trkpt>
      <trkpt lat="44.416196" lon="15.080514">
        <ele>-0.108342</ele>
        <time>2026-03-26T21:30:50.768Z</time>
      </trkpt>
      <trkpt lat="44.416809" lon="15.079956">
        <ele>-0.451754</ele>
        <time>2026-03-26T21:31:05.021Z</time>
      </trkpt>
      <trkpt lat="44.417637" lon="15.079072">
        <ele>-0.839768</ele>
        <time>2026-03-26T21:31:26.011Z</time>
      </trkpt>
      <trkpt lat="44.417913" lon="15.078840">
        <ele>-0.959727</ele>
        <time>2026-03-26T21:31:32.702Z</time>
      </trkpt>
      <trkpt lat="44.418158" lon="15.078780">
        <ele>-1.052408</ele>
        <time>2026-03-26T21:31:37.890Z</time>
      </trkpt>
      <trkpt lat="44.418894" lon="15.078754">
        <ele>-1.009903</ele>
        <time>2026-03-26T21:31:53.469Z</time>
      </trkpt>
      <trkpt lat="44.419087" lon="15.078602">
        <ele>-0.967546</ele>
        <time>2026-03-26T21:31:58.293Z</time>
      </trkpt>
      <trkpt lat="44.419511" lon="15.077927">
        <ele>-0.844740</ele>
        <time>2026-03-26T21:32:12.963Z</time>
      </trkpt>
      <trkpt lat="44.419593" lon="15.077796">
        <ele>-0.820942</ele>
        <time>2026-03-26T21:32:15.944Z</time>
      </trkpt>
      <trkpt lat="44.420310" lon="15.076450">
        <ele>-0.496042</ele>
        <time>2026-03-26T21:32:44.462Z</time>
      </trkpt>
      <trkpt lat="44.421438" lon="15.074754">
        <ele>-0.098449</ele>
        <time>2026-03-26T21:33:20.480Z</time>
      </trkpt>
      <trkpt lat="44.423330" lon="15.072626">
        <ele>0.517041</ele>
        <time>2026-03-26T21:34:16.181Z</time>
      </trkpt>
      <trkpt lat="44.424331" lon="15.071090">
        <ele>0.764062</ele>
        <time>2026-03-26T21:34:50.274Z</time>
      </trkpt>
      <trkpt lat="44.424918" lon="15.070334">
        <ele>0.797386</ele>
        <time>2026-03-26T21:35:06.917Z</time>
      </trkpt>
      <trkpt lat="44.426421" lon="15.068399">
        <ele>0.018825</ele>
        <time>2026-03-26T21:35:48.040Z</time>
      </trkpt>
      <trkpt lat="44.427702" lon="15.067049">
        <ele>-0.230408</ele>
        <time>2026-03-26T21:36:21.406Z</time>
      </trkpt>
      <trkpt lat="44.427924" lon="15.066853">
        <ele>-0.105816</ele>
        <time>2026-03-26T21:36:26.630Z</time>
      </trkpt>
      <trkpt lat="44.428433" lon="15.066407">
        <ele>0.179238</ele>
        <time>2026-03-26T21:36:39.280Z</time>
      </trkpt>
      <trkpt lat="44.428706" lon="15.066220">
        <ele>0.323518</ele>
        <time>2026-03-26T21:36:46.032Z</time>
      </trkpt>
      <trkpt lat="44.430279" lon="15.064242">
        <ele>2.243777</ele>
        <time>2026-03-26T21:37:38.103Z</time>
      </trkpt>
      <trkpt lat="44.431039" lon="15.063273">
        <ele>2.743331</ele>
        <time>2026-03-26T21:38:02.203Z</time>
      </trkpt>
      <trkpt lat="44.431112" lon="15.063122">
        <ele>2.794681</ele>
        <time>2026-03-26T21:38:04.868Z</time>
      </trkpt>
      <trkpt lat="44.431235" lon="15.062683">
        <ele>2.927479</ele>
        <time>2026-03-26T21:38:11.384Z</time>
      </trkpt>
      <trkpt lat="44.431359" lon="15.062313">
        <ele>3.042576</ele>
        <time>2026-03-26T21:38:16.780Z</time>
      </trkpt>
      <trkpt lat="44.431429" lon="15.062189">
        <ele>3.087088</ele>
        <time>2026-03-26T21:38:18.825Z</time>
      </trkpt>
      <trkpt lat="44.432042" lon="15.061562">
        <ele>3.051968</ele>
        <time>2026-03-26T21:38:32.355Z</time>
      </trkpt>
      <trkpt lat="44.433685" lon="15.060172">
        <ele>3.100201</ele>
        <time>2026-03-26T21:39:10.932Z</time>
      </trkpt>
      <trkpt lat="44.434199" lon="15.059554">
        <ele>3.206270</ele>
        <time>2026-03-26T21:39:24.160Z</time>
      </trkpt>
      <trkpt lat="44.434430" lon="15.059182">
        <ele>3.301812</ele>
        <time>2026-03-26T21:39:31.043Z</time>
      </trkpt>
      <trkpt lat="44.434765" lon="15.058759">
        <ele>3.659708</ele>
        <time>2026-03-26T21:39:40.434Z</time>
      </trkpt>
      <trkpt lat="44.435069" lon="15.058449">
        <ele>3.958086</ele>
        <time>2026-03-26T21:39:49.159Z</time>
      </trkpt>
      <trkpt lat="44.435246" lon="15.058279">
        <ele>4.128381</ele>
        <time>2026-03-26T21:39:54.563Z</time>
      </trkpt>
      <trkpt lat="44.435584" lon="15.057873">
        <ele>4.481701</ele>
        <time>2026-03-26T21:40:05.816Z</time>
      </trkpt>
      <trkpt lat="44.436009" lon="15.057215">
        <ele>4.556892</ele>
        <time>2026-03-26T21:40:21.888Z</time>
      </trkpt>
      <trkpt lat="44.436143" lon="15.056965">
        <ele>4.486410</ele>
        <time>2026-03-26T21:40:26.921Z</time>
      </trkpt>
      <trkpt lat="44.436242" lon="15.056779">
        <ele>4.434104</ele>
        <time>2026-03-26T21:40:30.442Z</time>
      </trkpt>
      <trkpt lat="44.436415" lon="15.056345">
        <ele>4.322035</ele>
        <time>2026-03-26T21:40:37.128Z</time>
      </trkpt>
      <trkpt lat="44.436663" lon="15.055743">
        <ele>4.165334</ele>
        <time>2026-03-26T21:40:45.326Z</time>
      </trkpt>
      <trkpt lat="44.436750" lon="15.055530">
        <ele>4.105495</ele>
        <time>2026-03-26T21:40:48.042Z</time>
      </trkpt>
      <trkpt lat="44.436902" lon="15.055255">
        <ele>3.463138</ele>
        <time>2026-03-26T21:40:51.755Z</time>
      </trkpt>
      <trkpt lat="44.437392" lon="15.054569">
        <ele>1.670857</ele>
        <time>2026-03-26T21:41:01.721Z</time>
      </trkpt>
      <trkpt lat="44.437642" lon="15.054348">
        <ele>0.906086</ele>
        <time>2026-03-26T21:41:06.012Z</time>
      </trkpt>
      <trkpt lat="44.437695" lon="15.054346">
        <ele>0.768931</ele>
        <time>2026-03-26T21:41:06.791Z</time>
      </trkpt>
      <trkpt lat="44.437777" lon="15.054399">
        <ele>0.535308</ele>
        <time>2026-03-26T21:41:08.111Z</time>
      </trkpt>
      <trkpt lat="44.437952" lon="15.054590">
        <ele>-0.038626</ele>
        <time>2026-03-26T21:41:11.395Z</time>
      </trkpt>
      <trkpt lat="44.438265" lon="15.055020">
        <ele>-0.791434</ele>
        <time>2026-03-26T21:41:18.011Z</time>
      </trkpt>
      <trkpt lat="44.438322" lon="15.055104">
        <ele>-0.876020</ele>
        <time>2026-03-26T21:41:19.272Z</time>
      </trkpt>
      <trkpt lat="44.439162" lon="15.056288">
        <ele>-2.094332</ele>
        <time>2026-03-26T21:41:39.823Z</time>
      </trkpt>
      <trkpt lat="44.439209" lon="15.056360">
        <ele>-2.165539</ele>
        <time>2026-03-26T21:41:41.102Z</time>
      </trkpt>
      <trkpt lat="44.440025" lon="15.057502">
        <ele>-2.092462</ele>
        <time>2026-03-26T21:42:03.514Z</time>
      </trkpt>
      <trkpt lat="44.440111" lon="15.057652">
        <ele>-2.050431</ele>
        <time>2026-03-26T21:42:06.345Z</time>
      </trkpt>
      <trkpt lat="44.440160" lon="15.057753">
        <ele>-2.023751</ele>
        <time>2026-03-26T21:42:08.138Z</time>
      </trkpt>
      <trkpt lat="44.440233" lon="15.058028">
        <ele>-1.959650</ele>
        <time>2026-03-26T21:42:12.738Z</time>
      </trkpt>
      <trkpt lat="44.440239" lon="15.058345">
        <ele>-1.890366</ele>
        <time>2026-03-26T21:42:18.091Z</time>
      </trkpt>
      <trkpt lat="44.440232" lon="15.058407">
        <ele>-1.876651</ele>
        <time>2026-03-26T21:42:19.144Z</time>
      </trkpt>
      <trkpt lat="44.440324" lon="15.058493">
        <ele>-1.842804</ele>
        <time>2026-03-26T21:42:21.817Z</time>
      </trkpt>
      <trkpt lat="44.440408" lon="15.058519">
        <ele>-1.784774</ele>
        <time>2026-03-26T21:42:23.851Z</time>
      </trkpt>
      <trkpt lat="44.440655" lon="15.058498">
        <ele>-1.538692</ele>
        <time>2026-03-26T21:42:29.658Z</time>
      </trkpt>
      <trkpt lat="44.440761" lon="15.058571">
        <ele>-1.421227</ele>
        <time>2026-03-26T21:42:32.474Z</time>
      </trkpt>
      <trkpt lat="44.440830" lon="15.058641">
        <ele>-1.336501</ele>
        <time>2026-03-26T21:42:34.487Z</time>
      </trkpt>
      <trkpt lat="44.441000" lon="15.058877">
        <ele>-1.098473</ele>
        <time>2026-03-26T21:42:40.652Z</time>
      </trkpt>
      <trkpt lat="44.441130" lon="15.059074">
        <ele>-0.908008</ele>
        <time>2026-03-26T21:42:45.557Z</time>
      </trkpt>
      <trkpt lat="44.441174" lon="15.059142">
        <ele>-0.842850</ele>
        <time>2026-03-26T21:42:47.273Z</time>
      </trkpt>
      <trkpt lat="44.441306" lon="15.059114">
        <ele>-0.710086</ele>
        <time>2026-03-26T21:42:50.595Z</time>
      </trkpt>
      <trkpt lat="44.441487" lon="15.058928">
        <ele>-0.486841</ele>
        <time>2026-03-26T21:42:56.133Z</time>
      </trkpt>
      <trkpt lat="44.441527" lon="15.058881">
        <ele>-0.434919</ele>
        <time>2026-03-26T21:42:57.340Z</time>
      </trkpt>
      <trkpt lat="44.441900" lon="15.058428">
        <ele>-0.008568</ele>
        <time>2026-03-26T21:43:09.033Z</time>
      </trkpt>
      <trkpt lat="44.442269" lon="15.058024">
        <ele>0.149989</ele>
        <time>2026-03-26T21:43:19.315Z</time>
      </trkpt>
      <trkpt lat="44.442376" lon="15.057849">
        <ele>0.205678</ele>
        <time>2026-03-26T21:43:22.985Z</time>
      </trkpt>
      <trkpt lat="44.442401" lon="15.057810">
        <ele>0.218346</ele>
        <time>2026-03-26T21:43:23.807Z</time>
      </trkpt>
      <trkpt lat="44.442478" lon="15.057572">
        <ele>0.281502</ele>
        <time>2026-03-26T21:43:27.828Z</time>
      </trkpt>
      <trkpt lat="44.442605" lon="15.056988">
        <ele>0.429058</ele>
        <time>2026-03-26T21:43:36.216Z</time>
      </trkpt>
      <trkpt lat="44.442622" lon="15.056840">
        <ele>0.465289</ele>
        <time>2026-03-26T21:43:38.283Z</time>
      </trkpt>
      <trkpt lat="44.442607" lon="15.056661">
        <ele>0.508851</ele>
        <time>2026-03-26T21:43:40.801Z</time>
      </trkpt>
      <trkpt lat="44.442471" lon="15.055944">
        <ele>0.477676</ele>
        <time>2026-03-26T21:43:50.797Z</time>
      </trkpt>
      <trkpt lat="44.442430" lon="15.055634">
        <ele>0.421499</ele>
        <time>2026-03-26T21:43:54.989Z</time>
      </trkpt>
      <trkpt lat="44.442375" lon="15.055191">
        <ele>0.341379</ele>
        <time>2026-03-26T21:44:00.918Z</time>
      </trkpt>
      <trkpt lat="44.442340" lon="15.055020">
        <ele>0.309681</ele>
        <time>2026-03-26T21:44:03.215Z</time>
      </trkpt>
      <trkpt lat="44.442430" lon="15.054955">
        <ele>0.284409</ele>
        <time>2026-03-26T21:44:10.244Z</time>
      </trkpt>
      <trkpt lat="44.442462" lon="15.054896">
        <ele>0.271207</ele>
        <time>2026-03-26T21:44:13.932Z</time>
      </trkpt>
      <trkpt lat="44.442626" lon="15.054533">
        <ele>0.194663</ele>
        <time>2026-03-26T21:44:35.255Z</time>
      </trkpt>
      <trkpt lat="44.442783" lon="15.054135">
        <ele>0.118652</ele>
        <time>2026-03-26T21:44:57.828Z</time>
      </trkpt>
      <trkpt lat="44.442953" lon="15.053756">
        <ele>0.128465</ele>
        <time>2026-03-26T21:45:20.000Z</time>
      </trkpt>
      <trkpt lat="44.443137" lon="15.053359">
        <ele>0.138841</ele>
        <time>2026-03-26T21:45:43.504Z</time>
      </trkpt>
      <trkpt lat="44.443094" lon="15.053292">
        <ele>0.140816</ele>
        <time>2026-03-26T21:45:47.975Z</time>
      </trkpt>
      <trkpt lat="44.442934" lon="15.053066">
        <ele>0.147794</ele>
        <time>2026-03-26T21:46:03.799Z</time>
      </trkpt>
      <trkpt lat="44.442739" lon="15.052792">
        <ele>0.156276</ele>
        <time>2026-03-26T21:46:22.980Z</time>
      </trkpt>
      <trkpt lat="44.442694" lon="15.052727">
        <ele>0.158261</ele>
        <time>2026-03-26T21:46:27.460Z</time>
      </trkpt>
      <trkpt lat="44.442533" lon="15.052442">
        <ele>0.166228</ele>
        <time>2026-03-26T21:46:45.508Z</time>
      </trkpt>
      <trkpt lat="44.442009" lon="15.051079">
        <ele>-0.241547</ele>
        <time>2026-03-26T21:48:02.323Z</time>
      </trkpt>
      <trkpt lat="44.441871" lon="15.051286">
        <ele>-0.337550</ele>
        <time>2026-03-26T21:48:06.061Z</time>
      </trkpt>
      <trkpt lat="44.441659" lon="15.051494">
        <ele>-0.460444</ele>
        <time>2026-03-26T21:48:10.831Z</time>
      </trkpt>
      <trkpt lat="44.441540" lon="15.051553">
        <ele>-0.520379</ele>
        <time>2026-03-26T21:48:13.096Z</time>
      </trkpt>
      <trkpt lat="44.441452" lon="15.051545">
        <ele>-0.562248</ele>
        <time>2026-03-26T21:48:14.689Z</time>
      </trkpt>
      <trkpt lat="44.441370" lon="15.050863">
        <ele>-0.763351</ele>
        <time>2026-03-26T21:48:22.887Z</time>
      </trkpt>
      <trkpt lat="44.441350" lon="15.050791">
        <ele>-0.782017</ele>
        <time>2026-03-26T21:48:23.793Z</time>
      </trkpt>
      <trkpt lat="44.441105" lon="15.049915">
        <ele>-1.009321</ele>
        <time>2026-03-26T21:48:35.868Z</time>
      </trkpt>
      <trkpt lat="44.441064" lon="15.049770">
        <ele>-1.047001</ele>
        <time>2026-03-26T21:48:38.104Z</time>
      </trkpt>
      <trkpt lat="44.441006" lon="15.049405">
        <ele>-1.137344</ele>
        <time>2026-03-26T21:48:43.397Z</time>
      </trkpt>
      <trkpt lat="44.440960" lon="15.049024">
        <ele>-1.230702</ele>
        <time>2026-03-26T21:48:48.672Z</time>
      </trkpt>
      <trkpt lat="44.440876" lon="15.048321">
        <ele>-1.087755</ele>
        <time>2026-03-26T21:48:58.305Z</time>
      </trkpt>
      <trkpt lat="44.440848" lon="15.048176">
        <ele>-1.023383</ele>
        <time>2026-03-26T21:49:00.423Z</time>
      </trkpt>
      <trkpt lat="44.440816" lon="15.047904">
        <ele>-0.905247</ele>
        <time>2026-03-26T21:49:04.489Z</time>
      </trkpt>
      <trkpt lat="44.440830" lon="15.047784">
        <ele>-0.853139</ele>
        <time>2026-03-26T21:49:06.403Z</time>
      </trkpt>
      <trkpt lat="44.440970" lon="15.047140">
        <ele>-0.564647</ele>
        <time>2026-03-26T21:49:17.235Z</time>
      </trkpt>
      <trkpt lat="44.441025" lon="15.046860">
        <ele>-0.440196</ele>
        <time>2026-03-26T21:49:22.021Z</time>
      </trkpt>
      <trkpt lat="44.441221" lon="15.045891">
        <ele>0.441246</ele>
        <time>2026-03-26T21:49:39.702Z</time>
      </trkpt>
      <trkpt lat="44.441312" lon="15.045653">
        <ele>0.815743</ele>
        <time>2026-03-26T21:49:45.168Z</time>
      </trkpt>
      <trkpt lat="44.441377" lon="15.045561">
        <ele>0.995280</ele>
        <time>2026-03-26T21:49:47.941Z</time>
      </trkpt>
      <trkpt lat="44.441424" lon="15.045505">
        <ele>1.115164</ele>
        <time>2026-03-26T21:49:49.812Z</time>
      </trkpt>
      <trkpt lat="44.441457" lon="15.045445">
        <ele>1.220223</ele>
        <time>2026-03-26T21:49:51.474Z</time>
      </trkpt>
      <trkpt lat="44.441663" lon="15.044316">
        <ele>2.836617</ele>
        <time>2026-03-26T21:50:17.768Z</time>
      </trkpt>
      <trkpt lat="44.441822" lon="15.043722">
        <ele>3.707825</ele>
        <time>2026-03-26T21:50:30.673Z</time>
      </trkpt>
      <trkpt lat="44.442102" lon="15.043252">
        <ele>4.539723</ele>
        <time>2026-03-26T21:50:43.027Z</time>
      </trkpt>
      <trkpt lat="44.442557" lon="15.042888">
        <ele>5.537130</ele>
        <time>2026-03-26T21:50:57.667Z</time>
      </trkpt>
      <trkpt lat="44.442834" lon="15.042709">
        <ele>6.117809</ele>
        <time>2026-03-26T21:51:05.951Z</time>
      </trkpt>
      <trkpt lat="44.443011" lon="15.042635">
        <ele>6.469416</ele>
        <time>2026-03-26T21:51:11.056Z</time>
      </trkpt>
      <trkpt lat="44.443468" lon="15.042332">
        <ele>7.676386</ele>
        <time>2026-03-26T21:51:26.165Z</time>
      </trkpt>
      <trkpt lat="44.444198" lon="15.041527">
        <ele>10.042757</ele>
        <time>2026-03-26T21:51:57.247Z</time>
      </trkpt>
      <trkpt lat="44.444507" lon="15.041078">
        <ele>11.176771</ele>
        <time>2026-03-26T21:52:11.420Z</time>
      </trkpt>
      <trkpt lat="44.444526" lon="15.041036">
        <ele>11.267183</ele>
        <time>2026-03-26T21:52:12.572Z</time>
      </trkpt>
      <trkpt lat="44.444668" lon="15.040791">
        <ele>11.688354</ele>
        <time>2026-03-26T21:52:19.989Z</time>
      </trkpt>
      <trkpt lat="44.444741" lon="15.040719">
        <ele>11.852797</ele>
        <time>2026-03-26T21:52:22.899Z</time>
      </trkpt>
      <trkpt lat="44.445093" lon="15.040314">
        <ele>12.691809</ele>
        <time>2026-03-26T21:52:38.148Z</time>
      </trkpt>
      <trkpt lat="44.445519" lon="15.039830">
        <ele>13.702094</ele>
        <time>2026-03-26T21:52:54.429Z</time>
      </trkpt>
      <trkpt lat="44.445799" lon="15.039573">
        <ele>14.318669</ele>
        <time>2026-03-26T21:53:02.321Z</time>
      </trkpt>
      <trkpt lat="44.445832" lon="15.039527">
        <ele>14.404418</ele>
        <time>2026-03-26T21:53:03.351Z</time>
      </trkpt>
      <trkpt lat="44.446126" lon="15.039149">
        <ele>14.496535</ele>
        <time>2026-03-26T21:53:11.439Z</time>
      </trkpt>
      <trkpt lat="44.446885" lon="15.038375">
        <ele>14.155531</ele>
        <time>2026-03-26T21:53:27.328Z</time>
      </trkpt>
      <trkpt lat="44.446909" lon="15.038351">
        <ele>14.144821</ele>
        <time>2026-03-26T21:53:27.800Z</time>
      </trkpt>
      <trkpt lat="44.447195" lon="15.038050">
        <ele>14.014885</ele>
        <time>2026-03-26T21:53:33.778Z</time>
      </trkpt>
      <trkpt lat="44.447593" lon="15.037508">
        <ele>14.855734</ele>
        <time>2026-03-26T21:53:44.983Z</time>
      </trkpt>
      <trkpt lat="44.447852" lon="15.037204">
        <ele>15.674720</ele>
        <time>2026-03-26T21:53:54.607Z</time>
      </trkpt>
      <trkpt lat="44.448647" lon="15.036503">
        <ele>17.951541</ele>
        <time>2026-03-26T21:54:29.771Z</time>
      </trkpt>
      <trkpt lat="44.448804" lon="15.036323">
        <ele>18.524090</ele>
        <time>2026-03-26T21:54:38.508Z</time>
      </trkpt>
      <trkpt lat="44.448959" lon="15.036042">
        <ele>19.507093</ele>
        <time>2026-03-26T21:54:49.621Z</time>
      </trkpt>
      <trkpt lat="44.449542" lon="15.034971">
        <ele>23.235353</ele>
        <time>2026-03-26T21:55:28.642Z</time>
      </trkpt>
      <trkpt lat="44.449831" lon="15.034595">
        <ele>24.764772</ele>
        <time>2026-03-26T21:55:43.116Z</time>
      </trkpt>
      <trkpt lat="44.449982" lon="15.034407">
        <ele>25.560585</ele>
        <time>2026-03-26T21:55:50.737Z</time>
      </trkpt>
      <trkpt lat="44.450160" lon="15.034180">
        <ele>26.537822</ele>
        <time>2026-03-26T21:55:59.804Z</time>
      </trkpt>
      <trkpt lat="44.450353" lon="15.033988">
        <ele>27.498830</ele>
        <time>2026-03-26T21:56:08.872Z</time>
      </trkpt>
      <trkpt lat="44.450404" lon="15.033926">
        <ele>27.772972</ele>
        <time>2026-03-26T21:56:11.269Z</time>
      </trkpt>
      <trkpt lat="44.450479" lon="15.033816">
        <ele>28.213806</ele>
        <time>2026-03-26T21:56:15.350Z</time>
      </trkpt>
      <trkpt lat="44.450928" lon="15.033030">
        <ele>31.131240</ele>
        <time>2026-03-26T21:56:43.231Z</time>
      </trkpt>
      <trkpt lat="44.451281" lon="15.032552">
        <ele>33.352882</ele>
        <time>2026-03-26T21:57:05.135Z</time>
      </trkpt>
      <trkpt lat="44.451579" lon="15.032140">
        <ele>35.772726</ele>
        <time>2026-03-26T21:57:24.669Z</time>
      </trkpt>
      <trkpt lat="44.451840" lon="15.031676">
        <ele>38.209957</ele>
        <time>2026-03-26T21:57:44.142Z</time>
      </trkpt>
      <trkpt lat="44.452053" lon="15.031202">
        <ele>40.520742</ele>
        <time>2026-03-26T21:58:03.921Z</time>
      </trkpt>
      <trkpt lat="44.452376" lon="15.030554">
        <ele>43.750989</ele>
        <time>2026-03-26T21:58:33.394Z</time>
      </trkpt>
      <trkpt lat="44.452531" lon="15.030292">
        <ele>45.101510</ele>
        <time>2026-03-26T21:58:46.503Z</time>
      </trkpt>
      <trkpt lat="44.452897" lon="15.029696">
        <ele>48.221763</ele>
        <time>2026-03-26T21:59:16.013Z</time>
      </trkpt>
      <trkpt lat="44.453199" lon="15.029303">
        <ele>50.513499</ele>
        <time>2026-03-26T21:59:35.390Z</time>
      </trkpt>
      <trkpt lat="44.453356" lon="15.029036">
        <ele>51.886389</ele>
        <time>2026-03-26T21:59:45.196Z</time>
      </trkpt>
      <trkpt lat="44.453595" lon="15.028663">
        <ele>53.539683</ele>
        <time>2026-03-26T21:59:58.039Z</time>
      </trkpt>
      <trkpt lat="44.453707" lon="15.028522">
        <ele>54.062614</ele>
        <time>2026-03-26T22:00:03.310Z</time>
      </trkpt>
      <trkpt lat="44.453985" lon="15.028256">
        <ele>55.231746</ele>
        <time>2026-03-26T22:00:14.773Z</time>
      </trkpt>
      <trkpt lat="44.454177" lon="15.027915">
        <ele>56.308382</ele>
        <time>2026-03-26T22:00:25.026Z</time>
      </trkpt>
      <trkpt lat="44.455454" lon="15.026415">
        <ele>61.766277</ele>
        <time>2026-03-26T22:01:28.280Z</time>
      </trkpt>
      <trkpt lat="44.455864" lon="15.026009">
        <ele>63.309670</ele>
        <time>2026-03-26T22:01:46.237Z</time>
      </trkpt>
      <trkpt lat="44.456233" lon="15.025721">
        <ele>64.608123</ele>
        <time>2026-03-26T22:01:59.228Z</time>
      </trkpt>
      <trkpt lat="44.457014" lon="15.024931">
        <ele>65.291839</ele>
        <time>2026-03-26T22:02:23.185Z</time>
      </trkpt>
      <trkpt lat="44.457133" lon="15.024828">
        <ele>65.373737</ele>
        <time>2026-03-26T22:02:26.077Z</time>
      </trkpt>
      <trkpt lat="44.457516" lon="15.024591">
        <ele>65.618880</ele>
        <time>2026-03-26T22:02:33.622Z</time>
      </trkpt>
      <trkpt lat="44.457649" lon="15.024403">
        <ele>65.729499</ele>
        <time>2026-03-26T22:02:37.033Z</time>
      </trkpt>
      <trkpt lat="44.457939" lon="15.024072">
        <ele>65.463256</ele>
        <time>2026-03-26T22:02:43.869Z</time>
      </trkpt>
      <trkpt lat="44.458364" lon="15.023781">
        <ele>64.776166</ele>
        <time>2026-03-26T22:02:52.674Z</time>
      </trkpt>
      <trkpt lat="44.458874" lon="15.023198">
        <ele>63.820099</ele>
        <time>2026-03-26T22:03:03.309Z</time>
      </trkpt>
      <trkpt lat="44.459302" lon="15.022576">
        <ele>62.200262</ele>
        <time>2026-03-26T22:03:12.411Z</time>
      </trkpt>
      <trkpt lat="44.459639" lon="15.022036">
        <ele>59.478158</ele>
        <time>2026-03-26T22:03:19.399Z</time>
      </trkpt>
      <trkpt lat="44.459880" lon="15.021667">
        <ele>57.580068</ele>
        <time>2026-03-26T22:03:24.023Z</time>
      </trkpt>
      <trkpt lat="44.460143" lon="15.021429">
        <ele>55.915419</ele>
        <time>2026-03-26T22:03:27.979Z</time>
      </trkpt>
      <trkpt lat="44.460517" lon="15.020930">
        <ele>53.200568</ele>
        <time>2026-03-26T22:03:34.502Z</time>
      </trkpt>
      <trkpt lat="44.460778" lon="15.020652">
        <ele>51.574048</ele>
        <time>2026-03-26T22:03:38.708Z</time>
      </trkpt>
      <trkpt lat="44.461083" lon="15.020414">
        <ele>49.842076</ele>
        <time>2026-03-26T22:03:43.201Z</time>
      </trkpt>
      <trkpt lat="44.461258" lon="15.020269">
        <ele>48.833440</ele>
        <time>2026-03-26T22:03:45.843Z</time>
      </trkpt>
      <trkpt lat="44.461412" lon="15.020051">
        <ele>47.747378</ele>
        <time>2026-03-26T22:03:48.747Z</time>
      </trkpt>
      <trkpt lat="44.461646" lon="15.019671">
        <ele>45.970285</ele>
        <time>2026-03-26T22:03:53.671Z</time>
      </trkpt>
      <trkpt lat="44.461979" lon="15.019199">
        <ele>44.756423</ele>
        <time>2026-03-26T22:04:00.824Z</time>
      </trkpt>
      <trkpt lat="44.462235" lon="15.018940">
        <ele>44.822766</ele>
        <time>2026-03-26T22:04:06.301Z</time>
      </trkpt>
      <trkpt lat="44.462738" lon="15.018690">
        <ele>44.934900</ele>
        <time>2026-03-26T22:04:17.753Z</time>
      </trkpt>
      <trkpt lat="44.462961" lon="15.018527">
        <ele>44.987745</ele>
        <time>2026-03-26T22:04:24.288Z</time>
      </trkpt>
      <trkpt lat="44.463487" lon="15.017940">
        <ele>45.386564</ele>
        <time>2026-03-26T22:04:44.241Z</time>
      </trkpt>
      <trkpt lat="44.463969" lon="15.017569">
        <ele>46.230283</ele>
        <time>2026-03-26T22:04:59.858Z</time>
      </trkpt>
      <trkpt lat="44.464165" lon="15.017325">
        <ele>46.632529</ele>
        <time>2026-03-26T22:05:06.658Z</time>
      </trkpt>
      <trkpt lat="44.464587" lon="15.016628">
        <ele>47.633332</ele>
        <time>2026-03-26T22:05:21.225Z</time>
      </trkpt>
      <trkpt lat="44.465577" lon="15.015557">
        <ele>50.880556</ele>
        <time>2026-03-26T22:05:59.590Z</time>
      </trkpt>
      <trkpt lat="44.465758" lon="15.015257">
        <ele>51.645875</ele>
        <time>2026-03-26T22:06:09.297Z</time>
      </trkpt>
      <trkpt lat="44.465878" lon="15.015058">
        <ele>52.153425</ele>
        <time>2026-03-26T22:06:16.731Z</time>
      </trkpt>
      <trkpt lat="44.466071" lon="15.014816">
        <ele>52.814353</ele>
        <time>2026-03-26T22:06:28.002Z</time>
      </trkpt>
      <trkpt lat="44.466282" lon="15.014719">
        <ele>53.148986</ele>
        <time>2026-03-26T22:06:37.002Z</time>
      </trkpt>
      <trkpt lat="44.466610" lon="15.014404">
        <ele>53.748200</ele>
        <time>2026-03-26T22:06:51.356Z</time>
      </trkpt>
      <trkpt lat="44.466715" lon="15.014243">
        <ele>53.982750</ele>
        <time>2026-03-26T22:06:55.800Z</time>
      </trkpt>
      <trkpt lat="44.466850" lon="15.013987">
        <ele>54.325064</ele>
        <time>2026-03-26T22:06:59.549Z</time>
      </trkpt>
      <trkpt lat="44.467367" lon="15.013460">
        <ele>55.288471</ele>
        <time>2026-03-26T22:07:11.335Z</time>
      </trkpt>
      <trkpt lat="44.467886" lon="15.013376">
        <ele>54.806986</ele>
        <time>2026-03-26T22:07:23.508Z</time>
      </trkpt>
      <trkpt lat="44.468235" lon="15.013104">
        <ele>54.152505</ele>
        <time>2026-03-26T22:07:33.156Z</time>
      </trkpt>
      <trkpt lat="44.468461" lon="15.012793">
        <ele>53.633384</ele>
        <time>2026-03-26T22:07:39.867Z</time>
      </trkpt>
      <trkpt lat="44.468794" lon="15.012048">
        <ele>52.605265</ele>
        <time>2026-03-26T22:07:49.046Z</time>
      </trkpt>
      <trkpt lat="44.468895" lon="15.011937">
        <ele>51.789908</ele>
        <time>2026-03-26T22:07:50.694Z</time>
      </trkpt>
      <trkpt lat="44.469055" lon="15.011819">
        <ele>50.063287</ele>
        <time>2026-03-26T22:07:52.950Z</time>
      </trkpt>
      <trkpt lat="44.470082" lon="15.011238">
        <ele>39.486828</ele>
        <time>2026-03-26T22:08:05.904Z</time>
      </trkpt>
      <trkpt lat="44.470228" lon="15.011135">
        <ele>37.925876</ele>
        <time>2026-03-26T22:08:07.813Z</time>
      </trkpt>
      <trkpt lat="44.470871" lon="15.010840">
        <ele>33.797393</ele>
        <time>2026-03-26T22:08:15.998Z</time>
      </trkpt>
      <trkpt lat="44.471513" lon="15.010457">
        <ele>31.140787</ele>
        <time>2026-03-26T22:08:25.826Z</time>
      </trkpt>
      <trkpt lat="44.471828" lon="15.010152">
        <ele>29.683034</ele>
        <time>2026-03-26T22:08:32.234Z</time>
      </trkpt>
      <trkpt lat="44.472243" lon="15.009951">
        <ele>28.518146</ele>
        <time>2026-03-26T22:08:41.451Z</time>
      </trkpt>
      <trkpt lat="44.473150" lon="15.009230">
        <ele>28.700118</ele>
        <time>2026-03-26T22:09:09.464Z</time>
      </trkpt>
      <trkpt lat="44.473583" lon="15.008913">
        <ele>28.785371</ele>
        <time>2026-03-26T22:09:18.515Z</time>
      </trkpt>
      <trkpt lat="44.474205" lon="15.008458">
        <ele>27.297737</ele>
        <time>2026-03-26T22:09:28.947Z</time>
      </trkpt>
      <trkpt lat="44.474959" lon="15.007489">
        <ele>24.543167</ele>
        <time>2026-03-26T22:09:43.087Z</time>
      </trkpt>
      <trkpt lat="44.475691" lon="15.007080">
        <ele>23.989517</ele>
        <time>2026-03-26T22:09:56.584Z</time>
      </trkpt>
      <trkpt lat="44.475988" lon="15.006521">
        <ele>24.009116</ele>
        <time>2026-03-26T22:10:08.245Z</time>
      </trkpt>
      <trkpt lat="44.476639" lon="15.005247">
        <ele>23.958046</ele>
        <time>2026-03-26T22:10:35.902Z</time>
      </trkpt>
      <trkpt lat="44.477244" lon="15.004201">
        <ele>23.762013</ele>
        <time>2026-03-26T22:10:51.079Z</time>
      </trkpt>
      <trkpt lat="44.477717" lon="15.003519">
        <ele>24.157695</ele>
        <time>2026-03-26T22:11:07.313Z</time>
      </trkpt>
      <trkpt lat="44.477768" lon="15.003447">
        <ele>24.309934</ele>
        <time>2026-03-26T22:11:09.407Z</time>
      </trkpt>
      <trkpt lat="44.477959" lon="15.002981">
        <ele>25.116360</ele>
        <time>2026-03-26T22:11:19.947Z</time>
      </trkpt>
      <trkpt lat="44.478031" lon="15.002638">
        <ele>25.652866</ele>
        <time>2026-03-26T22:11:27.910Z</time>
      </trkpt>
      <trkpt lat="44.478115" lon="15.002421">
        <ele>26.023322</ele>
        <time>2026-03-26T22:11:33.885Z</time>
      </trkpt>
      <trkpt lat="44.478311" lon="15.002110">
        <ele>26.645972</ele>
        <time>2026-03-26T22:11:45.286Z</time>
      </trkpt>
      <trkpt lat="44.478407" lon="15.001747">
        <ele>27.226887</ele>
        <time>2026-03-26T22:11:55.527Z</time>
      </trkpt>
      <trkpt lat="44.478902" lon="15.000784">
        <ele>28.857873</ele>
        <time>2026-03-26T22:12:17.912Z</time>
      </trkpt>
      <trkpt lat="44.479210" lon="15.000249">
        <ele>29.789871</ele>
        <time>2026-03-26T22:12:30.775Z</time>
      </trkpt>
      <trkpt lat="44.479491" lon="14.999942">
        <ele>30.466872</ele>
        <time>2026-03-26T22:12:41.095Z</time>
      </trkpt>
      <trkpt lat="44.479879" lon="14.999821">
        <ele>31.069120</ele>
        <time>2026-03-26T22:12:53.331Z</time>
      </trkpt>
      <trkpt lat="44.480146" lon="14.999794">
        <ele>31.356031</ele>
        <time>2026-03-26T22:13:02.048Z</time>
      </trkpt>
      <trkpt lat="44.480708" lon="14.998965">
        <ele>32.230505</ele>
        <time>2026-03-26T22:13:26.779Z</time>
      </trkpt>
      <trkpt lat="44.480894" lon="14.998542">
        <ele>32.610472</ele>
        <time>2026-03-26T22:13:33.784Z</time>
      </trkpt>
      <trkpt lat="44.480968" lon="14.998093">
        <ele>32.123569</ele>
        <time>2026-03-26T22:13:38.961Z</time>
      </trkpt>
      <trkpt lat="44.481014" lon="14.998016">
        <ele>31.807326</ele>
        <time>2026-03-26T22:13:39.998Z</time>
      </trkpt>
      <trkpt lat="44.481174" lon="14.997579">
        <ele>30.260620</ele>
        <time>2026-03-26T22:13:44.908Z</time>
      </trkpt>
      <trkpt lat="44.481645" lon="14.996904">
        <ele>27.287550</ele>
        <time>2026-03-26T22:13:53.664Z</time>
      </trkpt>
      <trkpt lat="44.481870" lon="14.996744">
        <ele>26.174010</ele>
        <time>2026-03-26T22:13:56.881Z</time>
      </trkpt>
      <trkpt lat="44.482091" lon="14.996325">
        <ele>24.857314</ele>
        <time>2026-03-26T22:14:01.688Z</time>
      </trkpt>
      <trkpt lat="44.482328" lon="14.996269">
        <ele>24.846839</ele>
        <time>2026-03-26T22:14:04.955Z</time>
      </trkpt>
      <trkpt lat="44.482648" lon="14.996383">
        <ele>24.832449</ele>
        <time>2026-03-26T22:14:09.870Z</time>
      </trkpt>
      <trkpt lat="44.482862" lon="14.996356">
        <ele>24.823084</ele>
        <time>2026-03-26T22:14:13.609Z</time>
      </trkpt>
      <trkpt lat="44.483240" lon="14.996018">
        <ele>24.803543</ele>
        <time>2026-03-26T22:14:25.513Z</time>
      </trkpt>
      <trkpt lat="44.483544" lon="14.995674">
        <ele>24.786515</ele>
        <time>2026-03-26T22:14:40.640Z</time>
      </trkpt>
      <trkpt lat="44.483972" lon="14.995072">
        <ele>26.398868</ele>
        <time>2026-03-26T22:15:08.115Z</time>
      </trkpt>
      <trkpt lat="44.484387" lon="14.994633">
        <ele>28.059005</ele>
        <time>2026-03-26T22:15:29.128Z</time>
      </trkpt>
      <trkpt lat="44.484681" lon="14.994323">
        <ele>29.233726</ele>
        <time>2026-03-26T22:15:41.002Z</time>
      </trkpt>
      <trkpt lat="44.485027" lon="14.994352">
        <ele>30.340492</ele>
        <time>2026-03-26T22:15:50.139Z</time>
      </trkpt>
      <trkpt lat="44.485725" lon="14.994055">
        <ele>30.755458</ele>
        <time>2026-03-26T22:16:05.381Z</time>
      </trkpt>
      <trkpt lat="44.486622" lon="14.993225">
        <ele>31.123816</ele>
        <time>2026-03-26T22:16:27.853Z</time>
      </trkpt>
      <trkpt lat="44.486930" lon="14.992877">
        <ele>30.265194</ele>
        <time>2026-03-26T22:16:35.074Z</time>
      </trkpt>
      <trkpt lat="44.487103" lon="14.992530">
        <ele>29.494201</ele>
        <time>2026-03-26T22:16:39.901Z</time>
      </trkpt>
      <trkpt lat="44.487194" lon="14.992418">
        <ele>29.185049</ele>
        <time>2026-03-26T22:16:41.726Z</time>
      </trkpt>
      <trkpt lat="44.487616" lon="14.991907">
        <ele>27.761434</ele>
        <time>2026-03-26T22:16:49.698Z</time>
      </trkpt>
      <trkpt lat="44.487665" lon="14.991848">
        <ele>27.596530</ele>
        <time>2026-03-26T22:16:50.594Z</time>
      </trkpt>
      <trkpt lat="44.488270" lon="14.991502">
        <ele>25.668464</ele>
        <time>2026-03-26T22:16:59.545Z</time>
      </trkpt>
      <trkpt lat="44.488766" lon="14.990884">
        <ele>23.265762</ele>
        <time>2026-03-26T22:17:08.489Z</time>
      </trkpt>
      <trkpt lat="44.489068" lon="14.990455">
        <ele>21.709039</ele>
        <time>2026-03-26T22:17:14.511Z</time>
      </trkpt>
      <trkpt lat="44.489444" lon="14.990143">
        <ele>20.127050</ele>
        <time>2026-03-26T22:17:20.909Z</time>
      </trkpt>
      <trkpt lat="44.490768" lon="14.989105">
        <ele>18.882155</ele>
        <time>2026-03-26T22:17:46.469Z</time>
      </trkpt>
      <trkpt lat="44.492267" lon="14.987098">
        <ele>20.124462</ele>
        <time>2026-03-26T22:18:37.933Z</time>
      </trkpt>
      <trkpt lat="44.492511" lon="14.986881">
        <ele>20.062096</ele>
        <time>2026-03-26T22:18:43.733Z</time>
      </trkpt>
      <trkpt lat="44.492748" lon="14.986670">
        <ele>19.964597</ele>
        <time>2026-03-26T22:18:48.984Z</time>
      </trkpt>
      <trkpt lat="44.493484" lon="14.985707">
        <ele>19.614974</ele>
        <time>2026-03-26T22:19:06.041Z</time>
      </trkpt>
      <trkpt lat="44.494017" lon="14.985366">
        <ele>19.661801</ele>
        <time>2026-03-26T22:19:16.740Z</time>
      </trkpt>
      <trkpt lat="44.494652" lon="14.984388">
        <ele>20.046092</ele>
        <time>2026-03-26T22:19:48.009Z</time>
      </trkpt>
      <trkpt lat="44.494989" lon="14.983723">
        <ele>20.407785</ele>
        <time>2026-03-26T22:20:09.735Z</time>
      </trkpt>
      <trkpt lat="44.495143" lon="14.983420">
        <ele>21.083848</ele>
        <time>2026-03-26T22:20:19.760Z</time>
      </trkpt>
      <trkpt lat="44.496026" lon="14.982496">
        <ele>23.890809</ele>
        <time>2026-03-26T22:21:07.463Z</time>
      </trkpt>
      <trkpt lat="44.496307" lon="14.981627">
        <ele>26.436541</ele>
        <time>2026-03-26T22:21:43.443Z</time>
      </trkpt>
      <trkpt lat="44.496855" lon="14.980476">
        <ele>31.558291</ele>
        <time>2026-03-26T22:22:40.751Z</time>
      </trkpt>
      <trkpt lat="44.497417" lon="14.979420">
        <ele>36.388839</ele>
        <time>2026-03-26T22:23:39.020Z</time>
      </trkpt>
      <trkpt lat="44.497623" lon="14.978625">
        <ele>39.455920</ele>
        <time>2026-03-26T22:24:17.938Z</time>
      </trkpt>
      <trkpt lat="44.497865" lon="14.977803">
        <ele>42.680480</ele>
        <time>2026-03-26T22:24:53.115Z</time>
      </trkpt>
      <trkpt lat="44.497988" lon="14.977584">
        <ele>43.264896</ele>
        <time>2026-03-26T22:25:02.417Z</time>
      </trkpt>
      <trkpt lat="44.498111" lon="14.977425">
        <ele>43.144233</ele>
        <time>2026-03-26T22:25:09.516Z</time>
      </trkpt>
      <trkpt lat="44.498279" lon="14.977286">
        <ele>43.003542</ele>
        <time>2026-03-26T22:25:16.908Z</time>
      </trkpt>
      <trkpt lat="44.499306" lon="14.976602">
        <ele>42.183525</ele>
        <time>2026-03-26T22:25:48.346Z</time>
      </trkpt>
      <trkpt lat="44.499451" lon="14.976530">
        <ele>42.072583</ele>
        <time>2026-03-26T22:25:52.327Z</time>
      </trkpt>
      <trkpt lat="44.499743" lon="14.976459">
        <ele>41.505938</ele>
        <time>2026-03-26T22:26:00.060Z</time>
      </trkpt>
      <trkpt lat="44.500782" lon="14.975924">
        <ele>38.966585</ele>
        <time>2026-03-26T22:26:29.690Z</time>
      </trkpt>
      <trkpt lat="44.501476" lon="14.975537">
        <ele>37.546886</ele>
        <time>2026-03-26T22:26:50.371Z</time>
      </trkpt>
      <trkpt lat="44.501740" lon="14.975308">
        <ele>37.161050</ele>
        <time>2026-03-26T22:26:59.096Z</time>
      </trkpt>
      <trkpt lat="44.501881" lon="14.975121">
        <ele>36.919825</ele>
        <time>2026-03-26T22:27:04.582Z</time>
      </trkpt>
      <trkpt lat="44.502180" lon="14.974862">
        <ele>36.483006</ele>
        <time>2026-03-26T22:27:14.563Z</time>
      </trkpt>
      <trkpt lat="44.502910" lon="14.973875">
        <ele>36.252920</ele>
        <time>2026-03-26T22:27:44.783Z</time>
      </trkpt>
      <trkpt lat="44.503265" lon="14.973531">
        <ele>36.983647</ele>
        <time>2026-03-26T22:27:59.730Z</time>
      </trkpt>
      <trkpt lat="44.503276" lon="14.973442">
        <ele>37.092735</ele>
        <time>2026-03-26T22:28:02.209Z</time>
      </trkpt>
      <trkpt lat="44.503249" lon="14.973289">
        <ele>37.283086</ele>
        <time>2026-03-26T22:28:06.462Z</time>
      </trkpt>
      <trkpt lat="44.503275" lon="14.973213">
        <ele>37.384884</ele>
        <time>2026-03-26T22:28:08.818Z</time>
      </trkpt>
      <trkpt lat="44.503622" lon="14.972779">
        <ele>38.172274</ele>
        <time>2026-03-26T22:28:28.842Z</time>
      </trkpt>
      <trkpt lat="44.503866" lon="14.972582">
        <ele>38.649051</ele>
        <time>2026-03-26T22:28:42.858Z</time>
      </trkpt>
      <trkpt lat="44.503934" lon="14.972393">
        <ele>39.606918</ele>
        <time>2026-03-26T22:28:51.352Z</time>
      </trkpt>
      <trkpt lat="44.503963" lon="14.972095">
        <ele>41.243655</ele>
        <time>2026-03-26T22:29:04.214Z</time>
      </trkpt>
      <trkpt lat="44.504061" lon="14.971893">
        <ele>42.573158</ele>
        <time>2026-03-26T22:29:15.319Z</time>
      </trkpt>
      <trkpt lat="44.504092" lon="14.971736">
        <ele>43.459685</ele>
        <time>2026-03-26T22:29:23.219Z</time>
      </trkpt>
      <trkpt lat="44.504145" lon="14.971436">
        <ele>45.141616</ele>
        <time>2026-03-26T22:29:36.965Z</time>
      </trkpt>
      <trkpt lat="44.504274" lon="14.971069">
        <ele>47.368198</ele>
        <time>2026-03-26T22:29:56.899Z</time>
      </trkpt>
      <trkpt lat="44.504238" lon="14.970970">
        <ele>47.972939</ele>
        <time>2026-03-26T22:30:02.589Z</time>
      </trkpt>
      <trkpt lat="44.503994" lon="14.970553">
        <ele>50.908246</ele>
        <time>2026-03-26T22:30:30.403Z</time>
      </trkpt>
      <trkpt lat="44.503904" lon="14.970464">
        <ele>51.748591</ele>
        <time>2026-03-26T22:30:38.216Z</time>
      </trkpt>
      <trkpt lat="44.503771" lon="14.970127">
        <ele>52.751571</ele>
        <time>2026-03-26T22:30:56.977Z</time>
      </trkpt>
      <trkpt lat="44.503772" lon="14.969967">
        <ele>52.950137</ele>
        <time>2026-03-26T22:31:04.292Z</time>
      </trkpt>
      <trkpt lat="44.503988" lon="14.969426">
        <ele>53.719552</ele>
        <time>2026-03-26T22:31:27.411Z</time>
      </trkpt>
      <trkpt lat="44.504280" lon="14.969102">
        <ele>54.367485</ele>
        <time>2026-03-26T22:31:37.925Z</time>
      </trkpt>
      <trkpt lat="44.504484" lon="14.968681">
        <ele>54.999113</ele>
        <time>2026-03-26T22:31:44.183Z</time>
      </trkpt>
      <trkpt lat="44.504609" lon="14.968594">
        <ele>55.241937</ele>
        <time>2026-03-26T22:31:46.337Z</time>
      </trkpt>
      <trkpt lat="44.504781" lon="14.968640">
        <ele>55.546615</ele>
        <time>2026-03-26T22:31:48.977Z</time>
      </trkpt>
      <trkpt lat="44.504889" lon="14.968705">
        <ele>54.753572</ele>
        <time>2026-03-26T22:31:50.671Z</time>
      </trkpt>
      <trkpt lat="44.505308" lon="14.968516">
        <ele>51.556046</ele>
        <time>2026-03-26T22:31:56.880Z</time>
      </trkpt>
      <trkpt lat="44.505745" lon="14.967966">
        <ele>47.290075</ele>
        <time>2026-03-26T22:32:04.915Z</time>
      </trkpt>
      <trkpt lat="44.505828" lon="14.967946">
        <ele>46.678269</ele>
        <time>2026-03-26T22:32:06.086Z</time>
      </trkpt>
      <trkpt lat="44.505890" lon="14.968107">
        <ele>45.730292</ele>
        <time>2026-03-26T22:32:07.928Z</time>
      </trkpt>
      <trkpt lat="44.505917" lon="14.968470">
        <ele>43.839387</ele>
        <time>2026-03-26T22:32:11.658Z</time>
      </trkpt>
      <trkpt lat="44.505993" lon="14.968611">
        <ele>42.923696</ele>
        <time>2026-03-26T22:32:13.493Z</time>
      </trkpt>
      <trkpt lat="44.506203" lon="14.968699">
        <ele>42.105688</ele>
        <time>2026-03-26T22:32:16.701Z</time>
      </trkpt>
      <trkpt lat="44.506359" lon="14.968828">
        <ele>41.667879</ele>
        <time>2026-03-26T22:32:19.406Z</time>
      </trkpt>
      <trkpt lat="44.506394" lon="14.968796">
        <ele>41.566873</ele>
        <time>2026-03-26T22:32:20.044Z</time>
      </trkpt>
      <trkpt lat="44.506440" lon="14.968755">
        <ele>41.435109</ele>
        <time>2026-03-26T22:32:21.344Z</time>
      </trkpt>
      <trkpt lat="44.506619" lon="14.968394">
        <ele>40.677093</ele>
        <time>2026-03-26T22:32:29.010Z</time>
      </trkpt>
      <trkpt lat="44.507384" lon="14.967155">
        <ele>38.427951</ele>
        <time>2026-03-26T22:33:04.149Z</time>
      </trkpt>
      <trkpt lat="44.507453" lon="14.966935">
        <ele>38.831137</ele>
        <time>2026-03-26T22:33:11.355Z</time>
      </trkpt>
      <trkpt lat="44.507412" lon="14.966515">
        <ele>39.542299</ele>
        <time>2026-03-26T22:33:25.717Z</time>
      </trkpt>
      <trkpt lat="44.507438" lon="14.966268">
        <ele>39.961155</ele>
        <time>2026-03-26T22:33:34.871Z</time>
      </trkpt>
      <trkpt lat="44.507690" lon="14.965525">
        <ele>41.341390</ele>
        <time>2026-03-26T22:34:04.929Z</time>
      </trkpt>
      <trkpt lat="44.507756" lon="14.965186">
        <ele>41.930904</ele>
        <time>2026-03-26T22:34:16.854Z</time>
      </trkpt>
      <trkpt lat="44.507842" lon="14.964948">
        <ele>42.371658</ele>
        <time>2026-03-26T22:34:24.942Z</time>
      </trkpt>
      <trkpt lat="44.508112" lon="14.964451">
        <ele>41.476849</ele>
        <time>2026-03-26T22:34:40.729Z</time>
      </trkpt>
      <trkpt lat="44.508290" lon="14.964013">
        <ele>40.754841</ele>
        <time>2026-03-26T22:34:51.142Z</time>
      </trkpt>
      <trkpt lat="44.508510" lon="14.963652">
        <ele>40.074755</ele>
        <time>2026-03-26T22:34:59.958Z</time>
      </trkpt>
      <trkpt lat="44.508898" lon="14.962915">
        <ele>38.762775</ele>
        <time>2026-03-26T22:35:15.922Z</time>
      </trkpt>
      <trkpt lat="44.508970" lon="14.962713">
        <ele>38.128018</ele>
        <time>2026-03-26T22:35:19.779Z</time>
      </trkpt>
      <trkpt lat="44.509034" lon="14.962389">
        <ele>37.182834</ele>
        <time>2026-03-26T22:35:25.528Z</time>
      </trkpt>
      <trkpt lat="44.509134" lon="14.962212">
        <ele>36.547985</ele>
        <time>2026-03-26T22:35:29.395Z</time>
      </trkpt>
      <trkpt lat="44.509268" lon="14.961726">
        <ele>35.083094</ele>
        <time>2026-03-26T22:35:38.466Z</time>
      </trkpt>
      <trkpt lat="44.509349" lon="14.961527">
        <ele>34.438916</ele>
        <time>2026-03-26T22:35:42.529Z</time>
      </trkpt>
      <trkpt lat="44.509442" lon="14.961422">
        <ele>33.968219</ele>
        <time>2026-03-26T22:35:45.530Z</time>
      </trkpt>
      <trkpt lat="44.509806" lon="14.961197">
        <ele>32.400006</ele>
        <time>2026-03-26T22:35:55.752Z</time>
      </trkpt>
      <trkpt lat="44.510101" lon="14.960974">
        <ele>31.513770</ele>
        <time>2026-03-26T22:36:04.657Z</time>
      </trkpt>
      <trkpt lat="44.510384" lon="14.960592">
        <ele>31.100814</ele>
        <time>2026-03-26T22:36:15.567Z</time>
      </trkpt>
      <trkpt lat="44.510579" lon="14.960199">
        <ele>30.741879</ele>
        <time>2026-03-26T22:36:25.598Z</time>
      </trkpt>
      <trkpt lat="44.510934" lon="14.959778">
        <ele>30.253103</ele>
        <time>2026-03-26T22:36:40.006Z</time>
      </trkpt>
      <trkpt lat="44.511073" lon="14.959577">
        <ele>30.043197</ele>
        <time>2026-03-26T22:36:46.294Z</time>
      </trkpt>
      <trkpt lat="44.511140" lon="14.959323">
        <ele>29.840165</ele>
        <time>2026-03-26T22:36:52.339Z</time>
      </trkpt>
      <trkpt lat="44.511348" lon="14.958161">
        <ele>28.729653</ele>
        <time>2026-03-26T22:37:18.834Z</time>
      </trkpt>
      <trkpt lat="44.511361" lon="14.957747">
        <ele>28.340355</ele>
        <time>2026-03-26T22:37:27.545Z</time>
      </trkpt>
      <trkpt lat="44.511329" lon="14.957344">
        <ele>27.959428</ele>
        <time>2026-03-26T22:37:35.661Z</time>
      </trkpt>
      <trkpt lat="44.511343" lon="14.957209">
        <ele>27.831272</ele>
        <time>2026-03-26T22:37:38.322Z</time>
      </trkpt>
      <trkpt lat="44.511466" lon="14.956860">
        <ele>27.465558</ele>
        <time>2026-03-26T22:37:45.626Z</time>
      </trkpt>
      <trkpt lat="44.511494" lon="14.956440">
        <ele>26.649310</ele>
        <time>2026-03-26T22:37:53.290Z</time>
      </trkpt>
      <trkpt lat="44.511727" lon="14.955712">
        <ele>24.979977</ele>
        <time>2026-03-26T22:38:07.407Z</time>
      </trkpt>
      <trkpt lat="44.511866" lon="14.955430">
        <ele>24.262822</ele>
        <time>2026-03-26T22:38:13.450Z</time>
      </trkpt>
      <trkpt lat="44.511932" lon="14.955125">
        <ele>23.596035</ele>
        <time>2026-03-26T22:38:19.122Z</time>
      </trkpt>
      <trkpt lat="44.512163" lon="14.954378">
        <ele>22.360161</ele>
        <time>2026-03-26T22:38:34.860Z</time>
      </trkpt>
      <trkpt lat="44.512471" lon="14.953809">
        <ele>23.748673</ele>
        <time>2026-03-26T22:38:53.340Z</time>
      </trkpt>
      <trkpt lat="44.512947" lon="14.952842">
        <ele>26.032546</ele>
        <time>2026-03-26T22:39:35.370Z</time>
      </trkpt>
      <trkpt lat="44.513076" lon="14.952612">
        <ele>26.601305</ele>
        <time>2026-03-26T22:39:44.420Z</time>
      </trkpt>
      <trkpt lat="44.513206" lon="14.952444">
        <ele>27.156260</ele>
        <time>2026-03-26T22:39:52.783Z</time>
      </trkpt>
      <trkpt lat="44.513267" lon="14.952419">
        <ele>27.607504</ele>
        <time>2026-03-26T22:39:55.854Z</time>
      </trkpt>
      <trkpt lat="44.513613" lon="14.952614">
        <ele>30.255229</ele>
        <time>2026-03-26T22:40:15.054Z</time>
      </trkpt>
      <trkpt lat="44.513763" lon="14.952656">
        <ele>31.341317</ele>
        <time>2026-03-26T22:40:23.508Z</time>
      </trkpt>
      <trkpt lat="44.513866" lon="14.952651">
        <ele>32.073101</ele>
        <time>2026-03-26T22:40:29.339Z</time>
      </trkpt>
      <trkpt lat="44.514096" lon="14.952565">
        <ele>33.763255</ele>
        <time>2026-03-26T22:40:42.981Z</time>
      </trkpt>
      <trkpt lat="44.514381" lon="14.952348">
        <ele>36.065908</ele>
        <time>2026-03-26T22:41:00.501Z</time>
      </trkpt>
      <trkpt lat="44.514463" lon="14.952253">
        <ele>36.821129</ele>
        <time>2026-03-26T22:41:06.576Z</time>
      </trkpt>
      <trkpt lat="44.514494" lon="14.952135">
        <ele>37.457836</ele>
        <time>2026-03-26T22:41:12.040Z</time>
      </trkpt>
      <trkpt lat="44.514457" lon="14.951946">
        <ele>38.450176</ele>
        <time>2026-03-26T22:41:20.953Z</time>
      </trkpt>
      <trkpt lat="44.514328" lon="14.951725">
        <ele>39.889524</ele>
        <time>2026-03-26T22:41:34.359Z</time>
      </trkpt>
      <trkpt lat="44.514213" lon="14.951530">
        <ele>41.072672</ele>
        <time>2026-03-26T22:41:46.465Z</time>
      </trkpt>
      <trkpt lat="44.514076" lon="14.950990">
        <ele>43.752522</ele>
        <time>2026-03-26T22:42:13.535Z</time>
      </trkpt>
      <trkpt lat="44.514039" lon="14.950922">
        <ele>44.152450</ele>
        <time>2026-03-26T22:42:17.328Z</time>
      </trkpt>
      <trkpt lat="44.513977" lon="14.950856">
        <ele>44.662834</ele>
        <time>2026-03-26T22:42:21.995Z</time>
      </trkpt>
      <trkpt lat="44.513705" lon="14.950707">
        <ele>46.577546</ele>
        <time>2026-03-26T22:42:38.354Z</time>
      </trkpt>
      <trkpt lat="44.513449" lon="14.950406">
        <ele>48.768036</ele>
        <time>2026-03-26T22:42:54.962Z</time>
      </trkpt>
      <trkpt lat="44.513392" lon="14.950307">
        <ele>49.362971</ele>
        <time>2026-03-26T22:42:59.093Z</time>
      </trkpt>
      <trkpt lat="44.513363" lon="14.950173">
        <ele>50.017725</ele>
        <time>2026-03-26T22:43:03.470Z</time>
      </trkpt>
      <trkpt lat="44.513329" lon="14.949076">
        <ele>51.951756</ele>
        <time>2026-03-26T22:43:30.987Z</time>
      </trkpt>
      <trkpt lat="44.513192" lon="14.948447">
        <ele>52.254522</ele>
        <time>2026-03-26T22:43:41.149Z</time>
      </trkpt>
      <trkpt lat="44.513095" lon="14.948132">
        <ele>52.412476</ele>
        <time>2026-03-26T22:43:45.781Z</time>
      </trkpt>
      <trkpt lat="44.513140" lon="14.948072">
        <ele>52.452562</ele>
        <time>2026-03-26T22:43:46.866Z</time>
      </trkpt>
      <trkpt lat="44.512921" lon="14.947261">
        <ele>52.395745</ele>
        <time>2026-03-26T22:44:04.738Z</time>
      </trkpt>
      <trkpt lat="44.512786" lon="14.945873">
        <ele>49.711491</ele>
        <time>2026-03-26T22:44:31.547Z</time>
      </trkpt>
      <trkpt lat="44.512560" lon="14.944674">
        <ele>46.853483</ele>
        <time>2026-03-26T22:44:53.979Z</time>
      </trkpt>
      <trkpt lat="44.512389" lon="14.944134">
        <ele>44.805172</ele>
        <time>2026-03-26T22:45:04.268Z</time>
      </trkpt>
      <trkpt lat="44.511837" lon="14.942742">
        <ele>39.283503</ele>
        <time>2026-03-26T22:45:31.452Z</time>
      </trkpt>
      <trkpt lat="44.511809" lon="14.942538">
        <ele>38.484739</ele>
        <time>2026-03-26T22:45:34.939Z</time>
      </trkpt>
      <trkpt lat="44.511835" lon="14.942293">
        <ele>37.517724</ele>
        <time>2026-03-26T22:45:39.061Z</time>
      </trkpt>
      <trkpt lat="44.511839" lon="14.942138">
        <ele>36.912207</ele>
        <time>2026-03-26T22:45:41.639Z</time>
      </trkpt>
      <trkpt lat="44.511762" lon="14.941422">
        <ele>34.085329</ele>
        <time>2026-03-26T22:45:53.717Z</time>
      </trkpt>
      <trkpt lat="44.511779" lon="14.941229">
        <ele>33.326129</ele>
        <time>2026-03-26T22:45:56.981Z</time>
      </trkpt>
      <trkpt lat="44.511748" lon="14.940882">
        <ele>31.960848</ele>
        <time>2026-03-26T22:46:02.862Z</time>
      </trkpt>
      <trkpt lat="44.511712" lon="14.940783">
        <ele>31.527000</ele>
        <time>2026-03-26T22:46:04.725Z</time>
      </trkpt>
      <trkpt lat="44.510576" lon="14.939469">
        <ele>24.998195</ele>
        <time>2026-03-26T22:46:40.655Z</time>
      </trkpt>
      <trkpt lat="44.510378" lon="14.939250">
        <ele>23.977928</ele>
        <time>2026-03-26T22:46:47.123Z</time>
      </trkpt>
      <trkpt lat="44.510055" lon="14.939087">
        <ele>22.589087</ele>
        <time>2026-03-26T22:46:56.014Z</time>
      </trkpt>
      <trkpt lat="44.509741" lon="14.938800">
        <ele>21.341808</ele>
        <time>2026-03-26T22:47:05.780Z</time>
      </trkpt>
      <trkpt lat="44.509642" lon="14.938680">
        <ele>20.956362</ele>
        <time>2026-03-26T22:47:09.185Z</time>
      </trkpt>
      <trkpt lat="44.509473" lon="14.938396">
        <ele>20.179402</ele>
        <time>2026-03-26T22:47:16.073Z</time>
      </trkpt>
      <trkpt lat="44.509421" lon="14.938268">
        <ele>19.869968</ele>
        <time>2026-03-26T22:47:18.780Z</time>
      </trkpt>
      <trkpt lat="44.509169" lon="14.937834">
        <ele>18.694368</ele>
        <time>2026-03-26T22:47:29.175Z</time>
      </trkpt>
      <trkpt lat="44.509578" lon="14.937328">
        <ele>17.087815</ele>
        <time>2026-03-26T22:47:43.416Z</time>
      </trkpt>
      <trkpt lat="44.510211" lon="14.936865">
        <ele>15.352015</ele>
        <time>2026-03-26T22:48:02.299Z</time>
      </trkpt>
      <trkpt lat="44.510784" lon="14.936600">
        <ele>13.941453</ele>
        <time>2026-03-26T22:48:18.496Z</time>
      </trkpt>
      <trkpt lat="44.511191" lon="14.936164">
        <ele>12.744073</ele>
        <time>2026-03-26T22:48:32.518Z</time>
      </trkpt>
      <trkpt lat="44.511480" lon="14.935750">
        <ele>12.070943</ele>
        <time>2026-03-26T22:48:44.003Z</time>
      </trkpt>
      <trkpt lat="44.511586" lon="14.935530">
        <ele>11.794157</ele>
        <time>2026-03-26T22:48:49.310Z</time>
      </trkpt>
      <trkpt lat="44.511649" lon="14.935139">
        <ele>11.376277</ele>
        <time>2026-03-26T22:48:57.338Z</time>
      </trkpt>
      <trkpt lat="44.511667" lon="14.934855">
        <ele>11.079049</ele>
        <time>2026-03-26T22:49:03.097Z</time>
      </trkpt>
      <trkpt lat="44.511672" lon="14.934000">
        <ele>10.187709</ele>
        <time>2026-03-26T22:49:20.765Z</time>
      </trkpt>
      <trkpt lat="44.511717" lon="14.933575">
        <ele>9.778047</ele>
        <time>2026-03-26T22:49:29.713Z</time>
      </trkpt>
      <trkpt lat="44.511802" lon="14.933157">
        <ele>9.416006</ele>
        <time>2026-03-26T22:49:38.690Z</time>
      </trkpt>
      <trkpt lat="44.511960" lon="14.932835">
        <ele>9.090445</ele>
        <time>2026-03-26T22:49:46.748Z</time>
      </trkpt>
      <trkpt lat="44.512804" lon="14.931806">
        <ele>7.788300</ele>
        <time>2026-03-26T22:50:18.993Z</time>
      </trkpt>
      <trkpt lat="44.513305" lon="14.931245">
        <ele>7.108325</ele>
        <time>2026-03-26T22:50:37.450Z</time>
      </trkpt>
      <trkpt lat="44.513721" lon="14.930569">
        <ele>6.433007</ele>
        <time>2026-03-26T22:50:55.986Z</time>
      </trkpt>
      <trkpt lat="44.514128" lon="14.930134">
        <ele>5.892480</ele>
        <time>2026-03-26T22:51:11.052Z</time>
      </trkpt>
      <trkpt lat="44.514550" lon="14.929947">
        <ele>5.456315</ele>
        <time>2026-03-26T22:51:24.189Z</time>
      </trkpt>
      <trkpt lat="44.514961" lon="14.929918">
        <ele>5.050748</ele>
        <time>2026-03-26T22:51:36.340Z</time>
      </trkpt>
      <trkpt lat="44.515570" lon="14.929608">
        <ele>4.412244</ele>
        <time>2026-03-26T22:51:55.294Z</time>
      </trkpt>
      <trkpt lat="44.516404" lon="14.928729">
        <ele>3.340687</ele>
        <time>2026-03-26T22:52:25.298Z</time>
      </trkpt>
      <trkpt lat="44.516746" lon="14.928201">
        <ele>2.810979</ele>
        <time>2026-03-26T22:52:40.027Z</time>
      </trkpt>
      <trkpt lat="44.518467" lon="14.926205">
        <ele>1.124094</ele>
        <time>2026-03-26T22:53:46.782Z</time>
      </trkpt>
      <trkpt lat="44.519198" lon="14.925568">
        <ele>0.616110</ele>
        <time>2026-03-26T22:54:12.874Z</time>
      </trkpt>
      <trkpt lat="44.519701" lon="14.925272">
        <ele>0.298540</ele>
        <time>2026-03-26T22:54:29.329Z</time>
      </trkpt>
      <trkpt lat="44.520365" lon="14.924593">
        <ele>-0.102064</ele>
        <time>2026-03-26T22:54:54.145Z</time>
      </trkpt>
      <trkpt lat="44.520716" lon="14.924177">
        <ele>-0.267412</ele>
        <time>2026-03-26T22:55:08.125Z</time>
      </trkpt>
      <trkpt lat="44.520819" lon="14.923806">
        <ele>-0.369550</ele>
        <time>2026-03-26T22:55:16.817Z</time>
      </trkpt>
      <trkpt lat="44.520916" lon="14.923054">
        <ele>-0.565603</ele>
        <time>2026-03-26T22:55:33.590Z</time>
      </trkpt>
      <trkpt lat="44.520939" lon="14.922590">
        <ele>-0.367745</ele>
        <time>2026-03-26T22:55:43.948Z</time>
      </trkpt>
      <trkpt lat="44.521025" lon="14.922242">
        <ele>0.024404</ele>
        <time>2026-03-26T22:55:52.673Z</time>
      </trkpt>
      <trkpt lat="44.521226" lon="14.921747">
        <ele>0.630920</ele>
        <time>2026-03-26T22:56:07.497Z</time>
      </trkpt>
      <trkpt lat="44.521515" lon="14.921390">
        <ele>1.206010</ele>
        <time>2026-03-26T22:56:23.013Z</time>
      </trkpt>
      <trkpt lat="44.521784" lon="14.921361">
        <ele>1.608896</ele>
        <time>2026-03-26T22:56:34.854Z</time>
      </trkpt>
      <trkpt lat="44.522293" lon="14.920904">
        <ele>2.749202</ele>
        <time>2026-03-26T22:57:03.676Z</time>
      </trkpt>
      <trkpt lat="44.522575" lon="14.920755">
        <ele>3.437658</ele>
        <time>2026-03-26T22:57:18.495Z</time>
      </trkpt>
      <trkpt lat="44.522686" lon="14.920658">
        <ele>3.736442</ele>
        <time>2026-03-26T22:57:24.882Z</time>
      </trkpt>
      <trkpt lat="44.522770" lon="14.920575">
        <ele>3.971189</ele>
        <time>2026-03-26T22:57:29.791Z</time>
      </trkpt>
      <trkpt lat="44.522935" lon="14.920317">
        <ele>4.535728</ele>
        <time>2026-03-26T22:57:41.343Z</time>
      </trkpt>
      <trkpt lat="44.524450" lon="14.918689">
        <ele>6.353707</ele>
        <time>2026-03-26T22:58:52.281Z</time>
      </trkpt>
      <trkpt lat="44.525577" lon="14.917658">
        <ele>5.859975</ele>
        <time>2026-03-26T22:59:30.019Z</time>
      </trkpt>
      <trkpt lat="44.525644" lon="14.917333">
        <ele>5.668711</ele>
        <time>2026-03-26T22:59:36.922Z</time>
      </trkpt>
      <trkpt lat="44.525657" lon="14.916289">
        <ele>5.078404</ele>
        <time>2026-03-26T23:00:00.008Z</time>
      </trkpt>
      <trkpt lat="44.526067" lon="14.915377">
        <ele>5.266583</ele>
        <time>2026-03-26T23:00:26.648Z</time>
      </trkpt>
      <trkpt lat="44.527100" lon="14.913634">
        <ele>5.985571</ele>
        <time>2026-03-26T23:01:20.740Z</time>
      </trkpt>
      <trkpt lat="44.527702" lon="14.912309">
        <ele>6.701165</ele>
        <time>2026-03-26T23:02:00.240Z</time>
      </trkpt>
      <trkpt lat="44.528029" lon="14.911754">
        <ele>7.096293</ele>
        <time>2026-03-26T23:02:19.218Z</time>
      </trkpt>
      <trkpt lat="44.528376" lon="14.911306">
        <ele>7.488921</ele>
        <time>2026-03-26T23:02:36.442Z</time>
      </trkpt>
      <trkpt lat="44.528727" lon="14.910647">
        <ele>7.977153</ele>
        <time>2026-03-26T23:02:57.437Z</time>
      </trkpt>
      <trkpt lat="44.529533" lon="14.908325">
        <ele>9.816987</ele>
        <time>2026-03-26T23:04:02.732Z</time>
      </trkpt>
      <trkpt lat="44.529567" lon="14.908240">
        <ele>9.889571</ele>
        <time>2026-03-26T23:04:05.534Z</time>
      </trkpt>
      <trkpt lat="44.529814" lon="14.907622">
        <ele>10.534273</ele>
        <time>2026-03-26T23:04:26.311Z</time>
      </trkpt>
      <trkpt lat="44.530228" lon="14.906875">
        <ele>11.592310</ele>
        <time>2026-03-26T23:04:55.081Z</time>
      </trkpt>
      <trkpt lat="44.530702" lon="14.905948">
        <ele>12.867961</ele>
        <time>2026-03-26T23:05:26.850Z</time>
      </trkpt>
      <trkpt lat="44.531527" lon="14.904661">
        <ele>14.605421</ele>
        <time>2026-03-26T23:06:09.724Z</time>
      </trkpt>
      <trkpt lat="44.534373" lon="14.900495">
        <ele>24.108262</ele>
        <time>2026-03-26T23:09:10.676Z</time>
      </trkpt>
      <trkpt lat="44.535082" lon="14.899560">
        <ele>27.293178</ele>
        <time>2026-03-26T23:09:56.841Z</time>
      </trkpt>
      <trkpt lat="44.535720" lon="14.898672">
        <ele>30.339561</ele>
        <time>2026-03-26T23:10:31.370Z</time>
      </trkpt>
      <trkpt lat="44.535912" lon="14.898577">
        <ele>31.238541</ele>
        <time>2026-03-26T23:10:39.232Z</time>
      </trkpt>
      <trkpt lat="44.536117" lon="14.898530">
        <ele>32.251392</ele>
        <time>2026-03-26T23:10:47.424Z</time>
      </trkpt>
      <trkpt lat="44.536487" lon="14.898333">
        <ele>34.181092</ele>
        <time>2026-03-26T23:11:04.072Z</time>
      </trkpt>
      <trkpt lat="44.536497" lon="14.898322">
        <ele>34.243054</ele>
        <time>2026-03-26T23:11:04.632Z</time>
      </trkpt>
      <trkpt lat="44.537017" lon="14.898317">
        <ele>36.778660</ele>
        <time>2026-03-26T23:11:34.673Z</time>
      </trkpt>
      <trkpt lat="44.537270" lon="14.898340">
        <ele>38.014889</ele>
        <time>2026-03-26T23:11:49.925Z</time>
      </trkpt>
      <trkpt lat="44.537716" lon="14.898430">
        <ele>40.238599</ele>
        <time>2026-03-26T23:12:17.357Z</time>
      </trkpt>
      <trkpt lat="44.538149" lon="14.898548">
        <ele>42.453819</ele>
        <time>2026-03-26T23:12:45.132Z</time>
      </trkpt>
      <trkpt lat="44.539112" lon="14.898674">
        <ele>47.311099</ele>
        <time>2026-03-26T23:13:41.866Z</time>
      </trkpt>
      <trkpt lat="44.540757" lon="14.898672">
        <ele>50.793811</ele>
        <time>2026-03-26T23:14:54.947Z</time>
      </trkpt>
      <trkpt lat="44.541364" lon="14.898379">
        <ele>50.612364</ele>
        <time>2026-03-26T23:15:13.153Z</time>
      </trkpt>
      <trkpt lat="44.541783" lon="14.898171">
        <ele>49.350569</ele>
        <time>2026-03-26T23:15:19.654Z</time>
      </trkpt>
      <trkpt lat="44.542106" lon="14.898319">
        <ele>48.385918</ele>
        <time>2026-03-26T23:15:24.458Z</time>
      </trkpt>
      <trkpt lat="44.542116" lon="14.898350">
        <ele>48.317066</ele>
        <time>2026-03-26T23:15:24.801Z</time>
      </trkpt>
      <trkpt lat="44.542143" lon="14.898397">
        <ele>48.194919</ele>
        <time>2026-03-26T23:15:25.398Z</time>
      </trkpt>
      <trkpt lat="44.542221" lon="14.898441">
        <ele>47.956251</ele>
        <time>2026-03-26T23:15:26.576Z</time>
      </trkpt>
      <trkpt lat="44.542263" lon="14.898435">
        <ele>47.836397</ele>
        <time>2026-03-26T23:15:27.169Z</time>
      </trkpt>
      <trkpt lat="44.542302" lon="14.898409">
        <ele>47.713814</ele>
        <time>2026-03-26T23:15:27.761Z</time>
      </trkpt>
      <trkpt lat="44.542332" lon="14.898368">
        <ele>47.594918</ele>
        <time>2026-03-26T23:15:28.357Z</time>
      </trkpt>
      <trkpt lat="44.542357" lon="14.898255">
        <ele>47.355508</ele>
        <time>2026-03-26T23:15:29.516Z</time>
      </trkpt>
      <trkpt lat="44.542337" lon="14.898162">
        <ele>47.158949</ele>
        <time>2026-03-26T23:15:30.476Z</time>
      </trkpt>
      <trkpt lat="44.542345" lon="14.898038">
        <ele>46.907018</ele>
        <time>2026-03-26T23:15:31.713Z</time>
      </trkpt>
      <trkpt lat="44.542499" lon="14.897572">
        <ele>45.757497</ele>
        <time>2026-03-26T23:15:36.871Z</time>
      </trkpt>
      <trkpt lat="44.542705" lon="14.897095">
        <ele>44.342196</ele>
        <time>2026-03-26T23:15:42.597Z</time>
      </trkpt>
      <trkpt lat="44.542844" lon="14.896787">
        <ele>43.417112</ele>
        <time>2026-03-26T23:15:46.400Z</time>
      </trkpt>
      <trkpt lat="44.543208" lon="14.895982">
        <ele>40.997942</ele>
        <time>2026-03-26T23:15:56.004Z</time>
      </trkpt>
      <trkpt lat="44.543751" lon="14.895040">
        <ele>37.688109</ele>
        <time>2026-03-26T23:16:07.952Z</time>
      </trkpt>
      <trkpt lat="44.544359" lon="14.893983">
        <ele>33.830115</ele>
        <time>2026-03-26T23:16:21.309Z</time>
      </trkpt>
      <trkpt lat="44.544408" lon="14.893900">
        <ele>33.523998</ele>
        <time>2026-03-26T23:16:22.370Z</time>
      </trkpt>
      <trkpt lat="44.544435" lon="14.893952">
        <ele>33.341265</ele>
        <time>2026-03-26T23:16:23.018Z</time>
      </trkpt>
      <trkpt lat="44.544816" lon="14.893377">
        <ele>31.057832</ele>
        <time>2026-03-26T23:16:31.308Z</time>
      </trkpt>
      <trkpt lat="44.544781" lon="14.893315">
        <ele>30.825760</ele>
        <time>2026-03-26T23:16:32.419Z</time>
      </trkpt>
      <trkpt lat="44.544878" lon="14.893214">
        <ele>30.328468</ele>
        <time>2026-03-26T23:16:34.101Z</time>
      </trkpt>
      <trkpt lat="44.545027" lon="14.893120">
        <ele>29.655888</ele>
        <time>2026-03-26T23:16:36.378Z</time>
      </trkpt>
      <trkpt lat="44.545213" lon="14.893062">
        <ele>28.871452</ele>
        <time>2026-03-26T23:16:39.021Z</time>
      </trkpt>
      <trkpt lat="44.545250" lon="14.893058">
        <ele>28.718673</ele>
        <time>2026-03-26T23:16:39.521Z</time>
      </trkpt>
      <trkpt lat="44.545296" lon="14.892936">
        <ele>28.313699</ele>
        <time>2026-03-26T23:16:40.971Z</time>
      </trkpt>
      <trkpt lat="44.545301" lon="14.892865">
        <ele>28.104361</ele>
        <time>2026-03-26T23:16:41.705Z</time>
      </trkpt>
      <trkpt lat="44.545311" lon="14.892681">
        <ele>27.562912</ele>
        <time>2026-03-26T23:16:43.622Z</time>
      </trkpt>
      <trkpt lat="44.545344" lon="14.892492">
        <ele>26.991960</ele>
        <time>2026-03-26T23:16:45.659Z</time>
      </trkpt>
      <trkpt lat="44.545417" lon="14.892369">
        <ele>26.522310</ele>
        <time>2026-03-26T23:16:47.231Z</time>
      </trkpt>
      <trkpt lat="44.546021" lon="14.891610">
        <ele>23.258210</ele>
        <time>2026-03-26T23:16:58.224Z</time>
      </trkpt>
      <trkpt lat="44.546112" lon="14.891488">
        <ele>22.757961</ele>
        <time>2026-03-26T23:16:59.928Z</time>
      </trkpt>
      <trkpt lat="44.546382" lon="14.891121">
        <ele>21.263848</ele>
        <time>2026-03-26T23:17:04.999Z</time>
      </trkpt>
      <trkpt lat="44.546568" lon="14.890865">
        <ele>20.228288</ele>
        <time>2026-03-26T23:17:08.597Z</time>
      </trkpt>
      <trkpt lat="44.546969" lon="14.890312">
        <ele>18.070851</ele>
        <time>2026-03-26T23:17:16.647Z</time>
      </trkpt>
      <trkpt lat="44.547658" lon="14.889280">
        <ele>15.766279</ele>
        <time>2026-03-26T23:17:32.004Z</time>
      </trkpt>
      <trkpt lat="44.547878" lon="14.888915">
        <ele>14.987224</ele>
        <time>2026-03-26T23:17:37.493Z</time>
      </trkpt>
      <trkpt lat="44.548528" lon="14.887837">
        <ele>12.614370</ele>
        <time>2026-03-26T23:17:52.846Z</time>
      </trkpt>
      <trkpt lat="44.548801" lon="14.887380">
        <ele>11.592008</ele>
        <time>2026-03-26T23:17:59.196Z</time>
      </trkpt>
      <trkpt lat="44.548947" lon="14.887133">
        <ele>11.041832</ele>
        <time>2026-03-26T23:18:02.598Z</time>
      </trkpt>
      <trkpt lat="44.549131" lon="14.886854">
        <ele>10.390108</ele>
        <time>2026-03-26T23:18:06.641Z</time>
      </trkpt>
      <trkpt lat="44.549309" lon="14.886515">
        <ele>9.667157</ele>
        <time>2026-03-26T23:18:11.091Z</time>
      </trkpt>
      <trkpt lat="44.549975" lon="14.885790">
        <ele>7.608098</ele>
        <time>2026-03-26T23:18:23.697Z</time>
      </trkpt>
      <trkpt lat="44.550463" lon="14.885516">
        <ele>6.324129</ele>
        <time>2026-03-26T23:18:31.633Z</time>
      </trkpt>
      <trkpt lat="44.550791" lon="14.885373">
        <ele>5.485113</ele>
        <time>2026-03-26T23:18:36.819Z</time>
      </trkpt>
      <trkpt lat="44.550863" lon="14.885349">
        <ele>5.307844</ele>
        <time>2026-03-26T23:18:37.938Z</time>
      </trkpt>
      <trkpt lat="44.550989" lon="14.885306">
        <ele>5.020771</ele>
        <time>2026-03-26T23:18:39.890Z</time>
      </trkpt>
      <trkpt lat="44.551114" lon="14.885248">
        <ele>4.729307</ele>
        <time>2026-03-26T23:18:41.874Z</time>
      </trkpt>
      <trkpt lat="44.551344" lon="14.885170">
        <ele>4.205468</ele>
        <time>2026-03-26T23:18:45.480Z</time>
      </trkpt>
      <trkpt lat="44.551443" lon="14.885141">
        <ele>3.981574</ele>
        <time>2026-03-26T23:18:47.004Z</time>
      </trkpt>
      <trkpt lat="44.551939" lon="14.884979">
        <ele>2.854166</ele>
        <time>2026-03-26T23:18:54.688Z</time>
      </trkpt>
      <trkpt lat="44.552394" lon="14.884842">
        <ele>1.823947</ele>
        <time>2026-03-26T23:19:01.706Z</time>
      </trkpt>
      <trkpt lat="44.552689" lon="14.884628">
        <ele>1.258386</ele>
        <time>2026-03-26T23:19:06.943Z</time>
      </trkpt>
      <trkpt lat="44.552786" lon="14.884548">
        <ele>1.165151</ele>
        <time>2026-03-26T23:19:08.753Z</time>
      </trkpt>
      <trkpt lat="44.552872" lon="14.884517">
        <ele>1.091572</ele>
        <time>2026-03-26T23:19:10.176Z</time>
      </trkpt>
      <trkpt lat="44.552956" lon="14.884479">
        <ele>1.018437</ele>
        <time>2026-03-26T23:19:11.620Z</time>
      </trkpt>
      <trkpt lat="44.553054" lon="14.884474">
        <ele>0.937174</ele>
        <time>2026-03-26T23:19:13.216Z</time>
      </trkpt>
      <trkpt lat="44.553161" lon="14.884517">
        <ele>0.844943</ele>
        <time>2026-03-26T23:19:15.037Z</time>
      </trkpt>
      <trkpt lat="44.553391" lon="14.884609">
        <ele>0.646759</ele>
        <time>2026-03-26T23:19:19.047Z</time>
      </trkpt>
      <trkpt lat="44.554017" lon="14.884568">
        <ele>0.127450</ele>
        <time>2026-03-26T23:19:30.298Z</time>
      </trkpt>
      <trkpt lat="44.554152" lon="14.884538">
        <ele>0.014186</ele>
        <time>2026-03-26T23:19:33.095Z</time>
      </trkpt>
      <trkpt lat="44.554736" lon="14.884366">
        <ele>0.202084</ele>
        <time>2026-03-26T23:19:45.754Z</time>
      </trkpt>
      <trkpt lat="44.555046" lon="14.884057">
        <ele>0.501869</ele>
        <time>2026-03-26T23:19:53.459Z</time>
      </trkpt>
      <trkpt lat="44.555228" lon="14.883679">
        <ele>0.758164</ele>
        <time>2026-03-26T23:20:00.439Z</time>
      </trkpt>
      <trkpt lat="44.555310" lon="14.883557">
        <ele>0.852383</ele>
        <time>2026-03-26T23:20:03.249Z</time>
      </trkpt>
      <trkpt lat="44.555504" lon="14.883415">
        <ele>1.024889</ele>
        <time>2026-03-26T23:20:08.644Z</time>
      </trkpt>
      <trkpt lat="44.555709" lon="14.883300">
        <ele>1.198948</ele>
        <time>2026-03-26T23:20:14.590Z</time>
      </trkpt>
      <trkpt lat="44.556050" lon="14.883091">
        <ele>2.036442</ele>
        <time>2026-03-26T23:20:25.761Z</time>
      </trkpt>
      <trkpt lat="44.556093" lon="14.883199">
        <ele>2.290550</ele>
        <time>2026-03-26T23:20:31.906Z</time>
      </trkpt>
      <trkpt lat="44.556334" lon="14.883646">
        <ele>3.441863</ele>
        <time>2026-03-26T23:20:59.652Z</time>
      </trkpt>
      <trkpt lat="44.556341" lon="14.883662">
        <ele>3.480426</ele>
        <time>2026-03-26T23:21:00.568Z</time>
      </trkpt>
      <trkpt lat="44.556529" lon="14.884068">
        <ele>4.474941</ele>
        <time>2026-03-26T23:21:24.573Z</time>
      </trkpt>
      <trkpt lat="44.556594" lon="14.884245">
        <ele>4.883929</ele>
        <time>2026-03-26T23:21:34.433Z</time>
      </trkpt>
      <trkpt lat="44.556609" lon="14.884286">
        <ele>4.978592</ele>
        <time>2026-03-26T23:21:36.724Z</time>
      </trkpt>
      <trkpt lat="44.556657" lon="14.884524">
        <ele>5.486633</ele>
        <time>2026-03-26T23:21:48.961Z</time>
      </trkpt>
      <trkpt lat="44.556692" lon="14.884508">
        <ele>5.592738</ele>
        <time>2026-03-26T23:21:51.464Z</time>
      </trkpt>
      <trkpt lat="44.557145" lon="14.884305">
        <ele>7.317196</ele>
        <time>2026-03-26T23:22:24.538Z</time>
      </trkpt>
      <trkpt lat="44.557186" lon="14.884383">
        <ele>7.659577</ele>
        <time>2026-03-26T23:22:27.163Z</time>
      </trkpt>
      <trkpt lat="44.557294" lon="14.884389">
        <ele>8.195389</ele>
        <time>2026-03-26T23:22:31.249Z</time>
      </trkpt>
      <trkpt lat="44.557374" lon="14.884722">
        <ele>9.436719</ele>
        <time>2026-03-26T23:22:41.340Z</time>
      </trkpt>
      <trkpt lat="44.557589" lon="14.884869">
        <ele>10.622307</ele>
        <time>2026-03-26T23:22:50.671Z</time>
      </trkpt>
      <trkpt lat="44.557699" lon="14.885080">
        <ele>11.545814</ele>
        <time>2026-03-26T23:22:58.570Z</time>
      </trkpt>
      <trkpt lat="44.558395" lon="14.885568">
        <ele>15.409506</ele>
        <time>2026-03-26T23:23:36.879Z</time>
      </trkpt>
      <trkpt lat="44.559182" lon="14.886383">
        <ele>22.556704</ele>
        <time>2026-03-26T23:24:30.865Z</time>
      </trkpt>
      <trkpt lat="44.559389" lon="14.886485">
        <ele>24.159891</ele>
        <time>2026-03-26T23:24:43.092Z</time>
      </trkpt>
      <trkpt lat="44.560050" lon="14.887456">
        <ele>31.255559</ele>
        <time>2026-03-26T23:25:39.137Z</time>
      </trkpt>
      <trkpt lat="44.560258" lon="14.887641">
        <ele>33.126029</ele>
        <time>2026-03-26T23:25:54.234Z</time>
      </trkpt>
      <trkpt lat="44.560709" lon="14.888337">
        <ele>38.217626</ele>
        <time>2026-03-26T23:26:35.706Z</time>
      </trkpt>
      <trkpt lat="44.560751" lon="14.888488">
        <ele>39.094910</ele>
        <time>2026-03-26T23:26:42.598Z</time>
      </trkpt>
      <trkpt lat="44.560826" lon="14.888636">
        <ele>40.077823</ele>
        <time>2026-03-26T23:26:50.183Z</time>
      </trkpt>
      <trkpt lat="44.561014" lon="14.889008">
        <ele>42.214087</ele>
        <time>2026-03-26T23:27:08.193Z</time>
      </trkpt>
      <trkpt lat="44.561343" lon="14.889291">
        <ele>42.378619</ele>
        <time>2026-03-26T23:27:26.746Z</time>
      </trkpt>
      <trkpt lat="44.561737" lon="14.889305">
        <ele>42.546670</ele>
        <time>2026-03-26T23:27:40.681Z</time>
      </trkpt>
      <trkpt lat="44.562234" lon="14.889689">
        <ele>42.788573</ele>
        <time>2026-03-26T23:27:51.037Z</time>
      </trkpt>
      <trkpt lat="44.562348" lon="14.889814">
        <ele>42.850256</ele>
        <time>2026-03-26T23:27:53.233Z</time>
      </trkpt>
      <trkpt lat="44.562517" lon="14.889999">
        <ele>42.941642</ele>
        <time>2026-03-26T23:27:56.292Z</time>
      </trkpt>
      <trkpt lat="44.562875" lon="14.890971">
        <ele>35.666205</ele>
        <time>2026-03-26T23:28:06.477Z</time>
      </trkpt>
      <trkpt lat="44.563352" lon="14.891704">
        <ele>28.632552</ele>
        <time>2026-03-26T23:28:15.213Z</time>
      </trkpt>
      <trkpt lat="44.563611" lon="14.892459">
        <ele>23.242225</ele>
        <time>2026-03-26T23:28:22.581Z</time>
      </trkpt>
      <trkpt lat="44.563795" lon="14.892902">
        <ele>20.443914</ele>
        <time>2026-03-26T23:28:27.191Z</time>
      </trkpt>
      <trkpt lat="44.564059" lon="14.893128">
        <ele>18.075396</ele>
        <time>2026-03-26T23:28:31.210Z</time>
      </trkpt>
      <trkpt lat="44.564160" lon="14.893074">
        <ele>17.247569</ele>
        <time>2026-03-26T23:28:32.638Z</time>
      </trkpt>
      <trkpt lat="44.565062" lon="14.892111">
        <ele>10.065465</ele>
        <time>2026-03-26T23:28:49.116Z</time>
      </trkpt>
      <trkpt lat="44.565351" lon="14.891730">
        <ele>8.694601</ele>
        <time>2026-03-26T23:28:55.440Z</time>
      </trkpt>
      <trkpt lat="44.565404" lon="14.891569">
        <ele>8.257719</ele>
        <time>2026-03-26T23:28:57.401Z</time>
      </trkpt>
      <trkpt lat="44.565494" lon="14.891291">
        <ele>7.505536</ele>
        <time>2026-03-26T23:29:00.742Z</time>
      </trkpt>
      <trkpt lat="44.565844" lon="14.891007">
        <ele>6.107745</ele>
        <time>2026-03-26T23:29:06.874Z</time>
      </trkpt>
      <trkpt lat="44.565986" lon="14.890937">
        <ele>5.587379</ele>
        <time>2026-03-26T23:29:09.138Z</time>
      </trkpt>
      <trkpt lat="44.566422" lon="14.890929">
        <ele>4.356351</ele>
        <time>2026-03-26T23:29:15.624Z</time>
      </trkpt>
      <trkpt lat="44.566504" lon="14.890899">
        <ele>4.144424</ele>
        <time>2026-03-26T23:29:16.897Z</time>
      </trkpt>
      <trkpt lat="44.567087" lon="14.891739">
        <ele>2.054969</ele>
        <time>2026-03-26T23:29:29.739Z</time>
      </trkpt>
      <trkpt lat="44.567722" lon="14.892414">
        <ele>0.583521</ele>
        <time>2026-03-26T23:29:43.688Z</time>
      </trkpt>
      <trkpt lat="44.568093" lon="14.892933">
        <ele>0.589445</ele>
        <time>2026-03-26T23:29:54.542Z</time>
      </trkpt>
      <trkpt lat="44.568713" lon="14.893496">
        <ele>0.597795</ele>
        <time>2026-03-26T23:30:11.416Z</time>
      </trkpt>
      <trkpt lat="44.568862" lon="14.893566">
        <ele>0.599572</ele>
        <time>2026-03-26T23:30:15.045Z</time>
      </trkpt>
      <trkpt lat="44.569417" lon="14.893654">
        <ele>0.646103</ele>
        <time>2026-03-26T23:30:27.324Z</time>
      </trkpt>
      <trkpt lat="44.569805" lon="14.893667">
        <ele>0.690878</ele>
        <time>2026-03-26T23:30:35.008Z</time>
      </trkpt>
      <trkpt lat="44.570087" lon="14.893709">
        <ele>0.723594</ele>
        <time>2026-03-26T23:30:40.639Z</time>
      </trkpt>
      <trkpt lat="44.570310" lon="14.893689">
        <ele>0.749374</ele>
        <time>2026-03-26T23:30:45.141Z</time>
      </trkpt>
      <trkpt lat="44.570539" lon="14.893499">
        <ele>0.780063</ele>
        <time>2026-03-26T23:30:50.518Z</time>
      </trkpt>
      <trkpt lat="44.570666" lon="14.893467">
        <ele>0.794948</ele>
        <time>2026-03-26T23:30:53.165Z</time>
      </trkpt>
      <trkpt lat="44.571127" lon="14.893562">
        <ele>1.220817</ele>
        <time>2026-03-26T23:31:03.133Z</time>
      </trkpt>
      <trkpt lat="44.571452" lon="14.893481">
        <ele>1.616013</ele>
        <time>2026-03-26T23:31:10.711Z</time>
      </trkpt>
      <trkpt lat="44.571575" lon="14.893412">
        <ele>1.774599</ele>
        <time>2026-03-26T23:31:14.025Z</time>
      </trkpt>
      <trkpt lat="44.571719" lon="14.893434">
        <ele>1.948023</ele>
        <time>2026-03-26T23:31:17.923Z</time>
      </trkpt>
      <trkpt lat="44.572372" lon="14.893273">
        <ele>2.741802</ele>
        <time>2026-03-26T23:31:37.006Z</time>
      </trkpt>
      <trkpt lat="44.573326" lon="14.892848">
        <ele>4.711283</ele>
        <time>2026-03-26T23:32:08.518Z</time>
      </trkpt>
      <trkpt lat="44.573402" lon="14.892751">
        <ele>4.931263</ele>
        <time>2026-03-26T23:32:11.903Z</time>
      </trkpt>
      <trkpt lat="44.573381" lon="14.892707">
        <ele>5.012063</ele>
        <time>2026-03-26T23:32:13.141Z</time>
      </trkpt>
      <trkpt lat="44.573802" lon="14.892282">
        <ele>6.122618</ele>
        <time>2026-03-26T23:32:29.886Z</time>
      </trkpt>
      <trkpt lat="44.574101" lon="14.891889">
        <ele>6.835275</ele>
        <time>2026-03-26T23:32:42.266Z</time>
      </trkpt>
      <trkpt lat="44.574465" lon="14.891611">
        <ele>6.934702</ele>
        <time>2026-03-26T23:32:53.944Z</time>
      </trkpt>
      <trkpt lat="44.575194" lon="14.891285">
        <ele>7.118280</ele>
        <time>2026-03-26T23:33:10.681Z</time>
      </trkpt>
      <trkpt lat="44.575414" lon="14.891222">
        <ele>7.172154</ele>
        <time>2026-03-26T23:33:14.805Z</time>
      </trkpt>
      <trkpt lat="44.576147" lon="14.890721">
        <ele>6.356515</ele>
        <time>2026-03-26T23:33:28.624Z</time>
      </trkpt>
      <trkpt lat="44.576280" lon="14.890675">
        <ele>6.116254</ele>
        <time>2026-03-26T23:33:30.794Z</time>
      </trkpt>
      <trkpt lat="44.576486" lon="14.890603">
        <ele>5.743895</ele>
        <time>2026-03-26T23:33:34.200Z</time>
      </trkpt>
      <trkpt lat="44.577049" lon="14.890132">
        <ele>4.594334</ele>
        <time>2026-03-26T23:33:44.942Z</time>
      </trkpt>
      <trkpt lat="44.577049" lon="14.890132">
        <ele>4.594334</ele>
        <time>2026-03-26T23:33:44.955Z</time>
      </trkpt>
      <trkpt lat="44.577020" lon="14.889862">
        <ele>4.253180</ele>
        <time>2026-03-26T23:33:53.274Z</time>
      </trkpt>
      <trkpt lat="44.577020" lon="14.889862">
        <ele>4.253180</ele>
        <time>2026-03-26T23:33:53.280Z</time>
      </trkpt>
      <trkpt lat="44.577340" lon="14.889779">
        <ele>3.933992</ele>
        <time>2026-03-26T23:33:58.559Z</time>
      </trkpt>
      <trkpt lat="44.577620" lon="14.889646">
        <ele>3.734600</ele>
        <time>2026-03-26T23:34:03.479Z</time>
      </trkpt>
      <trkpt lat="44.578769" lon="14.888674">
        <ele>2.903850</ele>
        <time>2026-03-26T23:34:27.806Z</time>
      </trkpt>
      <trkpt lat="44.579326" lon="14.888247">
        <ele>3.133848</ele>
        <time>2026-03-26T23:34:40.764Z</time>
      </trkpt>
      <trkpt lat="44.580274" lon="14.887666">
        <ele>3.508724</ele>
        <time>2026-03-26T23:35:02.548Z</time>
      </trkpt>
      <trkpt lat="44.580332" lon="14.887630">
        <ele>3.536121</ele>
        <time>2026-03-26T23:35:03.930Z</time>
      </trkpt>
      <trkpt lat="44.581047" lon="14.887125">
        <ele>4.494627</ele>
        <time>2026-03-26T23:35:24.652Z</time>
      </trkpt>
      <trkpt lat="44.581273" lon="14.886966">
        <ele>4.797357</ele>
        <time>2026-03-26T23:35:31.491Z</time>
      </trkpt>
      <trkpt lat="44.582022" lon="14.886513">
        <ele>5.673693</ele>
        <time>2026-03-26T23:35:52.740Z</time>
      </trkpt>
      <trkpt lat="44.582556" lon="14.886201">
        <ele>5.596199</ele>
        <time>2026-03-26T23:36:06.432Z</time>
      </trkpt>
      <trkpt lat="44.582939" lon="14.885799">
        <ele>5.532130</ele>
        <time>2026-03-26T23:36:14.977Z</time>
      </trkpt>
      <trkpt lat="44.583487" lon="14.885174">
        <ele>5.413617</ele>
        <time>2026-03-26T23:36:26.781Z</time>
      </trkpt>
      <trkpt lat="44.583863" lon="14.884757">
        <ele>5.057796</ele>
        <time>2026-03-26T23:36:34.745Z</time>
      </trkpt>
      <trkpt lat="44.584224" lon="14.884334">
        <ele>4.708625</ele>
        <time>2026-03-26T23:36:42.551Z</time>
      </trkpt>
      <trkpt lat="44.584428" lon="14.884151">
        <ele>4.528853</ele>
        <time>2026-03-26T23:36:46.706Z</time>
      </trkpt>
      <trkpt lat="44.585373" lon="14.883391">
        <ele>4.356443</ele>
        <time>2026-03-26T23:37:07.404Z</time>
      </trkpt>
      <trkpt lat="44.585812" lon="14.883074">
        <ele>4.592626</ele>
        <time>2026-03-26T23:37:18.807Z</time>
      </trkpt>
      <trkpt lat="44.586242" lon="14.882854">
        <ele>4.811588</ele>
        <time>2026-03-26T23:37:29.587Z</time>
      </trkpt>
      <trkpt lat="44.587047" lon="14.882430">
        <ele>4.982642</ele>
        <time>2026-03-26T23:37:48.766Z</time>
      </trkpt>
      <trkpt lat="44.587422" lon="14.882199">
        <ele>4.994141</ele>
        <time>2026-03-26T23:37:56.233Z</time>
      </trkpt>
      <trkpt lat="44.588051" lon="14.881399">
        <ele>5.017972</ele>
        <time>2026-03-26T23:38:11.700Z</time>
      </trkpt>
      <trkpt lat="44.588554" lon="14.881014">
        <ele>5.023328</ele>
        <time>2026-03-26T23:38:22.863Z</time>
      </trkpt>
      <trkpt lat="44.589589" lon="14.880329">
        <ele>5.033764</ele>
        <time>2026-03-26T23:38:45.795Z</time>
      </trkpt>
      <trkpt lat="44.590411" lon="14.879490">
        <ele>4.998064</ele>
        <time>2026-03-26T23:39:04.010Z</time>
      </trkpt>
      <trkpt lat="44.590870" lon="14.879058">
        <ele>4.976321</ele>
        <time>2026-03-26T23:39:14.353Z</time>
      </trkpt>
      <trkpt lat="44.591227" lon="14.878846">
        <ele>5.026862</ele>
        <time>2026-03-26T23:39:23.100Z</time>
      </trkpt>
      <trkpt lat="44.592057" lon="14.878477">
        <ele>5.819497</ele>
        <time>2026-03-26T23:39:44.036Z</time>
      </trkpt>
      <trkpt lat="44.592303" lon="14.878327">
        <ele>6.063669</ele>
        <time>2026-03-26T23:39:51.070Z</time>
      </trkpt>
      <trkpt lat="44.592883" lon="14.877923">
        <ele>6.628768</ele>
        <time>2026-03-26T23:40:07.152Z</time>
      </trkpt>
      <trkpt lat="44.593509" lon="14.877501">
        <ele>6.963563</ele>
        <time>2026-03-26T23:40:21.892Z</time>
      </trkpt>
      <trkpt lat="44.593916" lon="14.877274">
        <ele>7.174705</ele>
        <time>2026-03-26T23:40:31.578Z</time>
      </trkpt>
      <trkpt lat="44.594060" lon="14.877205">
        <ele>7.248064</ele>
        <time>2026-03-26T23:40:35.036Z</time>
      </trkpt>
      <trkpt lat="44.595220" lon="14.876730">
        <ele>8.261327</ele>
        <time>2026-03-26T23:40:58.376Z</time>
      </trkpt>
      <trkpt lat="44.595572" lon="14.876558">
        <ele>8.654761</ele>
        <time>2026-03-26T23:41:07.159Z</time>
      </trkpt>
      <trkpt lat="44.595704" lon="14.876498">
        <ele>8.801222</ele>
        <time>2026-03-26T23:41:10.779Z</time>
      </trkpt>
      <trkpt lat="44.597015" lon="14.875729">
        <ele>10.884880</ele>
        <time>2026-03-26T23:41:55.513Z</time>
      </trkpt>
      <trkpt lat="44.597367" lon="14.875464">
        <ele>11.570104</ele>
        <time>2026-03-26T23:42:07.388Z</time>
      </trkpt>
      <trkpt lat="44.597687" lon="14.875281">
        <ele>12.162898</ele>
        <time>2026-03-26T23:42:15.829Z</time>
      </trkpt>
      <trkpt lat="44.598022" lon="14.875201">
        <ele>12.417488</ele>
        <time>2026-03-26T23:42:22.581Z</time>
      </trkpt>
      <trkpt lat="44.598819" lon="14.875197">
        <ele>12.250785</ele>
        <time>2026-03-26T23:42:36.361Z</time>
      </trkpt>
      <trkpt lat="44.599235" lon="14.875194">
        <ele>12.163773</ele>
        <time>2026-03-26T23:42:43.964Z</time>
      </trkpt>
      <trkpt lat="44.599575" lon="14.875114">
        <ele>12.091666</ele>
        <time>2026-03-26T23:42:50.516Z</time>
      </trkpt>
      <trkpt lat="44.600302" lon="14.874772">
        <ele>12.445637</ele>
        <time>2026-03-26T23:43:05.785Z</time>
      </trkpt>
      <trkpt lat="44.600479" lon="14.874726">
        <ele>12.540927</ele>
        <time>2026-03-26T23:43:09.944Z</time>
      </trkpt>
      <trkpt lat="44.600781" lon="14.874710">
        <ele>12.700912</ele>
        <time>2026-03-26T23:43:17.321Z</time>
      </trkpt>
      <trkpt lat="44.601512" lon="14.874791">
        <ele>12.957516</ele>
        <time>2026-03-26T23:43:34.555Z</time>
      </trkpt>
      <trkpt lat="44.601788" lon="14.874719">
        <ele>12.780048</ele>
        <time>2026-03-26T23:43:40.380Z</time>
      </trkpt>
      <trkpt lat="44.602148" lon="14.874531">
        <ele>12.537237</ele>
        <time>2026-03-26T23:43:48.885Z</time>
      </trkpt>
      <trkpt lat="44.602577" lon="14.874356">
        <ele>12.254821</ele>
        <time>2026-03-26T23:43:56.295Z</time>
      </trkpt>
      <trkpt lat="44.602869" lon="14.874338">
        <ele>12.070044</ele>
        <time>2026-03-26T23:44:00.472Z</time>
      </trkpt>
      <trkpt lat="44.603203" lon="14.874430">
        <ele>12.107146</ele>
        <time>2026-03-26T23:44:05.600Z</time>
      </trkpt>
      <trkpt lat="44.603435" lon="14.874391">
        <ele>12.961889</ele>
        <time>2026-03-26T23:44:09.584Z</time>
      </trkpt>
      <trkpt lat="44.603615" lon="14.874256">
        <ele>13.708351</ele>
        <time>2026-03-26T23:44:14.092Z</time>
      </trkpt>
      <trkpt lat="44.603676" lon="14.874170">
        <ele>14.024523</ele>
        <time>2026-03-26T23:44:16.258Z</time>
      </trkpt>
      <trkpt lat="44.603781" lon="14.874166">
        <ele>14.408768</ele>
        <time>2026-03-26T23:44:20.771Z</time>
      </trkpt>
      <trkpt lat="44.603873" lon="14.874075">
        <ele>14.820397</ele>
        <time>2026-03-26T23:44:25.896Z</time>
      </trkpt>
      <trkpt lat="44.604007" lon="14.873792">
        <ele>15.705590</ele>
        <time>2026-03-26T23:44:37.718Z</time>
      </trkpt>
      <trkpt lat="44.604072" lon="14.873765">
        <ele>15.953549</ele>
        <time>2026-03-26T23:44:41.269Z</time>
      </trkpt>
      <trkpt lat="44.604130" lon="14.873831">
        <ele>16.226616</ele>
        <time>2026-03-26T23:44:45.126Z</time>
      </trkpt>
      <trkpt lat="44.604316" lon="14.874180">
        <ele>17.362038</ele>
        <time>2026-03-26T23:45:03.638Z</time>
      </trkpt>
      <trkpt lat="44.604604" lon="14.874724">
        <ele>20.280319</ele>
        <time>2026-03-26T23:45:42.564Z</time>
      </trkpt>
      <trkpt lat="44.604560" lon="14.874824">
        <ele>21.124522</ele>
        <time>2026-03-26T23:45:49.817Z</time>
      </trkpt>
      <trkpt lat="44.604751" lon="14.876124">
        <ele>30.656927</ele>
        <time>2026-03-26T23:47:11.576Z</time>
      </trkpt>
      <trkpt lat="44.604771" lon="14.876562">
        <ele>33.808795</ele>
        <time>2026-03-26T23:47:37.240Z</time>
      </trkpt>
      <trkpt lat="44.604755" lon="14.876687">
        <ele>34.720848</ele>
        <time>2026-03-26T23:47:44.716Z</time>
      </trkpt>
      <trkpt lat="44.604629" lon="14.876947">
        <ele>36.961091</ele>
        <time>2026-03-26T23:48:03.104Z</time>
      </trkpt>
      <trkpt lat="44.604595" lon="14.877147">
        <ele>38.363487</ele>
        <time>2026-03-26T23:48:15.092Z</time>
      </trkpt>
      <trkpt lat="44.604671" lon="14.877447">
        <ele>40.535227</ele>
        <time>2026-03-26T23:48:33.532Z</time>
      </trkpt>
      <trkpt lat="44.604968" lon="14.878141">
        <ele>46.057730</ele>
        <time>2026-03-26T23:49:19.975Z</time>
      </trkpt>
      <trkpt lat="44.605200" lon="14.879254">
        <ele>53.928765</ele>
        <time>2026-03-26T23:50:25.325Z</time>
      </trkpt>
      <trkpt lat="44.605232" lon="14.879600">
        <ele>55.566787</ele>
        <time>2026-03-26T23:50:44.578Z</time>
      </trkpt>
      <trkpt lat="44.605215" lon="14.879732">
        <ele>56.196547</ele>
        <time>2026-03-26T23:50:51.880Z</time>
      </trkpt>
      <trkpt lat="44.605181" lon="14.879828">
        <ele>56.699925</ele>
        <time>2026-03-26T23:50:57.719Z</time>
      </trkpt>
      <trkpt lat="44.605076" lon="14.879978">
        <ele>57.687495</ele>
        <time>2026-03-26T23:51:08.869Z</time>
      </trkpt>
      <trkpt lat="44.604784" lon="14.880255">
        <ele>60.010978</ele>
        <time>2026-03-26T23:51:33.653Z</time>
      </trkpt>
      <trkpt lat="44.604419" lon="14.880799">
        <ele>63.520327</ele>
        <time>2026-03-26T23:52:06.708Z</time>
      </trkpt>
      <trkpt lat="44.604309" lon="14.880904">
        <ele>64.397328</ele>
        <time>2026-03-26T23:52:13.914Z</time>
      </trkpt>
      <trkpt lat="44.603741" lon="14.881184">
        <ele>66.268010</ele>
        <time>2026-03-26T23:52:41.172Z</time>
      </trkpt>
      <trkpt lat="44.603419" lon="14.881574">
        <ele>66.861789</ele>
        <time>2026-03-26T23:52:56.219Z</time>
      </trkpt>
      <trkpt lat="44.602931" lon="14.882002">
        <ele>67.665240</ele>
        <time>2026-03-26T23:53:14.784Z</time>
      </trkpt>
      <trkpt lat="44.602805" lon="14.882209">
        <ele>67.936023</ele>
        <time>2026-03-26T23:53:21.254Z</time>
      </trkpt>
      <trkpt lat="44.602746" lon="14.882390">
        <ele>68.133955</ele>
        <time>2026-03-26T23:53:26.199Z</time>
      </trkpt>
      <trkpt lat="44.602700" lon="14.882580">
        <ele>68.515175</ele>
        <time>2026-03-26T23:53:31.444Z</time>
      </trkpt>
      <trkpt lat="44.602664" lon="14.883025">
        <ele>69.648613</ele>
        <time>2026-03-26T23:53:44.231Z</time>
      </trkpt>
      <trkpt lat="44.602544" lon="14.883477">
        <ele>70.869457</ele>
        <time>2026-03-26T23:53:59.883Z</time>
      </trkpt>
      <trkpt lat="44.602590" lon="14.884096">
        <ele>72.444515</ele>
        <time>2026-03-26T23:54:23.094Z</time>
      </trkpt>
      <trkpt lat="44.602606" lon="14.884766">
        <ele>74.141085</ele>
        <time>2026-03-26T23:54:50.951Z</time>
      </trkpt>
      <trkpt lat="44.602674" lon="14.885005">
        <ele>74.849885</ele>
        <time>2026-03-26T23:55:01.955Z</time>
      </trkpt>
      <trkpt lat="44.602780" lon="14.885257">
        <ele>75.822775</ele>
        <time>2026-03-26T23:55:14.526Z</time>
      </trkpt>
      <trkpt lat="44.602997" lon="14.885411">
        <ele>76.957819</ele>
        <time>2026-03-26T23:55:29.060Z</time>
      </trkpt>
      <trkpt lat="44.603296" lon="14.885536">
        <ele>78.414225</ele>
        <time>2026-03-26T23:55:47.125Z</time>
      </trkpt>
      <trkpt lat="44.603519" lon="14.885729">
        <ele>79.637081</ele>
        <time>2026-03-26T23:56:01.748Z</time>
      </trkpt>
      <trkpt lat="44.603671" lon="14.885937">
        <ele>80.627808</ele>
        <time>2026-03-26T23:56:13.173Z</time>
      </trkpt>
      <trkpt lat="44.603785" lon="14.886206">
        <ele>81.668338</ele>
        <time>2026-03-26T23:56:24.662Z</time>
      </trkpt>
      <trkpt lat="44.603800" lon="14.886389">
        <ele>82.280625</ele>
        <time>2026-03-26T23:56:31.224Z</time>
      </trkpt>
      <trkpt lat="44.603787" lon="14.886512">
        <ele>82.693942</ele>
        <time>2026-03-26T23:56:35.624Z</time>
      </trkpt>
      <trkpt lat="44.603590" lon="14.887620">
        <ele>85.814286</ele>
        <time>2026-03-26T23:57:14.918Z</time>
      </trkpt>
      <trkpt lat="44.603561" lon="14.887984">
        <ele>86.795630</ele>
        <time>2026-03-26T23:57:28.045Z</time>
      </trkpt>
      <trkpt lat="44.603569" lon="14.888333">
        <ele>87.731182</ele>
        <time>2026-03-26T23:57:41.202Z</time>
      </trkpt>
      <trkpt lat="44.603670" lon="14.889079">
        <ele>89.765739</ele>
        <time>2026-03-26T23:58:10.020Z</time>
      </trkpt>
      <trkpt lat="44.603754" lon="14.889565">
        <ele>90.922121</ele>
        <time>2026-03-26T23:58:28.404Z</time>
      </trkpt>
      <trkpt lat="44.603819" lon="14.889772">
        <ele>91.444680</ele>
        <time>2026-03-26T23:58:36.310Z</time>
      </trkpt>
      <trkpt lat="44.603833" lon="14.889876">
        <ele>91.689152</ele>
        <time>2026-03-26T23:58:39.831Z</time>
      </trkpt>
      <trkpt lat="44.603812" lon="14.889964">
        <ele>91.903525</ele>
        <time>2026-03-26T23:58:43.032Z</time>
      </trkpt>
      <trkpt lat="44.604504" lon="14.890516">
        <ele>94.485268</ele>
        <time>2026-03-26T23:59:18.237Z</time>
      </trkpt>
      <trkpt lat="44.604768" lon="14.890675">
        <ele>95.417142</ele>
        <time>2026-03-26T23:59:31.082Z</time>
      </trkpt>
      <trkpt lat="44.604967" lon="14.890733">
        <ele>96.303480</ele>
        <time>2026-03-26T23:59:40.858Z</time>
      </trkpt>
      <trkpt lat="44.605185" lon="14.890620">
        <ele>97.423952</ele>
        <time>2026-03-26T23:59:53.240Z</time>
      </trkpt>
      <trkpt lat="44.605249" lon="14.890632">
        <ele>97.735292</ele>
        <time>2026-03-26T23:59:56.939Z</time>
      </trkpt>
      <trkpt lat="44.605285" lon="14.890715">
        <ele>98.068944</ele>
        <time>2026-03-27T00:00:00.854Z</time>
      </trkpt>
      <trkpt lat="44.605139" lon="14.891079">
        <ele>99.503221</ele>
        <time>2026-03-27T00:00:18.673Z</time>
      </trkpt>
      <trkpt lat="44.604770" lon="14.891701">
        <ele>102.282705</ele>
        <time>2026-03-27T00:00:55.188Z</time>
      </trkpt>
      <trkpt lat="44.604716" lon="14.891870">
        <ele>102.918640</ele>
        <time>2026-03-27T00:01:03.511Z</time>
      </trkpt>
      <trkpt lat="44.604698" lon="14.892216">
        <ele>104.109639</ele>
        <time>2026-03-27T00:01:18.196Z</time>
      </trkpt>
      <trkpt lat="44.604853" lon="14.892875">
        <ele>103.045808</ele>
        <time>2026-03-27T00:01:42.442Z</time>
      </trkpt>
      <trkpt lat="44.604879" lon="14.893304">
        <ele>102.218482</ele>
        <time>2026-03-27T00:01:52.450Z</time>
      </trkpt>
      <trkpt lat="44.604733" lon="14.894499">
        <ele>99.888665</ele>
        <time>2026-03-27T00:02:12.899Z</time>
      </trkpt>
      <trkpt lat="44.604609" lon="14.894866">
        <ele>98.351887</ele>
        <time>2026-03-27T00:02:19.163Z</time>
      </trkpt>
      <trkpt lat="44.604419" lon="14.895737">
        <ele>92.466442</ele>
        <time>2026-03-27T00:02:32.958Z</time>
      </trkpt>
      <trkpt lat="44.604312" lon="14.895948">
        <ele>90.792799</ele>
        <time>2026-03-27T00:02:36.868Z</time>
      </trkpt>
      <trkpt lat="44.604070" lon="14.896206">
        <ele>88.035843</ele>
        <time>2026-03-27T00:02:43.332Z</time>
      </trkpt>
      <trkpt lat="44.603874" lon="14.896328">
        <ele>86.090441</ele>
        <time>2026-03-27T00:02:47.980Z</time>
      </trkpt>
      <trkpt lat="44.603838" lon="14.896342">
        <ele>85.751474</ele>
        <time>2026-03-27T00:02:48.793Z</time>
      </trkpt>
      <trkpt lat="44.603531" lon="14.896463">
        <ele>82.941242</ele>
        <time>2026-03-27T00:02:55.921Z</time>
      </trkpt>
      <trkpt lat="44.603263" lon="14.896806">
        <ele>80.752041</ele>
        <time>2026-03-27T00:03:04.459Z</time>
      </trkpt>
      <trkpt lat="44.603191" lon="14.897152">
        <ele>79.202400</ele>
        <time>2026-03-27T00:03:10.743Z</time>
      </trkpt>
      <trkpt lat="44.603125" lon="14.897293">
        <ele>78.476995</ele>
        <time>2026-03-27T00:03:13.701Z</time>
      </trkpt>
      <trkpt lat="44.603019" lon="14.897364">
        <ele>77.767926</ele>
        <time>2026-03-27T00:03:16.630Z</time>
      </trkpt>
      <trkpt lat="44.602689" lon="14.897349">
        <ele>75.774384</ele>
        <time>2026-03-27T00:03:24.663Z</time>
      </trkpt>
      <trkpt lat="44.602360" lon="14.897403">
        <ele>73.774405</ele>
        <time>2026-03-27T00:03:32.553Z</time>
      </trkpt>
      <trkpt lat="44.602298" lon="14.897498">
        <ele>73.220395</ele>
        <time>2026-03-27T00:03:34.697Z</time>
      </trkpt>
      <trkpt lat="44.602366" lon="14.897990">
        <ele>70.109433</ele>
        <time>2026-03-27T00:03:42.871Z</time>
      </trkpt>
      <trkpt lat="44.602416" lon="14.899222">
        <ele>60.508057</ele>
        <time>2026-03-27T00:04:01.625Z</time>
      </trkpt>
      <trkpt lat="44.602375" lon="14.899714">
        <ele>56.653825</ele>
        <time>2026-03-27T00:04:08.853Z</time>
      </trkpt>
      <trkpt lat="44.602239" lon="14.900218">
        <ele>52.450166</ele>
        <time>2026-03-27T00:04:16.686Z</time>
      </trkpt>
      <trkpt lat="44.602174" lon="14.900884">
        <ele>46.820451</ele>
        <time>2026-03-27T00:04:26.474Z</time>
      </trkpt>
      <trkpt lat="44.602166" lon="14.901276">
        <ele>43.536213</ele>
        <time>2026-03-27T00:04:32.231Z</time>
      </trkpt>
      <trkpt lat="44.602096" lon="14.901820">
        <ele>38.906560</ele>
        <time>2026-03-27T00:04:40.387Z</time>
      </trkpt>
      <trkpt lat="44.602096" lon="14.902377">
        <ele>34.241836</ele>
        <time>2026-03-27T00:04:48.772Z</time>
      </trkpt>
      <trkpt lat="44.602016" lon="14.903520">
        <ele>28.222598</ele>
        <time>2026-03-27T00:05:07.004Z</time>
      </trkpt>
      <trkpt lat="44.602048" lon="14.904173">
        <ele>25.637405</ele>
        <time>2026-03-27T00:05:18.332Z</time>
      </trkpt>
      <trkpt lat="44.601923" lon="14.904439">
        <ele>24.378615</ele>
        <time>2026-03-27T00:05:24.073Z</time>
      </trkpt>
      <trkpt lat="44.601963" lon="14.904803">
        <ele>22.923934</ele>
        <time>2026-03-27T00:05:30.779Z</time>
      </trkpt>
      <trkpt lat="44.602144" lon="14.905333">
        <ele>20.713126</ele>
        <time>2026-03-27T00:05:41.541Z</time>
      </trkpt>
      <trkpt lat="44.602124" lon="14.905520">
        <ele>20.063032</ele>
        <time>2026-03-27T00:05:44.930Z</time>
      </trkpt>
      <trkpt lat="44.601987" lon="14.905747">
        <ele>19.039997</ele>
        <time>2026-03-27T00:05:50.185Z</time>
      </trkpt>
      <trkpt lat="44.601967" lon="14.905898">
        <ele>18.511972</ele>
        <time>2026-03-27T00:05:52.858Z</time>
      </trkpt>
      <trkpt lat="44.601950" lon="14.906035">
        <ele>18.033883</ele>
        <time>2026-03-27T00:05:55.253Z</time>
      </trkpt>
      <trkpt lat="44.602063" lon="14.907368">
        <ele>13.418829</ele>
        <time>2026-03-27T00:06:17.759Z</time>
      </trkpt>
      <trkpt lat="44.602185" lon="14.907818">
        <ele>12.038727</ele>
        <time>2026-03-27T00:06:25.943Z</time>
      </trkpt>
      <trkpt lat="44.602066" lon="14.908219">
        <ele>10.952481</ele>
        <time>2026-03-27T00:06:33.578Z</time>
      </trkpt>
      <trkpt lat="44.602033" lon="14.909547">
        <ele>7.629982</ele>
        <time>2026-03-27T00:06:58.436Z</time>
      </trkpt>
      <trkpt lat="44.602012" lon="14.910398">
        <ele>5.815613</ele>
        <time>2026-03-27T00:07:14.330Z</time>
      </trkpt>
      <trkpt lat="44.602174" lon="14.911487">
        <ele>3.949962</ele>
        <time>2026-03-27T00:07:35.020Z</time>
      </trkpt>
      <trkpt lat="44.602283" lon="14.911974">
        <ele>3.093879</ele>
        <time>2026-03-27T00:07:44.707Z</time>
      </trkpt>
      <trkpt lat="44.602210" lon="14.912124">
        <ele>2.789188</ele>
        <time>2026-03-27T00:07:48.222Z</time>
      </trkpt>
      <trkpt lat="44.602098" lon="14.911988">
        <ele>2.440474</ele>
        <time>2026-03-27T00:07:52.322Z</time>
      </trkpt>
      <trkpt lat="44.601842" lon="14.911412">
        <ele>2.869686</ele>
        <time>2026-03-27T00:08:06.763Z</time>
      </trkpt>
      <trkpt lat="44.601688" lon="14.911312">
        <ele>3.152242</ele>
        <time>2026-03-27T00:08:12.486Z</time>
      </trkpt>
      <trkpt lat="44.601315" lon="14.911269">
        <ele>3.775522</ele>
        <time>2026-03-27T00:08:26.846Z</time>
      </trkpt>
      <trkpt lat="44.600929" lon="14.911307">
        <ele>4.419942</ele>
        <time>2026-03-27T00:08:43.725Z</time>
      </trkpt>
      <trkpt lat="44.600761" lon="14.911398">
        <ele>4.719815</ele>
        <time>2026-03-27T00:08:52.338Z</time>
      </trkpt>
      <trkpt lat="44.600702" lon="14.911534">
        <ele>4.908658</ele>
        <time>2026-03-27T00:08:58.039Z</time>
      </trkpt>
      <trkpt lat="44.600408" lon="14.912551">
        <ele>8.284013</ele>
        <time>2026-03-27T00:09:42.097Z</time>
      </trkpt>
      <trkpt lat="44.600278" lon="14.913241">
        <ele>10.895237</ele>
        <time>2026-03-27T00:10:12.798Z</time>
      </trkpt>
      <trkpt lat="44.600296" lon="14.913861">
        <ele>13.165377</ele>
        <time>2026-03-27T00:10:39.183Z</time>
      </trkpt>
      <trkpt lat="44.600449" lon="14.915081">
        <ele>17.059175</ele>
        <time>2026-03-27T00:11:30.061Z</time>
      </trkpt>
      <trkpt lat="44.600411" lon="14.915329">
        <ele>17.804428</ele>
        <time>2026-03-27T00:11:39.580Z</time>
      </trkpt>
      <trkpt lat="44.600352" lon="14.915366">
        <ele>18.071028</ele>
        <time>2026-03-27T00:11:42.825Z</time>
      </trkpt>
      <trkpt lat="44.600157" lon="14.915114">
        <ele>19.164380</ele>
        <time>2026-03-27T00:11:55.884Z</time>
      </trkpt>
      <trkpt lat="44.599771" lon="14.914841">
        <ele>20.947561</ele>
        <time>2026-03-27T00:12:16.014Z</time>
      </trkpt>
      <trkpt lat="44.599354" lon="14.914606">
        <ele>23.563173</ele>
        <time>2026-03-27T00:12:36.936Z</time>
      </trkpt>
      <trkpt lat="44.599092" lon="14.914618">
        <ele>25.537503</ele>
        <time>2026-03-27T00:12:50.872Z</time>
      </trkpt>
      <trkpt lat="44.598653" lon="14.914438">
        <ele>28.981909</ele>
        <time>2026-03-27T00:13:18.760Z</time>
      </trkpt>
      <trkpt lat="44.598600" lon="14.914417">
        <ele>29.396666</ele>
        <time>2026-03-27T00:13:22.423Z</time>
      </trkpt>
      <trkpt lat="44.598286" lon="14.914406">
        <ele>31.762326</ele>
        <time>2026-03-27T00:13:45.749Z</time>
      </trkpt>
      <trkpt lat="44.597985" lon="14.914385">
        <ele>34.032136</ele>
        <time>2026-03-27T00:14:11.473Z</time>
      </trkpt>
      <trkpt lat="44.597733" lon="14.914291">
        <ele>36.496611</ele>
        <time>2026-03-27T00:14:36.231Z</time>
      </trkpt>
      <trkpt lat="44.597478" lon="14.914285">
        <ele>40.102875</ele>
        <time>2026-03-27T00:15:02.648Z</time>
      </trkpt>
      <trkpt lat="44.597262" lon="14.914380">
        <ele>43.303442</ele>
        <time>2026-03-27T00:15:27.216Z</time>
      </trkpt>
      <trkpt lat="44.597001" lon="14.914383">
        <ele>46.994165</ele>
        <time>2026-03-27T00:15:55.731Z</time>
      </trkpt>
      <trkpt lat="44.596875" lon="14.914488">
        <ele>49.065893</ele>
        <time>2026-03-27T00:16:11.583Z</time>
      </trkpt>
      <trkpt lat="44.596760" lon="14.914473">
        <ele>50.699018</ele>
        <time>2026-03-27T00:16:23.964Z</time>
      </trkpt>
      <trkpt lat="44.596529" lon="14.914190">
        <ele>55.033623</ele>
        <time>2026-03-27T00:16:56.677Z</time>
      </trkpt>
      <trkpt lat="44.596343" lon="14.914146">
        <ele>57.700758</ele>
        <time>2026-03-27T00:17:16.530Z</time>
      </trkpt>
      <trkpt lat="44.596058" lon="14.914140">
        <ele>61.697796</ele>
        <time>2026-03-27T00:17:45.983Z</time>
      </trkpt>
      <trkpt lat="44.595595" lon="14.913739">
        <ele>69.095441</ele>
        <time>2026-03-27T00:18:40.923Z</time>
      </trkpt>
      <trkpt lat="44.595331" lon="14.913370">
        <ele>74.160864</ele>
        <time>2026-03-27T00:19:18.486Z</time>
      </trkpt>
      <trkpt lat="44.595086" lon="14.913109">
        <ele>78.342897</ele>
        <time>2026-03-27T00:19:49.746Z</time>
      </trkpt>
      <trkpt lat="44.594930" lon="14.913024">
        <ele>80.618487</ele>
        <time>2026-03-27T00:20:06.821Z</time>
      </trkpt>
      <trkpt lat="44.594872" lon="14.912869">
        <ele>82.314123</ele>
        <time>2026-03-27T00:20:19.601Z</time>
      </trkpt>
      <trkpt lat="44.594510" lon="14.912425">
        <ele>87.633565</ele>
        <time>2026-03-27T00:21:06.894Z</time>
      </trkpt>
      <trkpt lat="44.594408" lon="14.912196">
        <ele>89.348010</ele>
        <time>2026-03-27T00:21:24.537Z</time>
      </trkpt>
      <trkpt lat="44.594267" lon="14.911566">
        <ele>93.539639</ele>
        <time>2026-03-27T00:22:03.428Z</time>
      </trkpt>
      <trkpt lat="44.594081" lon="14.911072">
        <ele>97.086521</ele>
        <time>2026-03-27T00:22:31.385Z</time>
      </trkpt>
      <trkpt lat="44.594025" lon="14.910526">
        <ele>100.587905</ele>
        <time>2026-03-27T00:22:55.253Z</time>
      </trkpt>
      <trkpt lat="44.594049" lon="14.909996">
        <ele>102.590260</ele>
        <time>2026-03-27T00:23:15.270Z</time>
      </trkpt>
      <trkpt lat="44.593450" lon="14.909244">
        <ele>105.993516</ele>
        <time>2026-03-27T00:23:55.363Z</time>
      </trkpt>
      <trkpt lat="44.593091" lon="14.908566">
        <ele>108.541939</ele>
        <time>2026-03-27T00:24:27.212Z</time>
      </trkpt>
      <trkpt lat="44.592862" lon="14.907980">
        <ele>110.506963</ele>
        <time>2026-03-27T00:24:52.798Z</time>
      </trkpt>
      <trkpt lat="44.592832" lon="14.907785">
        <ele>111.089324</ele>
        <time>2026-03-27T00:25:00.360Z</time>
      </trkpt>
      <trkpt lat="44.592733" lon="14.907578">
        <ele>111.817213</ele>
        <time>2026-03-27T00:25:09.697Z</time>
      </trkpt>
      <trkpt lat="44.592661" lon="14.907470">
        <ele>112.249073</ele>
        <time>2026-03-27T00:25:15.115Z</time>
      </trkpt>
      <trkpt lat="44.592523" lon="14.907361">
        <ele>112.898112</ele>
        <time>2026-03-27T00:25:23.180Z</time>
      </trkpt>
      <trkpt lat="44.592305" lon="14.906907">
        <ele>114.496541</ele>
        <time>2026-03-27T00:25:42.495Z</time>
      </trkpt>
      <trkpt lat="44.592061" lon="14.906616">
        <ele>115.808803</ele>
        <time>2026-03-27T00:25:58.684Z</time>
      </trkpt>
      <trkpt lat="44.591858" lon="14.906156">
        <ele>117.988929</ele>
        <time>2026-03-27T00:26:19.542Z</time>
      </trkpt>
      <trkpt lat="44.591743" lon="14.906047">
        <ele>118.884156</ele>
        <time>2026-03-27T00:26:27.429Z</time>
      </trkpt>
      <trkpt lat="44.591627" lon="14.905856">
        <ele>120.037597</ele>
        <time>2026-03-27T00:26:37.900Z</time>
      </trkpt>
      <trkpt lat="44.591530" lon="14.905744">
        <ele>120.847882</ele>
        <time>2026-03-27T00:26:45.434Z</time>
      </trkpt>
      <trkpt lat="44.591151" lon="14.905099">
        <ele>124.690243</ele>
        <time>2026-03-27T00:27:23.942Z</time>
      </trkpt>
      <trkpt lat="44.590963" lon="14.904672">
        <ele>126.996980</ele>
        <time>2026-03-27T00:27:49.663Z</time>
      </trkpt>
      <trkpt lat="44.590787" lon="14.904414">
        <ele>128.878622</ele>
        <time>2026-03-27T00:28:09.124Z</time>
      </trkpt>
      <trkpt lat="44.590662" lon="14.904250">
        <ele>130.366050</ele>
        <time>2026-03-27T00:28:22.446Z</time>
      </trkpt>
      <trkpt lat="44.590343" lon="14.903920">
        <ele>133.811102</ele>
        <time>2026-03-27T00:28:53.756Z</time>
      </trkpt>
      <trkpt lat="44.589794" lon="14.903228">
        <ele>140.225614</ele>
        <time>2026-03-27T00:29:51.902Z</time>
      </trkpt>
      <trkpt lat="44.589633" lon="14.902766">
        <ele>143.410476</ele>
        <time>2026-03-27T00:30:19.291Z</time>
      </trkpt>
      <trkpt lat="44.589560" lon="14.902629">
        <ele>143.985042</ele>
        <time>2026-03-27T00:30:27.946Z</time>
      </trkpt>
      <trkpt lat="44.589202" lon="14.902167">
        <ele>145.890935</ele>
        <time>2026-03-27T00:30:58.914Z</time>
      </trkpt>
      <trkpt lat="44.589001" lon="14.901992">
        <ele>146.817968</ele>
        <time>2026-03-27T00:31:11.850Z</time>
      </trkpt>
      <trkpt lat="44.588705" lon="14.901617">
        <ele>148.380661</ele>
        <time>2026-03-27T00:31:30.801Z</time>
      </trkpt>
      <trkpt lat="44.588420" lon="14.901314">
        <ele>149.781883</ele>
        <time>2026-03-27T00:31:44.995Z</time>
      </trkpt>
      <trkpt lat="44.588315" lon="14.901335">
        <ele>150.197612</ele>
        <time>2026-03-27T00:31:48.810Z</time>
      </trkpt>
      <trkpt lat="44.588054" lon="14.901298">
        <ele>150.555053</ele>
        <time>2026-03-27T00:31:57.380Z</time>
      </trkpt>
      <trkpt lat="44.587923" lon="14.901340">
        <ele>150.481506</ele>
        <time>2026-03-27T00:32:01.536Z</time>
      </trkpt>
      <trkpt lat="44.587696" lon="14.901481">
        <ele>150.345646</ele>
        <time>2026-03-27T00:32:09.027Z</time>
      </trkpt>
      <trkpt lat="44.586832" lon="14.902300">
        <ele>149.775068</ele>
        <time>2026-03-27T00:32:39.542Z</time>
      </trkpt>
      <trkpt lat="44.586272" lon="14.902912">
        <ele>149.527463</ele>
        <time>2026-03-27T00:33:00.510Z</time>
      </trkpt>
      <trkpt lat="44.585955" lon="14.903196">
        <ele>149.430545</ele>
        <time>2026-03-27T00:33:11.910Z</time>
      </trkpt>
      <trkpt lat="44.585344" lon="14.903877">
        <ele>149.229483</ele>
        <time>2026-03-27T00:33:36.662Z</time>
      </trkpt>
      <trkpt lat="44.584673" lon="14.904537">
        <ele>149.548351</ele>
        <time>2026-03-27T00:34:05.343Z</time>
      </trkpt>
      <trkpt lat="44.583902" lon="14.905356">
        <ele>150.072115</ele>
        <time>2026-03-27T00:34:38.820Z</time>
      </trkpt>
      <trkpt lat="44.583556" lon="14.905659">
        <ele>150.360841</ele>
        <time>2026-03-27T00:34:52.720Z</time>
      </trkpt>
      <trkpt lat="44.583060" lon="14.906164">
        <ele>150.866676</ele>
        <time>2026-03-27T00:35:13.567Z</time>
      </trkpt>
      <trkpt lat="44.582470" lon="14.906789">
        <ele>151.476874</ele>
        <time>2026-03-27T00:35:40.117Z</time>
      </trkpt>
      <trkpt lat="44.581289" lon="14.908289">
        <ele>153.721951</ele>
        <time>2026-03-27T00:36:43.960Z</time>
      </trkpt>
      <trkpt lat="44.580568" lon="14.909126">
        <ele>154.792457</ele>
        <time>2026-03-27T00:37:19.998Z</time>
      </trkpt>
      <trkpt lat="44.580430" lon="14.909301">
        <ele>154.953080</ele>
        <time>2026-03-27T00:37:26.871Z</time>
      </trkpt>
      <trkpt lat="44.579677" lon="14.910256">
        <ele>155.829569</ele>
        <time>2026-03-27T00:38:02.406Z</time>
      </trkpt>
      <trkpt lat="44.579402" lon="14.910554">
        <ele>155.785439</ele>
        <time>2026-03-27T00:38:14.096Z</time>
      </trkpt>
      <trkpt lat="44.578885" lon="14.911029">
        <ele>155.534131</ele>
        <time>2026-03-27T00:38:34.155Z</time>
      </trkpt>
      <trkpt lat="44.578720" lon="14.911350">
        <ele>155.419447</ele>
        <time>2026-03-27T00:38:42.988Z</time>
      </trkpt>
      <trkpt lat="44.578695" lon="14.911454">
        <ele>155.387648</ele>
        <time>2026-03-27T00:38:45.409Z</time>
      </trkpt>
      <trkpt lat="44.578684" lon="14.911598">
        <ele>155.345690</ele>
        <time>2026-03-27T00:38:48.583Z</time>
      </trkpt>
      <trkpt lat="44.578717" lon="14.911755">
        <ele>155.298266</ele>
        <time>2026-03-27T00:38:52.136Z</time>
      </trkpt>
      <trkpt lat="44.578904" lon="14.912007">
        <ele>155.192838</ele>
        <time>2026-03-27T00:38:59.654Z</time>
      </trkpt>
      <trkpt lat="44.578921" lon="14.912486">
        <ele>154.239204</ele>
        <time>2026-03-27T00:39:08.957Z</time>
      </trkpt>
      <trkpt lat="44.578950" lon="14.912656">
        <ele>153.814034</ele>
        <time>2026-03-27T00:39:12.226Z</time>
      </trkpt>
      <trkpt lat="44.579059" lon="14.912902">
        <ele>153.109388</ele>
        <time>2026-03-27T00:39:17.484Z</time>
      </trkpt>
      <trkpt lat="44.579060" lon="14.913164">
        <ele>152.472138</ele>
        <time>2026-03-27T00:39:22.130Z</time>
      </trkpt>
      <trkpt lat="44.579032" lon="14.913253">
        <ele>152.235496</ele>
        <time>2026-03-27T00:39:23.833Z</time>
      </trkpt>
      <trkpt lat="44.579005" lon="14.913310">
        <ele>152.069002</ele>
        <time>2026-03-27T00:39:25.048Z</time>
      </trkpt>
      <trkpt lat="44.578180" lon="14.914119">
        <ele>148.819454</ele>
        <time>2026-03-27T00:39:49.725Z</time>
      </trkpt>
      <trkpt lat="44.577984" lon="14.914355">
        <ele>148.360367</ele>
        <time>2026-03-27T00:39:56.404Z</time>
      </trkpt>
      <trkpt lat="44.577483" lon="14.914753">
        <ele>147.336902</ele>
        <time>2026-03-27T00:40:12.573Z</time>
      </trkpt>
      <trkpt lat="44.577324" lon="14.914893">
        <ele>147.003210</ele>
        <time>2026-03-27T00:40:18.223Z</time>
      </trkpt>
      <trkpt lat="44.576957" lon="14.915196">
        <ele>146.246237</ele>
        <time>2026-03-27T00:40:31.525Z</time>
      </trkpt>
      <trkpt lat="44.576861" lon="14.915338">
        <ele>145.998300</ele>
        <time>2026-03-27T00:40:35.819Z</time>
      </trkpt>
      <trkpt lat="44.576505" lon="14.915683">
        <ele>144.812996</ele>
        <time>2026-03-27T00:40:48.490Z</time>
      </trkpt>
      <trkpt lat="44.576220" lon="14.916128">
        <ele>143.525176</ele>
        <time>2026-03-27T00:40:59.912Z</time>
      </trkpt>
      <trkpt lat="44.575715" lon="14.916356">
        <ele>141.922524</ele>
        <time>2026-03-27T00:41:13.135Z</time>
      </trkpt>
      <trkpt lat="44.575407" lon="14.916424">
        <ele>140.980565</ele>
        <time>2026-03-27T00:41:20.722Z</time>
      </trkpt>
      <trkpt lat="44.574925" lon="14.916458">
        <ele>139.843050</ele>
        <time>2026-03-27T00:41:32.574Z</time>
      </trkpt>
      <trkpt lat="44.574706" lon="14.916583">
        <ele>139.392605</ele>
        <time>2026-03-27T00:41:38.508Z</time>
      </trkpt>
      <trkpt lat="44.574370" lon="14.916822">
        <ele>138.674914</ele>
        <time>2026-03-27T00:41:48.354Z</time>
      </trkpt>
      <trkpt lat="44.574249" lon="14.916958">
        <ele>138.379575</ele>
        <time>2026-03-27T00:41:52.622Z</time>
      </trkpt>
      <trkpt lat="44.573995" lon="14.917358">
        <ele>137.652274</ele>
        <time>2026-03-27T00:42:03.946Z</time>
      </trkpt>
      <trkpt lat="44.573839" lon="14.917512">
        <ele>137.288903</ele>
        <time>2026-03-27T00:42:10.419Z</time>
      </trkpt>
      <trkpt lat="44.573477" lon="14.917716">
        <ele>137.183328</ele>
        <time>2026-03-27T00:42:25.045Z</time>
      </trkpt>
      <trkpt lat="44.573287" lon="14.917873">
        <ele>137.404607</ele>
        <time>2026-03-27T00:42:33.956Z</time>
      </trkpt>
      <trkpt lat="44.573013" lon="14.918360">
        <ele>137.848297</ele>
        <time>2026-03-27T00:42:52.045Z</time>
      </trkpt>
      <trkpt lat="44.572558" lon="14.919086">
        <ele>138.539652</ele>
        <time>2026-03-27T00:43:17.723Z</time>
      </trkpt>
      <trkpt lat="44.572448" lon="14.919407">
        <ele>138.762913</ele>
        <time>2026-03-27T00:43:26.526Z</time>
      </trkpt>
      <trkpt lat="44.572389" lon="14.919764">
        <ele>138.705634</ele>
        <time>2026-03-27T00:43:34.757Z</time>
      </trkpt>
      <trkpt lat="44.572275" lon="14.920153">
        <ele>138.639891</ele>
        <time>2026-03-27T00:43:44.010Z</time>
      </trkpt>
      <trkpt lat="44.572137" lon="14.920298">
        <ele>138.602071</ele>
        <time>2026-03-27T00:43:47.106Z</time>
      </trkpt>
      <trkpt lat="44.571986" lon="14.920405">
        <ele>138.564960</ele>
        <time>2026-03-27T00:43:50.098Z</time>
      </trkpt>
      <trkpt lat="44.571638" lon="14.920577">
        <ele>138.484013</ele>
        <time>2026-03-27T00:43:56.625Z</time>
      </trkpt>
      <trkpt lat="44.570923" lon="14.921235">
        <ele>138.079458</ele>
        <time>2026-03-27T00:44:12.483Z</time>
      </trkpt>
      <trkpt lat="44.570195" lon="14.921690">
        <ele>137.415035</ele>
        <time>2026-03-27T00:44:26.726Z</time>
      </trkpt>
      <trkpt lat="44.569551" lon="14.922021">
        <ele>136.769651</ele>
        <time>2026-03-27T00:44:37.926Z</time>
      </trkpt>
      <trkpt lat="44.569370" lon="14.922255">
        <ele>136.078332</ele>
        <time>2026-03-27T00:44:41.761Z</time>
      </trkpt>
      <trkpt lat="44.569176" lon="14.922643">
        <ele>135.129591</ele>
        <time>2026-03-27T00:44:46.935Z</time>
      </trkpt>
      <trkpt lat="44.568982" lon="14.922859">
        <ele>134.433922</ele>
        <time>2026-03-27T00:44:50.690Z</time>
      </trkpt>
      <trkpt lat="44.568887" lon="14.922915">
        <ele>134.144446</ele>
        <time>2026-03-27T00:44:52.234Z</time>
      </trkpt>
      <trkpt lat="44.568666" lon="14.922939">
        <ele>133.521705</ele>
        <time>2026-03-27T00:44:55.531Z</time>
      </trkpt>
      <trkpt lat="44.568553" lon="14.922907">
        <ele>133.197842</ele>
        <time>2026-03-27T00:44:57.215Z</time>
      </trkpt>
      <trkpt lat="44.568149" lon="14.922475">
        <ele>131.699769</ele>
        <time>2026-03-27T00:45:04.297Z</time>
      </trkpt>
      <trkpt lat="44.568045" lon="14.922398">
        <ele>130.899706</ele>
        <time>2026-03-27T00:45:05.888Z</time>
      </trkpt>
      <trkpt lat="44.567809" lon="14.922303">
        <ele>129.229145</ele>
        <time>2026-03-27T00:45:09.150Z</time>
      </trkpt>
      <trkpt lat="44.567641" lon="14.922220">
        <ele>128.017269</ele>
        <time>2026-03-27T00:45:11.479Z</time>
      </trkpt>
      <trkpt lat="44.567177" lon="14.922210">
        <ele>124.859666</ele>
        <time>2026-03-27T00:45:17.394Z</time>
      </trkpt>
      <trkpt lat="44.566876" lon="14.922032">
        <ele>122.637202</ele>
        <time>2026-03-27T00:45:21.436Z</time>
      </trkpt>
      <trkpt lat="44.566640" lon="14.921938">
        <ele>120.967968</ele>
        <time>2026-03-27T00:45:24.429Z</time>
      </trkpt>
      <trkpt lat="44.566323" lon="14.921713">
        <ele>118.209159</ele>
        <time>2026-03-27T00:45:28.725Z</time>
      </trkpt>
      <trkpt lat="44.565529" lon="14.921149">
        <ele>110.148189</ele>
        <time>2026-03-27T00:45:39.519Z</time>
      </trkpt>
      <trkpt lat="44.565221" lon="14.920875">
        <ele>106.845003</ele>
        <time>2026-03-27T00:45:43.929Z</time>
      </trkpt>
      <trkpt lat="44.565086" lon="14.920807">
        <ele>105.545752</ele>
        <time>2026-03-27T00:45:45.668Z</time>
      </trkpt>
      <trkpt lat="44.564979" lon="14.920803">
        <ele>104.576154</ele>
        <time>2026-03-27T00:45:46.961Z</time>
      </trkpt>
      <trkpt lat="44.564805" lon="14.920898">
        <ele>102.907755</ele>
        <time>2026-03-27T00:45:49.218Z</time>
      </trkpt>
      <trkpt lat="44.564708" lon="14.920903">
        <ele>102.078077</ele>
        <time>2026-03-27T00:45:50.391Z</time>
      </trkpt>
      <trkpt lat="44.564571" lon="14.920842">
        <ele>100.849544</ele>
        <time>2026-03-27T00:45:52.129Z</time>
      </trkpt>
      <trkpt lat="44.564228" lon="14.920793">
        <ele>97.902564</ele>
        <time>2026-03-27T00:45:56.302Z</time>
      </trkpt>
      <trkpt lat="44.563848" lon="14.920615">
        <ele>94.478360</ele>
        <time>2026-03-27T00:46:01.159Z</time>
      </trkpt>
      <trkpt lat="44.563155" lon="14.920011">
        <ele>87.697837</ele>
        <time>2026-03-27T00:46:11.147Z</time>
      </trkpt>
      <trkpt lat="44.562336" lon="14.919098">
        <ele>82.950128</ele>
        <time>2026-03-27T00:46:24.879Z</time>
      </trkpt>
      <trkpt lat="44.562229" lon="14.919131">
        <ele>82.452829</ele>
        <time>2026-03-27T00:46:26.451Z</time>
      </trkpt>
      <trkpt lat="44.562063" lon="14.919247">
        <ele>81.611066</ele>
        <time>2026-03-27T00:46:29.160Z</time>
      </trkpt>
      <trkpt lat="44.561292" lon="14.919965">
        <ele>78.843067</ele>
        <time>2026-03-27T00:46:43.953Z</time>
      </trkpt>
      <trkpt lat="44.560155" lon="14.920840">
        <ele>76.570872</ele>
        <time>2026-03-27T00:47:04.662Z</time>
      </trkpt>
      <trkpt lat="44.559159" lon="14.921882">
        <ele>75.411321</ele>
        <time>2026-03-27T00:47:23.473Z</time>
      </trkpt>
      <trkpt lat="44.558846" lon="14.922255">
        <ele>75.028048</ele>
        <time>2026-03-27T00:47:31.781Z</time>
      </trkpt>
      <trkpt lat="44.559221" lon="14.922691">
        <ele>76.752832</ele>
        <time>2026-03-27T00:47:47.124Z</time>
      </trkpt>
      <trkpt lat="44.559497" lon="14.923066">
        <ele>78.754269</ele>
        <time>2026-03-27T00:48:03.463Z</time>
      </trkpt>
      <trkpt lat="44.559729" lon="14.923382">
        <ele>80.438655</ele>
        <time>2026-03-27T00:48:20.084Z</time>
      </trkpt>
      <trkpt lat="44.559987" lon="14.923766">
        <ele>82.397976</ele>
        <time>2026-03-27T00:48:40.628Z</time>
      </trkpt>
      <trkpt lat="44.560350" lon="14.924485">
        <ele>86.164403</ele>
        <time>2026-03-27T00:49:15.143Z</time>
      </trkpt>
      <trkpt lat="44.560760" lon="14.925574">
        <ele>92.361450</ele>
        <time>2026-03-27T00:50:03.095Z</time>
      </trkpt>
      <trkpt lat="44.561961" lon="14.929077">
        <ele>110.754441</ele>
        <time>2026-03-27T00:52:33.499Z</time>
      </trkpt>
      <trkpt lat="44.562001" lon="14.929187">
        <ele>111.128854</ele>
        <time>2026-03-27T00:52:37.907Z</time>
      </trkpt>
      <trkpt lat="44.562344" lon="14.930114">
        <ele>114.295635</ele>
        <time>2026-03-27T00:53:10.905Z</time>
      </trkpt>
      <trkpt lat="44.562637" lon="14.930727">
        <ele>116.533525</ele>
        <time>2026-03-27T00:53:28.634Z</time>
      </trkpt>
      <trkpt lat="44.564137" lon="14.933214">
        <ele>117.941955</ele>
        <time>2026-03-27T00:54:13.069Z</time>
      </trkpt>
      <trkpt lat="44.564514" lon="14.933830">
        <ele>118.471224</ele>
        <time>2026-03-27T00:54:23.649Z</time>
      </trkpt>
      <trkpt lat="44.565069" lon="14.934821">
        <ele>119.560803</ele>
        <time>2026-03-27T00:54:48.543Z</time>
      </trkpt>
      <trkpt lat="44.565303" lon="14.935306">
        <ele>121.376339</ele>
        <time>2026-03-27T00:55:04.357Z</time>
      </trkpt>
      <trkpt lat="44.565608" lon="14.936078">
        <ele>124.112441</ele>
        <time>2026-03-27T00:55:31.689Z</time>
      </trkpt>
      <trkpt lat="44.566197" lon="14.937786">
        <ele>130.535850</ele>
        <time>2026-03-27T00:56:32.981Z</time>
      </trkpt>
      <trkpt lat="44.567498" lon="14.941556">
        <ele>146.190515</ele>
        <time>2026-03-27T00:58:46.489Z</time>
      </trkpt>
      <trkpt lat="44.567864" lon="14.942715">
        <ele>150.554191</ele>
        <time>2026-03-27T00:59:36.180Z</time>
      </trkpt>
      <trkpt lat="44.568062" lon="14.943437">
        <ele>153.217098</ele>
        <time>2026-03-27T01:00:00.870Z</time>
      </trkpt>
      <trkpt lat="44.568229" lon="14.944170">
        <ele>153.522474</ele>
        <time>2026-03-27T01:00:14.760Z</time>
      </trkpt>
      <trkpt lat="44.568298" lon="14.944622">
        <ele>152.239778</ele>
        <time>2026-03-27T01:00:19.888Z</time>
      </trkpt>
      <trkpt lat="44.568421" lon="14.945756">
        <ele>149.056859</ele>
        <time>2026-03-27T01:00:30.702Z</time>
      </trkpt>
      <trkpt lat="44.568459" lon="14.946388">
        <ele>146.967736</ele>
        <time>2026-03-27T01:00:36.352Z</time>
      </trkpt>
      <trkpt lat="44.568519" lon="14.948575">
        <ele>133.375348</ele>
        <time>2026-03-27T01:00:55.342Z</time>
      </trkpt>
      <trkpt lat="44.568506" lon="14.949113">
        <ele>129.801588</ele>
        <time>2026-03-27T01:00:59.926Z</time>
      </trkpt>
      <trkpt lat="44.568422" lon="14.949516">
        <ele>126.868938</ele>
        <time>2026-03-27T01:01:03.495Z</time>
      </trkpt>
      <trkpt lat="44.568362" lon="14.949690">
        <ele>125.518804</ele>
        <time>2026-03-27T01:01:05.144Z</time>
      </trkpt>
      <trkpt lat="44.568185" lon="14.950027">
        <ele>122.594597</ele>
        <time>2026-03-27T01:01:08.688Z</time>
      </trkpt>
      <trkpt lat="44.567726" lon="14.950732">
        <ele>115.924208</ele>
        <time>2026-03-27T01:01:16.799Z</time>
      </trkpt>
      <trkpt lat="44.567626" lon="14.951043">
        <ele>113.800445</ele>
        <time>2026-03-27T01:01:19.735Z</time>
      </trkpt>
      <trkpt lat="44.567606" lon="14.951238">
        <ele>112.928021</ele>
        <time>2026-03-27T01:01:21.441Z</time>
      </trkpt>
      <trkpt lat="44.567646" lon="14.951574">
        <ele>111.419478</ele>
        <time>2026-03-27T01:01:24.434Z</time>
      </trkpt>
      <trkpt lat="44.567748" lon="14.951838">
        <ele>110.089550</ele>
        <time>2026-03-27T01:01:27.099Z</time>
      </trkpt>
      <trkpt lat="44.567895" lon="14.952039">
        <ele>108.813948</ele>
        <time>2026-03-27T01:01:29.703Z</time>
      </trkpt>
      <trkpt lat="44.568081" lon="14.952166">
        <ele>107.528272</ele>
        <time>2026-03-27T01:01:32.362Z</time>
      </trkpt>
      <trkpt lat="44.568309" lon="14.952203">
        <ele>106.101618</ele>
        <time>2026-03-27T01:01:35.399Z</time>
      </trkpt>
      <trkpt lat="44.568551" lon="14.952124">
        <ele>104.557239</ele>
        <time>2026-03-27T01:01:38.804Z</time>
      </trkpt>
      <trkpt lat="44.569001" lon="14.951750">
        <ele>101.971313</ele>
        <time>2026-03-27T01:01:46.488Z</time>
      </trkpt>
      <trkpt lat="44.569131" lon="14.951601">
        <ele>101.321415</ele>
        <time>2026-03-27T01:01:49.097Z</time>
      </trkpt>
      <trkpt lat="44.569222" lon="14.951470">
        <ele>100.816666</ele>
        <time>2026-03-27T01:01:51.104Z</time>
      </trkpt>
      <trkpt lat="44.569336" lon="14.951220">
        <ele>99.997821</ele>
        <time>2026-03-27T01:01:54.305Z</time>
      </trkpt>
      <trkpt lat="44.569491" lon="14.950325">
        <ele>97.456926</ele>
        <time>2026-03-27T01:02:03.530Z</time>
      </trkpt>
      <trkpt lat="44.569535" lon="14.950133">
        <ele>96.900537</ele>
        <time>2026-03-27T01:02:05.454Z</time>
      </trkpt>
      <trkpt lat="44.569637" lon="14.949860">
        <ele>96.000947</ele>
        <time>2026-03-27T01:02:08.315Z</time>
      </trkpt>
      <trkpt lat="44.569669" lon="14.949807">
        <ele>95.636696</ele>
        <time>2026-03-27T01:02:08.953Z</time>
      </trkpt>
      <trkpt lat="44.569798" lon="14.949598">
        <ele>94.186848</ele>
        <time>2026-03-27T01:02:11.469Z</time>
      </trkpt>
      <trkpt lat="44.569904" lon="14.949496">
        <ele>93.241031</ele>
        <time>2026-03-27T01:02:13.082Z</time>
      </trkpt>
      <trkpt lat="44.570146" lon="14.949348">
        <ele>91.298318</ele>
        <time>2026-03-27T01:02:16.374Z</time>
      </trkpt>
      <trkpt lat="44.570508" lon="14.949245">
        <ele>88.579970</ele>
        <time>2026-03-27T01:02:20.910Z</time>
      </trkpt>
      <trkpt lat="44.571612" lon="14.949038">
        <ele>80.596081</ele>
        <time>2026-03-27T01:02:34.692Z</time>
      </trkpt>
      <trkpt lat="44.571811" lon="14.949031">
        <ele>79.256803</ele>
        <time>2026-03-27T01:02:37.200Z</time>
      </trkpt>
      <trkpt lat="44.573174" lon="14.949193">
        <ele>70.166981</ele>
        <time>2026-03-27T01:02:54.696Z</time>
      </trkpt>
      <trkpt lat="44.573530" lon="14.949202">
        <ele>68.151890</ele>
        <time>2026-03-27T01:02:59.357Z</time>
      </trkpt>
      <trkpt lat="44.573912" lon="14.949145">
        <ele>65.977801</ele>
        <time>2026-03-27T01:03:04.452Z</time>
      </trkpt>
      <trkpt lat="44.575366" lon="14.948771">
        <ele>56.815371</ele>
        <time>2026-03-27T01:03:23.838Z</time>
      </trkpt>
      <trkpt lat="44.575721" lon="14.948769">
        <ele>54.268288</ele>
        <time>2026-03-27T01:03:28.236Z</time>
      </trkpt>
      <trkpt lat="44.575997" lon="14.948834">
        <ele>52.260366</ele>
        <time>2026-03-27T01:03:31.682Z</time>
      </trkpt>
      <trkpt lat="44.576300" lon="14.948967">
        <ele>49.982607</ele>
        <time>2026-03-27T01:03:35.579Z</time>
      </trkpt>
      <trkpt lat="44.576449" lon="14.949071">
        <ele>48.788717</ele>
        <time>2026-03-27T01:03:37.649Z</time>
      </trkpt>
      <trkpt lat="44.576630" lon="14.949220">
        <ele>47.327054</ele>
        <time>2026-03-27T01:03:40.247Z</time>
      </trkpt>
      <trkpt lat="44.576976" lon="14.949590">
        <ele>44.548978</ele>
        <time>2026-03-27T01:03:45.646Z</time>
      </trkpt>
      <trkpt lat="44.577336" lon="14.950023">
        <ele>41.521098</ele>
        <time>2026-03-27T01:03:51.657Z</time>
      </trkpt>
      <trkpt lat="44.577926" lon="14.950729">
        <ele>36.569512</ele>
        <time>2026-03-27T01:04:01.931Z</time>
      </trkpt>
      <trkpt lat="44.578221" lon="14.951172">
        <ele>34.248149</ele>
        <time>2026-03-27T01:04:07.657Z</time>
      </trkpt>
      <trkpt lat="44.578541" lon="14.952212">
        <ele>30.040569</ele>
        <time>2026-03-27T01:04:18.196Z</time>
      </trkpt>
      <trkpt lat="44.578668" lon="14.952544">
        <ele>28.640946</ele>
        <time>2026-03-27T01:04:21.695Z</time>
      </trkpt>
      <trkpt lat="44.578805" lon="14.952795">
        <ele>27.466501</ele>
        <time>2026-03-27T01:04:24.679Z</time>
      </trkpt>
      <trkpt lat="44.579140" lon="14.953171">
        <ele>26.143122</ele>
        <time>2026-03-27T01:04:30.567Z</time>
      </trkpt>
      <trkpt lat="44.579369" lon="14.953298">
        <ele>25.598725</ele>
        <time>2026-03-27T01:04:34.126Z</time>
      </trkpt>
      <trkpt lat="44.579476" lon="14.953314">
        <ele>25.360807</ele>
        <time>2026-03-27T01:04:35.719Z</time>
      </trkpt>
      <trkpt lat="44.579581" lon="14.953289">
        <ele>25.125334</ele>
        <time>2026-03-27T01:04:37.317Z</time>
      </trkpt>
      <trkpt lat="44.579648" lon="14.953240">
        <ele>24.958301</ele>
        <time>2026-03-27T01:04:38.484Z</time>
      </trkpt>
      <trkpt lat="44.579697" lon="14.953204">
        <ele>24.836023</ele>
        <time>2026-03-27T01:04:39.336Z</time>
      </trkpt>
      <trkpt lat="44.579780" lon="14.953098">
        <ele>24.587941</ele>
        <time>2026-03-27T01:04:41.111Z</time>
      </trkpt>
      <trkpt lat="44.579840" lon="14.952986">
        <ele>24.367236</ele>
        <time>2026-03-27T01:04:42.725Z</time>
      </trkpt>
      <trkpt lat="44.579883" lon="14.952753">
        <ele>23.988179</ele>
        <time>2026-03-27T01:04:45.606Z</time>
      </trkpt>
      <trkpt lat="44.579880" lon="14.952599">
        <ele>23.745561</ele>
        <time>2026-03-27T01:04:47.524Z</time>
      </trkpt>
      <trkpt lat="44.579798" lon="14.952333">
        <ele>23.289099</ele>
        <time>2026-03-27T01:04:51.403Z</time>
      </trkpt>
      <trkpt lat="44.578207" lon="14.949167">
        <ele>18.703937</ele>
        <time>2026-03-27T01:05:39.624Z</time>
      </trkpt>
      <trkpt lat="44.578029" lon="14.948740">
        <ele>17.355734</ele>
        <time>2026-03-27T01:05:44.439Z</time>
      </trkpt>
      <trkpt lat="44.577993" lon="14.948553">
        <ele>16.827871</ele>
        <time>2026-03-27T01:05:46.265Z</time>
      </trkpt>
      <trkpt lat="44.577983" lon="14.948353">
        <ele>16.281525</ele>
        <time>2026-03-27T01:05:48.113Z</time>
      </trkpt>
      <trkpt lat="44.578023" lon="14.948005">
        <ele>15.320949</ele>
        <time>2026-03-27T01:05:51.299Z</time>
      </trkpt>
      <trkpt lat="44.578147" lon="14.947705">
        <ele>14.113181</ele>
        <time>2026-03-27T01:05:54.373Z</time>
      </trkpt>
      <trkpt lat="44.578270" lon="14.947544">
        <ele>12.979528</ele>
        <time>2026-03-27T01:05:56.431Z</time>
      </trkpt>
      <trkpt lat="44.578464" lon="14.947393">
        <ele>11.484188</ele>
        <time>2026-03-27T01:05:59.132Z</time>
      </trkpt>
      <trkpt lat="44.578673" lon="14.947327">
        <ele>10.040071</ele>
        <time>2026-03-27T01:06:01.746Z</time>
      </trkpt>
      <trkpt lat="44.578920" lon="14.947359">
        <ele>8.367916</ele>
        <time>2026-03-27T01:06:04.808Z</time>
      </trkpt>
      <trkpt lat="44.579284" lon="14.947601">
        <ele>5.652885</ele>
        <time>2026-03-27T01:06:09.884Z</time>
      </trkpt>
      <trkpt lat="44.579405" lon="14.947824">
        <ele>4.306824</ele>
        <time>2026-03-27T01:06:12.471Z</time>
      </trkpt>
      <trkpt lat="44.579428" lon="14.947952">
        <ele>3.672961</ele>
        <time>2026-03-27T01:06:13.721Z</time>
      </trkpt>
      <trkpt lat="44.579391" lon="14.948515">
        <ele>2.595294</ele>
        <time>2026-03-27T01:06:19.290Z</time>
      </trkpt>
      <trkpt lat="44.579435" lon="14.948576">
        <ele>2.595294</ele>
        <time>2026-03-27T01:06:20.176Z</time>
      </trkpt>
      <trkpt lat="44.579635" lon="14.948723">
        <ele>2.595294</ele>
        <time>2026-03-27T01:06:23.536Z</time>
      </trkpt>
      <trkpt lat="44.579818" lon="14.948024">
        <ele>2.595294</ele>
        <time>2026-03-27T01:06:32.490Z</time>
      </trkpt>
      <trkpt lat="44.580265" lon="14.948273">
        <ele>2.595294</ele>
        <time>2026-03-27T01:06:41.503Z</time>
      </trkpt>
      <trkpt lat="44.580515" lon="14.948462">
        <ele>2.595294</ele>
        <time>2026-03-27T01:06:46.988Z</time>
      </trkpt>
      <trkpt lat="44.580638" lon="14.948661">
        <ele>2.595294</ele>
        <time>2026-03-27T01:06:50.668Z</time>
      </trkpt>
    </trkseg>
  </trk>
</gpx>